Age,Gender,Height,Weight,BMI,Systolic BP,Diastolic BP,Blood Sugar,Heart Rate,Sleep Hours,Exercise Frequency,Smoking,Alcohol,Stress Level,Water Intake,Diabetes Risk,Heart Disease Risk,Hypertension Risk,Obesity Risk,Cancer Risk
23,Male,165.8,68.8,25.03,124,70,66,95,7.7,4,No,Occasional,6,2.5,0,0,1,0,0
66,Female,153.8,61.1,25.83,149,83,116,81,4.3,2,No,Occasional,8,1.6,1,1,1,1,0
59,Female,164.3,67.4,24.97,124,78,102,68,6.9,4,No,Never,4,0.7,1,0,1,1,0
45,Female,156.6,51.3,20.92,127,82,96,98,6.4,3,Yes,Occasional,9,3.1,0,0,1,0,0
45,Male,163.2,83.2,31.24,131,76,113,73,7.0,4,No,Occasional,6,2.2,1,0,0,0,0
72,Male,140.4,48.2,24.45,140,88,99,78,6.9,3,No,Never,10,2.6,0,1,1,0,0
23,Female,154.7,76.1,31.8,130,80,109,84,7.1,1,No,Regular,3,1.8,0,0,1,1,0
61,Female,180.6,84.7,25.97,152,66,125,88,6.0,3,No,Occasional,4,2.1,1,0,1,0,0
30,Female,174.3,85.8,28.24,121,58,111,74,5.3,2,No,Never,5,3.2,0,0,1,0,0
23,Female,179.2,88.7,27.62,110,73,79,80,4.9,2,Yes,Regular,3,2.4,0,0,0,0,0
51,Male,179.9,70.2,21.69,111,68,93,92,6.7,1,No,Occasional,7,3.6,1,0,0,0,0
79,Male,172.7,83.8,28.1,163,92,108,78,7.4,1,Yes,Heavy,5,2.8,1,0,1,0,0
64,Male,161.5,91.9,35.23,140,82,134,81,6.4,4,No,Never,3,1.8,1,0,1,1,0
65,Male,155.6,65.9,27.22,135,81,87,84,7.9,5,No,Occasional,3,2.5,0,0,1,0,0
63,Male,177.5,95.4,30.28,132,85,115,63,6.7,3,No,Occasional,3,3.3,1,1,1,1,0
67,Female,166.6,81.5,29.36,137,74,105,64,6.4,7,No,Regular,7,2.3,1,0,1,0,0
50,Male,190.9,98.8,27.11,130,77,95,66,4.8,2,No,Regular,6,2.6,1,0,1,1,0
26,Male,162.3,68.3,25.93,112,69,98,73,6.1,3,No,Occasional,5,3.1,1,0,0,0,0
70,Female,185.7,99.2,28.77,159,92,107,68,7.9,4,Yes,Regular,4,0.7,1,1,1,0,0
46,Male,164.4,78.9,29.19,154,83,120,94,8.4,2,Yes,Never,5,2.7,1,1,1,1,0
49,Male,179.4,61.5,19.11,131,83,86,78,6.1,2,No,Occasional,9,3.1,0,0,1,0,0
41,Female,183.0,89.0,26.58,150,87,86,77,7.8,1,No,Occasional,5,1.7,1,0,1,1,0
29,Male,155.8,58.8,24.22,107,72,91,85,8.3,3,No,Never,7,2.9,1,0,1,0,0
76,Female,161.2,63.4,24.4,134,76,108,69,5.5,4,No,Never,5,2.2,1,0,1,1,0
67,Female,155.7,78.2,32.26,148,82,135,87,6.8,2,No,Never,9,1.1,1,1,1,1,0
58,Male,153.7,52.7,22.31,132,79,91,80,7.1,3,No,Never,3,2.7,0,1,1,0,0
43,Female,172.7,55.9,18.74,106,71,101,111,7.9,2,No,Never,7,2.2,0,0,1,0,0
69,Female,164.0,80.5,29.93,150,79,95,80,5.7,2,No,Never,4,2.2,1,0,1,1,0
52,Female,166.5,52.3,18.87,111,81,108,73,6.7,3,No,Occasional,10,2.6,0,0,1,0,0
45,Female,171.6,47.8,16.23,121,75,89,86,6.2,4,No,Occasional,7,1.6,1,0,1,0,0
46,Female,147.4,64.9,29.87,137,69,94,71,7.5,6,No,Never,2,2.7,0,0,1,1,0
32,Female,178.9,83.0,25.93,118,81,113,86,8.4,1,Yes,Occasional,3,1.6,1,0,1,0,0
23,Female,162.5,71.9,27.23,118,79,104,81,8.4,3,No,Never,7,3.2,0,0,1,0,0
52,Male,171.3,69.1,23.55,142,90,120,91,8.1,2,No,Occasional,7,2.9,1,1,1,0,0
73,Female,172.2,58.0,19.56,143,75,82,77,5.3,5,No,Regular,7,3.2,1,1,1,0,0
22,Female,179.7,62.1,19.23,101,71,71,87,6.0,3,Yes,Occasional,6,2.5,0,0,0,0,0
72,Female,165.0,67.7,24.87,148,89,114,84,8.0,3,Yes,Occasional,5,1.9,1,1,1,0,0
70,Male,144.8,42.0,20.03,136,85,96,82,7.2,5,No,Occasional,8,1.7,0,0,1,0,0
35,Male,166.6,74.2,26.73,125,78,78,73,6.5,1,No,Never,3,1.7,1,0,1,1,0
57,Female,168.0,66.6,23.6,139,76,122,84,5.6,6,No,Occasional,5,2.1,1,1,1,0,0
28,Female,155.7,62.9,25.95,112,68,119,87,4.0,4,No,Never,4,1.8,1,0,1,1,0
65,Male,167.5,75.0,26.73,131,78,109,93,4.8,3,No,Occasional,4,2.4,1,0,1,1,0
62,Male,162.4,73.3,27.79,125,77,93,73,6.4,6,No,Heavy,4,1.7,1,0,1,0,0
40,Male,152.6,64.7,27.78,136,85,91,83,6.4,3,Yes,Regular,4,1.8,0,0,1,1,0
22,Female,172.7,69.4,23.27,113,74,96,84,7.1,3,No,Occasional,7,2.0,0,0,1,0,0
79,Male,160.4,70.1,27.25,154,80,129,69,7.7,4,Yes,Occasional,2,1.7,1,1,1,1,0
46,Female,161.9,69.9,26.67,130,86,147,91,9.4,0,No,Occasional,6,2.0,1,1,1,1,0
74,Male,161.4,41.7,16.01,122,72,82,73,5.8,3,No,Occasional,4,2.6,0,0,1,0,0
60,Male,178.4,92.2,28.97,138,79,102,80,4.3,5,No,Regular,5,1.6,0,0,1,0,0
67,Male,165.6,73.4,26.77,127,85,103,65,5.5,5,No,Occasional,5,1.4,1,0,1,0,0
65,Female,166.8,79.9,28.72,146,86,114,78,8.9,5,No,Occasional,4,2.1,1,0,1,0,0
30,Female,161.6,49.5,18.95,120,71,71,94,6.5,4,No,Never,8,1.5,1,0,1,0,0
40,Female,170.6,69.4,23.85,122,83,67,65,8.0,7,No,Occasional,4,3.1,1,0,1,0,0
47,Female,179.5,65.4,20.3,111,59,86,76,5.8,4,No,Occasional,7,1.7,0,0,1,0,0
49,Male,172.5,86.8,29.17,153,88,117,79,5.9,2,No,Never,7,2.2,1,0,1,1,0
20,Female,172.9,54.2,18.13,87,59,102,74,4.6,3,No,Occasional,5,2.5,0,0,0,0,0
52,Male,172.1,62.8,21.2,130,73,75,87,6.4,2,No,Regular,3,1.4,0,0,1,0,0
27,Male,152.2,64.0,27.63,125,75,116,78,6.9,1,No,Occasional,3,1.7,1,0,1,1,0
64,Male,157.2,56.7,22.94,140,78,100,74,7.5,4,No,Never,8,1.8,1,0,1,0,0
61,Male,164.0,57.7,21.45,128,71,87,72,7.3,7,Yes,Never,6,2.7,0,1,1,0,0
76,Female,158.7,77.1,30.61,150,77,97,61,9.1,3,No,Never,6,3.4,1,0,1,1,0
64,Female,155.4,73.7,30.52,158,75,123,77,6.6,1,Yes,Never,4,3.4,1,1,1,1,0
41,Female,147.3,62.6,28.85,129,76,108,69,6.7,7,No,Never,9,3.0,1,0,1,0,0
78,Female,152.5,70.7,30.4,145,84,147,61,6.8,5,No,Never,3,1.4,1,0,1,1,0
43,Female,163.4,65.0,24.34,128,79,94,76,5.8,3,No,Never,6,1.6,0,0,0,0,0
38,Male,165.3,66.5,24.34,154,87,121,76,7.1,2,Yes,Never,6,3.1,1,0,1,0,0
75,Male,158.1,57.8,23.12,115,83,93,70,6.6,4,No,Never,2,3.2,0,0,1,0,0
41,Male,166.8,72.9,26.2,137,81,92,78,8.9,4,No,Regular,4,2.7,0,0,1,1,0
22,Female,161.7,58.5,22.37,117,63,61,80,5.8,2,No,Heavy,4,2.7,0,0,0,1,0
47,Other,176.9,73.5,23.49,129,83,114,82,6.1,4,No,Regular,7,1.9,0,0,1,0,0
68,Male,164.4,78.3,28.97,131,86,117,56,5.2,1,No,Never,4,3.3,0,1,1,1,0
29,Female,173.0,92.1,30.77,146,72,105,75,7.4,1,Yes,Never,2,1.7,1,0,1,1,0
47,Female,168.0,77.5,27.46,116,84,96,83,5.3,3,No,Occasional,2,1.2,1,0,1,1,0
26,Female,152.0,77.7,33.63,143,71,112,94,6.8,4,No,Regular,4,2.7,0,0,1,1,0
61,Female,165.1,61.4,22.53,118,66,80,77,5.5,5,No,Occasional,2,1.8,0,0,1,0,0
47,Female,153.6,39.5,16.74,130,81,89,81,5.3,4,No,Regular,7,1.4,1,0,1,0,0
38,Female,164.9,78.2,28.76,118,77,86,69,5.6,7,No,Occasional,7,2.8,1,0,1,0,0
32,Female,158.5,53.9,21.46,106,63,85,89,7.6,3,No,Heavy,5,1.0,0,0,1,0,0
53,Male,169.8,70.3,24.38,133,76,105,80,6.6,4,Yes,Regular,5,2.5,0,1,1,0,0
60,Female,152.6,40.5,17.39,119,82,113,82,6.4,1,No,Never,7,1.9,0,0,1,0,0
77,Male,166.1,60.7,22.0,134,71,105,90,7.2,4,No,Occasional,7,3.2,1,0,1,0,0
45,Female,171.7,53.9,18.28,132,69,103,47,6.0,2,No,Occasional,3,2.5,1,0,1,0,0
28,Male,175.1,70.5,22.99,110,69,88,74,4.4,2,No,Never,3,2.9,1,0,0,0,0
70,Male,158.4,60.8,24.23,135,97,87,64,5.2,6,No,Occasional,7,1.5,1,0,1,0,0
57,Male,166.2,72.5,26.25,153,71,140,87,6.3,1,No,Occasional,6,1.1,1,1,1,0,0
62,Male,167.8,89.8,31.89,157,80,120,102,6.5,2,Yes,Occasional,7,2.0,1,1,1,1,0
24,Male,181.5,93.0,28.23,131,69,111,78,7.6,3,No,Regular,3,2.6,1,0,1,0,0
37,Male,151.2,40.0,17.5,116,63,70,93,6.6,3,No,Never,4,2.2,0,0,0,0,0
66,Male,156.9,71.3,28.96,152,83,121,81,7.9,3,No,Regular,6,2.9,1,1,1,0,0
70,Male,194.0,100.3,26.65,144,81,113,94,7.2,3,Yes,Never,4,2.6,1,1,1,1,0
45,Female,163.3,66.7,25.01,129,80,95,58,5.2,3,No,Regular,2,1.5,1,0,1,1,0
68,Female,147.1,56.2,25.97,154,80,136,78,4.0,3,No,Never,4,2.5,1,0,1,1,0
71,Female,160.2,69.6,27.12,138,76,110,65,5.4,7,Yes,Occasional,5,2.3,0,0,1,1,0
42,Male,140.0,43.3,22.09,132,75,93,91,6.6,1,No,Regular,9,3.0,1,0,1,0,0
74,Male,168.4,71.9,25.35,134,80,125,73,7.3,5,Yes,Never,3,1.6,1,1,1,1,0
36,Female,174.1,93.8,30.95,139,85,78,73,6.6,5,No,Regular,5,1.8,1,1,1,1,0
33,Male,156.9,53.7,21.81,100,77,66,80,6.5,7,No,Occasional,10,2.5,0,0,1,0,0
60,Male,161.3,54.5,20.95,132,85,109,92,8.5,0,Yes,Occasional,3,3.1,1,1,1,0,0
58,Female,175.2,78.4,25.54,143,74,107,82,6.6,4,No,Occasional,7,2.1,1,0,1,1,0
26,Female,148.5,43.2,19.59,107,69,72,77,7.2,3,No,Never,4,2.6,1,0,1,0,0
70,Male,152.8,41.7,17.86,106,65,94,77,8.6,5,No,Occasional,6,2.2,1,0,1,0,0
30,Female,163.7,62.9,23.47,124,84,114,100,4.0,2,Yes,Never,10,2.2,1,0,1,0,0
68,Male,158.5,83.0,33.04,153,101,111,87,8.7,1,Yes,Occasional,7,2.9,1,0,1,0,0
18,Female,163.1,65.5,24.62,133,57,91,71,4.0,2,No,Occasional,6,2.3,1,0,1,0,0
68,Male,153.4,63.4,26.94,144,79,107,82,5.8,3,No,Never,3,1.9,1,1,1,0,0
67,Male,168.1,45.2,16.0,135,74,95,78,6.0,0,No,Never,5,1.9,1,0,1,0,0
67,Female,164.5,76.2,28.16,127,88,119,78,4.7,3,No,Occasional,4,2.0,1,0,1,1,0
59,Male,171.5,77.3,26.28,135,76,76,83,6.7,0,No,Never,2,1.8,0,0,1,1,0
47,Female,168.0,63.1,22.36,136,68,98,62,7.0,2,No,Occasional,1,2.0,0,0,1,0,0
62,Male,168.1,75.7,26.79,141,79,74,65,7.8,4,No,Heavy,3,2.2,0,0,0,0,0
35,Female,151.5,59.8,26.05,125,83,97,70,7.6,3,Yes,Never,5,2.4,1,0,1,1,0
67,Female,170.9,61.2,20.95,148,84,84,85,6.7,3,Yes,Occasional,8,1.6,1,0,1,0,0
53,Female,162.7,72.2,27.27,122,86,110,88,8.2,1,No,Regular,4,1.9,0,0,1,0,0
46,Female,164.3,84.4,31.27,133,89,127,83,7.4,0,No,Regular,6,2.0,1,0,1,1,0
49,Male,176.5,76.3,24.49,113,75,97,91,6.5,2,Yes,Never,2,1.7,0,0,1,0,0
53,Female,158.8,54.3,21.53,118,71,78,75,6.9,6,No,Regular,4,1.8,0,0,1,1,0
20,Male,179.5,77.4,24.02,120,74,69,69,6.2,0,No,Never,1,2.8,0,0,1,0,0
26,Female,180.4,94.8,29.13,123,75,110,84,4.8,1,No,Occasional,10,3.1,1,0,1,1,0
33,Female,173.5,58.1,19.3,114,66,79,95,7.2,2,No,Occasional,6,2.0,1,0,1,0,0
25,Female,156.2,67.8,27.79,119,67,102,89,4.7,5,Yes,Never,6,1.7,0,0,1,1,0
45,Female,144.1,46.2,22.25,119,83,89,79,6.4,2,No,Occasional,6,2.1,0,0,1,0,0
60,Female,176.8,84.5,27.03,136,101,132,92,4.0,4,Yes,Never,10,2.3,1,1,1,0,0
59,Male,167.1,64.6,23.14,138,70,95,69,6.9,5,No,Occasional,4,2.6,0,0,1,0,0
47,Female,158.5,57.3,22.81,115,77,106,51,6.0,3,No,Occasional,3,1.9,0,0,0,0,0
71,Female,177.7,105.7,33.47,153,99,122,88,7.0,3,No,Heavy,10,1.8,0,0,1,1,0
53,Male,157.4,46.9,18.93,121,68,98,69,6.6,2,Yes,Occasional,3,3.8,1,0,1,0,0
22,Female,161.8,71.4,27.27,135,82,111,86,6.3,2,Yes,Occasional,8,1.4,1,1,1,0,0
66,Male,171.2,100.6,34.32,177,98,116,69,6.8,1,No,Never,5,2.8,1,1,1,1,0
54,Male,154.9,69.6,29.01,164,78,86,77,5.9,4,No,Heavy,6,3.2,1,0,1,1,0
57,Male,164.9,52.8,19.42,119,72,107,64,6.2,2,No,Occasional,2,2.0,1,0,1,0,0
53,Male,176.9,61.2,19.56,137,89,87,91,5.6,4,Yes,Never,10,2.5,0,1,1,0,0
52,Female,168.1,62.4,22.08,130,69,80,79,6.6,5,No,Occasional,4,1.1,0,1,1,0,0
23,Female,178.5,81.9,25.7,131,69,89,80,6.1,2,No,Never,4,2.2,1,0,0,0,0
53,Female,177.3,84.2,26.79,139,78,91,67,7.1,4,No,Never,7,3.0,1,1,1,1,0
68,Female,166.1,55.1,19.97,147,93,104,67,4.6,2,Yes,Never,4,2.3,1,0,1,0,0
37,Male,142.6,42.9,21.1,131,82,90,74,4.7,2,Yes,Occasional,6,2.2,0,0,1,0,0
55,Male,154.9,52.4,21.84,121,80,97,87,9.2,0,No,Never,3,3.3,1,0,1,0,0
19,Male,173.6,72.3,23.99,129,76,110,102,6.1,1,No,Regular,6,2.7,0,0,0,1,0
39,Female,150.5,79.0,34.88,140,75,119,71,5.5,2,No,Never,4,2.7,1,0,1,1,0
45,Male,162.7,55.6,21.0,127,78,109,69,6.7,5,Yes,Never,4,1.7,0,1,1,0,0
79,Female,169.4,62.2,21.68,120,75,98,86,7.8,3,No,Never,3,0.7,0,0,1,1,0
31,Female,180.7,64.4,19.72,108,70,65,79,7.3,2,No,Occasional,7,2.4,1,0,1,0,0
35,Female,160.2,72.6,28.29,123,75,89,77,5.8,3,No,Never,5,2.2,0,0,1,1,0
43,Female,159.6,64.3,25.24,128,81,84,76,6.1,5,No,Never,5,2.7,1,0,1,0,0
80,Male,165.5,60.5,22.09,160,96,102,76,6.2,5,Yes,Never,6,2.3,1,1,1,0,0
71,Female,169.5,70.1,24.4,153,79,129,80,6.8,4,Yes,Heavy,8,2.2,1,1,1,0,0
20,Female,164.5,57.0,21.06,109,76,86,76,6.9,1,No,Never,3,2.2,0,0,1,0,0
32,Female,176.5,82.9,26.61,119,77,100,80,5.5,0,No,Never,6,1.5,1,0,1,1,0
69,Female,158.0,97.3,38.98,177,101,130,65,6.2,1,Yes,Occasional,3,1.0,1,1,1,1,0
21,Female,167.2,77.0,27.54,125,77,106,71,6.4,2,No,Occasional,5,1.6,1,0,1,1,0
71,Other,170.5,74.7,25.7,121,85,121,91,8.3,0,Yes,Never,8,1.5,1,1,1,1,0
35,Male,162.0,57.9,22.06,125,66,98,66,6.8,2,No,Regular,1,2.2,1,0,0,0,0
75,Female,174.4,60.2,19.79,134,76,84,80,10.0,2,No,Occasional,3,1.1,1,1,1,0,0
36,Female,167.5,80.8,28.8,105,79,136,69,6.4,4,No,Occasional,5,1.9,1,0,1,0,0
45,Male,173.9,87.0,28.77,143,86,107,100,4.5,0,No,Occasional,6,3.5,1,0,1,1,0
59,Female,167.9,66.6,23.63,131,99,90,81,6.9,5,No,Regular,8,2.2,0,0,1,0,0
25,Male,169.8,88.9,30.83,113,81,122,75,8.2,1,No,Never,2,2.2,1,0,0,1,0
53,Female,159.7,65.8,25.8,153,70,118,77,7.1,4,No,Regular,8,2.2,0,1,1,1,0
49,Male,159.7,74.8,29.33,140,90,100,77,6.9,3,No,Never,6,2.3,1,1,1,1,0
67,Male,178.2,87.2,27.46,133,86,118,59,6.2,4,No,Occasional,5,1.9,0,0,1,1,0
80,Female,172.4,75.9,25.54,128,79,96,69,6.6,5,No,Never,2,2.1,1,0,1,0,0
59,Male,155.8,51.6,21.26,133,73,102,101,4.0,1,Yes,Occasional,4,1.8,0,1,1,1,0
43,Male,167.8,69.7,24.75,134,80,104,96,7.5,3,Yes,Regular,8,1.2,1,0,1,0,0
43,Male,142.3,59.7,29.48,136,87,144,62,6.2,4,No,Occasional,5,3.0,1,0,1,1,0
44,Female,160.3,59.2,23.04,125,80,119,84,8.1,0,No,Never,5,1.6,1,0,1,0,0
69,Female,175.6,87.0,28.21,133,91,124,77,6.2,4,No,Regular,3,3.2,1,0,1,0,0
38,Female,164.7,54.6,20.13,123,83,103,98,6.5,1,No,Regular,7,1.7,1,0,1,0,0
28,Male,167.2,80.6,28.83,127,82,83,76,8.3,3,Yes,Never,5,1.3,1,0,1,0,0
39,Female,140.0,52.6,26.84,121,52,99,94,8.4,6,No,Never,5,3.5,0,0,1,1,0
19,Male,162.1,50.1,19.07,124,63,69,81,7.8,5,Yes,Occasional,5,1.2,0,0,0,0,0
24,Female,169.4,68.6,23.91,118,65,90,75,4.4,2,Yes,Occasional,4,0.7,0,0,1,0,0
23,Male,170.7,85.7,29.41,129,90,103,67,5.2,2,Yes,Never,4,1.3,1,0,0,1,0
66,Male,175.6,61.6,19.98,119,79,67,73,7.8,1,No,Never,2,2.1,0,1,1,1,0
63,Male,163.9,55.9,20.81,140,76,92,80,5.9,1,No,Occasional,4,1.3,1,0,1,0,0
61,Female,164.3,69.0,25.56,122,79,104,67,7.1,1,Yes,Regular,1,1.8,1,0,1,0,0
47,Female,152.7,83.5,35.81,137,94,131,85,6.9,7,Yes,Never,6,0.9,1,1,1,1,0
63,Male,164.0,61.1,22.72,137,72,87,82,7.1,2,No,Occasional,4,2.9,1,0,1,0,0
28,Female,153.4,64.6,27.45,120,66,86,76,5.5,3,No,Regular,4,2.5,1,0,0,1,0
74,Female,147.5,59.8,27.49,152,75,100,71,8.0,2,No,Never,5,1.4,1,0,1,1,0
49,Male,155.1,54.8,22.78,118,74,86,73,6.1,5,No,Never,4,0.7,1,0,1,0,0
77,Female,181.1,88.8,27.08,133,77,92,90,7.6,3,No,Never,3,1.6,1,0,1,0,0
27,Female,163.3,61.1,22.91,119,81,107,74,6.4,5,Yes,Occasional,6,2.6,0,0,1,0,0
49,Male,168.2,67.6,23.89,117,78,113,69,8.8,3,No,Occasional,9,2.9,1,0,1,0,0
61,Female,160.9,46.4,17.92,117,66,132,79,8.4,2,No,Regular,7,2.0,1,0,1,0,0
49,Male,148.1,55.9,25.49,141,77,96,76,9.1,3,No,Occasional,8,1.9,1,0,1,0,0
46,Female,175.4,91.8,29.84,130,73,113,56,9.0,6,Yes,Never,2,1.8,0,1,1,0,0
28,Male,144.3,52.8,25.36,124,76,74,85,6.5,4,Yes,Occasional,5,2.4,0,0,1,1,0
42,Female,160.5,79.0,30.67,131,86,128,63,6.0,5,No,Occasional,5,2.8,1,0,1,1,0
33,Male,165.5,76.7,28.0,110,75,99,68,5.0,5,No,Occasional,8,2.1,1,1,1,0,0
36,Female,168.3,70.8,25.0,110,72,98,90,6.9,2,No,Heavy,7,2.0,1,1,0,0,0
61,Female,158.7,57.6,22.87,134,81,119,92,6.7,2,No,Occasional,5,2.7,1,1,1,0,0
57,Male,147.6,51.1,23.46,121,72,113,95,7.0,2,No,Occasional,1,3.2,1,1,1,0,0
56,Female,158.0,46.7,18.71,115,75,69,58,5.8,4,No,Never,3,2.0,1,0,1,0,0
40,Other,158.5,60.5,24.08,133,79,99,88,7.0,1,No,Occasional,7,2.3,1,1,1,1,0
78,Female,158.3,67.7,27.02,130,75,130,62,6.2,5,No,Occasional,5,1.7,1,0,1,0,0
23,Male,175.7,102.4,33.17,123,69,104,78,6.1,3,No,Occasional,5,2.3,0,0,1,1,0
39,Female,153.9,66.0,27.87,125,75,108,79,6.7,4,No,Heavy,7,1.6,1,0,1,1,0
25,Male,169.0,59.5,20.83,115,72,93,61,6.4,5,No,Heavy,8,3.1,0,0,1,0,0
39,Male,167.6,51.8,18.44,114,84,101,84,5.0,4,Yes,Occasional,4,2.8,0,0,1,0,0
78,Female,175.6,78.1,25.33,140,78,125,85,5.6,0,No,Regular,7,3.3,1,1,1,1,0
41,Female,164.7,79.5,29.31,150,73,106,89,7.0,4,No,Occasional,9,1.8,1,0,1,1,0
75,Female,173.9,76.2,25.2,139,88,78,69,6.4,5,No,Occasional,8,3.5,0,0,1,0,0
49,Male,164.3,76.1,28.19,139,81,117,96,4.4,2,No,Never,4,2.4,1,0,1,1,0
62,Female,170.3,72.7,25.07,115,77,105,81,7.5,4,No,Heavy,6,2.1,0,1,1,0,0
46,Female,151.0,66.0,28.95,128,89,136,89,6.5,3,Yes,Heavy,7,3.0,0,1,1,1,0
34,Male,140.0,34.4,17.55,120,79,93,94,5.4,0,No,Occasional,5,1.5,1,0,1,0,0
66,Female,169.8,97.2,33.71,148,95,117,80,5.9,1,No,Never,5,2.2,1,0,1,1,0
79,Male,170.3,60.9,21.0,127,72,77,63,7.2,2,No,Never,1,2.1,0,1,1,0,0
34,Male,170.8,84.7,29.03,118,81,102,86,4.1,1,No,Never,3,2.5,1,0,1,1,0
67,Female,160.8,64.0,24.75,146,88,111,77,7.3,1,No,Regular,4,1.9,1,0,1,1,0
34,Female,180.9,80.7,24.66,135,76,97,90,8.1,1,Yes,Occasional,3,1.8,1,0,1,0,0
63,Male,161.4,64.6,24.8,133,82,85,78,7.7,3,No,Occasional,6,2.0,1,0,1,0,0
67,Male,170.2,79.0,27.27,144,79,71,102,8.0,2,No,Never,7,2.0,1,0,1,1,0
46,Male,171.9,81.9,27.72,127,72,83,75,5.8,7,Yes,Occasional,4,2.3,0,1,1,0,0
64,Female,183.2,104.2,31.05,134,86,78,67,8.3,1,No,Occasional,1,3.0,1,0,1,0,0
35,Male,162.8,84.8,32.0,127,86,95,81,7.0,3,No,Regular,5,0.8,0,0,1,1,0
22,Female,159.5,67.5,26.53,130,80,103,78,5.6,1,No,Occasional,6,2.7,1,0,1,0,0
24,Other,151.0,75.7,33.2,126,70,132,72,7.2,3,No,Never,6,1.9,1,0,0,1,0
46,Male,181.5,85.6,25.98,130,87,66,90,7.3,1,No,Never,4,2.1,1,0,1,0,0
74,Female,170.2,91.0,31.41,140,88,101,61,8.8,4,No,Regular,3,1.5,1,0,1,1,0
26,Female,170.5,78.7,27.07,128,81,101,87,8.0,6,No,Regular,7,2.2,0,0,1,1,0
46,Female,197.2,89.0,22.89,119,69,90,95,5.8,2,No,Occasional,6,1.9,0,0,1,0,0
62,Male,169.3,76.8,26.79,155,89,106,76,7.2,4,Yes,Never,4,2.1,1,0,1,0,0
30,Male,153.0,64.5,27.55,113,77,100,73,7.4,4,No,Occasional,2,2.6,0,0,1,1,0
63,Male,164.0,69.4,25.8,130,72,100,72,6.9,3,No,Occasional,6,2.6,1,1,1,1,0
37,Female,156.3,66.6,27.26,151,82,116,89,6.5,3,Yes,Occasional,3,3.1,1,0,1,0,0
68,Female,162.0,79.3,30.22,132,77,152,66,8.8,4,No,Never,6,1.8,1,0,0,1,0
54,Male,162.0,67.2,25.61,134,80,83,89,5.8,6,Yes,Heavy,6,2.6,1,1,1,1,0
52,Male,160.1,41.0,16.0,134,91,104,90,8.4,1,No,Occasional,10,2.6,1,0,1,0,0
29,Female,152.1,76.7,33.15,114,81,141,68,4.9,4,No,Occasional,5,2.3,1,0,1,1,0
47,Male,181.9,79.8,24.12,136,79,128,83,5.8,1,No,Never,10,3.3,1,0,1,1,0
71,Male,169.0,63.4,22.2,117,68,89,82,7.7,3,No,Never,5,1.8,0,0,1,0,0
19,Female,163.7,52.1,19.44,107,69,75,66,5.5,2,No,Never,4,2.3,0,0,0,0,0
65,Male,173.6,73.5,24.39,151,77,74,79,5.9,3,No,Occasional,3,2.4,1,0,1,1,0
49,Male,170.7,66.7,22.89,97,59,82,74,7.5,4,No,Regular,3,1.4,1,1,1,1,0
63,Male,168.8,63.9,22.43,128,69,89,74,4.5,4,No,Occasional,6,3.0,0,0,1,0,0
59,Male,172.8,67.4,22.57,127,85,108,86,8.0,1,No,Heavy,6,2.1,1,1,1,0,0
45,Female,167.3,78.5,28.05,114,84,81,61,8.9,4,No,Occasional,1,2.5,0,0,0,1,0
37,Female,172.7,104.5,35.04,128,86,125,83,8.4,1,No,Never,8,3.2,1,0,1,1,0
57,Female,173.5,89.5,29.73,152,91,118,80,6.8,4,No,Occasional,9,2.3,1,0,1,1,0
26,Male,167.6,85.4,30.4,126,76,95,61,6.5,1,No,Occasional,1,2.2,0,0,1,1,0
54,Female,163.8,64.2,23.93,111,72,113,79,6.0,4,No,Regular,8,2.2,0,0,1,0,0
23,Male,181.3,83.7,25.46,111,89,90,70,6.7,4,No,Occasional,9,1.5,0,0,1,0,0
58,Female,161.2,72.4,27.86,130,71,105,67,7.2,5,Yes,Never,1,2.0,1,0,1,1,0
57,Male,169.9,65.3,22.62,119,83,77,66,6.3,2,Yes,Occasional,4,2.1,0,0,0,0,0
23,Female,170.1,66.3,22.91,115,66,77,67,8.8,1,No,Occasional,3,2.3,0,0,1,1,0
65,Male,159.9,77.0,30.12,158,90,136,82,6.2,0,Yes,Occasional,7,3.1,1,1,1,1,0
44,Male,157.9,76.6,30.72,132,89,81,77,8.6,5,No,Never,4,2.8,1,0,1,1,0
67,Female,162.5,69.6,26.36,159,82,120,69,6.9,1,No,Occasional,4,1.8,1,1,1,1,0
20,Male,161.1,49.7,19.15,98,65,75,68,6.7,3,No,Regular,6,2.2,0,0,1,1,0
29,Male,151.4,54.3,23.69,125,75,67,88,7.0,2,Yes,Never,9,3.1,0,0,1,0,0
49,Female,159.5,47.5,18.67,121,80,81,101,7.3,2,Yes,Occasional,5,1.1,0,0,1,0,0
29,Female,168.7,72.5,25.47,130,68,108,63,6.6,1,No,Never,4,2.1,1,0,1,0,0
38,Male,178.7,84.8,26.56,131,76,133,82,7.4,4,No,Never,5,1.4,0,0,1,0,0
59,Female,171.5,72.2,24.55,119,77,129,82,7.4,5,No,Never,7,3.8,1,0,1,0,0
27,Female,140.0,51.4,26.22,131,66,78,90,9.0,3,No,Never,2,2.7,0,0,0,0,0
60,Female,172.4,82.9,27.89,130,73,123,83,6.8,1,No,Occasional,5,1.9,1,1,1,0,0
24,Female,160.4,67.4,26.2,125,72,86,74,5.9,3,No,Occasional,3,2.2,0,0,0,0,0
29,Female,170.5,56.2,19.33,119,66,73,77,6.0,1,No,Occasional,3,1.7,0,0,1,0,0
55,Female,165.9,67.5,24.53,137,81,112,76,10.0,2,Yes,Never,1,3.5,1,1,1,1,0
67,Female,164.1,75.4,28.0,129,63,107,77,4.4,7,No,Occasional,4,0.7,1,1,1,1,0
28,Female,165.0,88.9,32.65,130,78,117,78,5.0,3,No,Occasional,8,2.4,0,0,1,1,0
36,Male,165.8,65.9,23.97,124,79,67,100,7.1,1,No,Occasional,1,2.2,0,0,1,0,0
76,Male,179.4,93.1,28.93,150,73,100,86,5.9,4,No,Regular,6,1.5,1,1,1,1,0
80,Male,165.8,84.1,30.59,159,102,102,76,7.8,5,Yes,Occasional,4,2.0,1,1,1,1,0
54,Female,176.9,77.5,24.77,134,79,106,71,7.8,3,No,Occasional,3,1.1,1,0,1,1,0
46,Male,175.4,95.5,31.04,137,79,120,77,6.0,5,No,Never,6,3.2,1,0,1,0,0
39,Female,172.7,92.8,31.11,150,82,139,83,8.3,3,No,Never,8,2.2,1,0,1,0,0
56,Female,148.1,71.1,32.42,136,78,103,87,5.0,6,No,Never,9,2.8,1,0,1,1,0
55,Other,177.2,87.8,27.96,137,91,136,83,5.7,2,No,Regular,6,1.9,1,0,1,0,0
36,Male,161.4,95.4,36.62,144,90,119,98,8.7,1,Yes,Never,5,3.1,0,0,1,1,0
19,Female,173.2,65.7,21.9,136,70,87,71,5.0,3,No,Occasional,6,2.2,1,0,1,0,0
27,Female,156.3,86.1,35.24,144,89,116,84,6.7,5,No,Occasional,10,2.9,0,0,1,1,0
78,Male,154.1,71.3,30.03,156,88,120,67,8.7,4,No,Never,5,2.6,1,0,1,1,0
44,Female,185.8,110.2,31.92,141,77,124,76,4.0,5,No,Never,8,2.2,1,1,1,1,0
48,Male,156.4,58.8,24.04,122,74,110,70,6.4,4,No,Never,4,2.8,1,0,1,0,0
47,Female,177.5,93.3,29.61,159,84,104,82,8.0,2,No,Never,3,4.5,0,1,1,1,0
67,Female,167.2,92.0,32.91,173,95,130,87,6.0,1,Yes,Regular,9,1.5,1,0,1,1,0
22,Male,161.8,51.6,19.71,109,61,71,94,6.8,0,No,Never,5,2.1,0,0,0,0,0
23,Male,165.6,66.3,24.18,115,83,103,94,6.9,2,No,Occasional,6,1.4,0,0,0,0,0
35,Male,153.0,37.5,16.02,115,71,86,90,6.9,1,No,Never,7,2.5,1,0,1,0,0
48,Male,165.9,68.0,24.71,122,74,87,66,5.9,1,No,Occasional,3,2.3,0,0,1,1,0
60,Female,155.2,52.9,21.96,123,80,76,89,7.7,3,No,Never,4,3.5,0,0,1,0,0
48,Male,162.0,64.4,24.54,109,71,98,71,7.1,4,No,Never,4,2.0,1,0,1,0,0
45,Male,175.3,121.5,39.54,126,78,151,78,5.2,2,No,Never,6,2.8,1,0,1,1,0
77,Female,168.5,98.1,34.55,173,89,151,83,6.0,4,No,Regular,6,0.8,1,1,1,0,0
28,Female,151.2,41.5,18.15,98,69,60,64,5.0,6,No,Occasional,4,2.3,1,0,0,0,0
54,Female,174.5,86.5,28.41,137,81,128,98,6.6,3,No,Never,10,1.6,1,0,1,1,0
52,Female,165.9,81.2,29.5,139,81,125,87,7.3,1,No,Occasional,5,2.6,1,0,1,1,0
47,Male,160.6,61.7,23.92,136,76,121,109,6.9,1,No,Regular,6,2.9,0,0,1,0,0
68,Female,173.5,81.1,26.94,148,82,118,85,7.1,4,No,Occasional,8,1.8,1,1,1,1,0
34,Male,164.3,71.7,26.56,133,76,92,74,7.0,2,No,Heavy,3,2.6,1,1,1,1,0
78,Female,154.3,47.3,19.87,145,88,109,100,7.7,2,Yes,Never,4,2.0,0,0,1,0,0
38,Other,184.5,69.4,20.39,116,78,60,64,6.5,2,No,Regular,6,2.2,0,0,1,1,0
52,Female,165.8,72.9,26.52,139,90,83,73,7.8,4,No,Regular,2,2.5,0,0,1,0,0
50,Female,165.2,71.2,26.09,123,87,84,72,5.1,6,No,Occasional,5,1.5,0,0,1,1,0
71,Female,161.9,59.6,22.74,148,75,95,97,4.6,4,No,Occasional,10,1.6,1,0,1,1,0
45,Male,177.8,68.6,21.7,115,77,72,117,6.5,4,Yes,Never,9,2.8,0,0,1,0,0
35,Female,160.8,64.2,24.83,135,79,87,74,7.4,4,No,Never,7,1.8,1,0,1,0,0
19,Female,150.6,66.0,29.1,118,65,98,96,6.1,1,No,Occasional,8,3.0,0,0,1,1,0
40,Other,159.2,63.4,25.02,117,82,94,97,7.4,3,Yes,Regular,6,1.0,0,0,1,1,0
70,Female,179.3,109.0,33.91,137,82,128,89,7.2,2,No,Never,4,2.8,1,0,1,1,0
18,Male,174.3,65.3,21.49,117,71,71,89,4.0,2,No,Occasional,9,2.2,0,0,0,0,0
74,Female,163.4,72.5,27.15,159,80,99,78,9.8,5,No,Never,3,2.1,0,1,1,1,0
52,Male,179.7,77.4,23.97,129,66,101,74,5.0,2,No,Never,7,2.3,1,0,0,1,0
26,Male,173.5,83.8,27.84,121,92,71,93,5.6,2,No,Occasional,4,1.3,0,0,1,0,0
37,Male,163.3,57.5,21.56,125,68,88,67,8.2,2,No,Heavy,4,2.9,0,0,1,1,0
52,Female,164.3,94.3,34.93,139,96,126,71,6.6,3,No,Never,6,1.9,1,0,1,1,0
37,Male,169.3,49.3,17.2,126,66,101,93,5.3,0,Yes,Never,10,1.7,0,1,0,0,0
24,Male,157.7,82.6,33.21,130,77,95,79,5.9,2,No,Never,8,3.6,0,0,1,1,0
59,Male,166.0,72.4,26.27,156,86,105,85,5.5,2,No,Occasional,6,2.0,1,0,1,0,0
60,Female,169.1,81.6,28.54,134,77,124,71,5.7,6,No,Occasional,5,1.6,1,0,1,1,0
25,Female,149.1,69.8,31.4,137,84,82,74,7.5,3,No,Never,7,2.7,0,0,1,0,0
35,Male,164.1,79.1,29.37,119,81,102,68,5.8,7,No,Never,8,2.4,0,0,1,1,0
33,Male,163.0,57.6,21.68,101,64,62,82,5.7,2,No,Never,1,2.9,0,0,0,0,0
59,Female,176.3,89.3,28.73,144,90,104,82,5.7,3,No,Never,5,2.3,1,0,1,1,0
64,Male,147.6,76.1,34.93,157,95,111,68,6.7,2,Yes,Regular,3,2.8,1,0,1,1,0
63,Female,162.2,57.1,21.7,144,69,100,87,5.8,4,Yes,Regular,5,3.5,1,0,1,0,0
77,Male,161.2,94.8,36.48,147,91,126,72,6.5,2,No,Never,3,1.7,1,0,1,1,0
66,Female,175.6,86.0,27.89,136,86,89,58,7.5,1,No,Occasional,1,1.9,1,0,1,0,0
38,Male,165.6,63.7,23.23,98,67,106,56,6.3,7,No,Never,2,1.2,1,0,0,0,0
24,Female,184.0,70.0,20.68,106,69,86,86,5.7,2,No,Never,4,2.4,0,0,1,0,0
56,Male,172.6,73.6,24.71,116,81,116,92,5.7,4,No,Occasional,7,2.3,1,0,1,0,0
75,Female,161.9,44.2,16.86,122,63,72,82,8.5,3,No,Occasional,4,3.0,1,1,0,0,0
79,Other,168.4,69.1,24.37,151,80,100,69,9.6,2,No,Never,3,2.2,1,0,1,0,0
32,Female,162.5,63.1,23.9,113,71,110,85,6.7,2,No,Never,6,2.1,1,0,1,0,0
32,Male,174.6,61.0,20.01,105,75,74,84,7.5,3,No,Never,6,2.3,0,0,1,0,0
20,Male,152.7,66.4,28.48,120,71,100,60,5.2,5,No,Never,9,2.0,0,0,1,1,0
26,Female,157.8,59.7,23.98,111,83,86,81,5.8,7,No,Occasional,7,2.4,0,0,1,0,0
52,Female,170.6,65.8,22.61,135,72,62,79,7.4,0,No,Occasional,3,2.3,0,1,1,0,0
52,Male,178.3,76.7,24.13,122,73,98,103,4.0,2,Yes,Never,4,2.6,1,0,1,0,0
41,Male,144.0,56.2,27.1,106,87,99,101,7.5,2,No,Occasional,7,2.1,1,0,1,0,0
37,Male,179.7,82.8,25.64,122,78,92,73,6.2,3,No,Heavy,3,2.6,1,0,1,1,0
70,Female,164.6,61.7,22.77,157,85,90,87,5.4,3,Yes,Never,5,2.6,1,1,1,0,0
46,Female,147.2,56.6,26.12,124,74,79,74,7.4,2,No,Occasional,2,2.0,1,0,1,0,0
68,Female,140.0,50.6,25.82,137,76,91,68,8.7,3,No,Occasional,2,2.1,1,1,1,1,0
78,Female,150.7,47.4,20.87,146,89,97,79,6.1,1,Yes,Occasional,8,2.1,1,0,1,0,0
37,Male,165.8,65.7,23.9,132,72,107,76,7.0,1,No,Regular,6,1.4,1,0,1,0,0
30,Male,165.3,76.3,27.92,120,87,91,72,7.3,3,No,Regular,4,1.9,1,0,1,1,0
78,Male,172.3,86.3,29.07,145,87,118,88,7.1,2,No,Occasional,4,2.7,1,0,1,1,0
57,Female,160.5,63.6,24.69,152,79,110,88,5.1,2,No,Occasional,9,2.8,1,1,1,0,0
36,Male,154.9,68.4,28.51,145,77,94,76,7.1,3,Yes,Occasional,4,2.4,1,0,1,1,0
57,Male,161.9,55.3,21.1,122,68,112,75,6.9,1,No,Regular,6,1.5,1,0,1,0,0
50,Male,166.3,58.3,21.08,117,80,88,85,4.0,3,No,Regular,7,2.8,1,0,1,0,0
75,Male,168.3,70.9,25.03,137,78,103,82,7.5,2,No,Occasional,8,3.4,1,0,1,0,0
34,Female,158.1,81.0,32.41,120,78,126,66,5.0,2,No,Never,3,2.6,1,0,1,1,0
80,Male,175.0,83.2,27.17,142,104,111,69,7.1,3,Yes,Never,2,2.2,1,1,1,1,0
76,Male,159.8,63.7,24.95,131,65,64,86,8.8,6,No,Regular,3,1.6,0,1,1,0,0
29,Female,157.3,80.4,32.49,127,81,75,83,6.2,1,No,Never,7,2.2,1,0,1,1,0
28,Male,160.6,61.1,23.69,122,62,115,92,5.0,7,No,Occasional,10,1.9,1,0,1,0,0
51,Male,176.7,113.6,36.38,132,84,129,67,7.2,2,No,Occasional,7,2.1,1,0,1,1,0
20,Male,164.7,60.8,22.41,96,66,79,84,8.5,5,No,Regular,4,3.0,0,0,0,0,0
36,Female,159.1,51.7,20.42,126,64,60,92,5.1,2,No,Regular,8,2.8,0,0,1,1,0
45,Male,175.3,75.9,24.7,143,78,94,84,4.0,3,No,Never,4,2.0,0,0,1,0,0
79,Female,187.4,88.3,25.14,136,88,85,56,8.3,6,No,Occasional,3,2.3,0,0,1,0,0
80,Female,168.1,63.6,22.51,127,81,97,77,7.8,4,No,Regular,5,2.2,1,0,1,0,0
27,Female,178.3,119.3,37.53,125,88,107,68,7.3,3,No,Never,4,1.9,0,0,1,1,0
74,Male,176.4,86.4,27.77,137,94,107,65,4.5,3,No,Occasional,4,1.3,1,0,1,1,0
23,Female,159.9,69.5,27.18,130,76,97,61,7.2,7,No,Occasional,8,2.7,0,0,1,0,0
65,Male,166.3,65.8,23.79,135,60,104,65,8.1,4,No,Never,4,3.0,0,0,1,0,0
71,Male,153.2,54.9,23.39,117,78,96,60,9.6,4,No,Occasional,2,1.8,1,0,1,0,0
74,Female,164.0,83.8,31.16,153,69,123,88,6.2,3,No,Never,7,1.8,1,0,1,1,0
32,Male,159.7,43.7,17.13,119,60,60,67,7.1,4,No,Regular,3,2.8,0,0,1,0,0
74,Male,162.0,54.4,20.73,135,62,88,67,4.2,7,No,Never,3,1.8,0,0,1,0,0
25,Male,158.5,59.8,23.8,134,76,99,95,7.8,1,No,Occasional,7,1.3,0,0,1,0,0
50,Male,163.1,85.4,32.1,145,75,112,76,8.0,3,No,Occasional,4,1.9,1,1,1,0,0
47,Male,171.3,69.7,23.75,115,79,122,73,7.3,0,No,Never,4,3.1,1,0,0,0,0
37,Female,164.8,74.1,27.28,119,82,98,81,8.2,2,No,Occasional,5,1.9,1,0,1,0,0
19,Female,147.4,54.3,24.99,129,63,68,68,5.7,5,No,Never,5,1.8,0,0,1,1,0
66,Male,158.5,81.0,32.24,141,86,118,60,6.5,3,No,Never,4,1.9,1,0,1,0,0
39,Female,150.8,40.3,17.72,93,50,65,76,6.8,5,Yes,Occasional,1,1.5,0,0,0,0,0
59,Male,168.4,83.3,29.37,155,77,90,92,8.1,0,Yes,Occasional,5,1.3,1,0,1,1,0
43,Male,171.0,71.6,24.49,141,87,98,85,7.8,2,No,Occasional,9,2.0,0,0,1,1,0
41,Male,168.6,84.8,29.83,133,74,132,80,6.9,3,No,Never,7,1.3,1,0,1,1,0
73,Male,158.1,55.7,22.28,141,76,97,74,7.1,1,No,Occasional,4,1.9,1,0,1,0,0
23,Male,168.5,71.2,25.08,109,66,110,93,7.3,3,No,Never,6,2.4,0,0,1,1,0
64,Male,161.3,66.3,25.48,131,68,116,83,6.1,4,No,Never,7,2.4,1,1,1,0,0
65,Male,154.6,50.6,21.17,114,71,127,76,8.6,4,Yes,Never,3,2.1,1,0,1,0,0
41,Female,173.4,57.9,19.26,112,74,100,96,5.9,0,No,Never,8,1.4,0,0,1,0,0
34,Male,174.2,68.1,22.44,141,74,94,95,7.2,2,Yes,Occasional,6,1.9,0,0,1,0,0
18,Male,175.5,78.4,25.45,85,80,96,84,6.0,1,No,Regular,5,2.4,1,0,1,0,0
77,Male,159.9,58.0,22.68,147,84,116,103,7.6,0,Yes,Never,9,2.6,1,1,1,1,0
77,Female,177.8,78.1,24.71,135,82,96,79,6.9,4,Yes,Occasional,1,2.0,1,0,1,0,0
33,Male,161.1,41.9,16.14,111,61,66,74,9.4,3,No,Never,3,1.7,0,0,1,0,0
20,Female,172.5,68.7,23.09,93,77,97,90,6.4,3,No,Never,7,2.3,0,0,0,1,0
25,Male,160.9,77.4,29.9,130,73,100,82,7.7,0,Yes,Occasional,7,2.0,1,0,1,1,0
22,Male,163.8,76.0,28.33,128,85,77,83,5.6,2,Yes,Never,9,1.5,0,0,1,1,0
70,Female,141.8,51.7,25.71,140,83,85,77,6.6,1,No,Occasional,1,2.4,1,1,1,0,0
74,Male,163.0,72.8,27.4,142,77,137,74,6.5,4,No,Never,7,2.2,1,0,1,0,0
27,Male,166.9,58.7,21.07,98,70,75,84,7.3,5,Yes,Regular,3,1.5,0,0,1,0,0
65,Male,161.9,88.6,33.8,152,93,135,87,5.7,3,Yes,Occasional,6,1.8,1,0,1,1,0
29,Other,183.6,118.1,35.04,125,75,103,95,6.0,4,No,Occasional,5,2.1,0,0,1,1,0
41,Female,154.4,62.4,26.18,134,73,117,74,6.7,2,No,Never,7,1.2,0,0,1,0,0
55,Female,160.4,98.2,38.17,156,84,136,92,7.2,2,Yes,Never,5,1.7,1,0,1,1,0
63,Other,157.0,55.9,22.68,158,97,132,84,6.4,3,Yes,Occasional,8,2.6,1,1,1,0,0
73,Male,160.4,52.0,20.21,124,74,116,79,6.6,1,No,Occasional,3,1.9,1,0,1,0,0
20,Female,176.3,66.7,21.46,101,58,92,82,5.0,5,No,Occasional,5,1.7,1,0,0,1,0
30,Male,180.8,78.7,24.08,110,58,80,79,7.2,6,No,Occasional,6,2.9,0,0,1,0,0
35,Female,159.0,91.9,36.35,138,78,103,87,7.4,5,No,Occasional,9,2.4,1,0,1,1,0
37,Male,158.8,60.4,23.95,134,78,97,88,7.7,1,No,Occasional,7,2.7,0,0,0,0,0
80,Male,154.4,53.0,22.23,134,79,105,79,6.8,2,No,Never,6,1.7,1,0,1,0,0
66,Female,179.1,69.6,21.7,128,80,93,89,5.8,3,No,Regular,7,2.0,1,1,1,0,0
38,Male,177.2,96.7,30.8,141,87,126,94,6.1,1,No,Occasional,8,2.2,1,1,1,1,0
79,Other,164.9,84.7,31.15,137,84,118,73,6.8,6,No,Never,6,2.3,1,1,1,1,0
49,Male,152.0,53.8,23.29,130,74,87,67,6.8,7,Yes,Never,3,3.7,1,0,1,0,0
49,Female,152.9,38.8,16.6,110,80,104,81,5.5,5,No,Occasional,7,2.3,0,0,1,0,0
45,Female,167.7,56.5,20.09,112,78,92,82,4.6,1,No,Occasional,5,2.9,0,0,1,0,0
27,Male,171.5,98.0,33.32,119,86,90,68,6.0,3,Yes,Regular,5,3.7,1,0,1,1,0
76,Female,145.3,62.5,29.6,139,85,129,81,6.4,4,Yes,Occasional,4,3.3,1,1,1,1,0
18,Female,162.8,66.6,25.13,124,82,99,82,6.9,1,Yes,Never,7,2.3,1,1,1,0,1
28,Female,182.2,113.0,34.04,131,82,108,61,6.1,4,No,Never,6,2.9,1,0,1,1,0
32,Male,163.8,92.8,34.59,131,83,99,79,6.5,2,No,Occasional,3,2.3,1,0,1,1,0
35,Female,180.9,82.1,25.09,106,78,106,63,7.0,7,Yes,Occasional,3,2.2,0,0,1,0,0
26,Female,172.5,74.2,24.94,119,76,121,96,8.3,4,No,Regular,9,2.7,1,0,1,0,0
19,Male,155.2,53.1,22.05,104,63,77,93,6.3,3,Yes,Occasional,7,2.8,0,0,0,0,0
60,Male,163.1,65.2,24.51,113,75,100,75,4.8,7,No,Regular,5,2.5,1,0,1,0,0
79,Male,164.7,52.1,19.21,146,71,106,95,5.7,2,No,Occasional,7,2.1,1,1,1,0,0
25,Female,156.5,43.7,17.84,108,72,60,87,9.0,5,Yes,Occasional,4,1.9,0,0,1,0,0
36,Male,156.3,41.5,16.99,111,55,75,67,8.5,5,No,Occasional,5,1.4,0,0,1,0,0
49,Female,181.1,101.0,30.8,154,83,90,91,7.9,0,No,Occasional,5,2.3,0,1,1,1,0
76,Other,156.2,45.8,18.77,132,79,97,77,7.4,2,No,Occasional,7,2.4,1,0,1,0,0
61,Male,176.8,110.2,35.25,155,78,156,81,7.8,2,No,Regular,2,2.7,1,0,1,1,0
66,Male,161.6,58.8,22.52,131,75,73,69,6.6,4,No,Never,3,1.3,0,0,1,1,0
54,Female,165.7,93.5,34.05,132,88,144,61,7.9,4,No,Regular,3,2.3,1,0,1,1,0
44,Male,171.6,69.9,23.74,124,72,124,85,7.7,3,No,Occasional,7,2.1,1,0,1,1,0
30,Female,160.0,45.1,17.62,102,70,80,75,7.8,2,No,Occasional,5,2.2,0,0,0,0,0
72,Female,171.7,95.3,32.33,153,89,128,85,6.1,2,No,Never,3,3.0,1,1,1,1,0
68,Female,145.5,69.4,32.78,154,77,114,87,6.3,5,No,Never,5,3.0,1,0,1,1,0
19,Male,170.4,59.5,20.49,96,69,77,63,6.0,1,No,Occasional,4,2.9,0,0,0,1,0
63,Female,141.3,48.6,24.34,118,74,100,71,8.2,4,No,Never,2,2.3,1,0,1,0,0
23,Female,163.7,55.2,20.6,108,69,73,88,6.8,4,No,Never,8,2.1,0,0,0,0,0
64,Male,174.5,77.3,25.39,123,66,108,76,7.2,5,No,Never,5,3.0,1,0,1,0,0
70,Female,172.2,79.0,26.64,145,76,111,88,7.2,4,Yes,Never,8,3.3,1,0,1,0,0
26,Female,153.0,54.6,23.32,117,78,71,76,5.2,2,No,Regular,2,3.2,0,0,1,0,0
45,Female,154.3,39.9,16.76,127,75,93,65,7.7,3,No,Occasional,6,2.5,1,0,1,0,0
25,Male,159.1,56.2,22.2,102,68,91,84,6.3,5,No,Occasional,2,2.2,0,0,1,0,0
53,Male,167.9,82.0,29.09,135,90,132,93,5.7,3,No,Heavy,10,2.6,1,0,1,1,0
76,Male,145.7,53.6,25.25,138,70,95,64,6.0,3,No,Occasional,1,2.7,1,0,1,0,0
23,Male,165.9,64.3,23.36,118,71,109,78,6.5,3,No,Heavy,9,1.9,1,0,1,0,0
43,Male,169.1,60.0,20.98,113,75,125,93,6.6,1,Yes,Regular,5,2.1,1,0,0,0,0
79,Other,163.2,62.4,23.43,127,74,103,79,5.0,4,No,Occasional,5,4.2,1,0,1,1,0
36,Male,171.3,94.0,32.03,128,71,112,82,4.3,5,No,Occasional,7,1.9,1,0,1,1,0
26,Female,168.2,55.3,19.55,113,75,88,77,6.6,4,No,Regular,3,2.8,0,0,0,0,0
48,Male,160.6,74.9,29.04,149,78,80,86,7.6,1,No,Never,7,1.9,1,1,1,1,0
50,Male,146.6,55.6,25.87,119,81,82,63,7.4,4,No,Occasional,7,2.1,0,0,1,0,0
59,Male,167.3,75.6,27.01,134,86,98,79,8.0,3,Yes,Never,5,1.6,1,0,1,0,0
37,Male,156.5,53.4,21.8,137,85,88,92,6.4,1,Yes,Never,6,1.6,0,0,1,0,0
78,Female,160.2,63.2,24.63,148,94,116,99,5.9,2,Yes,Never,10,2.6,0,0,1,0,0
50,Female,170.8,74.7,25.61,137,78,110,80,6.4,1,No,Regular,7,2.5,0,0,1,0,0
36,Female,180.2,74.0,22.79,117,63,71,77,7.8,2,No,Never,4,3.4,0,1,1,0,0
78,Male,165.6,76.6,27.93,156,97,136,99,8.6,1,Yes,Occasional,7,2.2,1,1,1,1,0
76,Female,171.5,83.7,28.46,149,98,122,97,6.2,0,Yes,Occasional,4,2.3,1,1,1,1,0
49,Male,151.6,82.8,36.03,155,102,124,80,6.4,2,No,Occasional,4,2.2,1,1,1,1,0
19,Female,168.5,74.3,26.17,96,76,96,82,6.7,7,No,Regular,6,1.6,0,0,1,1,0
55,Female,165.4,45.3,16.56,111,65,72,77,6.5,3,No,Regular,3,2.6,0,0,1,0,0
52,Male,178.3,99.4,31.27,156,83,111,90,6.0,2,Yes,Occasional,5,2.1,0,1,1,1,0
27,Male,160.6,62.1,24.08,118,59,79,83,6.4,2,No,Occasional,7,1.3,0,0,0,0,0
57,Male,163.6,94.9,35.46,152,84,98,83,5.3,2,No,Regular,10,2.9,1,0,1,1,0
70,Male,176.6,103.5,33.19,168,84,123,104,7.4,2,Yes,Occasional,7,1.8,1,1,1,1,0
24,Female,165.1,61.5,22.56,114,72,109,88,8.8,3,No,Occasional,2,2.4,0,0,1,0,0
63,Female,154.9,70.6,29.42,143,86,99,71,6.6,4,No,Never,2,2.4,1,0,1,0,0
26,Female,191.5,81.3,22.17,128,87,67,87,8.5,4,No,Never,9,2.3,0,0,1,0,0
65,Male,155.2,62.7,26.03,118,100,112,76,6.6,4,No,Regular,4,1.5,1,0,1,1,0
44,Female,165.4,78.6,28.73,122,78,95,72,6.1,3,No,Occasional,2,3.1,0,0,1,0,0
18,Male,169.5,86.7,30.18,111,70,106,75,7.7,3,No,Occasional,3,1.7,0,0,1,1,0
78,Female,168.7,87.1,30.6,157,87,129,94,5.4,5,Yes,Never,7,0.7,1,0,1,1,0
28,Male,164.1,68.5,25.44,134,71,92,74,7.4,0,No,Occasional,6,2.8,0,0,1,1,0
55,Male,164.2,101.6,37.68,135,111,139,84,6.9,1,Yes,Regular,7,2.7,1,0,1,1,0
29,Female,163.7,62.6,23.36,96,50,85,82,6.2,6,No,Regular,5,1.4,0,0,0,1,0
76,Male,154.8,44.5,18.57,108,88,60,77,6.2,6,Yes,Occasional,3,2.2,0,0,1,0,0
64,Male,187.5,67.4,19.17,113,66,80,83,5.9,2,No,Occasional,1,2.9,1,0,1,0,0
68,Female,163.8,88.9,33.13,149,85,111,79,8.1,0,No,Never,3,3.1,1,0,1,1,0
45,Male,172.0,74.4,25.15,141,57,76,82,6.3,4,No,Never,6,2.6,0,0,1,0,0
47,Female,162.7,69.7,26.33,111,82,85,71,7.2,4,No,Never,3,2.7,1,0,1,1,0
57,Female,162.5,61.3,23.21,153,83,110,94,6.5,3,No,Occasional,7,2.7,1,0,1,0,0
67,Female,161.4,62.2,23.88,137,71,101,83,6.6,2,No,Regular,3,2.1,1,1,1,1,0
71,Female,150.5,50.7,22.38,136,85,70,63,7.3,2,No,Regular,2,1.5,0,0,1,0,0
19,Female,164.4,73.3,27.12,123,78,77,82,7.3,4,No,Never,5,2.0,0,0,1,0,0
59,Female,161.9,66.5,25.37,122,77,109,94,6.7,1,No,Occasional,7,2.9,1,0,1,0,0
24,Female,177.7,85.5,27.08,125,65,101,90,6.1,3,Yes,Never,9,2.9,1,0,1,0,0
36,Female,154.0,63.8,26.9,109,71,90,77,5.6,4,No,Occasional,2,2.3,0,0,1,1,0
70,Male,160.2,61.8,24.08,144,88,118,95,5.7,3,No,Regular,8,2.0,1,1,1,1,0
33,Male,157.0,44.9,18.22,104,64,90,82,6.2,1,No,Regular,6,3.3,0,0,0,0,0
68,Female,180.4,60.7,18.65,130,86,83,85,6.8,2,Yes,Regular,4,2.3,1,1,1,0,0
47,Male,157.3,99.2,40.09,141,82,120,75,4.4,5,No,Occasional,7,2.6,1,0,1,1,0
32,Male,171.6,95.0,32.26,158,86,113,96,7.2,1,Yes,Occasional,8,1.4,0,1,1,1,0
39,Male,175.7,98.1,31.78,126,74,79,66,7.3,1,No,Heavy,2,2.2,1,0,1,1,0
51,Female,164.5,60.6,22.39,111,75,98,82,6.1,3,No,Occasional,4,2.9,0,0,1,0,0
66,Male,152.2,60.4,26.07,144,88,85,94,5.6,4,Yes,Never,4,1.3,1,0,1,1,0
56,Female,152.4,50.8,21.87,128,88,117,75,5.7,2,No,Never,7,2.2,1,0,1,0,0
76,Female,174.6,60.9,19.98,150,82,77,99,4.7,2,No,Never,9,2.5,1,1,1,0,0
72,Female,153.4,54.9,23.33,134,67,105,75,6.3,5,No,Never,5,3.1,0,0,1,1,0
65,Male,169.9,93.4,32.36,147,89,89,72,6.5,3,No,Occasional,5,2.8,1,0,1,1,0
55,Female,167.1,83.2,29.8,146,80,103,78,7.8,3,No,Occasional,6,3.3,0,0,1,0,0
36,Female,169.8,59.4,20.6,119,68,92,79,7.3,3,No,Never,5,2.7,0,0,1,0,0
43,Male,170.7,69.8,23.95,122,70,100,63,8.6,6,No,Never,1,2.8,0,0,1,0,0
25,Female,156.7,70.2,28.59,138,84,116,97,6.8,2,Yes,Never,6,1.6,0,0,1,1,0
41,Male,156.2,55.3,22.67,121,73,108,82,5.4,1,No,Regular,7,1.6,1,0,0,0,0
76,Female,173.1,79.9,26.67,132,88,126,87,8.6,3,No,Never,8,3.3,1,0,1,0,0
44,Male,159.7,69.9,27.41,127,80,117,96,6.5,1,No,Never,3,1.9,1,0,1,1,0
25,Female,140.0,52.7,26.89,100,78,89,79,4.6,4,No,Occasional,7,1.8,0,0,1,0,0
59,Female,172.5,80.5,27.05,140,94,108,89,6.7,1,Yes,Occasional,9,0.7,1,1,1,1,0
78,Male,155.6,56.1,23.17,133,65,115,80,4.3,6,No,Never,10,2.9,1,0,1,0,0
72,Female,170.7,68.6,23.54,147,76,119,89,6.5,4,No,Occasional,6,1.5,1,0,1,0,0
35,Male,179.9,64.1,19.81,116,71,87,84,5.9,1,No,Occasional,7,1.7,0,0,1,0,0
46,Female,166.2,49.8,18.03,138,72,75,83,7.5,2,Yes,Occasional,3,2.9,0,0,0,0,0
51,Female,176.0,77.7,25.08,133,71,92,71,8.1,1,No,Occasional,3,0.8,0,0,1,1,0
33,Male,167.5,81.7,29.12,115,75,96,82,6.1,1,No,Never,7,3.1,1,0,0,1,0
34,Male,181.9,61.5,18.59,118,70,84,79,6.5,3,No,Never,1,1.7,1,0,1,0,0
32,Female,155.4,64.0,26.5,136,80,119,70,7.6,1,No,Occasional,6,2.1,0,0,1,1,0
80,Male,165.9,83.0,30.16,139,91,128,72,5.5,4,Yes,Never,8,1.7,1,1,1,1,0
64,Female,172.7,51.2,17.17,130,67,89,77,6.6,3,No,Never,7,1.3,1,1,1,0,0
70,Female,164.1,66.9,24.84,152,87,136,78,7.2,3,No,Never,7,1.7,0,1,1,0,0
69,Female,177.5,107.1,33.99,127,93,124,76,5.7,3,No,Occasional,5,1.7,1,0,1,1,0
78,Male,161.7,75.8,28.99,134,93,137,75,6.4,2,No,Regular,4,1.4,1,1,1,0,0
24,Female,186.7,55.8,16.01,124,66,63,93,6.4,3,Yes,Occasional,10,3.2,0,0,1,0,0
73,Female,187.2,102.9,29.36,143,110,120,79,8.1,4,No,Regular,8,1.6,1,0,1,1,0
22,Male,168.8,60.8,21.34,128,72,73,95,5.0,2,No,Occasional,7,1.0,0,0,1,0,0
47,Male,171.5,84.9,28.87,147,77,91,89,6.5,4,Yes,Occasional,5,0.9,1,0,1,0,0
55,Male,177.9,71.0,22.43,141,96,84,81,8.5,2,Yes,Never,4,2.5,1,0,1,0,0
40,Male,154.1,59.7,25.14,145,86,102,97,7.7,3,Yes,Never,8,1.1,0,0,1,0,0
27,Female,152.9,52.5,22.46,100,68,75,50,6.4,7,No,Never,5,2.1,0,0,0,0,0
30,Male,178.6,80.2,25.14,117,76,65,82,6.6,2,No,Never,5,3.5,0,1,1,0,0
69,Female,168.7,66.5,23.37,149,85,91,84,7.1,7,No,Occasional,7,2.3,1,1,1,1,0
38,Male,163.7,65.0,24.26,124,79,85,79,7.2,4,Yes,Never,6,2.4,0,0,1,0,0
37,Male,166.1,54.2,19.65,127,59,62,89,8.1,4,No,Never,9,1.9,0,0,1,1,0
76,Male,142.1,57.8,28.62,141,84,121,69,8.4,1,No,Occasional,2,2.2,0,0,1,1,0
27,Female,164.1,69.7,25.88,105,76,99,76,5.0,7,No,Never,5,2.1,1,0,1,1,0
75,Female,158.5,46.5,18.51,123,78,108,76,4.3,3,No,Regular,10,2.4,0,1,1,0,0
76,Male,175.2,95.3,31.05,162,84,148,95,5.9,3,Yes,Regular,7,3.3,1,1,1,1,0
55,Female,176.0,77.1,24.89,150,82,85,84,4.4,2,Yes,Never,5,1.9,1,1,1,0,0
28,Male,171.8,76.3,25.85,129,82,84,87,8.2,1,No,Never,7,1.7,0,0,1,0,0
27,Male,170.0,83.0,28.72,127,85,102,79,4.8,2,No,Heavy,5,2.2,0,0,1,1,0
35,Male,151.0,61.2,26.84,116,70,102,95,6.0,3,No,Regular,9,2.8,1,0,1,1,0
54,Other,171.9,92.5,31.3,135,72,112,79,5.5,7,No,Regular,7,2.0,0,1,1,1,0
27,Female,172.3,70.2,23.65,118,71,103,85,4.9,1,No,Never,3,2.4,1,0,1,0,0
46,Female,178.5,97.1,30.47,126,76,107,75,8.1,3,No,Occasional,6,2.5,0,1,1,1,0
25,Male,187.2,89.7,25.6,120,67,108,82,5.9,5,No,Never,6,3.6,0,0,1,0,0
52,Male,149.1,62.5,28.11,131,80,101,98,9.0,0,No,Occasional,6,2.8,0,1,1,1,0
19,Female,162.1,70.4,26.79,114,78,88,95,8.4,3,No,Never,6,1.6,0,0,1,1,0
62,Male,158.6,80.2,31.88,155,81,106,61,6.5,1,No,Occasional,7,0.8,1,0,1,1,0
21,Female,167.7,79.8,28.38,140,68,60,84,4.0,1,No,Occasional,6,2.3,0,0,1,1,0
30,Female,166.1,63.5,23.02,128,65,61,62,6.4,4,No,Regular,4,1.7,0,1,1,0,0
29,Male,163.7,59.0,22.02,115,61,104,77,9.6,0,No,Never,4,1.9,1,0,0,0,0
70,Female,176.3,80.5,25.9,137,78,118,68,7.2,7,No,Heavy,5,1.6,0,1,1,0,0
21,Female,155.0,51.1,21.27,117,70,66,85,6.4,3,No,Never,6,1.9,1,0,1,0,0
45,Male,155.6,49.5,20.44,127,81,106,79,5.9,1,No,Heavy,5,1.9,0,0,1,1,0
55,Female,155.8,38.8,15.98,120,64,60,77,7.6,3,No,Occasional,8,2.1,1,0,1,0,0
50,Female,162.4,48.0,18.2,130,72,70,82,7.3,1,No,Never,3,1.8,1,0,1,0,0
60,Male,153.7,83.6,35.39,138,87,114,62,7.4,2,No,Regular,1,1.7,1,1,1,1,0
68,Female,165.5,62.8,22.93,120,67,116,75,7.7,7,No,Occasional,10,2.5,1,0,1,0,0
42,Male,164.3,93.3,34.56,143,85,146,75,8.1,1,No,Never,4,2.2,1,0,1,1,0
70,Female,158.1,70.1,28.04,144,88,113,86,7.0,0,No,Never,8,2.2,1,1,1,1,0
38,Female,174.7,76.6,25.1,148,77,95,86,4.6,5,Yes,Heavy,7,2.2,1,0,1,1,0
80,Female,165.4,52.4,19.15,127,68,112,79,5.6,2,No,Heavy,4,1.6,0,0,1,0,0
49,Female,176.6,79.9,25.62,134,74,130,69,5.9,6,No,Occasional,5,3.1,1,0,1,0,0
64,Female,164.0,94.3,35.06,151,72,141,79,6.7,4,No,Never,5,3.5,1,0,1,1,0
73,Male,165.8,92.6,33.69,137,90,107,81,8.5,3,No,Never,6,3.0,1,0,1,1,0
67,Male,160.4,70.4,27.36,147,88,118,79,9.3,5,Yes,Never,4,1.1,1,1,1,0,0
71,Male,165.9,56.8,20.64,126,77,90,67,7.2,1,No,Occasional,5,1.8,1,0,1,0,0
51,Female,173.1,63.1,21.06,150,85,110,84,7.4,5,Yes,Occasional,5,2.7,1,0,1,0,0
20,Male,161.9,54.5,20.79,109,68,94,93,4.6,4,Yes,Occasional,8,1.7,0,0,1,0,0
49,Male,171.2,93.0,31.73,126,76,97,83,6.3,3,No,Regular,4,1.7,1,0,1,1,0
29,Female,157.9,82.1,32.93,108,77,126,77,6.2,2,No,Heavy,3,1.3,0,0,1,1,0
74,Male,173.6,81.9,27.18,130,97,116,84,6.0,4,No,Never,4,2.0,1,0,1,1,0
32,Male,160.2,60.9,23.73,127,72,101,85,7.3,2,No,Occasional,6,1.7,0,0,1,0,0
32,Male,174.5,99.3,32.61,120,94,103,69,6.5,5,Yes,Occasional,1,0.7,1,0,1,0,0
33,Male,166.6,56.9,20.5,122,71,81,83,4.1,3,No,Never,8,2.9,0,0,0,0,0
58,Female,181.2,85.6,26.07,136,74,115,74,7.8,2,No,Occasional,5,2.5,1,0,1,0,0
53,Male,154.5,66.7,27.94,123,93,139,69,8.1,4,No,Never,6,1.3,1,0,1,0,0
77,Male,151.2,50.7,22.18,142,86,133,92,7.0,2,Yes,Never,6,2.8,1,1,1,0,0
44,Female,159.8,57.3,22.44,112,71,90,75,6.6,2,No,Regular,4,2.3,0,0,1,0,0
35,Female,152.2,50.6,21.84,131,81,60,86,5.7,2,Yes,Never,3,3.0,0,1,1,0,0
21,Female,152.2,73.4,31.69,106,85,96,93,5.7,3,No,Occasional,4,2.7,1,1,1,1,0
18,Female,172.2,100.9,34.03,130,71,107,80,8.3,4,No,Never,2,1.7,0,0,1,1,0
41,Female,166.0,71.5,25.95,121,84,108,74,5.7,1,No,Occasional,6,2.6,1,0,1,1,0
76,Male,161.2,64.9,24.98,136,78,117,70,9.2,5,No,Occasional,5,2.7,0,1,1,1,0
50,Female,162.1,59.8,22.76,129,68,107,81,8.1,0,No,Regular,2,2.9,1,0,0,0,0
74,Female,160.0,67.2,26.25,144,79,123,83,7.2,0,No,Never,4,2.8,0,1,1,0,0
24,Male,182.5,74.4,22.34,134,62,78,92,9.9,4,No,Occasional,7,3.6,1,0,1,0,0
23,Male,158.6,61.6,24.49,125,80,91,89,8.1,0,Yes,Regular,8,2.8,0,1,1,0,0
70,Male,152.8,65.6,28.1,123,81,92,61,6.4,3,No,Never,2,1.7,1,0,1,1,0
24,Female,174.0,69.7,23.02,142,82,100,80,5.0,2,No,Never,10,2.3,0,0,1,0,0
21,Female,163.8,64.4,24.0,118,77,103,87,6.3,1,No,Never,3,1.5,0,0,1,0,0
43,Female,186.4,85.3,24.55,124,72,112,76,6.8,1,No,Heavy,2,3.0,1,1,1,1,0
76,Male,160.7,63.9,24.74,160,80,69,89,5.4,6,No,Never,9,1.6,1,1,1,0,0
61,Male,174.5,72.4,23.78,113,71,103,70,5.5,4,No,Never,3,3.7,0,0,1,0,0
24,Male,176.8,89.5,28.63,136,84,94,88,6.7,0,Yes,Heavy,9,2.0,0,0,1,1,0
70,Female,160.8,45.6,17.64,115,74,100,84,7.9,1,No,Occasional,4,2.2,0,1,1,0,0
71,Female,158.6,84.8,33.71,156,92,110,72,9.0,2,Yes,Never,5,1.9,1,0,1,1,0
68,Female,173.4,80.4,26.74,122,91,119,79,7.0,1,No,Occasional,2,1.7,1,0,1,0,0
74,Female,171.7,85.9,29.14,143,94,104,94,7.2,6,No,Never,8,1.9,1,0,1,1,0
33,Female,151.9,66.2,28.69,132,75,100,66,4.1,1,No,Occasional,8,2.4,1,0,1,0,0
79,Female,154.7,54.9,22.94,135,85,114,67,7.9,3,No,Never,4,2.2,1,0,1,1,0
38,Male,140.6,41.4,20.94,100,80,79,82,5.4,3,Yes,Occasional,5,1.9,1,0,1,0,0
68,Male,172.0,62.5,21.13,146,78,113,82,6.9,3,Yes,Occasional,7,2.4,0,0,1,0,0
54,Male,163.4,65.5,24.53,121,84,105,71,6.7,6,No,Never,4,1.8,1,0,1,1,0
67,Male,164.4,79.5,29.41,173,76,119,106,6.2,1,No,Occasional,8,2.2,1,1,1,1,0
57,Male,149.1,51.1,22.99,121,83,89,71,4.8,4,No,Regular,5,3.3,0,0,1,0,0
58,Male,155.0,69.1,28.76,133,82,132,78,5.8,0,No,Occasional,4,1.8,1,0,1,1,0
56,Female,161.2,41.6,16.01,117,63,94,66,5.7,1,No,Heavy,2,2.0,0,0,1,0,0
67,Male,159.3,61.4,24.2,119,77,125,61,6.2,2,No,Heavy,2,1.4,1,0,1,0,0
64,Female,167.2,88.3,31.59,159,99,95,87,8.0,2,No,Never,7,2.0,1,0,1,1,0
26,Female,171.8,71.4,24.19,115,94,88,70,6.2,3,Yes,Occasional,6,2.4,1,0,1,0,0
70,Female,188.7,78.9,22.16,127,74,89,70,5.7,7,Yes,Regular,7,1.9,0,0,1,0,0
51,Female,165.8,61.8,22.48,130,73,100,75,7.6,4,No,Occasional,4,1.5,0,0,1,0,0
38,Male,177.2,50.2,15.99,107,63,60,76,7.3,4,No,Occasional,2,2.4,0,0,1,0,0
50,Female,157.7,51.6,20.75,124,73,79,69,9.3,2,No,Never,4,2.5,1,0,0,0,0
78,Male,149.3,70.0,31.4,135,98,121,75,7.6,7,No,Regular,10,2.6,1,1,1,1,0
72,Female,162.5,61.7,23.37,144,76,73,60,4.4,2,No,Never,3,1.4,0,0,1,0,0
70,Male,150.0,53.8,23.91,121,72,70,80,7.7,5,No,Occasional,5,3.1,0,0,1,1,0
47,Male,166.1,44.1,15.98,90,62,72,69,7.9,4,No,Regular,1,1.9,0,0,0,0,0
67,Female,158.2,45.6,18.22,125,71,126,73,8.9,5,No,Occasional,4,1.5,1,0,1,0,0
42,Female,146.5,66.8,31.12,130,85,111,64,6.5,3,No,Occasional,4,2.9,0,0,1,1,0
61,Male,183.4,97.1,28.87,131,80,100,82,8.0,7,No,Occasional,6,3.1,1,1,1,0,0
58,Female,160.6,50.5,19.58,131,79,98,74,6.3,2,No,Regular,5,2.0,1,0,1,0,0
33,Male,149.6,49.6,22.16,111,77,88,80,7.3,7,Yes,Occasional,2,1.7,0,0,1,0,0
34,Female,175.0,76.8,25.08,97,68,86,65,5.5,7,No,Occasional,4,2.5,1,0,0,1,0
21,Male,158.7,48.3,19.18,113,72,72,88,5.0,1,Yes,Never,5,1.3,0,0,0,0,0
26,Male,176.9,50.1,16.01,104,66,60,66,7.9,4,No,Never,3,3.9,1,0,0,0,0
45,Male,158.7,62.3,24.74,122,68,106,80,6.9,5,No,Never,3,1.5,1,0,1,1,0
48,Male,160.6,73.1,28.34,142,86,104,79,4.9,2,Yes,Occasional,8,2.4,1,1,1,0,0
28,Male,169.4,80.1,27.91,149,83,108,81,7.8,1,No,Occasional,4,2.1,1,0,1,1,0
44,Male,171.9,87.7,29.68,160,86,128,76,4.0,1,Yes,Never,6,1.6,1,0,1,1,0
56,Male,173.7,55.3,18.33,107,80,81,72,5.7,4,No,Never,5,1.6,0,0,1,0,0
32,Male,165.1,69.4,25.46,109,68,76,83,4.8,0,No,Never,3,2.9,0,1,1,1,0
39,Female,171.3,70.6,24.06,136,77,93,69,8.2,2,No,Regular,5,2.4,1,0,1,0,0
41,Male,173.5,75.2,24.98,143,83,96,89,6.1,3,Yes,Never,6,1.7,1,1,1,1,0
49,Female,168.0,69.4,24.59,145,80,109,91,6.5,4,No,Occasional,9,1.8,1,0,1,0,0
41,Female,164.6,60.2,22.22,116,71,83,59,7.2,2,No,Regular,4,1.7,0,0,1,0,0
64,Male,151.5,36.7,15.99,120,62,77,83,7.7,2,No,Regular,5,2.8,0,0,1,0,0
38,Female,172.0,91.4,30.9,117,89,107,93,7.4,2,No,Occasional,7,2.8,1,0,1,1,0
45,Male,166.4,75.0,27.09,142,74,113,83,7.5,2,Yes,Never,8,2.5,1,0,1,1,0
41,Male,161.9,47.9,18.27,108,60,97,69,6.4,2,No,Never,4,2.4,0,0,0,0,0
29,Female,178.8,87.5,27.37,118,80,137,66,7.8,1,No,Never,5,2.6,1,0,1,0,0
61,Female,151.7,54.7,23.77,140,75,130,72,5.6,5,No,Regular,8,1.1,1,1,1,0,0
32,Female,182.4,77.1,23.17,117,73,90,89,6.1,3,No,Never,6,2.4,0,1,1,0,0
36,Male,165.8,59.3,21.57,131,66,84,82,4.5,1,No,Never,8,2.9,0,0,1,0,0
67,Female,169.2,82.0,28.64,150,90,106,93,8.6,3,Yes,Never,8,2.4,1,1,1,0,0
77,Male,162.0,58.9,22.44,139,84,80,72,5.3,6,No,Occasional,7,2.2,1,0,1,0,0
60,Male,149.3,45.9,20.59,115,65,98,80,8.4,2,No,Never,6,1.8,0,1,0,0,0
75,Male,164.6,85.8,31.67,149,94,109,96,7.5,0,Yes,Occasional,4,1.8,1,1,1,1,0
71,Other,169.3,72.5,25.29,150,92,91,96,6.9,2,Yes,Never,5,1.9,1,1,1,0,0
48,Male,172.8,74.3,24.88,141,65,80,76,7.2,5,No,Occasional,5,2.3,0,0,1,0,0
66,Female,164.0,78.9,29.34,145,83,126,78,5.1,6,No,Never,8,1.9,1,0,1,0,0
38,Female,144.1,45.9,22.1,127,77,90,77,8.6,3,Yes,Occasional,6,1.0,0,0,1,0,0
47,Female,150.6,52.9,23.32,142,78,77,88,6.2,2,No,Occasional,6,2.7,0,0,1,0,0
51,Female,186.5,94.3,27.11,128,76,117,74,8.1,2,No,Occasional,3,2.5,1,0,1,1,0
78,Female,155.1,45.5,18.91,127,69,118,96,5.8,2,No,Never,8,2.4,0,1,1,0,0
71,Male,180.3,88.5,27.22,135,76,98,57,5.0,6,No,Occasional,4,1.6,1,0,1,1,0
48,Male,156.7,53.9,21.95,128,71,82,75,9.2,2,No,Occasional,5,1.9,0,0,1,0,0
59,Female,164.2,80.8,29.97,130,83,103,82,5.7,3,No,Occasional,8,2.5,1,0,1,1,0
30,Male,172.3,82.4,27.76,130,86,109,89,7.1,1,No,Never,7,2.2,1,0,1,1,0
68,Male,157.8,69.9,28.07,128,74,122,67,4.0,3,Yes,Heavy,3,1.7,1,1,1,1,0
52,Male,181.9,59.4,17.95,124,83,90,81,6.8,0,Yes,Occasional,3,3.0,1,0,1,1,0
51,Male,166.8,70.0,25.16,127,89,80,86,7.5,3,No,Occasional,5,1.6,0,0,1,1,0
66,Male,170.6,59.3,20.37,135,92,111,85,7.0,2,Yes,Never,4,0.7,1,0,1,0,0
57,Male,163.3,68.3,25.61,116,93,98,80,6.8,3,Yes,Occasional,2,2.3,0,0,1,1,0
22,Female,172.6,47.7,16.01,102,65,69,68,6.5,3,No,Never,4,2.3,0,0,1,0,0
36,Male,181.8,59.1,17.88,111,64,78,64,8.1,6,No,Occasional,1,2.2,0,0,1,0,0
29,Other,164.7,83.6,30.82,143,65,122,71,4.9,4,No,Never,7,2.5,1,1,1,1,0
64,Female,183.3,93.2,27.74,160,84,93,94,6.2,4,Yes,Never,7,1.8,1,1,1,1,0
20,Male,159.9,59.3,23.19,116,79,71,87,8.3,3,No,Occasional,8,2.9,0,0,0,0,0
30,Female,173.6,62.6,20.77,139,60,86,81,4.8,3,No,Occasional,6,1.3,0,0,1,0,0
55,Female,170.9,60.0,20.54,117,69,93,80,6.6,1,No,Never,4,2.2,1,1,1,1,0
61,Female,155.3,64.8,26.87,131,82,124,94,5.1,3,No,Regular,8,1.8,1,0,1,1,0
49,Male,168.1,67.7,23.96,125,63,115,94,7.2,3,No,Heavy,4,2.9,0,0,1,0,0
72,Male,166.1,92.7,33.6,165,104,116,80,7.0,1,Yes,Occasional,2,1.7,1,1,1,1,0
75,Male,157.5,62.9,25.36,149,88,109,81,5.5,5,Yes,Occasional,5,2.2,1,1,1,1,0
26,Female,169.6,72.8,25.31,93,74,99,80,6.7,5,No,Occasional,6,2.3,0,0,0,0,0
78,Other,167.5,55.2,19.67,119,81,102,87,6.9,4,No,Occasional,4,2.3,0,0,1,0,0
56,Female,165.3,65.7,24.04,132,72,70,78,6.1,5,No,Occasional,3,1.7,0,0,1,0,0
58,Female,165.3,72.9,26.68,124,81,112,79,6.3,3,No,Occasional,4,2.4,1,0,1,1,0
23,Other,165.1,63.1,23.15,112,63,75,85,5.8,4,No,Never,6,2.2,0,0,1,0,0
57,Female,162.3,61.8,23.46,133,61,108,83,4.0,2,No,Never,5,2.4,0,1,1,0,0
63,Male,167.4,77.1,27.51,146,83,96,73,7.5,4,No,Occasional,10,3.2,1,0,1,0,0
54,Female,159.6,84.0,32.98,151,95,120,89,8.2,2,No,Occasional,5,2.3,1,1,1,1,0
23,Male,192.6,95.1,25.64,134,86,85,74,4.4,7,Yes,Occasional,7,1.6,0,0,1,0,0
50,Male,151.9,71.8,31.12,146,81,139,75,8.5,4,Yes,Never,2,3.5,1,0,1,1,0
76,Female,160.2,75.1,29.26,136,85,99,74,7.0,7,Yes,Occasional,7,2.8,0,0,1,0,0
63,Female,160.9,80.7,31.17,147,72,100,73,5.4,3,No,Occasional,4,2.6,0,1,1,1,0
26,Male,186.4,76.8,22.1,121,76,106,77,6.4,5,No,Never,5,2.1,1,0,0,0,0
78,Female,152.8,59.1,25.31,149,87,126,97,5.5,3,No,Regular,9,2.7,1,1,1,1,0
78,Male,170.3,73.5,25.34,149,78,108,69,7.9,5,No,Occasional,4,0.9,0,0,1,1,0
28,Male,168.5,78.6,27.68,130,64,89,91,5.8,2,Yes,Regular,2,3.2,1,0,1,1,0
68,Male,169.3,85.6,29.86,145,73,93,63,9.5,4,Yes,Never,3,2.8,1,1,1,1,0
43,Female,178.4,82.9,26.05,126,81,94,73,8.1,3,Yes,Occasional,6,2.1,0,1,1,1,0
55,Female,178.2,95.1,29.95,170,77,108,81,5.1,0,Yes,Heavy,6,2.8,0,1,1,1,0
46,Male,161.5,59.5,22.81,112,78,83,84,8.7,3,No,Occasional,5,2.6,0,0,1,0,0
67,Male,167.9,85.4,30.29,144,88,101,66,7.9,5,Yes,Never,2,1.5,0,0,1,1,0
80,Male,147.4,67.9,31.25,153,81,120,77,6.1,2,No,Heavy,10,2.3,1,1,1,1,0
68,Male,167.0,81.8,29.33,134,87,134,103,7.2,2,No,Occasional,9,2.4,1,0,1,0,0
76,Female,158.1,67.3,26.92,157,80,89,82,7.8,4,Yes,Occasional,6,2.1,1,1,1,1,0
77,Female,164.1,80.0,29.71,148,90,119,85,6.0,3,No,Never,2,2.1,1,0,1,1,0
23,Female,149.1,45.9,20.65,118,94,93,96,7.4,2,No,Regular,9,2.8,0,0,1,1,0
33,Male,170.0,75.6,26.16,122,77,102,93,5.9,1,No,Heavy,8,2.3,0,0,1,1,0
63,Female,149.0,60.8,27.39,151,96,119,96,7.6,3,Yes,Occasional,6,3.4,1,0,1,1,0
55,Male,167.5,54.3,19.35,121,81,97,80,6.3,4,No,Never,8,1.8,0,0,1,0,0
21,Male,153.7,64.2,27.18,123,72,96,65,5.5,3,No,Occasional,4,2.5,1,0,1,1,0
23,Female,157.5,47.0,18.95,122,71,96,81,7.6,1,No,Never,3,1.6,1,0,0,0,0
50,Female,177.5,74.3,23.58,97,64,60,71,6.1,7,No,Occasional,6,2.6,0,0,1,0,0
56,Female,171.9,76.7,25.96,136,76,129,75,7.1,5,No,Occasional,2,1.5,1,0,1,0,0
28,Female,177.5,68.0,21.58,135,66,101,82,7.4,3,No,Never,3,2.4,0,0,0,1,0
28,Female,181.6,84.0,25.47,139,84,122,74,8.5,2,No,Regular,6,3.0,1,0,1,1,0
26,Female,158.3,63.5,25.34,135,73,83,80,6.1,2,Yes,Occasional,6,2.2,1,0,1,0,0
53,Male,181.0,71.3,21.76,136,67,94,74,5.9,1,No,Occasional,2,1.6,1,1,1,1,0
18,Male,151.3,63.1,27.56,117,70,101,93,8.8,2,Yes,Occasional,4,2.8,0,0,0,0,0
54,Male,173.5,66.4,22.06,127,81,88,67,6.9,1,No,Regular,2,2.4,1,0,1,0,0
47,Male,161.1,94.8,36.53,145,86,129,96,6.1,0,No,Occasional,4,2.1,1,0,1,1,0
47,Male,156.7,61.4,25.01,119,63,100,60,7.2,4,No,Heavy,4,1.6,0,0,1,0,0
60,Male,172.1,60.0,20.26,138,84,70,96,6.1,7,Yes,Never,7,1.2,0,1,1,0,0
50,Female,175.4,64.3,20.9,118,62,100,78,6.4,4,No,Never,5,3.7,0,0,1,0,0
63,Female,175.2,96.6,31.47,126,81,128,84,9.9,2,No,Occasional,5,1.8,1,1,1,0,0
66,Female,168.1,68.0,24.06,136,76,90,81,5.5,3,No,Never,4,1.6,1,1,1,0,0
75,Male,167.3,55.1,19.69,125,66,70,50,5.1,4,No,Occasional,2,2.4,0,0,1,0,0
68,Female,171.3,88.5,30.16,156,75,116,79,8.2,4,Yes,Occasional,5,1.5,0,1,1,0,0
50,Male,169.0,67.5,23.63,127,84,90,82,6.1,0,No,Never,6,2.5,1,1,1,1,0
49,Male,171.4,84.4,28.73,115,84,111,89,7.0,4,No,Never,6,3.1,0,0,1,1,0
32,Male,168.0,83.7,29.66,127,82,95,86,7.3,3,Yes,Never,7,1.5,1,0,1,1,0
55,Male,174.4,82.3,27.06,134,88,132,101,4.4,2,Yes,Never,7,2.0,0,1,1,1,0
26,Male,149.7,81.9,36.55,129,72,111,102,7.7,4,No,Never,10,2.5,1,0,1,1,0
76,Female,164.7,48.8,17.99,122,79,78,80,6.2,2,No,Never,3,1.4,0,1,1,0,0
71,Female,152.2,51.5,22.23,141,81,101,81,9.0,3,No,Heavy,6,1.6,0,0,1,1,0
25,Female,168.8,67.7,23.76,103,75,67,70,5.6,3,No,Never,6,2.1,0,0,0,0,0
67,Male,182.4,122.8,36.91,160,91,115,82,8.7,4,No,Never,5,3.5,1,0,1,1,0
25,Female,161.3,87.5,33.63,116,85,85,73,9.0,3,No,Heavy,4,1.6,1,0,1,1,0
63,Female,167.3,89.9,32.12,137,82,118,88,6.0,6,No,Occasional,6,2.0,1,0,1,1,0
23,Male,173.6,63.7,21.14,114,71,102,69,6.4,1,No,Never,6,3.8,1,0,1,0,0
48,Female,145.3,47.1,22.31,128,69,88,76,6.5,1,Yes,Regular,3,2.7,0,0,1,0,0
59,Male,160.8,56.6,21.89,126,76,107,76,8.9,5,No,Regular,1,1.1,0,0,1,0,0
63,Male,169.6,63.8,22.18,125,70,82,90,7.0,4,No,Occasional,4,2.0,0,0,1,0,0
44,Male,140.0,64.0,32.65,140,80,104,86,7.4,4,Yes,Occasional,4,2.6,1,0,1,1,0
76,Female,156.2,61.3,25.12,119,80,124,94,6.4,2,No,Occasional,7,3.1,1,0,1,0,0
66,Male,177.0,79.9,25.5,141,73,110,78,7.5,5,Yes,Heavy,3,3.1,1,1,1,1,0
31,Male,176.0,89.4,28.86,139,72,103,88,7.4,7,No,Occasional,5,2.6,0,0,1,0,0
60,Male,169.7,51.5,17.88,115,77,94,74,6.2,7,Yes,Regular,2,2.7,0,0,1,0,0
64,Female,174.8,80.1,26.21,139,70,102,77,9.2,3,No,Never,2,1.4,0,1,1,0,0
39,Male,168.2,56.8,20.08,108,71,91,79,6.5,2,No,Occasional,4,1.7,0,0,1,0,0
64,Male,171.6,72.3,24.55,147,86,97,80,8.0,0,No,Heavy,5,1.4,1,0,1,1,0
74,Male,162.8,62.0,23.39,136,59,126,76,5.3,5,No,Never,3,2.9,1,1,1,0,0
69,Female,167.2,64.4,23.04,129,91,94,81,7.5,4,No,Never,6,2.4,1,0,1,0,0
66,Female,159.7,69.1,27.09,129,75,100,75,8.3,4,No,Regular,2,2.3,0,0,1,0,0
57,Female,178.6,85.7,26.87,140,73,109,58,7.0,3,No,Occasional,5,3.2,0,0,1,1,0
35,Male,181.2,79.4,24.18,122,74,105,72,8.0,2,No,Occasional,5,2.5,0,0,1,0,0
68,Male,179.8,90.0,27.84,121,74,114,65,6.1,5,No,Heavy,2,2.9,1,0,1,1,0
40,Female,161.9,55.6,21.21,101,70,60,64,7.2,5,No,Never,6,2.7,0,0,1,0,0
51,Male,156.5,70.8,28.91,138,74,133,65,5.1,1,No,Occasional,1,2.8,1,0,1,1,0
37,Female,178.8,77.7,24.3,113,81,117,83,7.0,3,No,Occasional,4,1.5,1,0,1,0,0
37,Female,171.4,67.5,22.98,122,92,113,85,5.5,3,No,Never,7,2.8,1,1,1,1,0
27,Male,169.3,60.9,21.25,115,73,84,81,6.9,2,No,Never,1,2.5,0,0,1,0,0
78,Female,159.7,64.2,25.17,124,81,123,85,8.3,7,No,Occasional,7,1.9,1,1,1,1,0
27,Female,170.3,98.7,34.03,117,73,111,81,9.0,5,No,Occasional,3,2.6,1,0,1,1,0
23,Male,155.1,59.3,24.65,130,77,92,75,5.2,4,No,Occasional,4,3.0,0,0,0,1,0
76,Male,172.3,61.7,20.78,132,74,112,96,8.0,3,No,Occasional,8,2.1,0,1,1,0,0
52,Male,179.8,97.3,30.1,145,82,118,71,8.5,3,No,Occasional,4,1.7,1,0,1,0,0
45,Female,182.3,77.2,23.23,153,73,115,97,6.8,3,No,Never,9,1.7,1,0,1,0,0
64,Male,173.1,81.9,27.33,138,71,75,85,8.4,4,No,Never,5,1.3,1,0,1,1,0
42,Male,152.2,52.2,22.53,112,71,91,84,6.2,3,No,Occasional,5,2.1,1,0,1,0,0
26,Female,168.0,88.0,31.18,125,68,84,76,5.9,7,No,Occasional,7,2.6,0,0,1,1,0
63,Male,187.4,81.2,23.12,130,88,114,74,6.0,3,No,Regular,6,3.3,0,0,1,1,0
29,Male,157.3,78.7,31.81,135,76,93,82,7.5,5,Yes,Occasional,6,1.7,0,1,1,1,0
52,Female,165.4,56.5,20.65,131,73,89,65,6.7,1,No,Occasional,4,2.4,0,0,1,0,0
77,Male,180.1,80.7,24.88,147,76,120,84,6.0,1,No,Regular,2,2.2,1,1,1,1,0
76,Male,172.2,97.8,32.98,123,75,135,64,6.1,6,No,Occasional,2,2.2,1,0,1,1,0
40,Male,190.8,95.3,26.18,148,86,116,85,6.5,3,Yes,Occasional,8,1.2,1,0,1,1,0
67,Male,158.7,93.1,36.97,160,91,146,69,5.3,3,No,Regular,9,1.5,1,1,1,1,0
56,Male,156.1,59.7,24.5,122,92,81,68,7.5,5,No,Never,6,3.4,0,0,1,0,0
48,Female,178.2,85.1,26.8,137,85,87,98,8.5,0,No,Occasional,1,2.9,1,0,1,1,0
26,Female,154.0,81.0,34.15,130,85,94,78,8.0,1,Yes,Occasional,4,2.4,1,0,1,1,0
41,Male,164.0,48.8,18.14,104,72,67,86,10.0,1,No,Occasional,3,2.5,0,0,1,0,0
59,Female,165.3,49.2,18.01,132,72,90,66,7.3,2,No,Regular,4,2.7,1,0,1,0,0
80,Female,176.4,70.2,22.56,138,73,119,64,9.0,1,No,Never,3,1.9,0,0,1,0,0
18,Female,172.1,85.1,28.73,140,66,118,82,6.8,1,No,Never,6,1.9,1,0,1,1,0
63,Female,170.6,53.0,18.21,117,67,62,80,6.3,3,No,Never,6,1.8,0,0,1,0,0
71,Female,162.0,76.1,29.0,150,95,118,80,6.5,3,No,Regular,9,2.3,0,0,1,1,0
77,Female,178.2,91.5,28.81,145,84,107,73,7.0,5,No,Never,4,1.5,1,0,1,1,0
44,Male,200.0,140.6,35.15,148,89,89,75,6.5,1,No,Occasional,6,1.8,1,1,1,1,0
25,Female,172.9,89.7,30.01,133,83,118,92,5.2,3,No,Never,7,2.5,0,0,1,0,0
35,Male,167.0,75.3,27.0,139,80,115,106,5.2,3,Yes,Occasional,8,2.0,1,0,1,0,0
71,Male,153.0,76.5,32.68,157,87,115,92,8.3,0,Yes,Occasional,3,1.1,1,0,1,1,0
73,Female,159.6,73.3,28.78,122,97,108,65,7.7,5,No,Never,6,2.0,1,0,1,1,0
58,Male,163.9,63.4,23.6,143,83,107,87,8.8,0,No,Occasional,6,2.6,0,0,1,1,0
25,Male,160.7,50.4,19.52,88,57,90,76,6.1,2,No,Never,6,2.3,1,0,1,0,0
25,Male,165.8,61.2,22.26,109,62,79,79,6.1,2,Yes,Never,5,1.1,1,0,0,0,0
48,Male,183.8,85.7,25.37,123,83,90,90,4.9,4,No,Occasional,9,2.9,1,0,1,0,0
55,Female,178.5,84.7,26.58,138,70,84,74,8.2,4,No,Occasional,3,2.0,0,0,1,0,0
20,Female,164.4,43.2,15.98,100,63,95,77,5.7,1,No,Never,3,2.4,0,0,1,0,0
61,Male,153.9,58.8,24.83,150,63,120,76,6.8,2,No,Occasional,3,2.9,1,1,1,0,0
52,Male,179.4,83.1,25.82,120,77,90,73,7.1,0,No,Occasional,5,2.1,1,0,0,0,0
18,Male,165.5,75.2,27.46,105,78,81,68,4.7,5,No,Regular,6,1.0,0,0,1,0,0
24,Male,148.7,72.5,32.79,106,74,93,74,7.8,2,No,Occasional,4,3.3,0,0,0,1,0
46,Female,173.1,79.2,26.43,117,69,80,79,7.7,5,No,Regular,8,0.8,0,0,1,1,0
63,Female,176.3,67.1,21.59,116,71,119,76,7.0,7,No,Occasional,5,2.0,1,0,1,0,0
70,Female,141.7,34.9,17.38,139,74,78,86,6.6,3,No,Regular,5,3.0,0,0,1,0,0
45,Male,157.8,71.7,28.79,140,75,115,72,6.9,2,No,Never,2,1.7,1,0,1,0,0
36,Female,164.9,57.4,21.11,124,63,89,88,8.1,2,No,Occasional,9,1.8,1,0,1,0,0
79,Female,173.3,91.6,30.5,147,90,117,87,6.8,2,No,Occasional,5,2.1,1,0,1,1,0
46,Female,160.8,83.3,32.22,156,84,114,88,6.4,3,Yes,Occasional,9,2.1,1,1,1,1,0
37,Male,157.7,44.5,17.89,125,70,87,81,5.9,2,No,Regular,4,1.6,0,0,0,0,0
45,Male,173.3,84.6,28.17,126,72,104,83,4.0,3,No,Occasional,7,1.8,1,0,1,1,0
18,Female,161.3,80.7,31.02,118,84,115,74,8.2,2,No,Never,4,2.9,0,0,1,1,0
37,Male,171.4,88.7,30.19,129,85,127,72,6.4,4,No,Occasional,9,1.9,0,0,1,1,0
50,Male,154.9,38.4,16.0,95,65,69,70,5.4,7,No,Occasional,8,2.5,0,0,0,0,0
75,Other,152.5,51.5,22.14,154,85,105,94,9.2,4,Yes,Never,7,1.6,1,1,1,1,0
64,Female,173.6,59.8,19.84,120,86,68,62,7.3,2,No,Never,4,3.1,0,0,1,0,0
67,Male,168.5,81.1,28.56,138,91,104,97,6.1,6,No,Occasional,9,2.8,1,0,1,1,0
52,Male,175.2,84.9,27.66,150,91,109,78,7.6,5,No,Never,10,2.1,1,0,1,0,0
24,Male,160.7,41.3,15.99,91,65,63,55,7.2,7,No,Never,4,2.6,0,0,0,0,0
42,Female,158.0,59.9,23.99,135,70,93,73,7.1,4,No,Regular,6,3.2,0,0,1,0,0
80,Male,179.6,97.5,30.23,140,95,129,66,5.8,3,Yes,Heavy,7,1.5,1,1,1,1,0
20,Female,150.8,58.2,25.59,113,79,94,51,7.9,6,No,Occasional,1,1.5,1,0,1,0,0
73,Female,178.5,85.7,26.9,139,88,82,84,7.6,3,No,Heavy,8,2.4,1,1,1,0,0
61,Female,179.2,77.5,24.13,120,74,109,71,5.7,2,No,Regular,8,1.4,1,0,1,0,0
35,Female,174.6,61.5,20.17,102,70,79,62,4.4,3,No,Occasional,4,1.2,0,0,0,0,0
67,Male,159.1,65.7,25.96,133,83,94,70,8.2,3,No,Occasional,1,1.2,0,1,1,1,0
70,Male,157.8,65.7,26.38,130,83,130,80,7.4,3,No,Regular,6,2.3,1,0,1,1,0
20,Female,163.9,74.8,27.84,122,78,70,80,7.9,2,No,Occasional,3,0.9,0,0,1,0,0
24,Male,153.0,66.3,28.32,113,69,96,75,7.0,2,No,Never,2,1.9,0,0,0,0,0
59,Male,156.4,64.2,26.25,117,77,126,78,7.8,4,No,Never,6,0.7,1,0,1,0,0
80,Male,172.4,94.0,31.63,162,90,125,87,5.6,4,No,Occasional,8,2.5,1,0,1,1,0
19,Male,172.5,68.6,23.05,125,78,76,93,6.5,1,Yes,Never,5,2.5,0,0,1,0,0
59,Male,155.5,45.7,18.9,110,72,93,86,5.2,1,No,Never,8,2.1,0,0,1,1,0
26,Female,172.8,81.6,27.33,131,59,128,87,8.0,2,No,Occasional,7,3.0,1,0,0,0,0
58,Female,170.5,76.8,26.42,131,57,119,48,6.9,3,No,Never,2,2.7,1,0,1,0,0
57,Female,181.1,92.4,28.17,140,85,102,79,7.1,1,Yes,Never,4,1.7,0,1,1,1,0
23,Female,171.7,55.7,18.89,105,69,104,95,7.0,4,No,Regular,8,1.6,0,0,1,0,0
60,Male,176.6,107.5,34.47,164,87,129,74,6.5,4,Yes,Never,4,2.8,1,0,1,1,0
74,Female,170.8,86.5,29.65,145,83,74,81,7.6,7,No,Occasional,7,2.6,1,0,1,0,0
72,Female,175.8,76.6,24.79,155,94,101,81,8.9,4,Yes,Occasional,4,2.0,1,1,1,1,0
19,Male,153.1,47.7,20.35,116,66,112,77,7.8,2,No,Heavy,7,1.1,0,0,1,0,0
33,Female,164.8,82.5,30.38,142,86,108,91,4.5,1,Yes,Never,6,2.8,1,1,1,1,0
33,Male,165.6,54.6,19.91,104,80,105,72,6.8,4,No,Never,5,2.2,0,0,0,0,0
46,Male,163.6,97.4,36.39,153,82,102,81,6.7,4,Yes,Occasional,7,2.2,1,0,1,1,0
27,Male,170.4,64.2,22.11,128,85,64,72,8.6,2,Yes,Occasional,1,0.7,0,0,1,0,0
71,Male,172.3,102.1,34.39,152,95,143,69,6.2,1,No,Regular,3,2.5,1,0,1,1,0
66,Male,169.9,72.6,25.15,157,79,113,69,5.5,5,Yes,Never,4,2.2,1,0,1,1,0
68,Female,164.2,90.8,33.68,163,71,128,80,7.5,2,No,Never,8,1.8,1,1,1,1,0
30,Female,158.6,54.3,21.59,103,80,93,75,6.9,5,Yes,Never,2,1.7,0,0,1,0,0
18,Male,177.0,78.1,24.93,111,84,83,75,5.9,2,No,Occasional,5,2.3,0,0,1,0,0
75,Female,169.5,86.5,30.11,150,78,97,72,6.3,6,No,Never,6,2.5,1,0,1,1,0
36,Male,155.8,69.1,28.47,116,92,113,105,4.9,1,No,Never,6,2.0,0,0,1,1,0
59,Female,164.1,83.8,31.12,149,77,114,92,6.9,1,Yes,Occasional,5,2.6,1,1,1,1,0
75,Male,148.6,52.8,23.91,123,80,106,58,6.4,5,No,Never,4,1.5,0,0,1,0,0
20,Male,166.4,70.0,25.28,122,73,93,84,7.4,4,Yes,Never,5,1.8,1,0,1,0,0
18,Female,164.0,82.9,30.82,117,68,102,85,6.3,2,No,Never,7,2.6,1,0,1,1,0
18,Female,160.3,55.1,21.44,120,66,112,109,6.8,2,No,Regular,4,1.9,0,0,1,0,0
27,Female,181.8,91.9,27.81,117,74,76,75,6.5,5,Yes,Occasional,1,3.3,1,0,1,1,0
21,Female,154.4,56.9,23.87,124,64,96,101,6.3,1,No,Occasional,6,2.4,0,0,1,0,0
69,Female,173.1,81.2,27.1,128,89,113,82,5.0,3,No,Occasional,9,1.4,1,0,1,1,0
56,Male,187.9,92.4,26.17,128,73,107,68,8.2,2,No,Heavy,3,1.2,1,0,1,0,0
79,Male,176.8,70.5,22.55,128,80,108,74,6.4,2,No,Never,8,2.7,1,0,1,0,0
68,Male,165.7,68.2,24.84,144,88,117,84,4.1,6,No,Never,6,1.8,1,0,1,0,0
78,Male,154.7,64.7,27.03,141,82,115,72,4.9,2,Yes,Regular,3,2.8,1,1,1,1,0
33,Male,152.4,57.4,24.71,117,56,82,69,8.1,4,No,Occasional,4,1.8,1,0,0,1,0
36,Female,161.9,86.0,32.81,146,83,98,88,6.7,1,Yes,Heavy,4,2.4,1,1,1,1,0
71,Male,159.1,78.5,31.01,138,86,106,75,6.6,4,No,Occasional,6,2.0,1,0,1,1,0
33,Female,158.8,67.1,26.61,112,74,88,80,6.7,2,No,Occasional,5,2.4,0,0,1,1,0
21,Male,162.7,56.2,21.23,117,77,99,73,7.1,2,No,Occasional,8,2.7,0,0,1,0,0
60,Female,165.0,59.7,21.93,114,82,102,64,8.5,0,No,Never,7,2.2,1,0,1,0,0
68,Female,170.9,103.8,35.54,165,84,126,86,7.5,5,Yes,Regular,2,2.6,0,0,1,1,0
78,Male,153.6,50.7,21.49,132,83,79,85,7.3,1,No,Occasional,2,1.1,0,1,1,0,0
76,Male,159.2,68.0,26.83,129,87,108,79,5.8,3,No,Never,7,2.5,1,1,1,0,0
25,Female,164.4,72.3,26.75,125,81,104,83,4.9,2,Yes,Never,4,2.2,0,0,1,1,0
66,Female,164.0,66.0,24.54,142,79,122,72,7.3,1,No,Occasional,5,2.0,1,1,1,1,0
71,Male,184.4,72.6,21.35,134,85,79,85,7.2,2,Yes,Never,7,0.7,1,0,1,0,0
61,Male,168.3,62.7,22.14,111,78,123,103,7.9,3,No,Never,7,1.1,0,0,1,1,0
69,Female,149.9,52.8,23.5,131,76,122,91,9.0,2,No,Never,3,2.3,0,0,1,1,0
70,Female,170.2,65.8,22.71,137,80,112,74,5.6,2,No,Regular,1,2.4,1,0,1,0,0
46,Male,171.5,93.8,31.89,136,83,129,58,5.9,5,No,Occasional,5,2.5,1,0,1,1,0
20,Male,164.7,67.4,24.85,117,74,83,79,7.7,3,No,Never,3,2.2,0,0,1,0,0
46,Female,153.9,54.5,23.01,134,79,84,77,6.7,2,No,Never,5,1.4,0,0,1,1,0
30,Male,183.6,86.4,25.63,136,58,97,74,8.5,3,No,Occasional,5,1.5,0,0,1,0,0
25,Female,155.3,68.0,28.19,103,85,104,81,6.6,1,Yes,Occasional,3,0.8,0,0,1,1,0
25,Male,172.6,69.5,23.33,108,68,87,106,8.8,2,No,Never,10,2.3,1,0,1,0,0
61,Female,168.0,85.3,30.22,141,90,121,78,6.8,4,No,Heavy,5,3.4,1,0,1,1,0
49,Male,172.0,57.7,19.5,118,60,105,82,8.8,5,No,Never,4,2.1,1,0,1,0,0
52,Male,183.1,104.9,31.29,122,93,126,82,4.0,4,No,Never,6,1.7,1,0,1,1,0
64,Female,171.6,76.4,25.95,128,65,107,83,7.2,3,No,Never,6,2.2,0,0,1,1,0
52,Male,160.4,65.5,25.46,143,77,60,79,6.8,5,No,Heavy,4,2.1,0,0,1,0,0
57,Female,177.1,70.5,22.48,133,78,84,87,4.0,0,No,Regular,10,1.1,1,0,1,0,0
23,Male,159.7,48.6,19.06,116,74,78,67,6.9,1,Yes,Occasional,2,2.4,0,0,1,0,0
71,Female,167.6,51.0,18.16,141,85,97,86,5.4,3,No,Occasional,2,2.1,1,0,1,0,0
46,Female,153.1,51.2,21.84,122,75,70,61,6.3,1,No,Never,2,2.1,1,0,1,0,0
27,Female,155.7,67.6,27.88,129,80,99,79,7.1,4,No,Never,5,3.5,1,0,1,0,0
69,Male,166.5,59.6,21.5,132,85,103,91,6.5,7,No,Never,6,2.1,1,0,1,0,0
64,Female,169.7,53.4,18.54,116,67,84,77,7.1,6,No,Regular,5,3.4,0,0,1,0,0
21,Female,149.0,45.6,20.54,106,71,74,85,6.8,3,No,Occasional,6,1.7,0,0,0,0,0
30,Female,171.0,68.1,23.29,126,79,65,81,9.6,6,No,Occasional,6,1.2,0,0,1,0,0
18,Male,157.8,57.7,23.17,106,68,92,83,7.0,7,No,Heavy,5,1.7,0,0,0,0,0
35,Male,178.8,78.7,24.62,109,68,83,89,6.8,5,No,Never,6,3.0,0,0,1,0,0
24,Male,162.5,79.0,29.92,141,82,126,68,7.2,4,Yes,Never,5,1.7,1,0,1,1,0
62,Female,154.8,76.5,31.92,114,84,119,88,6.7,3,No,Occasional,4,1.3,1,0,1,1,0
50,Female,166.8,98.1,35.26,162,90,130,79,4.8,0,No,Heavy,4,2.4,1,1,1,1,0
79,Male,156.8,45.6,18.55,137,77,108,78,7.5,3,Yes,Never,6,2.0,1,0,1,0,1
65,Female,178.7,69.9,21.89,131,79,94,72,8.1,4,No,Never,8,2.6,1,1,1,1,0
56,Female,166.0,80.3,29.14,135,79,115,76,8.8,3,No,Never,3,1.8,1,0,1,1,0
50,Male,164.5,63.4,23.43,136,70,84,69,7.6,4,No,Heavy,4,1.6,0,0,1,0,0
21,Male,171.9,85.8,29.04,132,88,89,85,6.3,3,Yes,Never,6,3.3,0,0,1,1,0
22,Female,156.0,63.1,25.93,120,70,83,84,6.7,4,No,Occasional,9,1.7,0,0,0,1,0
56,Female,153.1,78.2,33.36,143,84,114,88,8.9,2,Yes,Regular,6,1.7,1,1,1,1,0
18,Male,170.1,86.3,29.83,119,69,129,87,6.5,4,Yes,Occasional,4,2.5,1,0,1,1,0
20,Female,155.0,72.0,29.97,128,74,87,86,5.4,2,No,Never,3,0.7,1,0,1,1,0
31,Female,155.0,55.7,23.18,123,72,104,93,9.3,2,No,Never,7,2.7,0,0,1,0,0
73,Female,174.4,78.3,25.74,157,87,106,93,5.4,2,No,Never,5,3.4,1,1,1,1,0
46,Female,171.3,70.6,24.06,113,64,76,70,4.9,4,No,Regular,3,2.8,0,1,1,0,0
62,Female,153.5,44.1,18.72,119,66,110,81,6.9,0,No,Regular,8,1.5,1,1,1,0,0
43,Female,159.8,83.0,32.5,135,66,101,74,7.1,7,No,Never,6,1.7,1,0,0,0,0
28,Male,157.0,70.6,28.64,122,78,86,69,7.4,7,Yes,Occasional,3,2.2,0,0,1,0,0
41,Female,183.8,80.2,23.74,114,83,107,65,8.0,3,Yes,Never,2,2.4,1,0,1,0,0
23,Male,175.1,95.7,31.21,115,80,95,66,6.8,4,No,Occasional,1,3.2,0,0,0,1,0
66,Female,161.8,60.2,23.0,140,75,105,84,6.6,1,No,Occasional,4,3.2,1,0,1,0,0
29,Male,171.8,48.0,16.26,94,67,76,90,5.9,3,No,Heavy,6,2.1,0,0,1,0,0
41,Female,152.4,70.2,30.23,124,65,111,82,6.7,2,No,Occasional,7,1.9,1,0,1,1,0
79,Male,159.3,51.3,20.22,129,91,82,92,7.3,1,No,Never,6,1.7,1,1,1,0,0
55,Male,167.0,69.2,24.81,118,83,108,71,8.1,4,No,Occasional,2,2.6,0,0,1,0,0
46,Male,170.5,77.1,26.52,136,83,105,56,5.6,3,No,Regular,5,2.9,1,0,1,1,0
52,Female,165.0,74.9,27.51,125,71,115,66,4.9,7,No,Occasional,8,2.2,1,0,1,1,0
67,Female,168.5,85.5,30.11,159,81,117,81,7.9,2,No,Regular,4,2.2,1,0,1,0,0
34,Male,166.8,77.9,28.0,126,81,121,71,5.9,2,Yes,Occasional,7,3.6,1,0,1,1,0
58,Female,164.4,76.9,28.45,141,93,112,68,5.3,4,No,Occasional,7,2.6,1,1,1,1,0
72,Female,163.0,59.5,22.39,134,86,122,66,4.2,4,No,Occasional,7,0.9,1,0,1,0,0
54,Male,161.7,71.0,27.15,134,78,93,78,8.4,3,No,Regular,6,2.2,1,0,1,0,0
46,Female,168.3,51.8,18.29,94,76,75,84,6.9,3,No,Occasional,7,2.3,1,0,0,0,0
27,Male,170.1,94.2,32.56,121,73,131,60,7.6,4,Yes,Occasional,2,2.0,0,0,1,0,0
33,Male,168.0,52.1,18.46,118,63,95,94,6.9,5,Yes,Occasional,9,3.0,1,0,1,0,0
77,Female,154.2,58.6,24.65,116,79,131,71,7.3,2,No,Never,1,2.0,1,0,1,0,0
52,Male,156.0,47.1,19.35,92,65,99,68,6.6,3,No,Never,6,1.6,0,0,1,0,0
36,Female,170.0,62.9,21.76,105,59,85,78,6.6,3,No,Never,5,1.7,0,0,1,0,0
44,Female,180.7,83.4,25.54,123,72,120,64,5.6,7,No,Occasional,4,2.6,0,0,1,0,0
54,Female,167.5,65.1,23.2,134,75,64,69,4.7,5,Yes,Regular,3,1.3,1,0,1,0,0
51,Female,161.9,81.6,31.13,122,72,121,65,9.3,7,No,Occasional,7,1.9,1,0,1,1,0
62,Female,168.2,76.4,27.0,142,82,70,85,6.6,4,Yes,Occasional,7,2.8,0,1,1,0,0
34,Other,154.6,55.0,23.01,124,75,115,77,6.2,2,No,Never,5,1.3,0,0,1,0,0
58,Male,179.1,80.8,25.19,154,82,90,83,5.7,1,Yes,Heavy,5,1.5,1,1,1,0,0
45,Male,167.9,88.4,31.36,153,84,112,83,7.8,2,No,Never,8,1.1,0,0,1,1,0
77,Female,159.3,77.8,30.66,158,86,106,80,7.0,1,No,Never,4,1.6,1,0,1,1,0
27,Male,164.3,52.9,19.6,116,86,95,85,5.6,0,Yes,Regular,5,1.9,0,0,1,0,0
27,Male,160.7,56.3,21.8,111,78,82,58,6.3,4,No,Regular,5,2.0,0,0,1,0,0
47,Male,179.1,89.3,27.84,144,86,131,92,6.7,3,Yes,Never,10,1.6,0,1,1,0,0
50,Female,164.0,73.5,27.33,128,72,94,66,6.4,2,No,Occasional,3,2.0,1,0,1,0,0
61,Male,167.6,58.6,20.86,113,72,77,90,7.6,4,No,Regular,7,2.8,0,0,1,0,0
43,Male,171.7,85.6,29.04,139,66,92,73,9.6,5,No,Never,2,2.4,0,0,1,1,0
75,Male,158.6,55.3,21.98,141,75,121,86,6.3,4,Yes,Heavy,3,3.6,1,1,1,0,0
47,Male,167.9,89.7,31.82,144,85,127,71,6.3,4,No,Never,5,1.8,1,0,1,1,0
26,Female,168.7,78.5,27.58,131,72,119,88,5.7,1,No,Occasional,5,1.9,1,1,1,0,0
25,Male,150.5,44.3,19.56,112,70,73,73,6.5,3,Yes,Never,5,2.3,0,0,1,0,0
79,Female,168.5,67.6,23.81,125,90,87,79,4.2,2,No,Never,5,1.9,1,0,1,0,0
26,Female,165.5,61.4,22.42,119,72,106,66,8.2,4,No,Never,4,2.2,1,0,1,0,0
77,Male,167.3,75.8,27.08,151,84,93,87,4.8,4,No,Never,8,1.0,1,0,0,0,0
35,Female,166.4,67.2,24.27,125,74,89,92,5.9,5,Yes,Regular,3,2.0,0,0,1,1,0
23,Female,168.6,55.3,19.45,129,65,70,82,6.6,5,No,Occasional,7,2.8,0,0,1,0,0
37,Female,179.4,59.9,18.61,113,79,91,72,8.3,0,No,Never,7,3.4,0,0,1,0,0
56,Male,154.2,67.6,28.43,139,86,82,74,5.8,2,Yes,Occasional,3,3.1,0,0,1,1,0
44,Male,162.6,71.0,26.85,130,75,115,105,6.5,2,No,Never,4,2.3,0,0,0,1,0
67,Other,172.7,79.2,26.55,131,71,127,84,7.1,4,No,Occasional,5,2.5,1,0,1,0,0
56,Female,170.8,79.0,27.08,135,85,126,78,5.5,3,No,Occasional,9,2.4,1,1,1,1,0
43,Female,170.6,65.4,22.47,130,75,74,84,6.6,3,No,Occasional,4,1.8,0,0,1,0,0
57,Female,193.5,99.9,26.68,142,77,121,96,4.3,1,Yes,Occasional,10,1.6,1,1,1,0,0
79,Male,172.1,114.1,38.52,157,93,136,105,5.9,3,No,Occasional,7,2.4,1,1,1,1,0
43,Female,177.3,97.7,31.08,141,83,112,80,8.2,3,No,Regular,6,2.1,0,0,1,1,0
27,Male,162.9,62.8,23.67,104,70,116,78,7.6,4,No,Occasional,7,2.7,1,0,1,1,0
43,Female,156.1,55.9,22.94,119,85,85,73,6.4,2,No,Never,2,0.7,1,0,1,0,0
70,Male,162.9,42.5,16.02,123,85,99,79,5.2,4,No,Never,8,2.1,1,0,1,0,0
31,Male,173.1,90.7,30.27,139,71,77,72,6.7,2,Yes,Never,2,3.0,0,0,1,1,0
77,Female,170.1,87.0,30.07,158,86,123,73,4.7,2,No,Regular,7,2.6,1,1,1,1,0
55,Female,170.0,66.9,23.15,129,84,107,74,6.5,5,Yes,Regular,4,1.6,1,1,1,0,0
55,Female,163.9,50.7,18.87,126,75,85,88,6.3,3,Yes,Heavy,4,1.3,0,1,1,0,0
37,Male,162.3,52.0,19.74,118,77,99,83,5.8,3,No,Occasional,9,2.2,0,0,1,0,0
75,Male,164.2,76.5,28.37,143,81,105,75,6.5,1,No,Regular,5,2.7,1,0,1,0,0
20,Female,173.2,73.3,24.43,124,58,79,60,7.6,3,No,Occasional,2,2.5,1,0,0,1,0
36,Male,174.4,87.0,28.6,133,82,102,86,5.2,4,No,Occasional,7,2.3,0,1,1,1,0
44,Male,155.9,62.9,25.88,134,71,86,86,8.1,5,No,Occasional,3,2.6,1,0,1,1,0
48,Female,173.6,91.1,30.23,135,103,126,79,7.9,4,Yes,Regular,8,2.4,1,0,1,1,0
47,Male,159.5,69.5,27.32,144,85,122,73,9.4,2,No,Heavy,5,2.6,0,0,1,0,0
27,Female,170.7,84.6,29.03,130,71,109,70,7.3,2,Yes,Occasional,2,2.8,1,0,1,1,0
32,Male,164.1,43.1,16.01,116,72,60,89,8.4,3,No,Regular,7,1.9,1,0,0,0,0
24,Female,181.7,62.9,19.05,97,71,76,94,7.8,3,Yes,Regular,6,1.6,0,0,0,1,0
54,Female,161.8,62.8,23.99,136,75,102,67,7.3,6,No,Never,1,2.7,0,0,1,0,0
40,Female,167.8,86.0,30.54,138,75,107,68,5.2,2,No,Occasional,5,1.9,0,1,1,1,0
53,Female,172.1,102.9,34.74,161,86,116,80,7.7,5,No,Occasional,6,0.9,1,0,1,1,0
55,Male,157.3,61.8,24.98,146,88,121,86,6.9,0,No,Occasional,6,3.1,1,1,1,1,0
62,Female,165.3,62.8,22.98,104,80,108,75,8.9,7,No,Occasional,5,2.4,1,0,1,0,0
52,Female,163.3,43.4,16.27,134,79,95,73,7.5,2,No,Occasional,7,2.3,1,0,0,0,0
58,Female,160.9,77.6,29.97,145,106,95,74,7.9,1,No,Never,7,2.1,1,0,1,1,0
54,Female,161.6,60.3,23.09,133,72,80,63,6.0,3,No,Regular,5,2.7,0,0,0,0,0
59,Female,177.1,125.6,40.05,155,100,135,84,7.0,6,No,Occasional,5,1.4,1,0,1,1,0
56,Female,160.0,56.9,22.23,126,78,65,90,4.2,3,No,Occasional,6,2.2,0,0,1,0,0
37,Female,171.7,104.4,35.41,136,81,137,62,7.5,6,Yes,Never,4,2.4,1,0,1,1,0
33,Male,169.1,82.3,28.78,133,76,104,68,8.4,2,No,Never,3,2.6,1,0,1,0,0
67,Female,152.0,48.8,21.12,119,81,83,67,8.6,3,No,Occasional,3,1.1,1,0,1,0,0
39,Female,171.2,77.6,26.48,123,71,89,83,6.3,5,No,Never,5,2.6,0,0,1,0,0
52,Male,151.9,67.8,29.38,150,67,128,77,4.6,1,No,Never,3,1.9,1,0,1,1,0
30,Female,172.3,71.4,24.05,110,80,78,95,6.0,0,No,Never,5,1.8,1,0,1,1,0
45,Female,160.9,76.4,29.51,132,82,81,79,6.4,4,No,Never,8,1.2,1,1,1,1,0
51,Male,166.1,81.6,29.58,144,75,92,63,7.2,5,No,Never,5,3.7,1,0,1,0,0
57,Female,153.1,67.2,28.67,131,73,109,73,4.1,7,Yes,Occasional,6,2.1,1,1,1,1,0
51,Female,167.2,71.5,25.58,110,80,125,69,6.6,3,No,Occasional,5,2.4,1,0,1,0,0
40,Female,175.3,60.6,19.72,99,81,108,93,5.2,3,No,Occasional,8,1.5,0,0,1,0,0
78,Male,157.9,64.7,25.95,142,79,109,104,8.2,2,No,Heavy,9,1.2,1,1,1,1,0
50,Female,159.9,67.7,26.48,144,78,104,79,4.0,4,No,Occasional,4,2.7,0,0,1,1,0
68,Male,170.5,49.6,17.06,117,89,94,74,7.8,4,No,Regular,7,1.3,0,1,1,0,0
64,Female,170.8,78.1,26.77,146,94,117,94,6.1,3,Yes,Never,10,3.0,1,1,1,0,0
53,Male,141.7,50.7,25.25,129,77,71,60,4.3,2,No,Never,3,3.4,1,0,1,1,0
73,Female,186.2,69.3,19.99,146,79,96,82,8.6,1,No,Never,7,1.7,1,0,1,0,0
26,Female,171.3,68.7,23.41,122,67,100,58,8.7,1,No,Heavy,1,1.9,0,0,1,1,0
76,Female,173.0,74.2,24.79,138,82,136,83,8.3,2,No,Regular,5,0.7,1,0,1,0,0
71,Female,164.6,95.9,35.4,164,89,132,80,6.8,4,Yes,Occasional,5,1.1,0,0,1,1,0
49,Female,147.4,57.9,26.65,132,71,110,74,6.1,7,No,Regular,2,2.6,1,0,0,0,0
64,Female,172.7,92.3,30.95,134,87,137,94,6.5,0,No,Never,8,3.0,1,0,1,1,0
50,Male,160.3,64.4,25.06,128,67,98,77,7.3,1,No,Occasional,6,1.7,0,1,1,0,0
34,Female,171.4,47.7,16.24,94,64,60,83,6.2,3,No,Never,3,1.8,0,0,1,0,0
68,Female,163.8,78.6,29.3,134,102,130,68,5.5,4,No,Occasional,6,1.2,1,0,1,1,0
33,Other,168.4,62.5,22.04,129,65,116,108,7.2,5,Yes,Never,7,1.5,1,0,0,0,0
37,Female,158.3,59.4,23.7,103,81,81,57,7.3,4,No,Occasional,1,3.1,0,0,1,0,0
50,Female,174.6,62.7,20.57,144,81,100,79,8.2,5,Yes,Occasional,1,2.4,0,1,1,0,0
70,Female,154.1,62.9,26.49,142,84,108,86,8.6,5,No,Occasional,5,1.0,0,0,1,0,0
42,Female,188.5,108.5,30.54,124,75,86,76,7.9,4,No,Never,4,2.6,0,0,1,0,0
49,Male,188.4,106.8,30.09,136,88,113,73,5.0,4,No,Occasional,8,3.7,1,1,1,1,0
20,Female,182.3,108.0,32.5,114,91,99,70,6.8,2,No,Never,4,1.9,0,0,1,1,0
25,Female,178.8,106.4,33.28,119,89,113,71,7.1,6,Yes,Never,6,1.8,0,0,0,1,0
21,Female,165.2,43.7,16.01,98,66,79,78,7.7,3,No,Occasional,5,2.6,0,0,1,0,0
22,Female,177.7,60.6,19.19,119,66,68,80,8.0,2,No,Never,2,2.9,0,0,1,0,0
72,Male,165.0,47.6,17.48,114,72,73,85,6.6,1,No,Occasional,5,2.7,1,0,0,0,0
71,Male,150.5,66.1,29.18,151,82,102,71,6.3,4,No,Never,2,2.0,1,0,1,0,0
69,Female,181.0,74.6,22.77,130,82,123,62,8.2,1,No,Occasional,2,1.9,1,1,1,1,0
21,Male,177.3,70.9,22.55,112,69,66,89,7.3,3,No,Occasional,3,1.1,0,0,1,0,0
22,Male,165.7,65.6,23.89,112,69,96,71,7.2,4,No,Never,3,1.4,0,0,1,1,0
35,Male,153.7,64.0,27.09,141,80,110,80,5.8,2,Yes,Never,5,2.4,1,0,1,0,0
53,Female,160.1,47.6,18.57,128,84,76,76,9.4,4,No,Occasional,4,1.9,0,0,1,0,0
39,Male,147.8,42.2,19.32,115,73,75,66,6.9,2,No,Regular,6,2.4,1,0,1,0,0
48,Male,175.5,78.8,25.58,132,79,109,74,6.8,1,No,Never,2,2.0,0,0,1,0,0
28,Male,150.0,69.4,30.84,139,60,104,74,7.0,4,No,Never,5,2.2,1,0,1,1,0
64,Male,168.9,73.8,25.87,141,86,95,73,6.6,4,No,Regular,4,2.2,0,0,0,1,0
37,Male,157.6,53.4,21.5,115,77,98,92,5.0,2,No,Never,6,2.7,1,0,0,0,0
22,Female,151.7,36.8,15.99,103,70,100,70,7.0,2,No,Never,6,2.8,0,0,1,0,0
64,Female,168.4,86.6,30.54,133,89,135,79,4.8,3,No,Never,6,2.2,0,0,1,1,0
74,Male,162.7,60.1,22.7,150,72,101,68,7.0,3,No,Heavy,3,2.1,0,0,1,0,0
18,Female,174.4,58.8,19.33,113,67,60,80,4.7,0,No,Occasional,5,2.2,0,0,0,0,0
45,Male,153.3,40.6,17.28,99,82,77,83,4.1,3,No,Never,4,1.7,0,0,0,0,0
70,Male,158.4,48.2,19.21,124,69,83,83,7.2,2,No,Occasional,8,2.9,0,1,1,0,0
62,Female,142.1,43.0,21.3,130,69,96,80,5.2,1,No,Never,6,1.8,0,0,1,0,0
71,Female,144.2,52.0,25.01,150,71,100,56,7.2,3,No,Never,5,2.1,1,0,1,0,0
44,Female,184.0,66.6,19.67,122,74,81,87,7.2,1,Yes,Heavy,2,2.3,0,1,0,0,0
41,Male,186.8,91.7,26.28,132,88,116,62,7.0,2,No,Occasional,4,2.4,1,0,1,1,0
62,Male,166.9,68.9,24.73,126,82,100,75,5.8,3,No,Occasional,6,2.4,1,0,1,1,0
27,Male,157.8,88.9,35.7,152,96,116,79,6.5,0,Yes,Regular,5,2.1,1,0,1,1,0
33,Male,163.0,45.2,17.01,123,54,87,58,5.9,2,No,Never,5,3.3,0,0,1,1,0
55,Other,174.7,81.0,26.54,139,73,87,74,8.2,1,No,Never,1,2.2,0,1,1,1,0
60,Male,160.9,69.1,26.69,112,76,103,75,6.2,1,No,Never,4,2.0,1,0,1,0,0
25,Female,168.4,56.9,20.06,107,79,60,81,6.4,4,No,Occasional,5,3.4,0,0,1,0,0
50,Female,165.9,71.8,26.09,122,81,115,88,7.4,3,No,Occasional,8,1.7,1,0,1,1,0
40,Female,160.3,74.7,29.07,136,78,109,79,6.2,0,No,Occasional,1,3.4,1,0,1,1,0
49,Male,160.7,67.3,26.06,123,76,126,74,4.6,6,No,Never,3,0.9,0,0,1,1,0
78,Female,168.9,94.1,32.99,171,88,95,79,5.7,3,Yes,Never,1,1.9,0,1,1,1,0
22,Male,156.2,39.0,15.98,110,85,92,96,7.9,1,Yes,Occasional,6,1.1,1,0,0,0,0
80,Female,170.5,64.9,22.33,147,100,80,92,6.6,3,Yes,Never,8,1.3,1,1,1,1,0
46,Female,161.3,84.8,32.59,137,91,101,81,7.0,3,No,Regular,6,2.5,1,0,1,1,0
66,Female,167.3,85.1,30.4,153,93,87,81,6.9,2,No,Heavy,7,2.4,1,0,1,1,0
44,Female,179.8,90.7,28.06,115,72,100,74,9.1,5,No,Regular,3,1.8,0,0,0,1,0
37,Female,164.3,84.3,31.23,128,87,113,88,4.0,4,Yes,Occasional,6,3.3,1,1,1,1,0
66,Female,175.2,51.6,16.81,116,59,81,80,6.6,3,No,Never,4,2.9,0,1,1,0,0
61,Female,148.1,65.2,29.73,157,86,84,85,6.7,0,Yes,Occasional,5,2.2,1,1,1,0,0
27,Female,161.3,78.5,30.17,139,68,99,100,6.6,2,No,Never,6,1.0,0,0,1,0,0
62,Male,166.3,63.0,22.78,127,80,99,90,7.7,4,No,Regular,5,2.8,0,0,1,0,0
65,Female,185.2,132.5,38.63,163,91,121,74,7.6,3,No,Occasional,7,1.9,1,1,1,1,0
42,Female,146.4,56.5,26.36,136,85,97,80,6.4,5,Yes,Never,5,2.4,0,0,1,0,0
76,Female,165.0,43.6,16.01,126,80,105,94,4.5,3,No,Occasional,6,2.7,0,0,1,0,0
58,Male,180.6,90.2,27.65,139,91,104,77,9.5,3,No,Never,9,1.9,1,1,1,0,0
39,Female,158.1,54.7,21.88,130,69,78,71,6.6,1,No,Occasional,6,3.0,0,0,1,0,0
18,Male,163.9,81.7,30.41,142,63,94,100,6.9,7,Yes,Occasional,4,2.0,0,0,1,0,0
60,Female,169.3,81.7,28.5,146,95,136,71,8.4,3,No,Regular,4,2.6,0,0,1,0,0
31,Male,167.8,62.7,22.27,140,75,102,71,6.0,1,Yes,Heavy,7,2.7,0,1,1,0,0
65,Male,181.7,109.6,33.2,167,86,99,73,8.1,5,No,Never,8,2.8,1,0,1,0,0
51,Male,170.5,87.7,30.17,126,87,128,71,6.3,5,No,Occasional,5,3.3,1,0,1,1,0
47,Male,179.3,69.4,21.59,125,70,82,79,9.2,3,No,Never,2,1.7,0,0,1,1,0
28,Male,162.4,64.2,24.34,130,63,86,74,7.4,3,No,Regular,3,1.5,0,0,1,1,0
62,Female,158.6,71.5,28.42,147,97,91,65,5.8,4,No,Occasional,6,2.0,0,0,1,1,0
28,Male,163.7,62.5,23.32,121,74,96,61,9.3,2,Yes,Heavy,7,4.2,0,0,1,1,0
44,Female,154.4,56.9,23.87,113,87,64,82,7.2,7,No,Regular,8,3.1,0,0,0,1,0
70,Male,170.8,76.7,26.29,151,83,88,72,6.3,2,No,Never,1,1.8,1,1,1,0,0
75,Female,162.1,55.5,21.12,136,85,107,90,4.8,5,No,Never,7,2.0,1,0,1,0,0
80,Female,159.3,40.6,16.0,143,90,98,85,7.3,1,Yes,Occasional,8,2.2,1,1,1,0,0
78,Male,171.0,80.3,27.46,140,80,98,69,8.8,2,No,Never,1,2.4,0,1,1,1,0
53,Female,154.6,38.6,16.15,128,73,76,70,7.2,5,No,Never,5,2.6,0,0,1,0,0
30,Female,173.7,61.4,20.35,131,89,97,81,7.0,3,Yes,Occasional,7,2.6,0,0,1,0,0
70,Female,161.2,45.8,17.63,123,84,87,76,8.9,6,Yes,Occasional,2,3.0,0,0,1,1,0
68,Male,177.6,57.3,18.17,136,84,102,74,7.5,1,No,Occasional,4,3.5,0,0,1,0,0
80,Male,162.1,74.7,28.43,152,93,103,69,5.7,1,No,Never,7,2.1,0,1,1,1,0
59,Female,172.3,73.6,24.79,139,77,90,87,6.0,3,No,Never,4,2.1,1,0,1,1,0
26,Male,167.8,67.0,23.8,136,70,119,85,7.4,3,Yes,Never,5,2.0,0,1,1,0,0
49,Female,173.4,58.0,19.29,128,82,78,81,7.2,6,No,Occasional,6,2.0,1,0,0,0,0
46,Male,167.1,62.5,22.38,107,72,88,89,8.2,0,No,Occasional,3,2.4,0,0,0,0,0
71,Female,149.4,62.4,27.96,145,80,113,73,7.3,2,No,Occasional,3,2.6,0,1,1,1,0
42,Male,176.1,78.1,25.18,146,80,101,81,7.5,4,Yes,Heavy,6,3.3,0,0,1,1,0
38,Male,165.1,79.8,29.28,126,70,94,73,7.0,2,No,Regular,7,1.7,0,0,1,1,0
23,Other,173.9,89.5,29.6,146,75,67,88,7.8,2,No,Never,6,2.4,0,0,1,1,0
70,Female,172.9,74.5,24.92,146,77,104,69,7.4,3,No,Regular,8,1.7,1,1,1,0,0
65,Female,158.3,42.9,17.12,136,66,91,84,6.3,1,No,Never,6,2.5,1,0,1,0,0
20,Female,156.9,52.3,21.24,124,62,62,90,6.1,3,No,Occasional,9,3.9,0,0,1,0,0
45,Male,172.6,74.6,25.04,110,75,99,63,7.1,5,No,Never,5,2.1,0,0,1,0,0
48,Male,163.0,58.0,21.83,140,86,99,96,6.8,3,Yes,Never,6,3.8,1,1,1,0,0
47,Male,175.4,63.0,20.48,126,73,105,62,8.3,3,No,Regular,6,1.7,0,0,1,0,0
75,Female,164.2,71.7,26.59,134,74,91,62,7.0,4,No,Occasional,4,1.9,1,0,1,0,0
27,Male,176.2,114.0,36.72,152,78,124,77,5.0,2,No,Never,4,2.0,1,0,1,1,0
37,Female,170.2,66.5,22.96,101,76,101,83,5.4,1,No,Regular,3,2.3,1,0,1,0,0
29,Male,168.9,71.6,25.1,116,83,119,67,6.5,0,No,Never,4,2.1,0,0,1,0,0
33,Male,162.3,49.8,18.91,133,80,102,95,7.2,2,No,Never,10,2.7,0,0,1,0,0
75,Male,168.3,91.3,32.23,166,93,145,95,5.5,1,No,Occasional,9,0.7,1,1,1,1,0
77,Male,177.9,96.5,30.49,138,95,116,70,7.5,6,No,Occasional,5,1.6,1,0,1,0,0
20,Male,165.5,78.7,28.73,114,71,93,78,5.8,2,No,Occasional,4,3.4,0,0,1,0,0
57,Female,171.3,94.9,32.34,137,74,133,82,7.2,2,No,Occasional,1,1.3,0,0,1,1,0
32,Male,166.5,64.1,23.12,122,71,72,90,7.4,1,No,Occasional,3,2.0,0,0,1,0,0
30,Female,167.2,66.2,23.68,114,82,114,72,5.4,2,No,Occasional,4,2.6,1,0,1,1,0
36,Female,183.2,112.4,33.49,135,87,118,68,7.3,7,Yes,Occasional,4,2.2,1,0,1,1,0
30,Female,178.0,89.2,28.15,125,83,94,74,8.8,3,No,Never,4,1.6,1,1,1,1,0
48,Female,166.8,44.5,15.99,112,70,60,70,6.4,3,No,Never,6,2.5,0,0,1,0,0
80,Male,168.1,80.7,28.56,142,86,114,90,6.6,5,No,Occasional,7,2.7,1,1,1,0,0
54,Male,159.0,58.0,22.94,116,75,87,81,7.1,2,No,Regular,4,1.8,1,1,1,0,0
63,Male,164.3,81.7,30.27,155,85,97,91,6.6,1,Yes,Occasional,8,2.5,1,0,1,1,0
49,Female,169.1,78.8,27.56,132,79,96,88,6.7,4,No,Never,6,2.8,1,0,1,1,0
18,Female,174.5,50.2,16.49,91,62,84,84,6.5,6,No,Occasional,7,2.9,0,0,0,0,0
23,Male,173.5,79.0,26.24,124,71,96,87,4.8,1,No,Never,4,2.4,0,0,0,1,0
34,Male,154.9,63.0,26.26,142,83,101,90,7.1,0,No,Occasional,7,3.3,1,0,1,0,0
33,Female,175.8,83.3,26.95,134,81,77,97,5.3,3,Yes,Occasional,6,2.2,0,1,1,1,0
70,Female,165.1,78.7,28.87,152,96,115,73,6.9,3,No,Occasional,9,1.6,1,0,1,0,0
71,Female,156.1,81.2,33.32,161,82,147,85,7.4,4,No,Never,7,2.1,1,0,1,1,0
71,Female,179.4,90.6,28.15,146,83,117,97,7.0,2,No,Regular,7,3.0,1,0,1,1,0
58,Female,180.6,84.6,25.94,144,68,100,75,5.7,1,No,Never,4,1.6,1,1,1,1,0
53,Female,168.6,88.7,31.2,114,74,122,73,6.9,7,No,Never,8,0.7,1,0,1,1,0
58,Male,173.1,109.6,36.58,144,93,139,71,6.7,5,Yes,Occasional,2,2.5,1,0,1,1,0
43,Male,173.7,90.0,29.83,130,90,129,82,6.0,2,Yes,Regular,4,1.9,0,0,1,0,0
60,Female,180.0,87.0,26.85,146,83,107,84,9.2,7,No,Occasional,6,3.7,1,1,1,1,0
68,Female,173.3,84.5,28.14,145,91,84,74,5.7,3,No,Occasional,3,2.4,1,0,1,1,0
66,Male,152.7,63.5,27.23,133,89,123,90,7.5,2,Yes,Occasional,3,3.0,1,0,1,1,0
56,Female,186.1,89.6,25.87,122,79,96,79,8.8,2,No,Occasional,3,1.9,1,1,1,1,0
21,Male,176.7,110.2,35.29,121,86,100,88,7.1,7,Yes,Never,6,2.6,0,0,1,0,0
63,Female,160.9,57.9,22.36,139,75,82,82,5.9,4,Yes,Never,5,2.4,0,0,1,0,0
41,Male,155.7,75.0,30.94,137,69,119,78,5.9,4,No,Occasional,7,3.1,1,0,1,1,0
64,Female,171.0,74.2,25.38,134,79,122,72,4.6,4,No,Occasional,9,2.3,0,0,1,1,0
51,Female,163.2,49.4,18.55,115,73,81,60,6.7,1,No,Occasional,6,1.9,0,0,1,0,0
73,Male,169.3,72.5,25.29,145,86,115,77,6.9,3,Yes,Heavy,4,2.9,1,1,1,1,1
39,Male,173.4,68.3,22.72,149,69,111,58,6.3,2,No,Occasional,6,1.7,1,0,1,0,0
76,Female,160.3,74.6,29.03,137,78,115,70,8.6,5,No,Occasional,3,1.7,0,0,1,1,0
71,Male,154.8,63.7,26.58,150,87,107,82,6.7,4,No,Heavy,5,2.2,0,0,1,0,0
38,Male,169.9,58.9,20.4,121,67,92,89,4.4,2,No,Never,10,2.0,0,0,1,1,0
48,Female,160.7,84.3,32.64,148,82,104,51,8.6,4,No,Occasional,5,2.2,1,1,1,1,0
51,Male,167.5,86.6,30.87,151,82,123,79,5.2,4,Yes,Occasional,6,1.8,1,0,1,1,0
66,Male,152.6,78.3,33.62,148,75,139,82,7.4,3,No,Occasional,5,2.9,1,1,1,1,0
61,Male,163.5,72.3,27.05,146,80,105,89,7.6,5,Yes,Regular,4,2.9,0,1,1,0,0
71,Female,173.1,77.8,25.96,150,75,99,81,6.6,5,No,Occasional,6,2.7,1,0,1,1,0
41,Male,172.1,85.2,28.77,129,75,110,74,8.1,3,No,Regular,3,2.7,0,0,1,1,0
49,Male,158.1,57.1,22.84,125,77,83,83,6.8,2,No,Never,5,1.0,1,1,1,1,0
45,Male,154.3,62.2,26.13,129,59,113,86,6.5,5,No,Regular,2,2.3,1,0,1,1,0
75,Male,166.2,70.2,25.41,157,89,125,81,4.0,6,No,Never,9,2.8,1,0,1,1,0
37,Male,171.6,53.8,18.27,103,93,93,69,4.4,2,No,Never,7,3.1,0,0,0,0,0
54,Male,170.1,76.2,26.34,123,74,100,75,10.0,0,No,Never,4,2.1,1,1,1,0,0
25,Male,160.9,59.2,22.87,128,66,83,66,8.0,1,No,Occasional,1,3.0,0,0,1,0,0
71,Male,169.0,71.4,25.0,132,75,79,68,8.2,4,No,Never,6,2.4,1,0,1,0,0
42,Female,181.0,89.0,27.17,143,71,92,72,9.9,2,No,Never,5,0.7,0,0,1,0,0
39,Male,168.1,88.9,31.46,133,97,127,112,5.9,3,No,Occasional,10,2.1,1,0,1,1,0
54,Male,149.7,48.5,21.64,124,75,86,74,6.3,3,No,Occasional,8,1.7,1,1,1,0,0
49,Female,168.0,67.7,23.99,149,88,138,84,4.5,1,Yes,Occasional,7,1.8,1,0,1,1,0
71,Female,186.4,78.1,22.48,144,89,89,103,6.5,5,Yes,Occasional,4,2.9,1,1,1,0,0
51,Female,153.1,50.8,21.67,115,83,80,84,6.4,2,No,Regular,5,2.4,0,0,1,1,0
50,Male,166.3,63.0,22.78,134,85,103,84,6.2,2,No,Occasional,6,1.9,0,0,1,1,0
24,Male,163.7,64.4,24.03,119,68,99,90,8.0,2,Yes,Occasional,6,1.8,1,0,1,0,0
19,Male,167.0,77.1,27.65,122,79,114,76,7.7,4,No,Regular,4,2.5,0,0,1,1,0
43,Male,167.9,76.1,26.99,122,71,90,63,8.2,6,No,Regular,2,2.1,0,0,1,1,0
80,Male,177.4,67.0,21.29,140,94,93,90,4.8,3,No,Occasional,10,2.7,1,0,1,0,0
75,Female,166.8,90.3,32.46,147,83,117,85,6.8,1,No,Never,5,1.7,1,0,1,1,0
57,Male,178.8,97.0,30.34,119,72,126,59,7.1,7,No,Never,6,2.0,0,1,1,1,0
57,Female,164.8,58.3,21.47,120,75,118,71,9.3,2,No,Occasional,3,1.5,0,0,1,1,0
42,Male,162.5,82.7,31.32,141,84,101,64,6.7,6,No,Regular,8,1.8,0,1,1,1,0
29,Male,159.3,67.7,26.68,128,62,96,72,6.3,5,No,Never,8,3.6,1,0,1,0,0
18,Female,147.8,52.6,24.08,106,68,109,82,8.1,3,No,Occasional,5,1.7,0,0,1,0,0
39,Female,168.8,77.1,27.06,140,70,113,75,6.4,3,No,Never,6,1.9,1,0,1,1,0
37,Male,186.5,87.6,25.19,127,81,87,76,7.3,4,No,Occasional,6,1.7,0,0,1,1,0
30,Female,170.6,80.7,27.73,131,71,82,53,7.2,4,No,Regular,6,2.1,0,0,1,1,0
34,Male,172.9,78.1,26.13,112,82,85,65,6.0,6,No,Regular,7,2.2,0,0,1,1,0
19,Male,161.9,60.9,23.23,133,66,101,69,5.8,3,No,Heavy,6,3.0,0,0,1,0,0
56,Female,163.6,43.0,16.07,132,78,61,68,6.7,2,Yes,Occasional,5,1.9,0,0,1,0,0
76,Male,175.8,89.0,28.8,155,71,111,71,6.3,6,No,Occasional,3,2.3,0,0,1,0,0
61,Male,186.1,83.5,24.11,122,75,90,74,4.8,6,No,Regular,5,1.0,1,0,1,0,0
46,Male,180.9,95.7,29.24,126,78,100,95,7.4,2,Yes,Occasional,7,1.6,0,0,1,1,0
44,Male,174.1,84.2,27.78,126,92,101,95,7.3,1,No,Heavy,7,2.9,0,1,1,1,0
37,Male,166.4,65.4,23.62,135,83,109,96,5.5,3,No,Never,8,1.6,0,0,1,0,0
26,Male,168.1,84.6,29.94,127,85,116,93,5.4,2,Yes,Never,8,2.7,1,0,1,1,0
55,Female,158.5,67.2,26.75,150,87,121,82,7.2,4,No,Never,7,1.6,1,0,1,1,0
53,Female,151.5,60.8,26.49,129,77,95,85,8.8,1,No,Regular,6,2.1,1,0,1,1,0
18,Male,154.7,57.8,24.15,120,75,64,70,7.9,3,No,Never,6,3.3,0,0,1,0,0
44,Male,166.5,93.0,33.55,139,81,116,77,8.3,4,No,Regular,4,2.7,1,0,1,1,0
35,Female,163.1,58.1,21.84,127,82,94,84,6.2,1,Yes,Occasional,7,0.9,1,0,1,0,0
28,Male,151.3,53.9,23.55,122,77,91,76,7.0,0,No,Occasional,8,4.3,1,1,1,0,0
62,Female,165.6,54.8,19.98,122,77,67,68,6.3,2,No,Occasional,8,1.5,1,0,1,0,0
51,Female,162.8,77.2,29.13,162,71,128,63,5.6,0,No,Occasional,7,3.4,1,1,1,1,0
57,Male,154.3,54.8,23.02,130,70,60,71,6.9,6,No,Never,5,1.9,1,0,1,0,0
62,Male,162.3,62.3,23.65,117,92,112,73,5.6,2,No,Occasional,5,1.4,0,0,1,1,0
79,Male,162.8,63.3,23.88,125,80,113,70,5.8,4,No,Heavy,5,1.9,0,0,1,0,0
68,Male,159.8,67.4,26.39,140,74,112,63,6.2,5,No,Never,4,1.8,1,0,0,0,0
57,Male,175.3,60.8,19.79,130,77,95,78,6.2,0,No,Never,6,1.8,1,1,1,0,0
73,Female,147.0,34.6,16.01,104,62,60,61,7.0,2,No,Regular,1,2.2,0,1,0,0,0
48,Male,146.1,59.3,27.78,167,80,82,84,4.2,1,Yes,Never,4,2.5,1,0,1,1,0
80,Female,166.0,44.7,16.22,104,78,80,87,5.5,1,No,Never,5,3.1,1,1,0,0,0
65,Female,167.0,83.9,30.08,144,90,148,83,8.3,3,No,Regular,10,2.3,1,0,1,1,0
59,Male,170.0,96.3,33.32,146,88,133,87,6.7,3,No,Occasional,5,2.3,1,0,1,1,0
74,Male,160.6,65.6,25.43,135,93,106,72,7.4,2,No,Never,5,1.7,1,0,1,1,0
50,Male,156.8,78.3,31.85,144,76,100,55,7.4,4,No,Heavy,3,2.0,1,1,1,1,0
63,Female,165.9,71.1,25.83,150,74,108,100,6.2,5,Yes,Occasional,9,1.9,1,0,1,1,0
35,Male,161.6,86.0,32.93,138,79,126,60,5.7,1,No,Never,4,1.3,1,0,1,1,0
78,Female,181.5,79.5,24.13,140,78,111,78,5.6,6,No,Occasional,10,3.9,1,1,1,0,0
57,Female,162.8,42.4,16.0,120,70,60,80,9.2,5,No,Regular,4,2.4,0,0,1,0,0
67,Female,165.5,70.3,25.67,140,81,132,95,5.9,1,No,Occasional,7,2.4,1,1,1,1,0
47,Other,190.8,122.9,33.76,123,83,121,74,8.9,5,No,Occasional,5,3.0,1,0,1,1,0
72,Female,164.1,77.4,28.74,154,85,106,72,6.3,2,No,Occasional,4,0.7,1,0,1,1,0
22,Female,171.6,66.1,22.45,136,79,96,103,6.1,2,No,Never,8,3.7,0,0,1,0,0
25,Female,172.5,79.1,26.58,131,79,116,95,6.6,4,Yes,Occasional,8,1.6,1,0,1,1,0
49,Female,173.3,90.9,30.27,146,87,117,94,6.5,2,Yes,Never,5,1.6,1,1,1,0,1
64,Female,168.9,72.9,25.55,141,96,109,86,5.5,4,Yes,Regular,5,1.8,0,0,1,1,0
68,Female,167.9,109.0,38.67,143,79,155,81,6.8,3,No,Never,4,2.8,1,0,1,1,0
45,Male,167.0,64.2,23.02,127,80,85,87,4.8,3,Yes,Never,6,3.6,1,0,1,0,0
58,Female,160.2,78.6,30.63,147,81,96,73,7.3,3,No,Never,3,3.3,1,0,1,1,0
52,Female,169.3,84.1,29.34,133,78,96,52,7.3,4,No,Regular,1,1.9,1,0,1,1,0
78,Female,186.3,79.7,22.96,154,84,114,61,7.9,1,No,Occasional,1,1.0,1,1,1,0,0
59,Male,178.1,75.5,23.8,139,72,114,84,6.1,3,No,Occasional,5,1.9,0,0,1,0,0
44,Female,169.0,86.7,30.36,127,74,108,83,7.8,4,No,Occasional,3,1.8,1,0,1,1,0
79,Female,174.6,82.4,27.03,153,90,101,81,7.2,2,No,Occasional,5,1.1,1,0,1,0,0
24,Female,157.3,65.8,26.59,116,71,120,64,6.9,4,No,Regular,4,2.6,0,0,0,0,0
80,Male,163.4,49.5,18.54,115,70,76,78,9.3,3,No,Never,4,2.2,1,0,1,1,0
27,Female,175.5,86.9,28.21,135,81,93,80,7.4,2,No,Never,4,2.5,1,0,1,0,0
36,Female,180.9,87.2,26.65,139,85,89,68,6.0,4,Yes,Regular,7,2.7,0,0,1,1,0
69,Female,158.3,64.6,25.78,173,85,128,97,8.5,0,No,Occasional,6,2.6,1,1,1,0,0
64,Female,161.2,72.0,27.71,137,86,110,92,7.0,4,No,Occasional,9,2.2,1,0,1,1,0
79,Female,187.8,86.0,24.38,148,85,131,69,8.8,4,No,Never,6,3.3,1,1,1,1,0
65,Female,167.0,64.6,23.16,128,79,107,74,4.7,3,Yes,Regular,1,1.9,1,0,1,1,0
58,Male,184.2,83.7,24.67,128,83,85,76,6.5,3,Yes,Regular,3,1.8,1,0,1,1,0
39,Female,168.1,65.3,23.11,141,62,83,86,6.2,7,No,Occasional,6,2.0,0,0,1,0,0
18,Male,168.5,100.2,35.29,109,77,102,72,4.3,5,No,Never,6,2.5,1,0,1,1,0
25,Female,162.9,78.0,29.39,134,88,124,73,7.0,1,Yes,Never,4,2.6,0,0,1,1,0
36,Female,175.4,63.5,20.64,137,88,103,79,6.3,0,No,Never,4,2.0,0,0,1,0,0
20,Male,179.6,111.8,34.66,113,79,85,65,4.3,4,No,Occasional,4,2.0,1,0,1,1,0
50,Male,155.6,57.0,23.54,123,70,106,88,5.7,2,No,Occasional,5,3.0,0,0,1,1,0
66,Male,162.5,69.1,26.17,150,80,109,79,8.4,1,No,Occasional,5,1.4,1,1,1,0,0
78,Female,175.2,94.0,30.62,135,75,98,63,8.0,3,No,Never,3,4.0,1,0,1,1,0
48,Female,164.7,43.7,16.11,125,78,68,77,5.7,4,Yes,Never,6,2.0,0,0,1,0,0
73,Male,161.1,65.0,25.05,134,83,106,77,5.7,2,No,Heavy,6,2.1,0,1,1,1,0
80,Female,176.1,73.3,23.64,159,78,70,78,7.8,4,Yes,Never,5,2.4,1,1,1,0,0
72,Male,177.0,85.1,27.16,154,81,112,61,4.3,3,No,Regular,4,2.5,1,0,1,0,0
47,Female,161.5,71.3,27.34,127,84,106,69,7.3,4,No,Occasional,7,1.8,1,0,1,1,0
38,Male,168.1,70.5,24.95,94,74,91,82,4.2,6,No,Never,8,2.4,0,0,1,0,0
79,Male,153.9,61.0,25.75,145,76,107,86,8.8,4,No,Occasional,4,1.6,1,0,1,0,0
33,Male,157.0,74.7,30.31,136,83,98,68,7.6,5,No,Heavy,4,1.8,0,0,1,1,0
43,Female,167.2,75.2,26.9,138,82,89,83,4.3,1,No,Regular,6,1.2,0,0,1,1,0
22,Male,166.3,69.5,25.13,121,66,82,96,6.4,2,No,Never,3,2.3,0,0,1,0,0
68,Female,156.3,65.4,26.77,137,79,92,73,7.3,4,No,Never,2,2.1,1,1,1,1,0
58,Male,158.8,87.3,34.62,147,73,135,62,4.3,0,No,Occasional,4,0.9,1,1,1,1,0
23,Male,155.3,62.2,25.79,110,73,76,82,6.6,5,No,Never,6,1.8,0,0,0,0,0
31,Male,170.6,66.0,22.68,112,88,74,72,7.5,6,No,Never,3,2.2,1,0,0,0,0
52,Male,146.3,35.3,16.49,115,78,83,74,4.1,3,No,Regular,5,2.8,0,0,1,0,0
52,Female,155.9,45.7,18.8,130,73,60,65,8.0,3,Yes,Occasional,1,1.4,0,0,1,0,0
68,Male,147.4,51.8,23.84,136,86,98,94,6.4,3,Yes,Regular,7,2.0,0,0,1,0,0
34,Other,170.2,71.6,24.72,125,82,95,61,7.6,5,Yes,Occasional,8,1.5,1,0,1,0,0
76,Male,148.0,51.7,23.6,139,85,99,71,6.6,6,Yes,Never,3,2.7,0,1,1,0,0
46,Male,166.3,75.3,27.23,124,78,109,76,5.3,3,No,Never,6,1.8,0,0,1,0,0
69,Male,182.4,77.8,23.38,121,64,90,71,5.3,3,No,Occasional,5,2.5,0,0,1,1,0
33,Male,182.7,69.5,20.82,124,69,72,80,6.2,2,No,Occasional,6,2.0,0,0,1,0,0
20,Female,147.9,60.8,27.8,114,73,90,71,6.5,3,Yes,Occasional,5,1.1,0,0,1,1,0
21,Female,169.0,89.9,31.48,128,76,108,82,8.0,3,No,Never,5,2.2,0,0,1,1,0
41,Male,156.1,48.9,20.07,131,70,83,108,6.5,1,Yes,Occasional,3,1.4,0,1,1,1,0
78,Female,154.1,65.3,27.5,158,88,95,67,4.9,2,No,Never,3,2.9,1,0,1,1,0
21,Female,164.9,43.5,16.0,132,82,112,89,5.9,1,No,Never,8,3.4,0,0,1,0,0
41,Female,178.3,58.2,18.31,123,74,66,72,5.0,4,No,Regular,2,2.6,0,0,0,0,0
24,Female,172.0,65.5,22.14,114,73,66,84,7.1,3,Yes,Occasional,5,1.8,0,0,1,0,0
76,Female,158.8,80.0,31.72,154,101,110,78,7.4,3,Yes,Regular,5,2.2,1,1,1,0,0
60,Female,173.1,66.3,22.13,133,84,111,79,7.6,2,No,Regular,5,2.4,0,0,1,0,0
66,Female,143.6,45.6,22.11,134,84,110,85,6.2,2,No,Occasional,7,2.9,1,1,1,0,0
62,Female,158.5,65.6,26.11,135,74,129,82,5.9,4,No,Never,4,2.1,1,0,0,1,0
59,Female,157.8,64.8,26.02,149,79,91,88,5.9,3,No,Occasional,7,2.5,0,0,1,0,0
66,Male,166.8,61.9,22.25,137,84,98,97,6.2,4,No,Never,10,1.1,1,1,1,1,0
18,Female,164.0,92.4,34.35,141,95,128,74,6.1,1,No,Regular,5,2.4,0,0,1,1,0
72,Female,164.6,67.5,24.91,125,90,88,74,9.0,1,No,Regular,1,1.6,1,0,1,1,0
64,Male,164.3,71.6,26.52,146,87,129,80,6.2,0,No,Occasional,5,2.2,1,0,1,1,0
64,Female,166.2,66.4,24.04,128,86,107,94,6.6,0,Yes,Occasional,5,1.5,1,0,1,0,0
42,Female,171.4,80.9,27.54,148,87,92,70,5.7,3,Yes,Never,6,2.5,1,0,1,1,0
68,Male,167.5,89.8,32.01,142,88,83,80,6.1,7,Yes,Never,1,2.6,1,1,1,1,0
42,Female,163.2,89.0,33.42,132,97,124,87,5.0,3,Yes,Never,6,2.0,1,0,1,1,0
21,Female,170.0,61.4,21.25,108,61,106,88,5.5,2,No,Regular,4,1.6,0,0,1,1,0
75,Female,174.3,95.8,31.53,164,93,129,88,8.9,2,Yes,Never,7,2.6,1,0,1,1,0
32,Male,160.4,71.6,27.83,112,81,105,74,7.5,3,No,Regular,4,3.2,0,0,1,1,0
24,Male,165.4,81.1,29.64,121,89,111,78,6.1,1,No,Occasional,7,3.4,0,0,1,1,0
57,Female,177.6,80.0,25.36,126,91,114,70,6.1,2,No,Occasional,2,2.5,1,0,1,1,0
32,Male,155.0,58.3,24.27,128,63,111,59,8.2,3,No,Never,5,2.4,0,0,1,0,0
72,Male,184.0,103.8,30.66,127,81,75,75,5.8,1,No,Never,3,1.3,1,0,1,1,0
45,Male,152.6,70.1,30.1,134,77,98,67,4.7,6,No,Occasional,4,3.1,0,0,1,0,0
18,Male,162.5,85.4,32.34,131,72,104,89,6.9,2,No,Occasional,10,0.7,0,0,1,1,0
77,Female,156.5,66.7,27.23,159,98,112,72,5.7,3,Yes,Occasional,3,3.0,1,0,1,1,0
50,Female,187.9,88.7,25.12,133,78,94,80,5.2,2,No,Never,4,2.2,1,0,1,1,0
34,Female,161.0,41.5,16.01,118,73,79,71,5.5,4,No,Never,3,0.7,0,0,1,0,0
60,Female,161.0,47.0,18.13,130,73,96,64,7.2,1,No,Never,5,2.4,1,0,0,0,0
51,Male,162.3,62.6,23.76,115,79,69,78,6.6,3,No,Occasional,5,2.1,0,0,1,0,0
19,Male,167.0,54.6,19.58,111,57,60,83,5.5,3,No,Occasional,4,1.9,0,0,1,0,0
65,Male,162.7,79.2,29.92,152,78,130,93,7.0,3,No,Never,9,2.0,1,1,1,0,0
43,Male,164.7,52.0,19.17,113,65,77,75,5.4,3,No,Regular,8,2.2,1,0,1,0,0
62,Male,140.0,46.1,23.52,121,63,120,58,4.8,5,No,Never,3,2.2,1,0,1,0,0
74,Male,166.6,66.6,24.0,115,89,119,91,4.9,3,No,Regular,7,1.2,0,0,1,1,0
56,Male,166.2,87.2,31.57,147,82,87,79,6.8,3,No,Occasional,4,2.5,1,0,1,1,0
60,Male,176.4,71.4,22.95,126,83,84,65,5.9,3,No,Occasional,3,2.0,1,0,1,0,0
34,Female,179.1,87.9,27.4,121,76,106,71,6.9,1,No,Never,4,3.2,1,0,1,1,0
32,Female,164.1,70.3,26.11,119,86,89,80,8.3,2,Yes,Occasional,3,2.8,0,0,1,0,0
44,Female,174.2,90.5,29.82,129,87,106,88,5.8,4,No,Occasional,7,2.8,1,1,1,1,0
71,Female,155.0,72.6,30.22,143,80,93,67,10.0,6,No,Never,3,3.4,1,0,1,0,0
51,Female,173.7,76.9,25.49,135,81,110,70,6.8,3,No,Never,8,2.7,1,0,1,0,0
39,Male,160.3,44.2,17.2,107,70,79,60,6.4,5,No,Occasional,6,2.1,0,0,1,0,0
67,Female,154.2,59.3,24.94,122,87,114,68,5.1,3,No,Occasional,4,0.7,1,0,1,0,0
71,Male,164.1,70.2,26.07,132,79,103,66,6.3,5,No,Occasional,4,2.4,1,0,1,0,0
74,Male,180.0,89.4,27.59,136,87,104,72,6.1,5,No,Never,9,3.3,0,0,1,0,0
36,Male,167.8,61.2,21.74,117,62,92,92,7.6,2,No,Never,5,2.8,0,0,1,0,0
62,Male,181.0,102.9,31.41,151,79,124,64,6.0,1,No,Occasional,4,1.9,1,0,1,1,0
55,Male,158.5,64.9,25.83,126,73,102,72,7.1,5,No,Never,7,2.2,0,1,1,0,0
46,Female,176.5,65.8,21.12,143,79,114,103,6.6,1,No,Never,7,1.8,1,0,1,0,0
43,Female,159.5,59.1,23.23,115,68,75,67,8.1,3,No,Never,3,2.4,0,0,1,0,0
25,Female,168.3,97.0,34.25,116,81,127,79,8.0,2,No,Regular,5,1.9,1,0,1,1,0
35,Female,168.2,80.5,28.45,119,73,78,81,7.4,4,No,Never,1,3.1,0,0,1,1,0
52,Female,172.6,91.5,30.71,143,88,126,85,7.7,0,Yes,Occasional,5,2.3,1,0,0,1,0
73,Male,168.5,60.2,21.2,170,86,71,86,8.0,1,No,Occasional,6,2.4,0,0,1,0,0
72,Female,158.6,57.5,22.86,141,86,101,81,7.3,1,Yes,Occasional,6,1.7,1,1,1,0,0
29,Female,174.8,66.7,21.83,97,68,99,66,7.2,3,No,Never,3,1.9,0,1,0,0,0
60,Male,183.3,89.9,26.76,134,82,99,61,7.3,3,No,Never,4,1.4,0,0,1,1,0
23,Male,160.2,61.9,24.12,115,83,90,78,8.6,3,No,Never,6,3.1,0,0,0,0,0
60,Female,147.6,51.3,23.55,121,80,107,87,6.6,3,No,Regular,8,1.9,1,1,1,1,0
39,Female,171.0,69.0,23.6,127,66,61,98,7.5,2,No,Occasional,6,2.3,0,0,1,0,0
46,Male,162.7,57.5,21.72,129,65,90,72,5.9,6,Yes,Regular,4,1.2,0,0,1,1,0
63,Female,164.7,68.1,25.1,146,84,94,100,8.4,1,Yes,Regular,7,1.4,1,1,1,0,0
44,Male,171.6,90.7,30.8,132,73,125,88,7.2,3,No,Never,6,2.0,1,0,1,1,0
68,Male,161.4,49.0,18.81,132,63,92,79,6.2,2,Yes,Occasional,6,2.0,1,1,1,0,0
51,Male,163.3,72.8,27.3,133,81,109,85,6.5,4,Yes,Occasional,7,2.4,1,0,1,1,0
80,Male,165.0,89.8,32.98,137,89,103,75,6.4,5,No,Regular,5,3.5,1,1,1,1,0
58,Female,180.7,81.5,24.96,145,87,112,63,6.9,2,No,Heavy,3,0.9,0,0,1,1,0
36,Male,166.3,62.9,22.74,144,73,91,77,7.0,2,No,Occasional,5,2.8,1,0,1,0,0
66,Female,153.6,71.9,30.48,136,88,96,76,6.2,3,No,Occasional,8,2.5,0,0,1,1,0
43,Male,154.0,49.2,20.75,120,79,88,86,4.4,1,No,Never,9,1.8,0,0,1,0,0
51,Female,167.4,71.6,25.55,113,75,105,70,9.1,5,No,Regular,3,1.9,0,0,1,0,0
26,Female,154.7,47.9,20.01,126,67,91,87,6.7,1,No,Never,9,2.9,1,0,1,0,0
25,Female,150.4,36.2,16.0,91,78,81,69,7.1,4,No,Occasional,4,2.2,0,0,0,0,0
54,Female,172.4,74.3,25.0,135,69,93,67,6.6,4,No,Regular,5,2.0,0,0,1,0,0
29,Female,172.8,56.8,19.02,116,72,100,67,7.5,5,No,Never,9,1.5,0,0,1,0,0
80,Female,162.3,69.3,26.31,141,78,131,85,6.8,2,No,Occasional,4,1.7,1,1,1,1,1
71,Female,168.9,89.9,31.51,160,86,92,78,6.3,3,No,Occasional,5,1.4,1,1,1,0,0
62,Female,167.9,98.2,34.83,144,89,132,86,6.5,2,No,Occasional,4,2.8,1,1,1,1,0
64,Male,172.0,78.2,26.43,137,79,122,76,8.3,7,Yes,Never,5,1.7,1,1,1,0,0
55,Male,172.0,90.7,30.66,127,74,120,79,6.9,3,No,Never,6,1.4,1,1,1,1,0
21,Male,140.0,52.6,26.84,90,68,90,71,6.7,5,No,Occasional,4,2.3,0,0,0,1,0
42,Male,163.6,63.1,23.58,136,83,77,80,5.9,3,No,Occasional,8,1.7,0,0,1,0,0
49,Male,171.2,48.0,16.38,109,59,76,79,6.4,2,No,Regular,4,3.2,0,0,1,0,0
75,Male,161.9,89.3,34.07,166,101,120,78,8.0,2,No,Occasional,6,2.2,1,1,1,1,0
31,Female,166.4,55.7,20.12,108,69,95,85,5.6,4,No,Occasional,5,2.3,0,0,1,0,0
49,Male,173.5,97.0,32.22,135,86,126,91,7.3,7,No,Never,8,2.3,1,0,1,1,0
39,Female,166.8,77.7,27.93,130,70,92,87,7.7,7,Yes,Regular,4,2.6,0,0,1,1,0
26,Male,181.1,66.7,20.34,108,69,70,95,6.8,3,No,Never,7,2.7,0,0,0,0,0
24,Female,177.3,83.2,26.47,104,69,64,73,6.1,6,No,Regular,10,2.2,1,0,1,0,0
41,Male,164.8,96.8,35.64,131,85,127,85,5.1,1,No,Regular,2,1.5,1,0,1,1,0
23,Male,164.0,86.9,32.31,114,68,110,73,7.7,4,No,Heavy,3,2.1,1,0,1,1,0
22,Male,140.0,44.0,22.45,115,66,60,85,4.3,5,No,Never,10,2.2,1,0,1,0,0
40,Female,162.7,58.1,21.95,129,86,96,70,6.9,4,No,Never,5,1.1,1,0,1,0,0
30,Male,152.5,59.5,25.58,114,78,109,76,6.7,3,No,Occasional,6,0.8,0,0,0,0,0
52,Female,168.2,70.4,24.88,132,82,62,62,7.7,0,No,Occasional,5,1.4,1,0,1,1,0
19,Male,167.5,85.9,30.62,133,82,95,93,5.3,1,No,Occasional,9,0.9,1,0,1,1,0
37,Female,173.0,86.3,28.83,120,87,140,73,5.8,1,No,Occasional,2,1.9,1,0,1,1,0
46,Male,180.0,56.4,17.41,122,71,86,79,7.1,3,No,Occasional,8,1.7,0,0,1,0,0
78,Female,165.7,78.3,28.52,153,89,145,84,6.7,3,No,Never,2,2.3,1,0,1,1,0
57,Male,188.8,88.9,24.94,130,58,99,71,4.4,4,No,Never,2,2.7,1,1,1,1,0
73,Male,168.3,74.7,26.37,144,84,123,70,6.9,3,Yes,Occasional,3,2.4,1,0,1,1,0
39,Male,152.9,62.1,26.56,117,74,95,77,9.0,3,No,Never,5,2.5,0,0,1,0,0
46,Male,160.4,80.5,31.29,133,76,100,91,7.5,3,No,Occasional,4,2.8,0,0,1,0,0
44,Male,162.3,79.5,30.18,126,85,85,76,5.3,2,No,Regular,4,2.0,1,0,1,1,0
73,Other,171.9,66.8,22.61,134,81,108,87,7.4,2,Yes,Regular,3,0.7,1,1,1,0,0
78,Male,156.5,63.8,26.05,142,82,99,71,8.1,0,No,Occasional,3,1.1,1,0,1,0,0
78,Male,163.0,64.2,24.16,133,73,87,77,4.7,4,No,Occasional,3,2.5,0,0,1,1,0
65,Female,164.4,48.5,17.94,136,72,68,83,6.3,2,No,Regular,6,2.3,0,0,1,0,0
49,Male,161.5,65.4,25.07,126,65,97,79,8.4,4,Yes,Occasional,4,2.7,0,0,1,0,0
52,Male,174.1,104.7,34.54,145,81,130,68,5.1,1,No,Regular,1,4.0,1,0,1,1,0
79,Female,172.4,53.9,18.13,125,66,90,75,6.4,3,No,Never,5,2.3,1,0,1,0,0
35,Female,177.7,79.4,25.14,116,87,95,66,6.3,2,No,Occasional,7,2.1,0,0,1,0,0
39,Female,162.7,66.4,25.08,129,80,120,63,6.2,3,No,Never,5,2.4,1,0,1,0,0
74,Male,178.0,87.5,27.62,145,89,87,61,8.6,2,No,Never,3,1.4,1,0,1,1,0
42,Female,152.4,48.3,20.8,117,65,121,70,8.1,1,No,Occasional,7,2.7,0,0,1,0,0
32,Male,152.1,42.4,18.33,85,73,60,72,6.6,1,No,Never,2,2.1,0,0,0,0,0
53,Other,153.9,45.2,19.08,130,67,85,72,5.4,4,No,Never,5,3.3,0,0,1,0,0
38,Female,166.1,87.5,31.72,135,78,110,63,8.3,7,No,Regular,5,1.2,0,0,1,1,0
74,Female,178.0,68.1,21.49,149,79,119,95,7.4,2,No,Occasional,8,2.2,1,1,1,0,0
75,Male,160.0,61.1,23.87,149,71,81,78,6.5,4,No,Occasional,7,1.8,1,1,1,1,0
37,Male,161.2,92.0,35.4,138,75,120,86,7.4,4,No,Regular,6,1.5,1,0,1,0,0
51,Female,163.8,59.4,22.14,126,83,92,72,7.3,0,No,Occasional,7,2.6,1,0,1,0,0
79,Female,171.7,82.5,27.98,127,89,129,80,5.8,1,No,Heavy,3,2.0,1,1,1,1,0
64,Female,161.2,80.8,31.09,147,76,110,93,5.6,4,No,Never,9,3.1,1,1,1,1,0
31,Female,160.7,77.5,30.01,120,83,72,75,7.0,2,No,Never,1,1.9,1,0,1,0,0
55,Female,152.5,45.0,19.35,124,76,98,84,4.0,3,Yes,Never,8,1.9,1,1,1,0,0
57,Male,160.3,57.5,22.38,111,65,93,71,6.4,3,No,Occasional,3,3.5,1,0,0,0,0
59,Male,177.8,86.3,27.3,137,83,139,91,5.6,0,Yes,Never,6,1.3,1,0,1,0,0
19,Male,166.9,95.0,34.1,117,70,127,82,6.7,4,No,Occasional,8,1.7,1,0,0,1,0
36,Male,158.6,54.4,21.63,123,64,72,86,5.1,7,No,Occasional,7,0.7,1,0,1,0,0
71,Male,178.4,75.7,23.79,151,79,123,75,7.2,0,No,Regular,6,1.9,1,1,1,0,0
33,Female,160.1,69.8,27.23,119,80,103,90,6.8,3,No,Regular,7,2.6,0,0,1,1,0
36,Female,180.2,91.7,28.24,147,87,114,83,6.8,0,Yes,Never,2,2.5,1,1,1,1,0
38,Female,180.0,92.6,28.58,124,82,87,72,7.5,4,No,Never,2,2.3,1,0,1,1,0
29,Male,166.6,58.4,21.04,133,78,85,82,7.4,0,No,Occasional,6,1.6,0,0,1,0,0
27,Female,151.0,51.3,22.5,130,63,101,95,6.4,1,Yes,Regular,5,2.1,0,0,0,0,0
39,Female,188.9,94.1,26.37,132,65,110,70,6.7,3,No,Never,5,1.9,1,0,1,1,0
73,Female,169.9,93.1,32.25,155,97,95,74,5.6,2,No,Occasional,8,2.2,1,1,1,1,0
18,Female,162.8,62.8,23.69,115,72,100,88,5.6,3,Yes,Never,8,2.3,0,0,1,0,0
35,Female,175.6,77.5,25.13,106,72,81,68,8.8,3,No,Never,3,2.0,0,0,0,0,0
21,Female,173.0,59.8,19.98,113,73,87,83,6.4,2,No,Never,6,2.2,0,0,1,0,0
53,Male,179.1,111.1,34.64,139,92,92,89,6.9,3,No,Regular,2,2.1,1,0,1,1,0
33,Female,159.4,65.9,25.94,149,78,111,76,6.8,0,No,Occasional,2,1.8,0,0,1,0,0
67,Male,169.2,89.4,31.23,150,77,125,76,7.3,3,No,Occasional,3,2.3,1,0,1,1,0
54,Male,154.1,61.4,25.86,122,69,90,92,6.0,3,No,Occasional,5,1.4,1,0,1,0,0
67,Male,172.7,78.9,26.45,132,71,109,77,6.2,5,No,Occasional,4,2.3,1,0,1,0,0
57,Female,165.8,51.1,18.59,117,81,87,88,7.8,4,No,Never,6,1.5,1,0,1,0,0
45,Female,168.8,45.6,16.0,112,74,88,75,4.8,3,No,Regular,5,2.2,0,0,1,0,0
72,Female,164.5,87.1,32.19,141,90,107,85,6.7,1,No,Never,8,2.5,1,1,1,1,0
48,Male,163.5,69.4,25.96,141,69,87,77,5.5,2,No,Regular,7,1.6,1,0,1,1,0
77,Male,157.3,67.5,27.28,141,91,96,80,4.3,5,Yes,Regular,3,2.9,1,1,1,1,0
80,Female,173.9,61.6,20.37,151,85,101,92,6.4,2,Yes,Occasional,7,3.4,1,1,1,1,0
55,Male,180.9,70.1,21.42,118,69,117,81,5.4,2,No,Occasional,3,1.8,1,0,1,0,0
60,Female,160.4,79.7,30.98,139,84,120,85,5.0,2,No,Regular,6,2.1,0,0,1,1,0
34,Male,171.5,98.8,33.59,140,84,128,76,10.0,2,No,Never,4,3.0,1,0,1,1,0
69,Female,170.3,67.0,23.1,116,77,91,88,7.1,3,No,Occasional,8,1.0,1,0,1,1,0
60,Female,166.1,80.3,29.11,147,74,102,92,7.2,5,No,Never,7,2.2,1,0,1,1,0
74,Female,150.7,61.6,27.12,153,82,98,76,6.7,4,No,Occasional,4,2.0,0,1,1,1,0
34,Male,153.0,57.7,24.65,137,76,93,66,5.3,1,No,Occasional,4,2.8,1,0,1,0,0
67,Female,158.2,87.4,34.92,151,79,144,81,6.1,1,No,Never,10,2.0,1,1,1,1,0
47,Female,144.6,48.9,23.39,124,72,86,75,6.4,4,No,Never,3,2.5,0,0,1,0,0
29,Female,180.1,100.7,31.05,120,69,98,65,4.4,5,No,Occasional,4,1.7,1,0,0,1,0
28,Female,169.7,77.5,26.91,100,74,99,66,9.0,7,No,Regular,4,2.8,1,0,1,0,0
53,Male,165.7,70.3,25.6,133,67,96,73,6.7,0,No,Occasional,3,1.5,1,0,1,0,0
38,Female,144.1,66.3,31.93,118,70,91,77,5.8,7,Yes,Occasional,3,2.8,1,0,1,1,0
24,Male,147.8,57.6,26.37,125,56,90,92,6.9,3,No,Regular,5,2.2,1,0,1,0,0
44,Male,166.0,68.9,25.0,135,79,126,66,4.9,3,No,Regular,6,0.7,1,0,1,0,0
59,Female,185.7,112.0,32.48,159,76,127,86,5.8,3,Yes,Occasional,2,2.2,1,0,0,1,0
38,Female,159.0,79.2,31.33,136,69,137,85,8.7,3,No,Occasional,4,2.6,1,0,1,1,0
78,Male,174.6,97.8,32.08,146,87,103,79,6.1,2,No,Occasional,4,1.4,1,1,1,1,0
67,Male,161.2,41.6,16.01,129,76,93,81,6.8,0,Yes,Never,3,1.6,0,1,0,0,0
50,Male,166.6,77.0,27.74,138,86,105,91,6.7,1,No,Regular,7,2.3,1,0,1,0,0
76,Male,178.1,86.6,27.3,153,86,103,74,6.6,5,No,Never,4,1.9,0,0,1,1,0
45,Female,162.5,66.9,25.33,146,87,74,77,6.3,2,Yes,Occasional,2,2.4,1,0,1,0,0
26,Male,159.1,70.8,27.97,125,88,123,66,9.4,2,No,Regular,7,2.1,1,0,1,1,0
20,Female,180.2,84.8,26.11,131,82,74,89,5.5,2,No,Occasional,8,1.3,0,0,1,1,0
77,Male,166.5,81.9,29.54,146,90,136,96,5.5,0,No,Never,6,3.7,1,1,1,1,0
78,Male,176.9,78.4,25.05,142,82,99,61,7.5,3,No,Never,3,2.0,0,1,1,0,0
64,Female,159.1,84.0,33.18,149,94,107,75,5.1,3,Yes,Occasional,5,2.3,1,0,1,1,0
24,Male,180.1,93.1,28.7,124,60,85,71,8.1,3,No,Never,4,3.4,1,0,1,0,0
36,Male,168.7,79.3,27.86,114,73,98,71,6.4,6,No,Never,5,2.8,0,0,1,0,0
20,Female,170.3,79.0,27.24,108,62,94,76,6.7,2,No,Never,7,2.6,1,1,1,0,0
21,Female,167.3,85.2,30.44,110,70,101,88,7.1,4,No,Occasional,5,2.9,1,0,1,0,0
33,Female,160.9,77.9,30.09,129,64,70,90,6.3,7,No,Occasional,5,2.6,0,0,1,1,0
54,Male,166.0,69.4,25.19,120,81,72,80,7.9,1,No,Never,4,2.6,0,0,1,1,0
22,Female,161.6,77.5,29.68,122,81,77,75,7.4,3,No,Occasional,7,2.6,1,0,1,0,0
80,Other,175.6,83.9,27.21,164,98,129,89,7.3,1,Yes,Occasional,6,2.1,1,1,1,1,0
46,Female,164.0,93.4,34.73,156,79,137,66,5.1,2,Yes,Occasional,1,2.9,0,0,1,1,0
34,Male,151.0,69.5,30.48,115,71,98,68,6.6,3,No,Regular,1,2.6,0,0,0,1,0
50,Male,149.2,50.4,22.64,99,81,104,81,6.6,4,No,Never,5,0.7,0,1,1,0,0
67,Male,148.7,82.3,37.22,149,88,139,89,8.7,2,No,Occasional,7,2.8,1,0,1,1,0
37,Male,172.2,47.4,15.98,113,63,97,87,4.7,4,No,Never,8,1.7,0,1,1,0,0
20,Female,154.5,66.7,27.94,131,81,121,80,5.7,1,No,Never,7,2.4,1,0,1,0,0
21,Male,169.0,61.6,21.57,104,75,64,82,8.1,4,Yes,Occasional,5,1.1,0,0,1,1,0
71,Male,167.4,98.6,35.19,134,95,130,78,5.2,6,No,Occasional,9,1.8,1,0,1,1,0
25,Male,165.4,71.7,26.21,112,77,110,86,6.0,1,No,Occasional,4,2.0,0,0,1,1,0
58,Female,170.4,63.9,22.01,120,72,107,80,8.8,4,No,Regular,5,2.5,1,0,1,0,0
42,Male,167.6,67.8,24.14,144,84,106,89,7.4,1,No,Regular,2,1.8,0,1,1,1,0
66,Male,140.0,44.3,22.6,129,82,96,78,7.8,5,No,Never,5,0.8,1,0,1,0,0
21,Male,162.8,62.1,23.43,120,70,99,69,7.8,1,No,Occasional,3,1.9,0,0,1,1,0
74,Female,170.3,71.5,24.65,156,91,92,77,6.5,1,No,Occasional,9,2.0,1,0,1,1,0
61,Male,182.4,74.2,22.3,127,78,80,85,6.6,3,No,Occasional,8,2.6,1,0,1,0,0
46,Female,182.9,89.7,26.81,126,68,120,53,7.8,6,No,Occasional,5,2.3,1,1,1,0,0
31,Male,152.4,62.8,27.04,134,80,116,81,5.6,3,Yes,Regular,6,1.7,0,0,1,1,0
79,Male,162.5,57.0,21.59,145,95,122,74,8.9,4,Yes,Occasional,4,2.4,1,1,1,1,0
37,Male,150.3,39.2,17.35,114,78,74,69,6.4,2,Yes,Regular,1,3.4,0,0,1,0,0
48,Male,181.2,88.9,27.08,141,81,89,78,8.1,2,No,Occasional,4,3.0,0,0,1,1,0
42,Male,176.1,86.8,27.99,138,70,99,68,7.2,6,No,Regular,7,1.0,0,0,1,0,0
32,Female,169.5,82.4,28.68,127,70,136,68,5.9,1,No,Occasional,6,3.8,1,0,1,1,0
44,Female,167.7,79.1,28.13,134,74,88,77,7.4,5,No,Never,4,3.0,1,0,1,1,0
27,Male,179.8,105.4,32.6,141,78,107,82,6.7,4,Yes,Occasional,7,3.2,1,0,1,0,0
18,Male,178.1,93.9,29.6,150,75,120,81,4.6,1,No,Occasional,4,1.2,1,0,1,1,0
36,Female,177.6,120.3,38.14,148,84,122,75,6.8,3,No,Never,3,1.9,1,0,1,1,0
25,Male,170.6,116.1,39.89,144,74,119,85,5.0,4,No,Occasional,7,2.6,1,0,1,1,0
44,Male,162.5,45.0,17.04,114,66,91,83,7.4,3,Yes,Regular,4,1.5,1,1,1,0,0
72,Male,173.7,48.3,16.01,117,72,83,88,6.3,3,No,Regular,8,2.5,1,1,1,0,0
28,Male,174.2,76.0,25.04,122,75,99,88,8.1,1,No,Occasional,1,3.3,0,0,1,1,0
18,Male,164.1,73.4,27.26,97,74,60,76,5.9,5,No,Occasional,4,2.0,0,0,0,0,0
24,Other,162.5,65.0,24.62,143,70,69,93,4.9,2,Yes,Regular,7,3.3,0,0,1,0,0
50,Other,177.3,91.2,29.01,114,72,106,80,5.3,3,No,Heavy,6,2.7,1,0,1,0,0
35,Female,182.6,79.9,23.96,111,67,115,62,9.2,2,No,Never,5,1.0,1,0,1,1,0
48,Male,158.5,55.9,22.25,134,80,92,78,10.0,3,No,Never,6,1.6,0,0,1,1,0
19,Male,163.4,59.4,22.25,113,67,87,93,9.1,2,No,Never,6,2.9,1,0,1,0,0
38,Male,169.5,70.0,24.36,130,78,98,84,5.0,1,Yes,Occasional,2,1.5,1,0,1,0,0
43,Male,170.9,86.2,29.51,128,83,104,76,5.0,1,No,Regular,5,2.9,1,0,1,1,0
45,Male,160.8,59.9,23.17,124,84,73,84,5.3,2,No,Never,6,2.6,0,0,1,1,0
52,Male,184.8,82.9,24.27,137,69,112,71,7.6,2,No,Occasional,6,2.4,1,0,1,0,0
67,Male,170.2,83.4,28.79,131,90,115,82,9.3,4,No,Never,5,1.8,1,0,1,0,0
47,Male,171.3,72.2,24.6,124,80,103,73,7.9,2,No,Never,4,2.4,1,0,1,0,0
70,Male,183.6,106.1,31.48,145,97,101,76,7.2,1,No,Occasional,2,3.3,1,0,1,1,0
51,Female,161.5,55.4,21.24,125,86,120,75,5.4,1,No,Occasional,7,1.9,1,0,1,0,0
34,Male,165.1,53.9,19.77,122,71,79,82,6.2,4,No,Never,7,2.6,1,0,1,1,0
32,Female,153.5,62.8,26.65,131,71,123,61,6.7,2,No,Never,7,3.5,1,1,1,0,0
38,Male,164.3,73.6,27.26,123,79,67,70,8.0,3,No,Occasional,3,2.4,1,0,0,1,0
55,Female,151.1,49.3,21.59,110,68,90,74,6.0,2,No,Regular,6,1.9,1,0,1,0,0
33,Male,173.5,95.3,31.66,141,80,130,69,7.3,3,No,Regular,4,1.9,1,0,1,1,0
75,Female,170.2,102.8,35.49,153,89,128,53,7.0,2,Yes,Occasional,5,0.8,1,0,1,1,0
48,Male,163.2,60.1,22.56,145,75,62,80,6.4,4,No,Heavy,10,1.4,1,0,1,0,0
72,Male,165.0,90.7,33.31,152,78,113,90,6.0,2,Yes,Occasional,7,2.4,1,1,1,1,0
61,Female,173.6,48.2,15.99,118,68,84,65,6.9,5,No,Never,4,2.8,0,0,1,0,0
39,Male,154.6,72.9,30.5,146,84,131,88,6.6,2,Yes,Occasional,5,1.9,1,0,1,1,0
32,Male,168.0,59.4,21.05,117,69,86,90,5.7,0,No,Regular,5,2.8,0,0,0,1,0
64,Female,173.0,91.8,30.67,144,82,130,79,7.7,5,No,Occasional,6,2.8,1,0,1,1,0
38,Male,148.2,45.5,20.72,116,65,88,79,8.9,4,Yes,Heavy,2,1.7,1,0,1,0,0
33,Female,172.8,74.3,24.88,142,80,91,83,6.8,2,No,Occasional,6,1.8,0,0,1,0,0
76,Female,149.3,49.9,22.39,141,82,110,81,7.0,2,Yes,Regular,1,1.3,1,1,1,1,0
48,Male,164.8,66.7,24.56,122,90,109,66,7.9,3,No,Occasional,2,2.7,0,0,0,1,0
21,Male,154.4,80.3,33.68,134,82,108,77,6.5,5,No,Regular,10,2.2,0,0,1,1,0
49,Male,180.3,81.5,25.07,135,77,84,66,8.1,6,No,Heavy,5,2.8,0,0,1,0,0
47,Female,154.4,85.1,35.7,147,81,98,87,6.6,5,No,Never,8,2.2,0,0,1,1,0
72,Male,149.5,54.4,24.34,131,84,103,63,7.5,7,No,Occasional,4,1.6,1,0,1,0,0
62,Male,167.3,92.6,33.08,128,80,108,69,9.2,2,No,Never,1,2.7,0,0,1,1,0
30,Male,161.9,45.4,17.32,116,77,82,69,8.4,4,No,Regular,3,0.9,0,0,1,0,0
27,Female,151.0,54.0,23.68,127,87,102,90,6.1,2,No,Occasional,10,2.0,0,0,1,1,0
56,Female,171.3,68.1,23.21,124,73,96,80,8.3,5,Yes,Never,2,1.7,1,0,1,1,0
20,Female,146.1,68.9,32.28,137,79,112,93,5.0,1,No,Occasional,9,3.2,1,0,1,1,0
38,Female,155.6,63.5,26.23,142,72,84,66,6.4,1,No,Never,6,3.3,1,0,1,0,0
26,Female,160.2,41.1,16.01,117,59,79,85,7.7,5,Yes,Occasional,6,2.5,0,0,1,0,0
19,Male,174.0,56.2,18.56,118,64,83,70,8.7,7,No,Never,4,1.8,0,0,1,0,0
75,Female,179.0,68.5,21.38,139,77,131,75,5.9,3,No,Heavy,3,3.3,1,0,1,0,0
23,Female,177.0,92.2,29.43,105,80,93,77,6.5,4,No,Occasional,7,1.7,1,0,0,1,0
18,Male,164.5,77.6,28.68,130,72,80,71,6.5,7,No,Heavy,8,1.3,0,0,1,1,0
76,Female,141.7,49.9,24.85,121,87,89,87,6.5,4,No,Never,6,0.9,0,1,1,0,0
29,Female,169.9,64.9,22.48,139,76,92,86,5.0,2,Yes,Occasional,7,2.3,1,0,1,0,0
69,Male,180.7,96.5,29.55,152,82,127,88,7.4,2,No,Regular,4,1.1,1,1,1,1,0
19,Male,178.3,61.8,19.44,130,71,100,88,4.7,2,No,Occasional,10,3.1,0,0,1,0,0
27,Male,170.6,79.3,27.25,130,82,126,82,8.0,1,No,Never,6,1.8,0,0,1,0,0
24,Female,154.1,63.6,26.78,138,79,111,88,8.0,1,Yes,Regular,10,1.4,1,0,1,0,0
62,Male,160.7,63.5,24.59,141,83,80,72,6.1,4,No,Never,3,2.9,0,0,1,0,0
57,Female,185.3,95.1,27.7,124,75,112,87,5.1,2,No,Never,5,2.8,0,1,1,1,0
47,Male,151.8,60.0,26.04,128,74,69,78,6.4,6,No,Occasional,8,3.3,0,0,1,0,0
33,Female,154.5,65.9,27.61,123,63,96,81,6.0,3,No,Occasional,6,1.1,1,0,0,1,0
23,Male,175.4,57.1,18.56,111,69,73,99,6.4,3,Yes,Occasional,6,1.0,0,0,0,0,0
53,Female,161.7,74.9,28.65,128,72,114,64,7.0,2,No,Never,3,3.2,1,0,1,1,0
32,Male,154.2,71.6,30.11,126,79,108,65,5.6,5,No,Never,4,0.7,1,0,0,1,0
55,Male,181.3,89.7,27.29,145,85,92,81,8.9,3,Yes,Never,3,1.4,1,0,1,1,0
61,Male,170.6,83.8,28.79,149,88,95,58,5.9,6,No,Occasional,5,2.2,1,0,1,0,0
71,Male,162.2,67.4,25.62,142,96,108,87,7.9,3,Yes,Never,5,1.3,1,1,1,0,0
49,Male,154.5,71.3,29.87,130,78,115,68,5.7,3,No,Occasional,4,2.3,1,0,1,1,0
18,Female,186.5,87.4,25.13,90,68,106,79,6.6,2,No,Regular,7,1.5,1,0,0,0,0
35,Female,165.8,54.3,19.75,122,69,70,78,7.4,6,No,Heavy,3,3.0,0,0,1,0,0
71,Female,180.0,97.5,30.09,125,78,109,57,7.2,4,No,Regular,1,2.7,0,0,1,1,0
51,Female,174.9,54.5,17.82,121,66,68,58,6.5,3,No,Never,4,2.4,0,0,1,0,0
57,Male,160.8,70.2,27.15,149,86,97,73,5.7,3,Yes,Occasional,10,2.0,1,1,1,1,0
46,Female,160.9,61.3,23.68,141,74,66,86,6.1,4,Yes,Regular,6,1.5,1,0,1,0,0
28,Female,180.5,74.7,22.93,104,84,77,81,6.0,3,No,Never,3,2.1,1,0,1,0,0
74,Male,180.6,88.2,27.04,152,84,135,74,7.0,0,No,Never,6,1.4,1,0,1,1,0
66,Female,147.2,49.0,22.61,146,76,119,86,9.0,4,No,Never,5,3.4,0,0,1,0,0
80,Male,171.5,84.8,28.83,150,91,126,79,7.1,3,No,Occasional,6,2.4,1,1,1,0,0
71,Female,164.8,71.8,26.44,134,99,127,83,7.3,2,No,Heavy,7,1.6,1,0,1,0,0
36,Female,155.7,54.1,22.32,111,75,103,93,8.0,3,Yes,Occasional,6,3.2,0,0,1,1,0
34,Female,168.6,90.0,31.66,148,67,114,65,6.1,2,No,Occasional,6,2.2,1,0,1,1,0
33,Male,152.5,60.9,26.19,125,78,69,94,4.1,1,No,Occasional,9,3.1,0,0,1,0,0
75,Female,161.3,76.2,29.29,152,78,152,69,6.6,2,Yes,Regular,6,3.1,1,0,1,1,0
53,Male,158.0,81.1,32.49,168,81,116,66,7.7,2,No,Never,6,2.5,1,0,1,0,0
46,Female,161.0,83.6,32.25,145,91,109,63,9.2,4,No,Occasional,5,1.4,1,1,1,1,0
79,Male,165.3,79.6,29.13,157,79,137,81,5.6,3,No,Regular,4,1.8,1,1,1,1,0
56,Female,155.8,59.0,24.31,145,69,101,81,8.2,2,No,Regular,3,4.5,1,0,1,1,0
75,Female,181.7,64.0,19.39,123,88,135,94,6.9,3,Yes,Occasional,7,1.8,1,1,1,1,0
80,Male,170.9,79.9,27.36,170,88,104,87,6.0,3,Yes,Never,8,2.0,1,1,1,0,0
23,Male,183.9,102.1,30.19,141,84,118,74,5.3,4,No,Regular,6,1.9,1,0,1,1,0
40,Female,164.4,73.2,27.08,127,77,103,88,5.8,1,No,Regular,7,1.6,1,0,1,1,0
64,Male,160.5,41.2,15.99,121,73,79,68,7.6,6,No,Never,3,2.7,0,0,1,0,0
69,Male,183.6,102.1,30.29,158,76,100,81,8.3,4,Yes,Never,4,1.3,1,1,1,1,0
27,Male,160.2,75.8,29.54,122,72,90,76,4.0,3,Yes,Never,2,1.7,1,0,1,1,0
38,Male,164.2,64.4,23.89,132,73,115,78,7.3,2,No,Occasional,5,2.4,1,0,1,0,0
52,Female,173.2,91.3,30.44,142,85,125,107,5.8,1,Yes,Never,7,2.0,1,1,1,1,0
68,Female,153.6,68.6,29.08,168,101,120,85,6.2,2,No,Never,4,2.3,1,1,1,1,0
25,Male,173.1,65.0,21.69,122,81,63,88,7.2,2,Yes,Regular,5,2.2,0,0,0,1,0
55,Male,171.8,94.0,31.85,148,91,94,77,8.9,3,No,Never,7,1.4,1,0,1,1,0
36,Male,178.7,61.3,19.2,99,69,72,82,5.6,4,No,Heavy,8,3.2,0,0,1,0,0
31,Male,174.9,76.1,24.88,130,67,87,88,6.8,1,Yes,Occasional,2,2.9,0,0,1,0,0
50,Female,179.0,79.7,24.87,140,88,98,78,4.8,2,No,Occasional,4,1.6,1,0,1,1,0
44,Male,164.9,58.5,21.51,113,62,97,74,7.3,1,No,Regular,4,2.5,0,1,1,0,0
58,Female,157.4,67.6,27.29,129,75,121,59,6.0,2,No,Never,3,1.9,1,0,1,1,0
38,Female,187.1,110.7,31.62,120,81,126,68,8.8,6,No,Never,4,2.9,0,0,1,1,0
69,Female,150.7,72.9,32.1,130,101,118,76,7.5,3,No,Occasional,1,2.8,1,0,1,1,0
22,Female,151.7,65.4,28.42,107,86,85,64,6.4,3,No,Occasional,4,3.0,0,0,1,1,0
72,Male,171.7,53.2,18.05,144,83,102,95,6.4,3,Yes,Occasional,5,1.6,1,1,1,0,0
19,Male,182.2,61.2,18.44,89,79,76,74,7.3,4,No,Heavy,3,1.3,0,0,1,0,0
64,Male,167.9,75.5,26.78,127,82,116,95,7.6,1,Yes,Heavy,4,1.0,1,1,1,0,0
39,Female,176.0,78.0,25.18,120,79,116,78,5.2,2,No,Never,5,3.9,1,0,1,1,0
42,Female,146.0,49.1,23.03,122,83,87,58,6.4,4,No,Never,6,2.8,0,0,1,0,0
19,Male,161.0,88.1,33.99,139,71,130,74,6.9,2,Yes,Occasional,2,3.0,0,0,1,1,0
62,Male,147.3,57.4,26.45,138,89,90,82,6.8,1,Yes,Heavy,7,1.3,1,1,1,1,0
28,Male,173.8,83.6,27.68,116,77,109,70,8.2,5,No,Never,7,2.6,1,0,1,1,0
59,Female,150.5,69.3,30.6,146,86,104,81,5.0,2,No,Occasional,4,1.1,0,0,1,1,0
63,Female,153.2,61.5,26.2,147,74,112,75,7.6,4,No,Never,9,2.5,1,1,1,0,0
71,Female,171.1,113.0,38.6,169,94,139,64,7.1,4,No,Heavy,6,2.2,1,1,1,1,0
62,Female,176.6,66.8,21.42,133,78,91,73,6.0,3,No,Never,6,2.0,1,0,1,0,0
36,Male,164.4,60.4,22.35,104,69,83,88,7.5,3,No,Occasional,7,1.8,0,0,1,1,0
64,Female,171.7,63.2,21.44,127,86,84,78,6.4,1,Yes,Never,3,3.0,0,0,1,1,0
70,Female,171.4,98.8,33.63,160,96,126,67,4.4,4,No,Occasional,5,1.9,1,0,1,1,0
37,Male,163.8,78.2,29.15,148,74,117,77,4.0,3,No,Occasional,7,3.1,1,0,1,0,0
25,Female,155.1,53.9,22.41,114,74,116,87,5.3,1,No,Occasional,4,2.2,1,0,1,0,0
74,Male,171.6,65.0,22.07,133,89,98,82,6.0,2,No,Never,5,2.4,1,1,1,0,0
27,Female,172.1,93.9,31.7,123,90,90,88,6.8,1,No,Never,7,2.6,1,0,1,1,0
55,Female,174.9,84.1,27.49,152,80,110,84,7.4,6,Yes,Never,6,2.5,1,0,1,0,0
32,Female,169.1,91.3,31.93,121,87,85,63,6.4,2,No,Regular,5,2.3,1,0,1,1,0
25,Female,154.3,58.8,24.7,143,74,116,81,4.9,3,Yes,Occasional,5,3.6,1,1,1,1,0
66,Male,172.9,85.1,28.47,138,87,121,84,6.2,4,No,Never,5,2.9,1,0,1,0,0
27,Female,166.0,73.0,26.49,117,71,87,63,6.3,1,No,Never,7,0.7,0,0,1,0,0
60,Female,161.2,59.5,22.9,126,74,83,76,8.5,1,Yes,Occasional,10,2.1,0,1,1,1,0
61,Female,163.1,67.1,25.22,128,81,88,66,7.3,5,No,Never,6,3.2,1,0,1,0,0
21,Female,159.1,48.6,19.2,115,78,89,79,4.4,4,Yes,Regular,8,1.7,0,0,1,0,0
28,Male,174.9,84.0,27.46,118,79,86,75,6.4,3,No,Occasional,4,2.2,0,0,1,0,0
68,Female,151.8,68.5,29.73,146,80,129,67,7.7,0,No,Occasional,4,2.3,1,0,1,1,0
49,Female,156.1,74.0,30.37,151,64,119,80,6.8,6,Yes,Occasional,4,3.2,1,0,1,1,0
25,Male,162.7,74.6,28.18,125,79,87,92,4.8,4,No,Regular,3,1.5,1,0,1,0,0
80,Male,182.1,85.4,25.75,145,93,124,73,7.7,2,No,Occasional,5,1.6,1,1,1,1,0
34,Female,176.5,101.8,32.68,143,66,129,65,7.0,5,No,Never,7,2.5,1,0,1,0,0
18,Female,149.6,65.1,29.09,116,74,113,80,6.3,2,No,Never,8,2.4,0,0,1,0,0
76,Female,179.5,106.1,32.93,158,81,132,81,5.8,2,No,Occasional,4,2.5,1,0,1,1,0
19,Male,179.5,102.5,31.81,132,78,97,78,8.0,3,No,Never,5,2.4,1,0,1,1,0
52,Other,154.3,59.7,25.08,147,88,134,86,4.4,1,No,Occasional,5,2.1,1,0,1,0,0
80,Male,140.8,56.0,28.25,130,82,98,73,4.7,5,No,Heavy,6,2.6,1,1,1,1,0
54,Female,165.3,80.5,29.46,131,79,107,85,5.6,2,No,Never,7,2.3,1,0,1,1,0
54,Male,177.2,63.5,20.22,116,77,107,100,7.2,1,No,Occasional,4,2.0,1,0,1,0,0
42,Female,181.9,66.2,20.01,125,58,84,76,5.0,1,No,Never,5,2.2,0,1,1,0,0
25,Female,157.3,46.4,18.75,109,72,74,78,5.8,6,No,Never,8,1.8,0,0,1,0,0
54,Female,183.5,84.9,25.21,134,84,79,79,6.3,4,No,Never,5,1.7,0,0,1,1,0
74,Female,143.7,50.9,24.65,124,85,99,104,7.2,2,Yes,Never,4,2.6,1,0,1,0,0
23,Male,162.3,47.6,18.07,121,63,114,84,6.4,3,No,Never,5,1.4,0,1,0,0,0
73,Female,161.8,70.5,26.93,143,80,105,78,6.4,3,No,Heavy,5,2.6,1,0,1,1,0
44,Female,177.5,78.8,25.01,137,77,117,74,6.1,1,Yes,Occasional,2,2.0,1,0,1,1,0
51,Male,179.0,100.4,31.33,138,79,101,84,8.1,5,No,Never,4,2.1,1,0,1,1,0
28,Female,175.5,107.0,34.74,127,69,98,76,7.4,4,No,Never,6,2.1,0,0,1,1,0
57,Female,152.5,65.1,27.99,145,85,101,99,7.1,4,No,Heavy,10,2.5,1,0,1,1,0
29,Female,174.6,66.3,21.75,122,72,98,79,5.8,2,Yes,Never,4,3.2,0,0,1,0,0
35,Female,171.1,83.0,28.35,127,76,69,72,5.9,5,No,Never,7,3.4,0,0,1,1,0
63,Male,149.3,57.9,25.98,139,75,131,64,7.2,4,No,Regular,6,2.9,1,1,1,1,0
21,Female,145.3,50.1,23.73,124,79,101,93,5.7,2,Yes,Occasional,8,2.3,0,1,1,0,0
46,Male,176.4,66.6,21.4,107,82,86,60,5.6,2,No,Never,4,2.7,0,0,1,0,0
55,Male,164.2,63.4,23.51,129,79,90,94,6.8,3,No,Occasional,8,0.9,0,0,1,1,0
26,Male,153.1,56.7,24.19,137,63,88,71,4.8,2,No,Occasional,8,2.6,1,0,1,0,0
36,Male,163.9,78.3,29.15,127,80,127,67,6.2,2,No,Occasional,8,2.5,1,0,1,0,0
39,Male,169.6,80.0,27.81,133,81,84,83,7.6,2,No,Never,8,1.2,1,0,1,1,0
59,Female,165.2,94.5,34.63,165,92,126,95,6.8,1,Yes,Regular,6,1.8,1,1,1,1,0
79,Male,150.5,67.0,29.58,170,81,137,79,5.2,3,No,Occasional,7,2.4,1,1,1,1,0
70,Male,184.9,96.3,28.17,139,82,82,83,7.4,2,No,Never,4,2.4,1,0,1,1,0
29,Male,176.0,73.2,23.63,103,77,80,74,6.3,1,No,Occasional,1,2.8,1,0,1,1,0
19,Female,162.6,52.5,19.86,118,67,62,87,7.7,1,No,Occasional,6,3.3,1,0,1,0,0
21,Male,163.0,58.9,22.17,102,78,65,90,7.3,4,No,Regular,5,2.1,0,0,0,0,0
55,Male,169.6,64.4,22.39,131,72,101,74,6.1,3,No,Never,7,1.5,0,0,1,0,0
27,Female,154.7,38.3,16.0,114,60,88,83,5.6,2,No,Never,7,2.7,0,0,1,1,0
32,Male,169.2,58.2,20.33,109,68,79,58,5.8,1,No,Occasional,3,3.0,0,0,1,0,0
71,Female,152.7,78.9,33.84,153,76,108,98,9.5,3,No,Never,10,3.0,1,1,1,1,0
73,Male,165.3,76.4,27.96,147,81,96,72,4.0,6,No,Never,6,2.5,1,0,1,0,0
70,Male,154.3,57.9,24.32,139,73,102,68,4.7,6,No,Regular,2,3.5,0,0,1,1,0
33,Male,154.8,65.0,27.13,129,83,96,75,8.2,3,Yes,Occasional,3,2.0,0,0,1,0,0
57,Female,182.5,54.7,16.42,122,60,61,68,8.1,3,Yes,Occasional,1,3.2,0,0,1,0,0
56,Male,166.6,75.3,27.13,127,87,104,90,7.0,1,No,Occasional,7,1.4,1,0,0,1,0
29,Female,168.1,88.3,31.25,137,83,119,86,4.3,2,Yes,Occasional,4,0.7,1,0,1,1,0
52,Male,145.9,53.4,25.09,131,92,102,74,7.5,2,Yes,Regular,3,1.4,0,0,1,1,0
51,Female,160.0,43.9,17.15,126,74,70,98,5.6,1,Yes,Occasional,4,1.8,1,0,1,0,0
42,Male,170.6,68.2,23.43,131,73,92,79,6.6,7,No,Occasional,5,2.2,0,0,1,1,0
65,Male,167.9,90.6,32.14,140,93,110,97,7.0,5,Yes,Regular,7,1.6,1,1,1,0,0
60,Male,144.5,56.6,27.11,145,65,95,55,7.6,2,No,Never,2,2.3,1,0,1,1,0
51,Female,168.1,53.2,18.83,122,80,90,70,6.0,1,No,Occasional,3,2.6,1,0,1,0,0
63,Male,169.7,107.5,37.33,161,93,115,94,8.2,2,Yes,Occasional,6,2.4,1,1,1,1,0
66,Female,178.8,64.0,20.02,124,70,86,69,7.8,3,Yes,Occasional,4,2.1,0,1,1,0,0
53,Female,159.4,62.3,24.52,138,80,115,79,5.3,5,Yes,Occasional,7,3.0,1,0,1,1,0
34,Other,143.6,41.7,20.22,132,76,118,63,6.2,5,No,Never,4,1.7,0,0,1,0,0
65,Male,156.0,51.2,21.04,115,81,76,94,5.4,2,Yes,Occasional,9,2.0,0,1,1,0,1
63,Female,155.0,57.1,23.77,113,79,89,76,6.5,3,No,Occasional,6,1.8,1,0,1,1,0
79,Female,173.4,88.4,29.4,150,74,139,75,7.2,2,No,Regular,8,2.6,1,1,1,0,0
27,Female,140.0,61.2,31.22,132,72,89,94,4.3,3,No,Never,6,1.9,0,0,1,1,0
44,Other,161.5,61.6,23.62,136,81,97,88,4.1,2,No,Regular,7,2.5,0,0,1,1,0
76,Female,180.3,69.7,21.44,131,82,119,75,5.7,7,No,Never,4,2.7,1,0,1,0,0
50,Female,166.1,77.0,27.91,114,79,92,79,8.2,7,No,Occasional,8,1.9,0,0,1,0,0
77,Female,175.0,88.0,28.73,149,87,109,84,6.9,5,No,Occasional,6,1.2,1,0,1,1,0
18,Male,149.6,58.1,25.96,109,66,68,75,8.8,5,No,Occasional,3,2.1,1,0,1,1,0
20,Female,150.0,58.9,26.18,120,69,98,52,6.8,4,No,Regular,1,1.7,0,0,1,1,0
68,Male,180.4,83.1,25.53,129,72,79,95,5.6,4,No,Occasional,6,1.8,1,0,1,1,0
40,Female,167.0,72.1,25.85,114,74,93,101,4.3,3,No,Never,9,0.7,1,1,1,0,0
50,Female,167.0,69.0,24.74,119,74,76,68,5.8,4,No,Occasional,3,1.1,0,0,1,0,0
44,Male,154.8,73.4,30.63,136,68,103,58,6.1,3,No,Occasional,3,2.7,0,0,1,1,0
43,Male,167.0,100.8,36.14,147,102,150,69,4.0,2,No,Occasional,5,1.6,1,0,1,1,0
77,Male,154.5,64.8,27.15,146,80,121,73,5.4,3,No,Occasional,8,3.0,1,0,1,1,0
23,Female,177.9,78.9,24.93,106,71,91,72,6.0,3,No,Never,1,1.7,0,0,1,0,0
66,Male,193.3,101.8,27.24,135,72,112,72,6.8,3,No,Never,4,2.5,0,0,1,1,0
74,Female,170.8,67.3,23.07,146,56,98,67,6.8,4,No,Occasional,3,2.0,1,0,1,0,0
59,Female,159.7,75.3,29.52,170,97,138,91,6.9,0,No,Occasional,7,2.6,1,0,1,0,0
42,Female,140.7,54.5,27.53,132,77,114,76,4.7,3,No,Regular,5,2.0,1,1,0,1,0
28,Male,149.2,51.3,23.05,134,60,71,92,5.3,2,Yes,Never,5,2.3,0,0,1,0,0
61,Female,181.5,99.6,30.23,133,75,128,77,7.9,3,No,Occasional,5,3.0,1,1,1,1,0
47,Male,155.7,62.2,25.66,142,91,105,95,6.2,4,No,Heavy,7,2.5,1,0,1,0,0
27,Female,162.3,53.7,20.39,122,80,98,112,7.5,0,Yes,Never,8,1.8,0,0,1,0,0
40,Male,172.6,80.6,27.06,119,61,76,87,6.3,2,No,Occasional,8,1.0,1,1,0,0,0
78,Male,180.8,89.8,27.47,158,82,109,78,6.8,7,Yes,Heavy,7,2.1,1,0,1,1,0
34,Male,164.0,80.2,29.82,142,83,110,90,7.1,1,Yes,Never,8,2.5,1,0,1,1,0
29,Female,162.0,76.3,29.07,138,79,91,84,6.2,2,No,Occasional,3,2.3,1,0,1,1,0
60,Male,166.7,70.4,25.33,142,79,120,87,5.8,3,No,Occasional,6,1.6,1,0,1,1,0
30,Female,159.7,58.3,22.86,112,64,74,72,5.5,1,No,Never,10,2.3,0,0,1,1,0
75,Female,160.3,67.5,26.27,139,76,151,76,6.9,2,No,Occasional,1,2.6,1,1,1,1,0
72,Female,170.1,80.8,27.93,137,79,92,76,7.5,4,Yes,Never,4,3.1,0,0,1,0,0
79,Male,167.9,80.8,28.66,157,89,122,77,6.4,2,No,Regular,3,2.1,1,0,1,1,0
75,Male,187.3,97.2,27.71,146,81,118,81,8.1,2,No,Occasional,6,3.8,1,1,1,0,0
33,Male,170.4,71.9,24.76,118,72,117,81,8.6,2,No,Never,8,3.1,1,0,1,1,0
31,Male,177.5,94.3,29.93,118,81,134,72,5.5,1,Yes,Never,6,2.3,1,0,1,1,0
39,Female,155.3,53.3,22.1,128,64,81,61,8.2,5,No,Regular,5,2.4,0,0,1,0,0
47,Male,171.3,109.9,37.45,144,98,130,79,6.5,3,No,Occasional,7,3.1,1,0,1,1,0
73,Male,158.8,75.3,29.86,142,92,110,76,7.2,3,No,Never,5,1.6,1,1,1,1,0
64,Male,170.0,59.4,20.55,133,84,81,79,6.5,3,No,Never,6,1.7,0,0,1,0,0
58,Female,172.9,79.9,26.73,126,71,107,82,8.1,4,No,Occasional,7,1.4,1,0,1,0,0
73,Male,166.5,82.9,29.9,130,87,116,74,6.8,6,No,Never,9,2.0,1,0,1,0,0
58,Female,190.1,87.3,24.16,140,87,101,72,6.2,3,Yes,Regular,6,1.6,1,0,1,0,0
41,Male,180.3,59.2,18.21,108,64,81,91,6.1,1,No,Never,6,2.0,1,0,0,0,0
44,Female,177.8,64.8,20.5,130,71,100,97,4.8,3,Yes,Never,10,2.2,0,1,1,0,0
50,Female,173.6,85.1,28.24,117,68,110,61,6.3,5,No,Occasional,1,1.3,1,0,1,0,0
23,Male,183.6,55.7,16.52,93,56,60,88,8.2,1,No,Never,5,3.1,0,0,0,0,0
64,Male,151.6,43.7,19.01,106,80,97,65,8.1,4,No,Regular,4,3.0,0,0,1,0,0
59,Male,179.7,91.8,28.43,136,87,131,78,5.9,4,No,Regular,5,1.9,1,0,1,1,0
64,Male,156.1,60.7,24.91,145,77,85,82,5.2,4,No,Occasional,7,3.2,1,0,1,0,0
51,Male,160.4,57.4,22.31,139,77,102,78,7.7,1,No,Regular,7,2.5,0,0,1,0,0
67,Female,171.6,69.7,23.67,132,73,107,80,7.3,3,No,Regular,4,2.9,0,0,1,0,0
77,Female,178.3,61.2,19.25,147,94,109,70,4.1,3,No,Never,7,1.3,1,0,1,0,0
53,Male,154.5,66.9,28.03,127,76,119,75,10.0,2,No,Never,3,2.0,1,0,1,1,0
45,Female,160.9,56.0,21.63,126,67,106,72,7.0,3,No,Occasional,2,2.6,1,0,1,0,0
24,Male,167.0,62.5,22.41,102,66,83,62,8.8,7,No,Heavy,5,2.1,0,0,1,0,0
67,Female,164.1,74.6,27.7,132,72,95,83,6.9,3,No,Regular,5,2.1,1,1,1,0,0
74,Male,174.5,76.1,24.99,159,90,107,102,5.1,2,Yes,Occasional,9,2.1,1,1,1,0,0
62,Female,200.0,90.2,22.55,142,91,128,89,6.5,1,No,Never,10,2.4,1,1,1,0,0
72,Female,170.2,48.2,16.64,127,70,71,74,4.9,5,No,Regular,4,2.3,0,0,1,0,0
72,Male,158.6,70.3,27.95,121,85,113,66,6.9,4,No,Occasional,1,3.2,0,0,1,0,0
68,Male,153.0,61.9,26.44,145,65,117,71,5.6,3,No,Regular,2,1.6,1,0,1,1,0
49,Male,162.7,61.2,23.12,128,66,101,68,6.6,4,No,Occasional,3,2.3,1,0,1,1,0
24,Female,156.6,49.0,19.98,108,70,98,81,6.9,2,No,Never,6,2.7,0,0,1,0,0
18,Female,170.7,72.5,24.88,123,59,93,78,7.1,1,No,Occasional,5,1.4,0,0,1,0,0
30,Female,170.5,79.7,27.42,133,77,97,90,5.0,2,No,Occasional,3,2.0,0,0,1,0,0
45,Female,161.4,67.6,25.95,133,81,134,89,5.6,2,Yes,Occasional,9,2.3,1,0,1,1,0
64,Female,185.8,116.8,33.83,143,90,156,74,4.1,2,No,Occasional,7,3.2,1,0,1,1,0
46,Male,158.6,72.7,28.9,136,81,136,72,7.2,1,No,Regular,9,2.3,1,1,0,0,0
19,Female,164.8,66.1,24.34,96,72,94,85,7.3,2,Yes,Occasional,1,2.7,0,0,0,1,0
31,Female,172.4,85.3,28.7,132,60,97,96,5.0,3,No,Never,8,2.7,1,0,1,0,0
79,Male,174.9,81.3,26.58,153,76,115,68,8.5,2,No,Never,5,0.7,1,1,1,0,0
80,Female,178.8,85.0,26.59,152,88,113,85,7.4,0,No,Occasional,4,2.3,1,0,1,1,0
41,Male,170.3,91.7,31.62,147,75,129,88,6.6,2,Yes,Occasional,5,1.9,1,0,1,0,0
68,Male,176.5,67.8,21.76,138,69,101,74,6.2,4,No,Occasional,4,3.2,1,0,1,0,0
63,Female,159.3,66.1,26.05,139,80,113,71,5.9,4,Yes,Occasional,5,2.7,0,1,1,1,0
76,Male,175.2,98.2,31.99,137,86,125,87,5.6,2,No,Occasional,7,2.8,1,1,1,1,0
73,Male,175.0,84.8,27.69,133,82,63,76,8.5,7,No,Regular,1,2.5,0,0,1,1,0
57,Male,181.1,78.8,24.03,149,82,127,100,6.7,1,No,Never,9,2.3,1,0,1,0,0
42,Female,149.3,38.4,17.23,117,65,81,84,5.3,3,No,Occasional,6,2.7,0,0,1,0,0
57,Female,156.9,39.4,16.0,118,61,102,89,8.3,0,No,Regular,5,2.2,1,0,1,0,0
38,Male,174.2,107.1,35.29,148,105,115,65,6.4,3,No,Never,7,3.0,1,0,1,1,0
39,Male,140.0,52.6,26.84,132,78,127,86,5.5,2,No,Never,6,1.5,0,0,1,1,0
56,Male,170.9,67.1,22.97,124,82,88,81,9.2,3,No,Occasional,4,2.9,1,0,1,0,0
53,Female,176.6,85.4,27.38,138,65,102,76,5.4,4,Yes,Never,4,2.0,1,0,1,1,0
54,Male,160.2,54.3,21.16,126,75,99,87,5.3,2,No,Occasional,9,2.6,1,0,1,0,0
42,Female,161.7,62.3,23.83,126,69,69,67,6.9,3,No,Regular,2,1.2,0,0,1,0,0
43,Female,155.3,50.5,20.94,118,73,97,70,7.1,2,Yes,Never,5,2.4,1,0,0,0,0
18,Male,160.8,46.6,18.02,105,70,86,79,6.0,2,No,Regular,2,2.1,0,0,1,0,0
55,Female,161.1,41.5,15.99,128,70,91,98,4.0,2,No,Never,6,2.2,1,1,1,0,0
54,Female,159.2,45.8,18.07,127,72,119,73,6.7,4,Yes,Occasional,5,1.1,0,1,1,0,0
76,Female,158.6,78.4,31.17,145,83,101,72,5.6,5,No,Never,3,2.2,1,0,1,1,0
49,Male,163.3,55.6,20.85,118,71,61,60,6.4,4,No,Occasional,3,2.3,0,0,1,0,0
47,Female,163.2,74.9,28.12,141,72,84,82,5.7,5,Yes,Heavy,5,1.0,0,0,1,1,0
22,Female,184.7,100.7,29.52,122,83,105,75,5.3,2,No,Never,6,1.5,1,0,1,0,0
30,Female,162.1,66.2,25.19,113,66,106,67,6.7,4,No,Regular,1,2.3,0,0,1,0,0
39,Other,169.4,68.6,23.91,114,74,99,87,6.0,1,No,Occasional,4,2.5,1,0,1,1,0
41,Male,160.2,66.8,26.03,132,91,95,88,5.6,2,Yes,Heavy,6,2.2,0,0,1,1,0
40,Female,160.1,59.9,23.37,103,95,118,81,7.7,4,No,Occasional,8,2.2,1,0,1,0,0
42,Female,149.0,69.3,31.21,136,84,111,73,5.3,3,No,Occasional,7,2.2,1,0,1,0,0
66,Male,150.3,79.1,35.02,149,71,97,77,6.5,7,No,Regular,4,1.8,1,0,1,1,0
26,Male,153.9,75.8,32.0,141,83,129,80,6.5,0,Yes,Occasional,7,2.1,1,0,0,0,0
38,Male,167.8,45.1,16.02,117,78,86,88,4.6,4,No,Regular,5,1.3,0,0,1,0,0
28,Female,176.8,71.8,22.97,127,68,91,74,5.6,1,No,Never,1,1.8,0,0,1,1,0
37,Male,148.1,55.5,25.3,132,85,123,78,6.4,4,Yes,Never,8,2.2,1,0,0,1,0
61,Female,160.5,72.4,28.11,137,92,110,72,6.5,2,Yes,Occasional,6,3.0,1,0,1,1,0
20,Male,152.3,38.5,16.6,115,60,79,77,5.6,3,No,Never,6,2.1,0,0,1,0,0
39,Male,163.4,45.3,16.97,123,83,68,77,6.7,1,No,Occasional,5,3.5,0,0,1,0,0
19,Female,176.8,97.3,31.13,130,79,94,84,7.0,3,No,Regular,6,3.5,0,0,1,1,0
78,Male,161.5,61.7,23.66,134,81,99,70,7.4,2,No,Occasional,5,2.2,1,0,1,0,0
63,Female,165.5,51.5,18.8,138,78,104,92,7.5,1,Yes,Regular,5,1.9,0,0,1,0,0
33,Male,180.6,64.9,19.9,113,63,77,57,8.3,0,No,Occasional,4,3.7,0,0,1,0,0
30,Female,170.6,78.6,27.01,118,70,100,81,6.8,1,No,Never,5,2.7,1,0,1,0,0
24,Male,158.4,52.8,21.04,112,60,78,67,5.1,3,No,Never,3,2.5,0,0,1,0,0
47,Other,167.6,75.0,26.7,120,94,102,77,6.5,1,No,Heavy,3,1.7,1,0,1,1,0
65,Female,157.7,53.0,21.31,139,85,87,92,5.0,2,No,Occasional,6,1.9,1,0,1,0,0
54,Male,170.2,50.3,17.36,127,68,88,93,7.6,0,No,Regular,7,1.5,0,0,1,0,0
73,Male,171.2,96.8,33.03,142,96,98,74,8.5,7,No,Never,4,3.2,0,0,1,0,0
39,Male,152.3,63.2,27.25,128,87,102,90,6.8,1,No,Never,4,2.5,0,0,1,0,0
35,Female,167.8,66.6,23.65,115,72,92,92,8.4,1,Yes,Regular,2,2.0,0,0,1,0,0
48,Female,164.8,62.7,23.09,113,78,96,88,8.3,1,No,Occasional,2,1.9,1,0,1,1,0
30,Male,171.4,94.5,32.17,146,73,115,68,7.3,2,No,Occasional,2,1.6,1,0,1,1,0
79,Male,174.3,88.7,29.2,144,92,143,86,7.2,5,No,Occasional,7,2.2,1,0,1,1,0
29,Female,170.8,89.3,30.61,117,83,77,83,8.2,2,Yes,Occasional,1,2.3,1,0,1,1,0
48,Female,163.0,60.5,22.77,135,73,91,81,4.9,2,No,Regular,6,0.7,0,0,1,0,0
50,Female,175.3,79.5,25.87,119,68,88,87,7.0,3,No,Never,5,1.6,1,0,1,0,0
21,Male,157.3,66.4,26.84,125,73,101,80,7.2,4,No,Never,7,1.8,1,0,1,1,0
47,Female,152.8,53.5,22.91,139,78,106,67,4.7,5,No,Never,8,2.9,0,0,1,0,0
46,Other,140.0,49.1,25.05,121,83,77,86,9.1,5,No,Occasional,5,1.8,0,0,1,0,0
34,Male,165.3,61.3,22.43,131,77,97,76,7.8,4,No,Regular,8,1.0,1,0,0,0,0
26,Male,157.8,67.1,26.95,137,85,119,73,7.8,0,No,Occasional,9,1.5,1,1,1,0,0
20,Male,170.0,53.6,18.55,125,62,88,112,7.0,3,No,Heavy,8,3.3,0,0,0,1,0
18,Female,146.3,59.0,27.57,126,60,93,69,5.6,1,No,Occasional,4,2.0,0,0,1,0,0
48,Male,159.5,68.9,27.08,122,64,110,77,5.4,2,No,Occasional,1,1.5,1,1,1,1,0
23,Female,170.7,69.9,23.99,89,65,80,63,6.6,7,No,Occasional,5,1.1,1,0,0,0,0
78,Female,155.7,69.0,28.46,137,79,128,74,7.5,4,No,Regular,6,2.2,1,0,1,1,0
33,Female,170.1,67.8,23.43,110,70,94,65,7.7,2,No,Never,1,2.3,0,0,0,1,0
59,Female,160.4,58.2,22.62,145,85,94,74,8.8,3,Yes,Occasional,5,2.5,0,0,1,0,0
60,Male,165.7,78.2,28.48,141,81,82,74,6.6,6,No,Occasional,1,4.0,0,1,1,0,0
49,Female,172.0,84.1,28.43,126,65,112,106,5.9,3,No,Heavy,9,1.4,1,0,1,1,0
73,Male,175.5,73.2,23.77,152,100,92,82,6.6,1,No,Never,6,2.0,0,0,1,1,0
24,Female,166.9,61.6,22.11,112,76,70,66,5.3,2,Yes,Never,4,2.4,0,0,1,0,0
32,Female,157.9,60.6,24.31,111,74,88,69,8.5,4,No,Occasional,6,1.9,0,0,1,0,0
33,Female,161.4,58.7,22.53,107,73,93,75,6.3,1,No,Occasional,6,0.9,1,0,0,0,0
26,Female,172.4,96.1,32.33,135,77,93,82,6.9,2,No,Never,6,2.5,0,0,0,1,0
36,Male,155.8,65.0,26.78,120,84,98,75,7.7,2,No,Occasional,5,1.8,1,0,1,0,0
37,Female,164.2,68.4,25.37,142,71,93,103,5.6,5,Yes,Occasional,7,1.5,0,0,1,0,0
66,Female,162.1,56.6,21.54,122,80,90,77,7.2,0,No,Occasional,3,1.6,0,0,1,0,0
37,Female,165.0,78.5,28.83,135,88,100,85,6.7,3,No,Occasional,5,3.2,1,0,1,1,0
73,Male,155.9,56.5,23.25,127,83,117,84,7.6,3,No,Never,9,3.0,1,0,1,0,0
66,Male,147.5,49.8,22.89,142,81,94,77,6.7,3,No,Regular,5,1.5,1,0,1,1,0
74,Female,171.2,87.7,29.92,149,76,128,78,4.0,2,No,Occasional,6,1.1,1,0,1,1,0
24,Male,175.6,82.7,26.82,122,79,94,75,5.7,2,No,Occasional,3,2.8,1,1,1,1,0
80,Female,148.1,35.1,16.0,129,80,110,83,4.4,3,No,Occasional,10,3.5,1,0,1,0,0
56,Female,169.7,72.0,25.0,127,77,115,80,9.0,3,No,Never,6,3.7,0,0,1,0,0
79,Female,176.8,84.2,26.94,150,89,111,73,8.6,0,No,Occasional,3,1.3,1,1,1,1,0
40,Male,172.0,70.2,23.73,142,67,86,102,4.0,4,No,Occasional,8,3.1,0,0,1,0,0
78,Female,161.8,70.9,27.08,130,95,117,77,5.6,3,No,Never,3,2.2,1,1,1,1,0
55,Male,156.6,41.8,17.04,121,95,83,91,4.8,0,No,Regular,7,0.9,1,0,1,0,0
22,Male,166.8,44.5,15.99,100,62,60,82,6.7,3,No,Regular,8,1.6,0,0,1,0,0
43,Female,168.5,59.0,20.78,108,82,104,73,5.1,4,No,Occasional,10,1.7,1,0,1,0,0
26,Male,167.0,73.6,26.39,107,74,89,69,6.3,2,No,Occasional,6,2.5,0,0,1,1,0
77,Male,164.2,43.1,15.99,115,64,60,73,5.0,5,No,Occasional,5,1.3,0,0,1,0,0
37,Male,155.2,51.2,21.26,107,77,81,67,7.6,4,No,Occasional,1,2.8,0,0,1,0,0
32,Female,170.2,46.3,15.98,127,67,88,84,4.7,3,Yes,Never,4,2.5,0,0,1,0,0
52,Female,170.7,71.4,24.5,146,86,92,85,9.9,1,Yes,Occasional,4,2.9,1,0,1,0,0
44,Male,168.0,98.4,34.86,129,95,110,71,8.6,5,No,Occasional,5,1.8,1,0,1,1,0
24,Male,167.1,66.8,23.92,122,74,96,100,9.9,3,No,Occasional,4,2.5,0,0,1,1,0
69,Female,182.8,85.5,25.59,127,81,97,81,7.3,6,No,Regular,7,1.5,0,0,1,1,0
71,Male,159.8,77.1,30.19,147,79,111,74,8.7,5,Yes,Occasional,4,2.6,1,1,1,1,0
64,Female,178.8,83.4,26.09,140,74,120,76,7.7,3,No,Occasional,6,2.0,1,1,1,0,0
56,Female,158.7,62.3,24.74,151,76,111,84,5.4,3,No,Occasional,5,2.1,1,0,1,0,0
43,Female,177.1,93.8,29.91,141,80,110,79,6.3,3,Yes,Occasional,4,2.2,1,1,1,1,0
52,Female,178.3,88.8,27.93,120,85,83,87,7.3,1,No,Never,4,1.1,1,0,1,1,0
50,Female,163.1,71.9,27.03,144,73,118,83,8.1,0,No,Occasional,6,3.0,1,0,1,0,0
28,Female,182.6,81.4,24.41,131,68,88,79,6.5,4,No,Occasional,8,2.3,0,0,1,0,0
23,Male,170.7,67.9,23.3,119,67,92,60,7.5,5,No,Occasional,4,3.0,0,0,0,0,0
33,Male,157.2,73.2,29.62,120,79,85,90,6.3,1,No,Never,5,2.9,0,0,1,1,0
46,Female,162.3,63.0,23.92,128,77,113,71,6.1,2,No,Occasional,6,1.7,0,0,1,1,0
28,Male,177.3,97.4,30.98,129,77,95,86,4.9,2,No,Regular,5,2.0,1,0,1,1,0
24,Female,175.2,61.2,19.94,123,60,83,65,7.6,3,No,Occasional,1,1.2,0,0,0,0,0
71,Female,155.4,79.8,33.04,160,94,142,91,6.0,0,No,Occasional,6,3.0,1,0,1,1,0
41,Female,164.6,75.0,27.68,142,83,105,83,5.3,3,No,Never,2,2.4,1,0,1,0,0
54,Male,168.0,59.5,21.08,113,74,95,65,6.2,3,No,Occasional,2,2.3,1,0,1,0,0
51,Male,160.9,72.7,28.08,132,76,109,68,7.3,0,No,Never,2,2.0,1,0,1,0,0
64,Female,189.6,82.2,22.87,124,63,79,96,7.5,4,No,Heavy,5,1.6,0,0,1,0,0
64,Male,168.3,74.0,26.13,144,91,125,79,6.6,2,No,Never,3,3.0,1,0,1,0,0
36,Female,165.4,62.8,22.96,127,69,104,78,8.3,3,No,Regular,2,3.5,1,0,1,0,0
71,Female,177.9,80.7,25.5,144,91,103,69,8.5,2,No,Occasional,6,3.1,1,0,1,1,0
41,Female,162.3,78.8,29.92,132,90,60,68,6.3,3,No,Occasional,5,2.1,0,0,1,1,0
70,Female,176.1,88.7,28.6,148,90,130,83,7.8,3,No,Occasional,7,2.5,1,0,1,1,0
43,Male,149.3,44.7,20.05,114,84,63,81,5.9,0,Yes,Never,4,2.9,0,1,1,0,0
24,Male,161.5,51.8,19.86,105,74,90,69,5.1,3,No,Never,5,2.3,0,0,1,0,0
65,Female,176.5,85.0,27.29,143,85,100,89,5.4,3,Yes,Occasional,7,3.5,1,0,1,0,0
19,Male,181.7,87.5,26.5,111,61,95,54,5.9,5,No,Occasional,2,3.0,0,0,0,1,0
66,Male,158.3,57.1,22.79,129,86,82,82,6.2,4,Yes,Occasional,4,4.0,0,1,1,0,0
20,Male,157.1,80.2,32.5,120,67,109,73,9.0,3,No,Heavy,7,2.3,1,0,1,0,0
31,Male,171.7,85.7,29.07,109,73,76,83,6.0,4,No,Never,5,0.7,1,0,1,0,0
56,Female,159.8,58.2,22.79,130,70,95,77,6.2,4,No,Occasional,5,2.2,1,0,1,1,0
77,Male,163.3,60.9,22.84,118,81,98,78,6.9,6,No,Never,5,2.0,1,0,1,0,0
43,Female,174.8,74.4,24.35,141,80,115,99,4.8,0,No,Occasional,8,2.3,0,0,1,0,0
25,Male,160.6,60.4,23.42,122,69,87,75,6.9,0,No,Never,5,3.4,1,0,1,0,0
32,Female,146.3,66.8,31.21,140,76,113,70,7.5,2,No,Regular,5,1.8,0,0,1,0,0
74,Male,153.0,72.5,30.97,138,99,113,88,8.6,3,No,Occasional,5,1.7,1,0,1,1,0
63,Female,166.1,72.1,26.13,145,69,103,82,8.6,7,No,Occasional,2,1.8,0,0,1,0,0
24,Male,147.4,61.3,28.21,141,71,102,87,7.1,6,No,Never,6,3.6,1,0,0,1,0
42,Female,163.0,78.0,29.36,130,82,119,54,6.6,2,No,Occasional,3,1.9,1,0,1,0,0
34,Male,152.1,59.0,25.5,122,72,75,78,6.7,4,No,Never,3,2.4,0,0,1,0,0
29,Male,182.4,89.9,27.02,113,74,87,58,7.5,6,No,Occasional,1,3.4,0,0,1,0,0
71,Male,187.7,102.2,29.01,152,91,118,83,6.9,1,No,Occasional,2,2.6,0,1,1,0,0
56,Female,155.4,67.9,28.12,140,88,132,69,6.9,2,No,Never,1,0.7,1,0,1,1,0
29,Female,168.6,60.7,21.35,95,70,115,72,5.7,2,No,Never,3,1.9,0,0,1,1,0
58,Male,156.4,55.2,22.57,117,77,74,71,7.6,4,No,Never,4,1.8,0,1,1,0,0
44,Male,162.9,63.9,24.08,130,77,89,77,6.8,4,No,Occasional,8,1.1,1,0,1,0,0
21,Female,184.0,72.8,21.5,120,63,60,67,5.8,2,No,Never,5,1.9,0,0,1,0,0
46,Female,161.3,48.0,18.45,120,73,120,77,8.5,2,No,Never,6,0.7,1,0,0,0,0
29,Male,163.1,75.4,28.34,110,66,109,84,6.7,3,No,Never,8,2.4,0,0,1,1,0
33,Female,156.6,65.9,26.87,123,74,101,82,5.2,4,No,Never,1,2.2,0,0,1,0,0
73,Female,177.5,62.3,19.77,143,59,86,79,7.8,7,No,Occasional,6,1.7,1,0,1,0,0
62,Female,140.0,48.5,24.74,108,70,101,74,5.8,5,No,Occasional,6,1.0,1,0,1,0,0
26,Male,161.6,63.0,24.12,136,83,112,84,6.0,2,Yes,Never,7,3.1,0,0,1,0,0
71,Male,165.5,74.0,27.02,152,82,88,45,6.8,4,No,Occasional,1,1.8,1,0,1,0,0
54,Male,159.4,52.2,20.54,133,74,75,73,7.9,2,No,Occasional,4,2.9,0,0,1,0,0
73,Female,174.6,60.1,19.71,132,75,87,79,6.8,4,Yes,Occasional,3,2.1,0,1,1,0,0
65,Male,178.0,90.3,28.5,146,75,109,68,7.7,2,No,Heavy,2,3.1,1,0,1,1,0
39,Female,151.9,41.5,17.99,119,69,98,84,4.3,2,No,Occasional,10,2.6,1,1,1,0,0
51,Female,186.9,85.7,24.53,128,78,93,49,5.4,6,No,Occasional,4,2.3,0,0,1,0,0
51,Female,151.8,55.5,24.09,133,77,91,71,6.6,1,No,Occasional,7,1.7,0,0,1,1,0
63,Male,178.9,81.2,25.37,140,67,104,74,5.6,1,No,Occasional,7,3.0,1,1,1,1,0
33,Male,167.5,74.1,26.41,112,64,97,65,6.7,3,No,Never,2,2.1,1,0,0,1,0
38,Male,161.0,85.5,32.98,130,75,123,50,7.7,2,No,Never,4,1.7,1,0,1,1,0
33,Female,161.9,45.9,17.51,127,66,96,77,5.7,2,No,Regular,5,2.1,0,0,0,0,0
36,Female,165.7,80.9,29.46,119,74,98,75,5.7,6,No,Regular,6,2.2,1,0,1,0,0
28,Male,168.1,45.2,16.0,87,58,65,83,6.8,3,No,Heavy,6,2.8,0,0,0,0,0
20,Female,156.8,77.6,31.56,163,82,95,80,4.0,4,No,Occasional,9,1.0,0,0,1,0,0
77,Male,163.7,44.2,16.49,128,64,106,91,7.8,5,Yes,Regular,7,3.7,0,1,1,0,0
22,Male,158.3,91.8,36.63,127,73,106,92,6.7,7,No,Occasional,7,2.5,1,0,1,1,0
73,Male,153.8,57.5,24.31,133,86,94,67,6.7,4,No,Occasional,7,2.2,0,0,1,1,0
18,Female,157.8,77.2,31.0,128,82,111,73,5.8,2,No,Regular,8,2.5,1,0,1,1,0
66,Male,154.5,74.5,31.21,137,83,142,80,7.6,2,No,Heavy,4,1.2,1,0,1,0,1
38,Male,161.8,60.8,23.22,133,78,77,78,6.7,2,No,Occasional,2,2.3,1,0,1,0,0
50,Female,170.3,69.3,23.89,122,76,103,63,8.3,4,No,Regular,4,2.6,1,0,1,0,0
35,Female,167.2,59.4,21.25,105,71,80,90,4.8,1,No,Regular,2,2.0,1,0,0,0,0
48,Male,185.7,101.2,29.35,105,84,110,68,6.9,1,No,Occasional,3,2.5,0,0,1,1,0
46,Male,143.9,48.6,23.47,137,79,110,79,6.7,2,No,Occasional,6,2.7,1,0,1,0,0
51,Female,170.7,63.3,21.72,116,82,109,80,7.2,4,No,Never,4,1.7,1,0,1,0,0
42,Male,166.1,77.3,28.02,145,82,101,102,8.3,1,Yes,Heavy,7,3.0,1,0,1,1,0
51,Male,174.2,64.8,21.35,126,79,109,79,4.9,0,Yes,Never,6,2.2,1,0,1,1,0
70,Female,173.2,73.6,24.53,139,82,110,87,4.9,2,No,Never,6,3.4,1,1,1,0,0
45,Male,164.4,70.3,26.01,125,75,104,73,6.4,3,No,Occasional,3,3.1,1,0,1,0,0
40,Female,167.7,62.7,22.29,134,88,107,66,4.5,3,Yes,Occasional,3,2.5,0,0,1,1,0
26,Male,158.6,57.0,22.66,114,73,76,67,9.9,1,No,Never,1,1.7,0,0,1,0,0
40,Male,172.1,97.0,32.75,126,77,127,71,7.7,3,No,Never,7,2.1,1,1,1,1,0
25,Male,147.2,52.0,24.0,144,63,97,92,6.9,4,No,Regular,10,2.9,1,0,1,0,0
29,Male,173.8,70.6,23.37,123,84,111,68,7.6,2,No,Occasional,6,1.8,1,0,1,0,0
77,Male,165.8,70.0,25.46,134,81,118,86,8.2,1,No,Heavy,6,2.5,1,0,1,1,0
23,Male,161.1,70.4,27.13,122,76,95,77,6.0,2,No,Regular,4,2.6,1,0,1,1,0
48,Female,163.7,55.2,20.6,127,74,106,83,6.2,1,No,Occasional,5,2.1,1,0,1,0,0
70,Female,164.4,76.2,28.19,153,92,111,87,6.9,0,No,Occasional,8,1.7,1,0,1,1,0
78,Male,179.0,88.3,27.56,148,80,108,71,6.1,2,No,Never,5,3.2,1,1,1,1,0
27,Female,198.3,64.7,16.45,107,66,63,82,5.4,5,No,Heavy,7,2.5,0,0,1,0,0
28,Female,178.2,107.0,33.7,148,80,110,88,5.8,0,No,Occasional,8,2.0,1,0,1,0,0
41,Female,160.3,83.3,32.42,157,108,80,88,6.9,0,Yes,Regular,8,1.7,1,0,1,1,0
52,Male,172.3,64.8,21.83,131,69,86,101,7.8,3,No,Heavy,5,2.8,0,0,1,0,0
78,Male,172.7,62.4,20.92,114,81,96,66,5.0,5,No,Never,6,2.2,1,1,1,1,0
31,Male,156.7,64.4,26.23,99,91,103,76,6.5,6,No,Regular,4,2.8,0,0,1,0,0
28,Male,153.4,42.9,18.23,103,76,68,86,6.6,2,No,Regular,6,1.6,0,0,0,0,0
33,Male,165.4,86.9,31.76,127,78,100,73,5.0,3,No,Occasional,4,2.4,0,0,1,1,0
73,Female,174.1,72.6,23.95,131,82,104,83,7.2,2,No,Regular,6,1.9,0,1,1,0,0
19,Female,149.9,73.3,32.62,129,79,125,95,6.3,1,Yes,Occasional,8,3.3,1,1,1,1,0
41,Male,158.8,54.1,21.45,119,83,90,72,5.8,2,No,Occasional,2,2.4,0,0,1,0,0
25,Male,171.7,72.1,24.46,106,69,95,68,6.4,1,No,Never,1,1.6,1,0,1,1,0
27,Male,166.4,86.2,31.13,113,82,122,84,7.4,1,Yes,Occasional,5,2.8,1,0,1,1,0
75,Male,180.2,80.2,24.7,138,82,120,85,7.8,0,Yes,Regular,7,3.0,1,1,1,0,0
18,Female,151.9,60.3,26.13,111,70,85,92,7.0,3,No,Never,6,2.0,0,0,1,0,0
38,Male,189.5,109.8,30.58,126,78,131,82,9.2,3,No,Occasional,3,1.7,1,0,1,1,0
75,Female,150.6,53.5,23.59,149,89,79,83,7.9,2,No,Never,7,0.8,1,1,1,0,0
56,Female,145.7,41.9,19.74,134,79,112,81,7.1,1,No,Occasional,9,2.9,1,0,1,0,0
22,Female,165.4,49.0,17.91,85,73,83,72,6.0,2,No,Occasional,3,1.1,0,0,0,0,0
47,Female,154.7,67.8,28.33,155,68,126,78,8.2,1,Yes,Regular,4,2.2,1,1,1,1,0
79,Female,165.6,77.4,28.22,144,95,112,78,5.7,2,No,Never,5,1.1,1,0,1,1,0
43,Male,165.3,83.5,30.56,139,73,100,67,7.6,4,Yes,Never,5,3.4,0,1,1,1,0
51,Male,164.0,65.5,24.35,135,85,89,81,4.0,1,No,Never,8,3.1,1,0,1,0,0
51,Female,157.6,46.7,18.8,113,51,74,71,6.0,2,No,Regular,6,2.4,1,0,1,0,0
59,Male,170.3,46.4,16.0,132,76,82,78,5.0,2,Yes,Occasional,5,2.9,0,1,1,0,0
29,Female,162.8,103.0,38.86,121,91,110,93,6.4,2,No,Never,4,2.1,1,0,1,1,0
70,Male,177.0,89.8,28.66,153,76,100,70,5.0,2,No,Never,2,1.7,1,1,1,0,0
80,Male,164.2,72.9,27.04,156,89,100,90,6.5,3,Yes,Never,8,1.1,1,1,1,0,0
26,Male,156.4,64.5,26.37,123,79,111,77,7.1,5,No,Occasional,7,2.7,0,0,1,1,0
69,Female,149.1,42.7,19.21,132,80,82,83,5.9,3,No,Occasional,5,1.5,1,0,1,0,0
69,Male,164.3,60.2,22.3,127,67,105,75,6.2,4,No,Occasional,6,3.8,1,1,1,0,0
64,Male,153.3,80.7,34.34,162,94,123,74,7.0,2,No,Never,5,1.5,1,1,1,1,0
41,Male,152.5,66.4,28.55,118,87,105,64,7.0,3,No,Occasional,1,2.9,1,0,1,1,0
47,Female,171.3,64.2,21.88,110,81,86,66,8.6,2,No,Occasional,2,3.0,0,0,1,0,0
70,Other,148.2,44.4,20.22,125,64,101,86,5.8,7,No,Never,5,1.3,1,0,1,0,0
27,Male,180.1,73.2,22.57,95,60,91,76,7.4,7,No,Never,5,1.9,0,0,0,0,0
70,Female,167.6,69.1,24.6,133,82,126,75,7.0,1,No,Never,5,2.1,1,1,1,0,0
76,Male,165.6,99.0,36.1,164,97,127,94,4.4,2,No,Occasional,9,4.5,1,0,1,1,0
60,Female,155.7,60.5,24.96,142,86,93,91,6.8,1,No,Occasional,5,2.0,0,0,1,1,0
39,Male,173.6,59.2,19.64,122,69,80,76,6.7,2,Yes,Occasional,4,1.5,0,0,1,0,0
53,Female,166.0,70.0,25.4,121,77,103,75,6.1,3,No,Occasional,5,2.5,0,0,0,1,0
21,Female,159.1,66.2,26.15,108,63,95,69,9.2,5,No,Never,2,1.5,0,0,0,0,0
76,Female,168.0,56.8,20.12,126,71,88,73,8.2,3,No,Regular,6,2.2,0,1,1,0,0
39,Male,149.2,60.7,27.27,130,82,102,75,5.8,4,Yes,Occasional,4,1.9,0,0,1,0,0
21,Female,149.6,68.7,30.7,118,75,100,74,7.4,4,No,Never,6,2.5,0,0,1,1,0
68,Female,154.8,64.1,26.75,128,84,104,76,7.6,3,No,Regular,5,1.8,0,0,1,1,0
59,Male,169.5,63.3,22.03,123,76,96,110,6.9,3,Yes,Occasional,5,1.7,0,1,1,0,0
57,Female,166.0,64.1,23.26,106,79,117,68,5.2,7,No,Occasional,7,2.9,1,1,1,1,0
21,Female,176.5,52.8,16.95,118,59,90,69,5.3,2,No,Occasional,7,2.4,0,0,1,0,0
65,Male,156.8,62.3,25.34,144,78,123,93,7.0,5,No,Regular,10,2.2,1,0,1,1,0
58,Female,171.7,80.5,27.31,126,74,116,84,7.2,2,No,Never,7,0.9,1,0,1,1,0
67,Male,164.9,59.1,21.73,144,83,124,80,6.3,3,Yes,Never,5,2.6,1,0,1,1,0
70,Female,156.6,86.9,35.44,147,98,135,80,8.4,6,No,Regular,4,1.9,1,0,1,1,0
31,Male,169.9,83.6,28.96,113,79,81,67,8.5,4,No,Regular,6,2.4,0,0,1,1,0
31,Male,165.3,45.2,16.54,101,68,92,88,8.2,3,No,Regular,9,1.0,0,0,1,0,0
76,Female,159.7,45.3,17.76,130,76,101,81,8.4,2,No,Never,7,2.4,1,1,1,0,0
51,Female,166.4,57.9,20.91,131,70,102,79,6.8,1,No,Occasional,4,2.3,1,0,1,0,0
45,Female,164.7,89.7,33.07,149,93,98,84,5.0,0,No,Occasional,6,2.1,1,1,1,1,0
36,Other,164.5,80.0,29.56,131,85,85,106,6.2,3,Yes,Never,6,1.6,1,0,1,0,0
58,Male,161.9,88.1,33.61,152,75,122,79,6.3,3,No,Never,8,3.0,1,1,1,1,0
65,Male,153.0,61.0,26.06,137,89,82,73,5.8,2,No,Regular,6,1.7,1,0,1,1,0
18,Male,166.7,66.2,23.82,102,62,95,80,6.1,6,No,Never,6,2.8,0,0,0,0,0
52,Male,158.0,49.1,19.67,127,66,87,82,5.4,4,No,Never,3,2.9,0,0,1,1,0
80,Female,155.8,68.1,28.06,150,89,148,71,7.4,2,No,Never,7,1.7,1,1,1,0,0
35,Female,163.6,65.1,24.32,121,66,94,74,9.0,4,No,Occasional,2,2.7,0,0,1,0,0
35,Female,173.3,72.5,24.14,120,95,109,76,9.7,0,Yes,Occasional,5,1.9,1,1,1,0,0
73,Male,167.9,95.8,33.98,147,87,135,66,7.1,1,No,Never,4,2.6,1,1,1,1,0
21,Male,160.7,62.7,24.28,130,79,91,80,6.6,2,Yes,Regular,4,1.6,0,0,1,1,0
43,Female,160.3,81.8,31.83,132,69,113,73,6.5,5,No,Never,7,2.1,1,1,1,1,0
46,Male,172.4,53.2,17.9,113,66,83,66,8.4,3,No,Occasional,5,2.3,0,0,1,0,0
68,Male,142.0,78.6,38.98,150,92,95,69,8.7,2,Yes,Never,1,2.2,1,0,1,1,0
26,Male,174.0,70.3,23.22,128,84,110,82,6.4,0,Yes,Occasional,5,2.4,1,0,1,0,0
45,Male,147.3,62.7,28.9,121,71,124,83,8.3,2,No,Heavy,4,1.7,1,1,1,1,0
27,Male,151.8,67.3,29.21,131,86,119,74,6.7,3,No,Occasional,8,1.8,1,0,0,1,0
67,Female,160.9,61.3,23.68,119,77,99,73,5.9,4,No,Never,3,2.7,0,0,1,0,0
57,Male,187.7,104.7,29.72,143,88,117,72,6.1,2,No,Heavy,10,1.9,1,1,1,1,0
49,Female,182.8,99.5,29.78,147,73,89,74,8.7,7,No,Occasional,7,1.9,1,0,1,0,0
42,Female,173.1,65.9,21.99,124,66,72,84,7.6,3,No,Occasional,5,1.7,0,0,1,0,0
27,Female,169.6,62.4,21.69,118,59,79,79,6.1,1,Yes,Regular,4,1.9,0,0,1,0,0
76,Male,147.4,57.6,26.51,146,82,109,78,8.0,5,No,Occasional,4,1.5,1,1,1,0,0
58,Male,167.6,71.0,25.28,123,81,106,60,7.5,5,No,Occasional,6,2.7,0,0,1,1,0
38,Male,160.5,82.5,32.03,117,74,96,60,6.4,7,No,Never,4,1.9,0,0,1,1,0
44,Male,157.8,71.8,28.83,129,68,88,84,5.8,2,No,Never,5,1.5,1,0,1,1,0
63,Male,167.5,71.9,25.63,154,81,97,88,5.5,0,Yes,Regular,3,2.1,1,0,1,1,0
63,Female,161.3,75.1,28.86,159,90,112,103,4.5,3,Yes,Occasional,7,1.3,1,1,1,1,0
47,Male,174.7,48.8,15.99,118,75,60,92,5.8,2,Yes,Regular,6,1.6,0,0,0,1,0
37,Male,146.6,48.0,22.33,112,74,89,84,6.6,5,No,Occasional,4,3.1,1,0,1,0,0
59,Male,166.8,75.8,27.24,142,70,134,72,8.3,1,No,Regular,5,1.5,1,1,1,1,0
59,Female,157.2,77.1,31.2,167,81,97,77,7.8,6,Yes,Occasional,4,2.1,0,1,1,1,0
55,Female,161.9,70.0,26.71,128,77,135,64,6.9,5,No,Occasional,6,3.6,1,0,1,0,0
22,Female,169.0,91.2,31.93,142,83,90,86,4.5,5,Yes,Never,3,2.4,0,0,1,1,0
47,Female,154.8,71.2,29.71,144,80,106,82,6.9,4,Yes,Never,7,1.9,1,0,1,1,0
56,Female,167.6,65.8,23.42,136,80,105,83,4.6,4,No,Occasional,6,0.9,0,0,1,0,0
77,Female,163.9,68.8,25.61,152,76,110,58,7.9,1,No,Occasional,4,2.3,1,0,1,1,0
51,Male,159.4,70.2,27.63,138,82,84,60,7.7,2,No,Never,7,1.7,1,1,1,0,0
39,Female,161.3,60.4,23.21,119,70,95,93,6.7,5,No,Occasional,6,2.6,0,1,1,0,0
53,Female,164.5,89.4,33.04,142,83,115,109,7.9,4,Yes,Occasional,3,1.8,0,0,1,1,0
29,Male,158.3,49.6,19.79,118,87,82,86,7.7,3,No,Occasional,8,2.4,0,1,1,0,0
23,Female,166.1,73.0,26.46,133,72,91,89,7.2,3,Yes,Occasional,1,3.1,0,0,0,1,0
60,Male,163.2,78.3,29.4,157,81,123,78,6.3,2,No,Never,8,2.6,1,0,1,1,0
80,Female,159.9,63.6,24.87,151,71,93,62,5.0,4,No,Occasional,5,1.3,1,1,1,0,0
71,Male,181.9,78.0,23.57,132,87,113,96,6.1,3,No,Occasional,7,2.3,1,0,1,1,0
54,Female,170.2,73.5,25.37,123,73,91,78,5.2,6,No,Occasional,8,2.8,0,0,1,0,0
20,Female,162.2,75.7,28.77,113,74,122,75,5.5,2,No,Occasional,4,1.2,1,0,0,1,0
80,Male,167.5,67.3,23.99,145,78,119,94,5.9,4,Yes,Never,4,3.3,1,1,1,0,0
46,Male,155.7,49.4,20.38,132,77,78,79,4.2,1,No,Regular,6,2.3,1,1,0,0,0
36,Male,161.6,80.4,30.79,120,82,121,61,8.1,5,No,Heavy,3,2.6,0,0,1,1,0
74,Male,162.8,74.6,28.15,151,98,122,73,7.0,1,Yes,Never,5,2.0,1,1,1,1,0
65,Other,153.5,72.7,30.85,148,82,123,76,8.2,3,No,Never,4,2.2,1,0,1,1,0
65,Female,169.9,85.6,29.65,134,77,107,80,7.9,4,No,Regular,3,1.6,1,1,1,0,0
35,Male,160.9,92.5,35.73,136,78,113,74,7.4,2,No,Occasional,4,3.2,1,0,1,1,0
80,Male,162.4,83.7,31.74,165,89,122,82,7.5,2,No,Never,7,3.4,1,0,1,1,0
46,Other,160.3,56.7,22.07,123,76,79,73,6.7,4,No,Occasional,7,3.6,1,1,1,0,0
51,Male,195.6,106.8,27.91,130,85,75,75,8.3,5,Yes,Regular,5,1.1,0,0,1,0,0
65,Female,159.4,59.3,23.34,134,73,92,93,6.1,2,No,Never,5,2.4,0,0,0,1,0
59,Male,145.3,50.0,23.68,142,83,91,83,6.7,2,Yes,Occasional,5,2.5,1,1,1,1,0
28,Male,150.0,41.2,18.31,135,61,60,67,6.7,4,Yes,Regular,1,1.7,0,0,1,0,0
37,Female,173.6,72.1,23.92,132,70,99,87,9.4,4,No,Never,3,2.4,0,0,1,1,0
40,Male,179.4,90.1,27.99,165,90,112,81,5.8,1,No,Regular,7,1.3,1,1,1,1,0
77,Female,159.2,65.9,26.0,136,84,99,83,8.1,6,Yes,Heavy,8,3.2,1,1,1,0,0
63,Male,178.8,66.1,20.68,138,68,87,71,5.2,3,No,Occasional,3,1.2,1,1,1,1,0
41,Female,173.4,54.4,18.09,141,78,91,75,6.6,2,Yes,Occasional,8,2.4,1,1,1,0,0
64,Female,164.1,97.2,36.1,143,90,108,65,6.6,7,No,Occasional,3,2.7,0,0,1,1,0
64,Female,163.4,73.5,27.53,130,73,66,75,5.5,5,No,Occasional,4,1.8,1,0,1,0,0
42,Male,167.8,60.5,21.49,125,62,106,72,5.9,4,No,Never,5,3.1,1,0,1,0,0
43,Female,174.8,84.5,27.66,128,73,105,89,7.3,1,No,Never,5,1.0,1,0,1,1,0
74,Other,170.0,106.2,36.75,144,87,135,68,6.4,2,No,Never,4,2.2,1,1,1,1,0
53,Male,159.2,72.7,28.68,120,90,110,81,5.4,4,No,Occasional,6,1.1,0,0,1,1,0
27,Male,164.3,43.2,16.0,89,55,60,74,7.7,5,No,Occasional,7,1.7,0,0,1,0,0
63,Female,185.8,133.5,38.67,157,78,115,83,6.9,5,Yes,Regular,2,1.9,1,0,0,1,0
55,Male,168.5,47.9,16.87,126,73,85,93,7.0,3,No,Occasional,6,1.8,1,0,1,0,0
50,Female,174.7,75.2,24.64,131,79,103,101,7.9,0,Yes,Occasional,7,3.0,1,1,1,1,0
63,Female,171.4,60.3,20.53,133,69,79,79,8.7,1,No,Occasional,4,1.4,0,0,1,0,0
75,Male,168.7,64.6,22.7,140,84,107,77,4.0,2,No,Occasional,4,1.2,0,0,1,0,0
38,Female,167.1,74.5,26.68,129,77,109,75,6.7,1,No,Occasional,3,1.9,1,0,1,0,0
44,Female,175.0,49.0,16.0,123,77,78,76,4.2,4,No,Never,10,2.3,0,0,0,0,0
29,Male,173.2,74.0,24.67,129,82,117,97,9.8,0,No,Never,9,2.5,1,0,1,1,0
58,Female,168.6,89.1,31.34,155,75,125,60,6.9,2,No,Never,5,2.9,1,1,1,1,0
43,Male,159.1,54.2,21.41,137,67,101,86,7.7,2,Yes,Heavy,8,0.8,0,1,0,1,0
39,Male,169.9,53.9,18.67,99,76,73,89,6.0,4,No,Heavy,4,3.3,0,0,1,0,0
61,Female,165.3,68.9,25.22,150,77,99,61,6.3,4,No,Occasional,5,1.7,0,0,1,1,0
43,Male,162.9,63.2,23.82,113,95,107,79,8.2,2,No,Occasional,3,2.0,0,0,1,0,0
47,Female,192.8,84.4,22.71,130,85,72,86,7.7,0,Yes,Occasional,1,2.2,0,0,1,0,1
45,Male,150.6,44.9,19.8,141,80,64,69,8.9,4,No,Occasional,4,0.8,0,0,1,0,0
34,Male,175.6,85.5,27.73,129,68,94,66,5.7,3,No,Never,4,1.9,0,0,1,1,0
25,Male,157.4,69.0,27.85,114,74,99,64,6.3,3,No,Never,6,2.8,0,0,1,1,0
70,Female,167.3,58.8,21.01,136,84,98,77,7.2,3,No,Never,7,2.6,0,0,1,0,0
23,Female,191.7,75.3,20.49,115,67,90,70,7.5,3,No,Heavy,5,1.9,0,0,1,0,0
38,Female,156.4,63.5,25.96,125,75,101,62,7.4,2,No,Occasional,3,2.3,0,0,1,1,0
60,Other,158.8,53.6,21.26,127,80,94,89,5.1,3,Yes,Occasional,4,2.5,1,0,1,0,0
26,Female,165.8,71.2,25.9,112,71,97,79,5.2,2,No,Regular,9,2.0,1,0,1,0,0
59,Female,157.5,81.6,32.89,135,80,135,87,7.0,2,No,Occasional,7,2.5,1,0,1,1,0
64,Female,174.8,78.5,25.69,132,81,128,77,4.5,2,No,Occasional,8,1.7,1,0,1,1,0
59,Female,160.7,51.7,20.02,140,73,91,89,5.3,4,No,Regular,9,1.6,1,0,1,0,0
37,Female,172.5,80.9,27.19,122,75,108,85,6.8,1,Yes,Never,4,2.0,0,0,1,1,0
19,Female,152.7,56.0,24.02,121,73,92,94,5.6,0,No,Never,7,0.7,0,1,1,1,0
73,Male,147.9,55.7,25.46,150,71,86,59,7.1,3,No,Occasional,3,2.7,1,0,1,0,0
38,Female,163.7,74.0,27.61,143,87,80,81,6.3,3,Yes,Never,8,2.3,1,0,1,0,0
68,Female,150.3,66.4,29.39,160,89,135,91,5.6,2,No,Occasional,7,2.1,1,1,1,1,0
30,Male,181.2,83.1,25.31,110,75,102,64,6.1,3,No,Regular,1,2.7,0,0,1,1,0
28,Male,150.7,56.3,24.79,130,69,97,78,8.2,5,Yes,Regular,6,2.5,0,0,1,1,0
67,Female,155.6,87.1,35.97,159,79,138,77,7.3,4,No,Never,3,2.9,1,0,1,1,0
77,Male,170.1,92.8,32.07,162,98,113,77,7.0,1,No,Never,5,3.2,1,1,1,1,0
72,Male,160.1,77.3,30.16,151,82,127,75,6.8,4,No,Heavy,4,2.4,1,1,1,1,0
65,Male,150.8,60.6,26.65,128,86,116,81,5.4,2,No,Regular,7,1.7,1,0,1,1,0
33,Male,186.4,70.8,20.38,119,61,77,72,6.1,3,No,Never,4,2.7,0,0,1,0,0
75,Female,156.0,77.1,31.68,161,89,87,68,4.0,0,Yes,Regular,2,1.7,0,1,1,1,0
60,Female,164.0,71.5,26.58,133,88,85,73,6.0,2,No,Regular,4,1.7,0,0,1,1,0
28,Other,163.9,59.9,22.3,111,73,117,85,5.9,1,No,Never,5,2.0,0,0,1,1,0
26,Female,173.1,71.5,23.86,122,70,117,76,7.3,3,No,Occasional,6,3.0,0,0,1,1,0
72,Female,170.6,62.7,21.54,125,83,81,88,5.7,3,No,Regular,8,2.7,1,1,1,0,0
35,Male,157.7,75.4,30.32,126,81,78,76,7.6,3,No,Occasional,6,2.8,0,0,1,0,0
66,Female,162.7,77.6,29.31,161,103,137,92,6.2,2,Yes,Occasional,7,2.3,1,1,1,1,0
26,Male,163.7,69.4,25.9,129,73,93,73,6.7,5,No,Heavy,7,2.6,0,0,1,0,0
35,Male,173.5,75.4,25.05,123,76,81,66,6.5,7,No,Regular,7,2.6,0,0,1,0,0
35,Female,154.3,52.3,21.97,113,71,71,88,7.3,5,No,Never,8,1.8,0,0,1,0,0
35,Female,186.2,55.5,16.01,104,63,65,78,7.8,2,No,Occasional,10,2.6,0,0,1,0,0
60,Male,158.4,47.9,19.09,119,78,113,76,5.3,2,No,Regular,7,2.2,1,0,1,0,0
75,Female,165.9,62.4,22.67,153,72,104,82,8.8,5,Yes,Never,6,1.9,0,1,1,0,0
75,Male,154.4,52.4,21.98,132,83,69,57,5.7,5,No,Never,4,2.0,0,0,1,0,0
64,Male,153.0,64.1,27.38,137,72,99,74,6.4,3,No,Regular,6,1.8,1,1,1,0,0
30,Male,157.3,71.8,29.02,129,71,128,76,5.8,4,No,Regular,8,2.0,0,0,1,0,0
78,Male,156.3,62.8,25.71,151,77,110,75,8.7,4,Yes,Never,3,2.2,1,0,1,1,0
52,Female,161.9,85.0,32.43,133,89,98,81,5.1,3,No,Never,8,2.6,1,0,1,1,0
52,Male,156.2,53.5,21.93,118,66,83,71,7.7,3,No,Regular,4,3.2,0,0,1,1,0
62,Female,173.0,75.6,25.26,140,82,102,76,4.0,3,No,Never,5,2.6,1,0,1,0,0
66,Male,158.2,64.5,25.77,141,77,123,94,7.6,2,No,Never,6,2.3,1,1,1,0,0
78,Female,157.1,77.9,31.56,161,86,120,98,6.5,2,No,Regular,4,0.9,1,0,1,1,0
54,Female,162.1,68.9,26.22,139,74,124,83,6.2,4,No,Regular,6,3.8,1,0,1,1,0
56,Female,175.9,81.7,26.41,121,93,104,69,6.0,4,No,Occasional,3,1.7,0,0,1,1,0
64,Male,168.1,51.0,18.05,91,62,60,72,6.5,4,No,Occasional,7,1.8,1,0,1,0,0
34,Female,165.0,56.9,20.9,119,75,97,74,6.2,2,No,Occasional,6,3.0,1,0,1,0,0
37,Female,151.7,70.3,30.55,123,80,108,78,4.8,1,No,Never,5,1.5,1,0,1,1,0
57,Male,154.6,38.2,15.98,123,66,76,89,5.6,3,No,Heavy,6,2.4,0,0,1,0,0
22,Male,153.2,73.6,31.36,144,81,114,71,7.7,1,No,Occasional,5,1.9,0,0,1,1,0
38,Male,179.1,88.9,27.71,115,69,96,80,6.1,5,No,Occasional,6,2.0,1,0,1,0,0
63,Male,171.3,65.6,22.36,140,72,98,75,5.7,5,Yes,Occasional,5,2.2,1,0,1,0,0
79,Male,157.4,55.4,22.36,141,69,90,82,6.8,6,No,Occasional,5,1.4,1,0,1,0,0
50,Male,160.4,89.3,34.71,143,83,108,68,7.6,2,No,Never,1,2.1,1,0,0,0,0
43,Male,157.7,80.1,32.21,152,84,136,84,7.3,1,Yes,Occasional,8,2.9,1,0,1,1,0
45,Female,157.1,61.5,24.92,110,72,97,72,7.3,3,Yes,Occasional,3,2.2,0,0,1,1,0
61,Male,170.6,77.3,26.56,140,84,117,101,7.9,3,No,Regular,9,4.5,0,1,1,1,0
52,Male,163.1,60.0,22.56,126,83,88,78,6.8,2,No,Regular,5,2.3,0,0,1,0,0
19,Female,186.8,89.0,25.51,127,61,109,90,6.2,5,No,Never,8,1.4,1,0,1,0,0
51,Male,178.5,71.4,22.41,141,81,106,90,7.6,0,No,Occasional,8,1.9,0,0,1,1,0
43,Male,179.1,80.4,25.06,125,82,98,89,5.7,1,No,Occasional,7,0.9,1,0,1,1,0
62,Male,172.7,103.2,34.6,139,102,147,83,6.2,0,Yes,Occasional,5,2.9,1,0,1,1,0
73,Male,161.8,67.4,25.75,127,82,100,77,4.9,3,Yes,Regular,3,3.2,0,1,1,0,0
78,Male,172.0,63.0,21.3,147,88,101,66,9.0,4,No,Regular,5,2.7,0,0,1,0,0
56,Male,162.5,50.7,19.2,124,79,74,71,9.3,1,No,Never,5,1.7,0,1,1,1,0
40,Male,182.3,86.4,26.0,109,61,88,74,6.5,4,No,Occasional,5,1.6,0,0,1,1,0
45,Other,170.0,63.1,21.83,113,78,101,75,7.8,3,Yes,Never,3,2.7,0,0,1,0,0
29,Female,168.6,74.7,26.28,132,78,97,82,7.6,2,Yes,Never,5,1.9,0,0,1,0,0
76,Male,167.3,51.8,18.51,136,86,93,84,7.3,1,Yes,Never,1,1.6,1,0,1,0,0
71,Male,183.4,99.1,29.46,154,89,107,89,8.2,7,No,Occasional,5,1.6,1,0,1,1,0
71,Male,151.7,48.5,21.08,127,68,93,66,5.0,6,No,Occasional,6,3.4,0,0,1,0,0
38,Female,184.4,86.9,25.56,125,80,87,77,6.5,4,No,Occasional,4,1.9,0,0,0,0,0
38,Female,164.1,63.8,23.69,123,74,89,75,4.1,1,No,Occasional,5,2.7,1,0,1,0,0
71,Male,151.9,79.4,34.41,163,85,125,67,5.4,1,No,Never,6,2.6,1,1,1,1,0
52,Male,158.5,66.6,26.51,153,91,104,105,4.4,2,No,Occasional,8,1.6,1,1,1,1,0
62,Male,149.5,78.8,35.26,160,84,134,81,4.2,4,No,Never,8,2.2,1,0,1,1,0
48,Female,172.5,84.1,28.26,153,79,114,76,6.0,3,No,Occasional,6,1.5,1,0,1,1,0
45,Female,155.6,78.3,32.34,142,81,133,85,7.2,3,No,Occasional,5,3.1,1,0,1,1,0
57,Male,167.7,69.7,24.78,120,84,117,105,5.8,0,No,Never,6,1.6,1,0,1,1,0
69,Female,177.3,87.3,27.77,144,98,104,94,5.7,2,Yes,Occasional,9,2.4,1,1,1,1,0
39,Male,159.3,79.2,31.21,139,90,98,99,5.7,5,No,Occasional,6,1.9,1,0,1,1,0
68,Female,163.3,81.1,30.41,148,94,130,83,6.8,4,Yes,Never,6,1.6,1,0,1,1,0
33,Female,153.0,65.0,27.77,123,62,108,87,5.7,7,No,Occasional,8,2.9,0,0,1,0,0
43,Male,162.1,62.7,23.86,109,81,105,65,5.4,7,No,Never,5,1.9,0,0,1,1,0
75,Male,191.7,93.7,25.5,147,82,101,62,8.0,6,No,Occasional,3,1.0,1,0,1,1,0
78,Female,173.8,96.0,31.78,165,94,117,81,5.5,4,No,Never,6,2.5,1,1,1,1,0
76,Male,163.4,87.4,32.73,148,85,128,90,5.0,4,No,Heavy,6,1.7,1,1,1,0,0
37,Female,159.9,57.4,22.45,116,72,70,73,7.6,3,No,Never,5,2.3,0,0,1,0,0
71,Male,165.6,61.9,22.57,152,89,97,91,4.5,4,Yes,Heavy,6,2.8,0,1,1,1,0
76,Female,167.3,61.4,21.94,136,88,121,69,8.6,6,No,Never,1,2.4,1,0,1,0,0
79,Male,161.8,79.4,30.33,142,93,117,82,5.5,0,Yes,Occasional,4,2.8,1,1,1,1,0
19,Male,171.3,59.8,20.38,114,58,80,81,7.0,2,No,Never,3,1.4,0,0,1,0,0
64,Male,156.5,73.2,29.89,145,86,110,68,5.5,3,No,Never,4,3.0,1,0,1,1,0
80,Male,156.4,70.9,28.98,147,83,137,85,6.7,4,No,Never,5,2.0,1,1,1,1,0
66,Male,169.7,67.4,23.4,120,69,79,70,6.2,4,No,Never,3,1.3,0,0,1,0,0
32,Female,154.3,77.8,32.68,128,81,126,92,5.2,3,No,Occasional,9,0.7,1,0,1,1,0
66,Male,173.3,57.1,19.01,94,78,85,80,4.6,4,No,Occasional,6,2.0,1,1,1,0,0
24,Male,165.9,90.7,32.95,118,83,95,74,6.1,5,No,Occasional,4,1.7,0,0,1,1,0
48,Male,147.7,59.1,27.09,113,76,73,45,7.6,3,Yes,Occasional,1,1.7,1,0,1,1,0
57,Male,167.1,44.7,16.01,108,65,104,68,7.6,5,No,Never,4,2.4,0,0,1,0,0
46,Female,149.1,73.7,33.15,140,80,123,66,5.8,5,No,Occasional,5,3.3,1,0,1,1,0
62,Female,172.9,91.5,30.61,133,97,98,85,5.9,0,No,Regular,4,1.6,1,0,1,1,0
33,Male,163.5,61.9,23.16,137,84,78,85,6.1,3,No,Never,10,2.3,0,0,0,0,0
56,Female,184.5,72.0,21.15,145,79,84,61,6.9,0,No,Regular,2,1.8,0,0,1,0,0
58,Female,176.7,57.1,18.29,121,75,92,80,6.7,5,No,Never,5,1.6,0,0,1,0,0
57,Other,155.4,90.3,37.39,151,83,121,72,6.2,6,No,Occasional,5,1.5,1,0,1,1,0
36,Male,145.8,44.3,20.84,94,73,67,72,6.2,7,No,Regular,5,3.3,0,0,1,0,0
37,Male,158.4,48.3,19.25,111,60,78,74,6.7,3,No,Occasional,1,2.2,0,0,0,0,0
34,Male,153.8,62.7,26.51,106,76,114,77,4.0,5,No,Occasional,5,2.1,1,0,1,1,0
47,Female,184.3,60.1,17.69,101,57,95,99,6.1,2,No,Occasional,6,1.8,0,0,0,0,0
54,Female,165.9,57.8,21.0,121,68,69,96,7.5,2,Yes,Occasional,7,2.2,1,0,1,0,0
40,Male,175.3,92.7,30.17,137,69,92,84,8.4,4,Yes,Occasional,6,1.8,0,0,1,0,0
43,Male,163.1,73.6,27.67,133,93,106,88,7.9,2,No,Heavy,8,3.5,1,0,1,0,0
36,Female,164.2,63.1,23.4,110,67,85,64,7.1,6,No,Regular,1,2.4,0,0,1,0,0
31,Female,165.7,69.3,25.24,110,65,116,75,5.2,2,No,Never,5,2.3,1,0,0,1,0
59,Male,177.1,74.4,23.72,135,96,104,94,5.6,4,No,Occasional,10,2.3,1,1,1,0,0
69,Female,169.1,73.8,25.81,133,77,118,98,5.5,3,No,Occasional,8,3.1,1,0,1,0,0
36,Male,155.4,52.2,21.62,118,75,60,72,5.2,6,Yes,Occasional,2,2.2,0,0,1,0,0
72,Male,182.2,77.6,23.38,134,74,98,84,5.5,2,No,Never,5,1.9,0,0,1,0,0
53,Female,163.1,60.6,22.78,108,81,107,68,5.9,1,No,Regular,3,2.3,1,0,0,0,0
28,Female,161.4,56.2,21.57,106,69,113,82,5.0,3,No,Occasional,4,2.7,0,0,0,0,0
41,Female,140.0,59.6,30.41,146,78,97,81,7.5,1,No,Never,10,3.0,1,0,1,1,0
18,Male,172.3,84.7,28.53,130,65,98,83,7.3,3,No,Never,7,2.3,1,0,1,0,0
20,Male,167.0,56.9,20.4,90,59,60,73,6.9,5,No,Occasional,2,2.3,0,0,0,0,0
39,Male,167.0,54.7,19.61,118,69,85,96,7.3,0,Yes,Occasional,4,2.8,0,0,1,0,0
46,Male,162.0,65.0,24.77,128,67,114,64,7.1,3,Yes,Never,5,0.7,0,0,1,1,0
68,Male,160.2,93.5,36.43,171,98,142,97,5.8,3,Yes,Never,5,2.3,1,0,1,1,0
26,Male,162.3,52.9,20.08,113,75,80,88,8.9,5,No,Never,6,1.8,0,0,1,0,0
70,Male,170.6,73.8,25.36,120,73,98,78,5.8,5,No,Occasional,4,2.2,0,0,1,0,0
32,Male,172.4,76.1,25.6,129,61,138,77,4.7,0,No,Occasional,4,2.4,0,0,1,1,0
26,Male,163.7,65.7,24.52,127,73,86,84,7.0,4,No,Never,4,3.0,0,0,1,1,0
62,Female,175.5,73.1,23.73,133,79,92,94,7.5,2,No,Regular,4,1.3,0,1,1,0,0
66,Male,165.2,86.2,31.59,147,84,113,85,6.2,2,Yes,Never,7,1.7,1,0,1,1,0
56,Female,161.0,72.5,27.97,139,77,81,87,8.2,7,No,Regular,6,1.6,0,0,1,1,0
25,Female,168.0,82.0,29.05,127,57,109,87,7.0,1,No,Regular,4,1.8,0,0,1,1,0
25,Female,152.4,64.6,27.81,125,78,115,97,5.4,1,No,Never,8,1.3,0,0,1,1,0
42,Male,168.3,84.2,29.73,152,84,122,97,5.7,2,Yes,Regular,8,3.6,1,0,1,1,0
46,Male,150.6,75.1,33.11,137,91,126,77,6.9,4,No,Occasional,5,2.8,0,0,1,1,0
80,Female,155.7,79.4,32.75,150,88,112,64,6.8,5,No,Regular,5,1.7,1,1,1,1,0
36,Female,145.8,77.5,36.46,152,86,122,81,7.9,3,No,Never,9,2.2,1,0,1,1,0
30,Male,164.2,83.5,30.97,135,98,129,96,7.4,3,Yes,Regular,9,1.9,1,0,1,1,0
77,Male,182.1,76.6,23.1,121,72,92,70,5.0,3,No,Occasional,2,2.3,1,0,1,1,0
27,Female,164.8,79.1,29.12,127,64,92,62,6.2,6,No,Never,8,1.7,0,0,1,0,0
19,Male,172.4,84.0,28.26,147,86,117,85,4.8,3,Yes,Heavy,9,1.2,0,0,1,0,0
44,Female,189.5,124.6,34.7,121,92,110,73,8.4,2,No,Regular,7,1.8,0,0,1,1,0
43,Male,170.0,60.1,20.8,122,77,67,75,5.6,5,No,Never,4,3.1,0,0,1,0,0
57,Male,158.3,71.4,28.49,146,84,96,93,7.0,1,Yes,Occasional,5,1.2,1,1,1,1,0
73,Female,159.7,58.5,22.94,132,76,146,86,5.5,4,No,Heavy,9,2.9,1,1,1,0,0
76,Male,166.0,79.2,28.74,147,81,132,73,4.1,3,Yes,Occasional,7,2.6,1,1,1,1,0
36,Female,159.7,61.8,24.23,131,67,104,77,5.0,4,No,Occasional,7,1.9,1,0,1,1,0
79,Male,160.4,73.7,28.65,155,75,104,75,6.0,5,No,Never,10,2.7,1,0,1,1,0
57,Male,175.9,58.9,19.04,109,69,94,73,7.6,3,No,Occasional,3,2.3,0,0,1,0,0
22,Female,176.3,89.3,28.73,126,87,126,86,7.4,2,No,Occasional,5,0.8,1,0,1,1,0
77,Male,149.5,61.0,27.29,160,81,114,82,5.0,6,Yes,Occasional,6,1.9,0,1,1,1,0
26,Male,157.8,64.1,25.74,124,73,76,77,7.1,4,No,Occasional,5,2.0,0,0,1,1,0
55,Female,161.4,91.5,35.12,127,88,128,87,8.2,1,No,Occasional,1,3.1,1,0,1,1,0
67,Female,172.0,71.6,24.2,144,78,104,75,7.1,3,No,Never,8,1.9,1,0,1,1,0
33,Female,177.4,84.5,26.85,111,72,101,87,6.3,2,No,Occasional,4,2.1,1,0,1,1,0
35,Male,193.0,95.8,25.72,129,86,80,77,6.8,4,Yes,Never,4,1.4,0,0,1,0,0
47,Male,161.3,68.9,26.48,120,78,89,99,6.9,4,No,Occasional,5,2.2,0,0,1,1,0
73,Female,161.8,96.5,36.86,158,97,122,79,8.4,4,No,Regular,5,1.4,1,0,1,1,0
32,Male,171.9,75.3,25.48,116,91,85,63,8.8,2,No,Occasional,5,2.9,1,0,0,0,0
59,Male,159.2,58.6,23.12,120,72,100,78,7.3,3,No,Never,7,1.9,1,0,1,0,0
46,Female,164.6,93.5,34.51,155,89,113,78,6.5,2,Yes,Regular,8,1.4,1,1,1,1,0
25,Male,161.8,61.6,23.53,115,69,113,96,6.7,4,No,Never,5,3.0,0,0,1,0,0
62,Male,140.0,35.7,18.21,128,68,93,68,6.9,4,No,Never,4,1.4,0,1,1,0,0
70,Male,167.2,63.1,22.57,131,77,108,91,7.0,5,Yes,Regular,5,2.4,0,0,1,0,0
54,Male,164.2,53.2,19.73,103,81,84,81,6.2,4,No,Never,3,1.2,0,0,1,0,0
29,Female,178.7,52.6,16.47,121,71,60,74,9.2,2,Yes,Occasional,5,2.4,0,0,1,0,0
27,Female,166.1,64.3,23.31,128,87,100,60,5.9,3,No,Regular,3,2.9,0,0,1,0,0
44,Male,153.5,59.2,25.12,128,77,106,99,7.9,1,No,Never,10,1.8,1,0,1,1,0
49,Male,163.4,83.5,31.27,143,92,120,77,4.0,3,No,Regular,6,1.4,1,0,1,1,0
52,Female,145.1,60.4,28.69,131,92,107,77,6.4,2,No,Occasional,4,1.5,1,0,1,1,0
33,Male,153.9,66.3,27.99,149,78,73,86,6.1,1,No,Occasional,7,2.2,0,0,1,1,0
49,Male,172.4,63.3,21.3,113,74,81,46,7.1,4,No,Occasional,3,3.5,0,0,0,0,0
36,Female,163.5,78.9,29.51,127,83,92,75,6.3,3,No,Occasional,4,2.9,1,0,1,1,0
61,Female,175.2,100.0,32.58,125,81,123,90,8.4,3,No,Regular,6,3.0,1,0,1,1,0
68,Male,146.3,59.9,27.99,161,97,123,68,6.3,0,No,Regular,6,1.5,1,1,1,1,0
59,Other,163.6,74.6,27.87,135,77,146,92,5.2,2,No,Occasional,8,2.9,1,0,1,1,0
18,Male,161.2,48.7,18.74,114,60,80,68,5.8,3,No,Occasional,1,2.8,1,0,0,0,0
80,Female,175.6,96.9,31.42,147,85,117,72,5.9,2,No,Occasional,7,2.4,1,1,1,1,0
19,Female,172.7,99.6,33.39,130,81,105,83,7.7,0,No,Occasional,4,1.8,1,0,1,1,0
80,Female,172.4,83.0,27.93,142,89,119,79,8.0,3,Yes,Never,3,2.8,1,1,1,1,0
20,Female,181.4,72.5,22.03,99,63,96,85,5.4,2,No,Never,2,1.8,0,0,0,0,0
50,Female,162.3,65.5,24.87,122,74,78,69,5.8,4,No,Never,4,2.6,1,0,1,1,0
24,Male,179.4,73.9,22.96,115,64,88,96,5.0,4,No,Occasional,9,2.0,1,0,1,1,0
23,Male,155.6,56.2,23.21,115,81,91,84,6.2,1,No,Never,7,1.6,0,0,1,0,0
61,Female,155.2,69.9,29.02,132,91,96,93,7.6,0,No,Occasional,9,1.9,1,1,1,1,0
63,Female,173.5,82.2,27.31,142,80,122,77,6.9,1,No,Heavy,5,3.5,1,0,1,1,0
25,Male,151.0,68.0,29.82,106,75,107,71,7.3,3,No,Never,6,1.4,0,0,1,1,0
79,Female,171.7,82.9,28.12,144,81,106,84,7.9,4,Yes,Occasional,2,2.8,0,0,1,0,0
38,Female,167.0,59.1,21.19,105,67,88,76,6.2,3,Yes,Never,2,2.7,1,0,1,0,0
38,Male,176.7,71.6,22.93,137,70,103,81,5.1,2,Yes,Occasional,5,2.1,0,0,1,1,0
36,Male,165.4,61.8,22.59,129,64,118,82,6.2,2,No,Never,2,1.8,0,0,1,0,0
47,Male,166.6,68.4,24.64,131,82,107,89,7.9,2,No,Regular,3,1.4,0,1,1,1,0
29,Male,171.1,98.7,33.71,122,84,89,68,7.5,7,No,Never,5,3.0,0,0,1,1,0
44,Male,159.4,88.6,34.87,143,79,165,103,6.6,3,Yes,Heavy,8,1.4,1,1,1,1,0
31,Male,158.9,73.6,29.15,121,80,83,68,7.9,5,No,Never,5,0.7,0,0,1,1,0
21,Male,170.7,74.2,25.46,114,62,96,75,7.1,2,No,Regular,2,2.4,0,0,1,0,0
41,Male,165.7,51.8,18.87,125,78,79,85,6.6,1,Yes,Never,1,1.3,0,0,0,0,0
60,Female,161.9,70.6,26.93,139,80,104,47,4.7,4,No,Never,6,2.1,1,1,1,1,0
66,Male,165.2,60.7,22.24,114,76,101,71,8.4,4,Yes,Regular,4,1.3,0,0,1,0,0
40,Other,181.9,109.9,33.21,148,87,119,78,6.5,5,Yes,Never,6,1.8,1,0,1,1,0
38,Female,161.6,46.0,17.61,114,77,100,79,6.1,4,No,Occasional,5,2.2,1,0,0,0,0
67,Female,161.3,72.6,27.9,134,70,104,80,6.6,1,No,Occasional,5,2.4,1,1,1,1,0
60,Female,148.9,48.1,21.69,126,89,104,65,8.3,4,Yes,Occasional,8,3.1,0,0,1,0,0
70,Female,165.6,71.5,26.07,139,75,117,77,7.7,5,No,Never,8,2.2,1,1,1,1,0
75,Male,172.6,87.7,29.44,151,97,155,68,6.2,1,No,Regular,6,2.3,1,0,1,1,0
69,Female,174.4,94.3,31.0,136,92,120,71,7.4,5,Yes,Occasional,3,2.0,1,0,1,1,0
76,Male,167.1,72.6,26.0,141,74,92,74,8.3,2,No,Regular,4,2.8,1,0,1,0,0
44,Female,175.6,89.8,29.12,140,78,134,87,7.0,0,No,Occasional,7,1.5,1,0,1,1,0
42,Female,173.3,66.8,22.24,136,80,86,82,6.6,5,Yes,Regular,8,1.9,0,0,1,1,0
38,Male,177.1,83.1,26.49,122,81,84,73,4.3,2,No,Occasional,2,2.2,0,0,1,0,0
32,Male,175.8,92.7,29.99,119,87,130,85,7.9,3,Yes,Never,9,1.6,1,0,1,1,0
65,Female,181.7,91.1,27.59,141,84,112,80,5.5,2,No,Regular,4,3.1,1,1,1,0,0
63,Male,164.3,63.2,23.41,115,73,98,68,4.2,4,No,Regular,7,2.4,1,0,1,0,0
68,Male,152.7,57.7,24.75,138,86,134,90,4.0,4,Yes,Occasional,10,1.4,1,0,1,0,0
28,Male,172.6,89.2,29.94,105,72,88,58,5.9,6,No,Regular,2,2.5,0,0,0,1,0
48,Male,173.8,61.4,20.33,125,62,81,74,7.2,4,No,Never,6,3.1,0,0,1,0,0
31,Female,181.7,68.1,20.63,104,73,94,81,8.2,2,No,Never,5,1.7,0,0,1,0,0
74,Female,178.8,93.1,29.12,152,80,79,69,7.0,5,No,Never,6,3.1,1,0,1,0,0
34,Male,185.5,79.5,23.1,103,79,89,72,8.9,5,No,Occasional,4,2.4,0,0,1,0,0
27,Male,172.2,53.6,18.08,86,74,78,69,6.5,1,No,Occasional,1,2.3,0,0,1,0,0
53,Male,168.3,91.2,32.2,135,83,102,94,6.5,3,No,Never,4,3.0,1,0,1,1,0
73,Male,152.2,48.5,20.94,116,84,95,80,4.3,5,No,Occasional,6,2.3,1,1,1,0,0
75,Female,169.1,72.3,25.28,159,90,112,90,5.7,5,Yes,Never,8,2.5,1,1,1,1,0
24,Female,160.5,56.7,22.01,112,73,85,75,4.1,4,Yes,Occasional,6,2.3,0,0,1,0,0
38,Male,168.1,67.5,23.89,147,71,114,70,4.7,1,Yes,Never,9,1.1,1,0,1,1,0
27,Female,166.5,57.7,20.81,113,70,86,74,7.6,4,Yes,Never,4,2.5,0,0,1,0,0
37,Male,170.7,83.7,28.72,132,75,102,62,4.7,2,No,Occasional,4,2.4,1,0,1,1,0
51,Female,165.0,71.3,26.19,122,75,110,77,4.6,6,No,Never,6,2.0,0,0,1,0,0
35,Female,175.4,92.2,29.97,146,72,103,73,4.6,7,No,Occasional,4,0.7,1,0,1,0,0
22,Female,140.0,43.1,21.99,99,76,130,81,7.4,6,No,Occasional,8,2.6,0,0,0,0,0
50,Female,167.9,101.1,35.86,110,92,134,71,9.0,3,No,Regular,2,1.6,0,0,1,1,0
21,Female,178.0,50.7,16.0,106,61,66,72,6.4,4,No,Never,7,1.5,0,0,0,0,0
32,Male,184.7,59.9,17.56,101,59,60,75,7.6,4,No,Never,8,1.4,0,0,0,0,0
18,Male,173.3,99.8,33.23,128,70,97,82,5.2,4,No,Regular,6,0.9,1,0,0,1,0
23,Male,182.8,91.0,27.23,124,85,71,102,8.1,1,No,Never,7,2.5,0,0,0,0,0
45,Female,167.7,76.3,27.13,127,86,116,82,5.9,0,No,Occasional,4,3.7,0,0,1,1,0
71,Female,166.0,77.8,28.23,137,74,99,77,7.7,7,Yes,Occasional,3,1.8,1,0,1,0,0
66,Female,171.3,84.4,28.76,145,73,102,96,6.6,3,No,Never,6,2.7,1,0,1,1,0
24,Female,166.0,72.8,26.42,111,67,100,73,4.4,5,No,Heavy,4,2.1,0,0,1,0,0
20,Male,158.2,50.7,20.26,106,80,75,70,5.5,4,No,Occasional,6,2.4,0,0,1,0,0
39,Female,160.8,75.7,29.28,127,82,114,84,6.8,2,No,Occasional,6,2.2,1,1,0,1,0
59,Female,154.9,69.6,29.01,161,84,107,97,4.4,3,Yes,Regular,5,2.7,1,1,1,1,0
65,Male,171.3,96.4,32.85,164,88,127,91,7.0,0,No,Regular,6,1.4,1,1,1,1,0
69,Male,166.1,95.4,34.58,135,74,144,81,4.8,5,No,Never,7,2.3,0,1,1,1,0
39,Male,162.4,71.0,26.92,123,72,111,58,7.4,5,No,Occasional,5,2.9,0,0,1,0,0
28,Male,160.3,49.3,19.19,101,76,102,62,5.1,3,No,Occasional,4,2.7,0,0,0,0,0
19,Female,171.1,97.7,33.37,118,77,118,86,7.1,2,No,Occasional,7,2.4,1,0,1,1,0
27,Female,173.8,60.9,20.16,85,66,60,74,7.6,5,No,Regular,6,2.3,0,0,0,0,0
22,Female,154.7,63.5,26.53,123,79,86,84,6.4,3,Yes,Occasional,6,2.0,0,0,1,0,0
72,Male,153.1,58.5,24.96,134,72,81,88,6.4,5,No,Occasional,7,2.0,0,0,1,0,0
34,Female,175.5,71.3,23.15,133,75,106,68,8.5,3,No,Occasional,6,1.2,0,1,1,0,0
69,Female,152.2,69.0,29.79,153,78,115,72,5.7,3,No,Never,5,2.5,1,0,1,1,0
52,Male,171.5,79.0,26.86,134,73,120,85,6.1,4,No,Occasional,4,3.1,1,0,1,1,0
51,Female,182.2,93.3,28.11,143,78,125,69,7.5,1,No,Never,5,2.4,1,0,1,1,0
46,Male,182.2,71.7,21.6,132,72,92,91,7.1,2,No,Occasional,6,2.2,1,1,1,0,0
69,Male,173.4,76.0,25.28,137,78,127,77,6.3,7,No,Never,6,2.6,1,0,1,1,0
20,Male,173.1,63.5,21.19,124,68,99,78,5.1,3,No,Regular,6,0.8,0,0,1,1,0
23,Male,188.5,85.3,24.01,102,69,91,80,7.8,4,No,Never,6,1.9,0,0,0,0,0
44,Female,142.7,50.7,24.9,128,80,105,85,5.3,1,Yes,Occasional,3,2.2,1,1,1,0,0
42,Male,161.4,89.3,34.28,134,77,140,84,9.6,1,No,Occasional,4,1.1,1,0,1,1,0
52,Male,174.5,74.4,24.43,126,63,110,64,5.0,2,No,Occasional,7,2.3,1,0,1,1,0
64,Male,162.6,42.3,16.0,114,69,69,83,5.5,5,No,Occasional,3,1.0,0,0,1,0,0
55,Male,178.4,103.3,32.46,160,80,102,83,7.0,2,No,Regular,6,2.6,1,0,1,1,0
34,Male,165.6,75.1,27.39,136,80,99,91,7.4,1,No,Never,5,2.3,0,0,1,1,0
38,Male,167.3,69.1,24.69,142,74,85,87,5.5,3,Yes,Occasional,5,2.1,1,0,1,0,0
65,Female,163.3,63.7,23.89,131,65,104,98,8.7,5,No,Occasional,7,2.7,1,0,1,1,0
30,Male,160.8,53.2,20.57,113,69,78,73,7.0,3,No,Occasional,6,2.3,0,0,1,0,0
49,Female,160.5,89.9,34.9,146,90,112,88,6.6,3,No,Regular,3,2.5,1,0,1,1,0
51,Male,168.7,73.7,25.9,134,79,120,70,7.1,4,No,Occasional,6,2.4,1,0,1,1,0
65,Female,158.3,44.3,17.68,133,67,112,86,8.3,3,Yes,Never,4,1.6,0,1,1,0,0
63,Female,175.5,84.8,27.53,165,79,95,88,9.0,2,Yes,Occasional,2,3.2,1,0,1,0,0
47,Male,172.5,93.3,31.35,144,79,109,82,6.8,3,No,Occasional,7,3.0,1,0,1,1,0
37,Male,177.0,81.6,26.05,112,72,91,55,5.3,4,No,Never,3,2.5,1,0,0,0,0
41,Female,154.7,50.4,21.06,110,67,92,78,5.1,4,No,Occasional,5,2.3,0,0,1,0,0
43,Male,149.0,45.9,20.67,126,59,93,74,4.9,4,No,Occasional,6,2.7,0,0,0,0,0
31,Female,166.0,57.2,20.76,124,70,81,88,5.9,1,No,Occasional,5,3.0,1,0,0,0,0
57,Male,195.0,125.9,33.11,154,95,128,70,6.8,1,No,Never,4,3.4,1,0,1,1,0
31,Male,178.7,79.2,24.8,132,73,88,76,7.1,1,Yes,Occasional,3,1.8,1,0,1,0,0
58,Female,160.5,45.8,17.78,106,61,77,67,8.2,5,No,Occasional,4,2.9,0,1,1,0,0
65,Female,170.2,80.7,27.86,152,90,94,71,4.3,3,No,Never,3,2.1,0,0,1,0,0
78,Male,173.3,81.1,27.0,157,97,129,80,6.7,2,No,Occasional,5,1.2,1,1,1,0,0
25,Female,152.3,53.0,22.85,109,67,101,81,7.4,3,No,Occasional,4,2.7,0,0,1,0,0
65,Female,179.7,68.1,21.09,126,74,94,74,4.0,5,No,Occasional,2,3.2,0,0,1,0,0
23,Male,164.3,53.6,19.86,106,67,87,62,7.3,6,No,Regular,5,2.8,0,0,0,0,0
39,Male,165.1,83.3,30.56,127,84,124,68,10.0,3,No,Never,4,2.1,1,0,1,1,0
29,Male,166.2,72.6,26.28,113,68,112,77,7.6,1,No,Occasional,6,2.5,0,0,1,1,0
28,Male,177.4,86.1,27.36,137,80,112,83,7.0,2,Yes,Never,6,2.7,1,0,1,1,0
29,Female,158.4,65.9,26.26,111,69,95,77,6.1,2,No,Never,8,2.6,0,0,0,1,0
20,Male,148.9,58.6,26.43,115,77,76,76,6.8,2,No,Never,7,3.0,0,0,1,1,0
69,Male,169.2,68.3,23.86,157,93,90,92,8.8,2,Yes,Occasional,3,2.8,1,1,1,1,0
21,Female,145.6,50.7,23.92,114,70,117,73,6.6,3,No,Occasional,1,1.8,1,0,0,0,0
43,Female,163.0,82.5,31.05,143,77,105,68,8.4,2,Yes,Occasional,2,2.2,1,0,1,1,0
62,Female,177.9,103.5,32.7,142,92,143,81,7.4,2,No,Occasional,4,1.9,1,0,1,1,0
80,Female,171.8,60.5,20.5,116,73,105,69,9.0,2,No,Never,2,2.3,1,0,1,0,0
71,Male,176.4,78.3,25.16,139,82,103,91,8.1,4,No,Never,4,1.0,0,1,1,0,0
26,Female,172.2,86.2,29.07,126,68,85,69,6.9,5,No,Occasional,5,3.5,0,0,1,0,0
80,Male,190.1,128.0,35.42,164,81,120,73,6.9,2,No,Regular,4,1.7,1,1,1,1,0
59,Male,160.1,88.2,34.41,154,87,126,86,6.2,0,Yes,Regular,6,1.9,0,1,1,1,0
29,Male,170.0,61.5,21.28,111,52,86,68,8.0,1,No,Never,4,2.3,0,0,0,0,0
46,Female,161.6,82.6,31.63,143,74,122,82,6.0,1,No,Occasional,4,1.3,0,0,1,1,0
75,Female,175.6,81.8,26.53,127,96,98,80,6.5,7,No,Occasional,9,2.0,1,1,1,0,0
42,Male,165.4,83.3,30.45,137,57,95,77,6.5,6,No,Regular,5,2.3,1,0,1,1,0
29,Female,183.2,96.9,28.87,121,64,113,77,4.9,5,No,Never,6,3.3,0,0,1,1,0
73,Female,160.7,52.0,20.14,131,88,122,79,6.8,6,No,Never,7,2.3,1,1,1,0,0
78,Male,180.1,94.0,28.98,172,80,113,96,4.6,7,Yes,Regular,7,1.9,0,1,1,1,0
79,Female,171.9,92.1,31.17,155,89,129,88,6.2,1,Yes,Never,4,1.5,1,1,1,1,0
78,Male,165.7,72.0,26.22,143,83,108,65,7.3,5,No,Heavy,8,3.6,1,0,1,0,0
72,Other,171.4,73.4,24.98,145,73,105,85,7.0,2,Yes,Occasional,4,2.2,0,1,1,1,0
46,Male,168.6,51.1,17.98,94,76,78,89,6.7,7,No,Occasional,8,2.3,0,0,1,0,0
30,Male,169.6,81.7,28.4,133,76,98,57,5.8,0,No,Never,3,1.3,1,0,1,1,0
56,Male,163.9,71.9,26.77,110,74,113,67,8.0,3,No,Regular,5,2.5,1,0,1,0,0
31,Male,159.0,52.4,20.73,121,76,94,84,5.5,4,No,Never,6,1.8,1,0,0,0,0
47,Female,162.6,63.4,23.98,115,64,90,84,7.5,6,No,Occasional,6,3.2,1,1,1,0,0
59,Male,149.2,59.2,26.59,124,78,94,75,8.5,3,No,Never,3,2.5,0,0,1,1,0
77,Male,174.4,71.8,23.61,145,78,98,85,5.0,0,Yes,Never,2,2.3,1,1,1,1,0
36,Female,153.6,59.7,25.3,112,67,109,93,6.1,2,No,Occasional,6,1.3,0,0,1,1,0
33,Female,163.8,45.1,16.81,111,83,63,75,6.1,5,Yes,Never,5,2.1,0,0,1,0,0
64,Female,172.5,96.6,32.46,131,84,101,66,7.1,4,No,Occasional,4,2.1,1,1,1,1,0
18,Female,174.4,75.7,24.89,116,85,102,91,5.2,1,Yes,Occasional,9,2.3,0,0,1,0,0
53,Male,148.3,44.9,20.42,119,69,88,78,5.2,4,No,Occasional,5,0.9,0,0,1,0,0
64,Male,165.1,43.6,16.0,137,67,80,82,6.7,4,Yes,Occasional,4,1.6,0,0,1,0,0
52,Female,170.6,89.1,30.61,143,59,123,80,6.3,1,No,Never,1,1.9,1,0,1,1,0
42,Female,166.5,77.9,28.1,128,78,101,94,6.7,3,Yes,Regular,3,2.5,0,0,1,1,0
70,Female,179.4,87.3,27.12,141,72,104,84,7.7,2,No,Never,7,0.9,0,1,1,1,0
41,Female,157.8,73.6,29.56,120,76,104,61,4.8,6,No,Occasional,4,3.1,0,0,1,1,0
62,Male,145.5,63.6,30.04,131,75,106,74,6.4,3,No,Regular,7,3.0,0,0,1,1,0
47,Female,174.1,80.3,26.49,116,79,113,74,6.2,2,No,Regular,2,1.6,1,1,1,1,0
19,Male,160.6,60.9,23.61,115,84,87,88,6.9,2,No,Never,3,3.8,0,0,1,0,0
51,Male,148.4,52.1,23.66,117,94,79,80,6.1,3,No,Occasional,3,2.4,0,0,1,0,0
21,Male,164.4,72.8,26.94,118,75,98,70,5.1,4,No,Regular,6,2.1,1,0,1,0,0
76,Male,178.3,104.8,32.97,136,85,107,68,7.2,6,No,Regular,5,2.6,1,0,1,1,0
55,Female,153.4,59.4,25.24,139,73,118,74,10.0,1,No,Occasional,3,2.5,1,0,1,1,0
41,Male,189.4,116.5,32.48,151,80,114,87,6.4,3,Yes,Never,7,2.3,0,0,1,1,0
48,Female,157.6,68.0,27.38,150,74,118,80,5.7,1,No,Occasional,6,1.5,1,0,1,1,0
57,Female,166.9,77.0,27.64,151,92,101,73,5.7,2,No,Heavy,6,1.9,1,0,1,1,0
34,Female,153.8,87.0,36.78,132,82,120,74,7.8,2,No,Never,6,2.4,0,0,1,1,0
36,Female,166.4,91.9,33.19,125,95,118,74,5.8,2,No,Regular,3,2.7,1,0,1,1,0
44,Male,164.7,91.0,33.55,155,83,120,93,8.1,1,Yes,Occasional,8,3.1,1,1,1,1,0
34,Male,151.1,48.9,21.42,108,70,76,70,4.7,2,No,Occasional,5,1.9,0,0,1,0,0
65,Male,194.3,137.9,36.53,158,82,143,85,6.9,1,No,Never,6,2.3,1,0,1,1,0
24,Male,161.0,63.7,24.57,111,74,94,93,7.4,5,No,Never,6,1.8,0,0,1,0,0
70,Female,161.1,65.0,25.05,152,82,88,82,7.8,2,Yes,Never,3,2.9,0,1,1,1,0
39,Male,175.7,49.4,16.0,125,70,78,89,7.2,2,No,Regular,9,2.0,1,0,1,0,0
53,Male,184.1,92.4,27.26,128,76,91,64,7.0,4,No,Occasional,5,1.8,0,0,1,1,0
27,Male,177.3,62.4,19.85,87,69,69,79,8.1,7,No,Occasional,5,2.2,0,0,0,0,0
42,Male,154.0,64.9,27.37,134,79,91,68,5.5,5,No,Heavy,4,1.1,0,0,1,1,0
65,Female,168.1,57.7,20.42,129,85,91,95,5.7,5,Yes,Never,8,2.6,0,0,1,0,0
35,Male,147.2,73.4,33.88,142,78,101,103,6.0,0,No,Regular,8,2.0,1,1,1,1,0
26,Female,175.0,84.7,27.66,119,75,90,71,8.5,5,No,Never,6,4.0,0,1,1,1,0
50,Female,149.6,81.8,36.55,147,81,136,67,7.5,2,No,Never,2,1.8,1,1,1,1,0
28,Female,158.0,50.3,20.15,106,79,111,84,7.6,2,No,Occasional,5,2.0,0,1,0,0,0
37,Male,166.0,90.2,32.73,124,83,97,67,6.5,2,No,Heavy,5,2.9,1,0,1,0,0
46,Female,170.5,49.0,16.86,117,72,99,79,7.8,1,No,Occasional,4,2.7,0,0,1,0,0
53,Male,163.4,71.3,26.7,136,74,134,70,4.9,4,No,Never,3,2.9,1,0,1,1,0
58,Male,181.2,74.8,22.78,123,69,91,71,6.4,3,No,Heavy,2,2.0,1,0,1,1,0
60,Female,173.2,71.2,23.73,136,82,115,70,6.1,1,No,Occasional,9,1.5,1,1,1,1,0
71,Female,172.4,70.4,23.69,125,89,120,86,5.9,3,No,Occasional,7,3.9,1,1,1,1,0
22,Male,153.7,48.5,20.53,116,63,77,101,6.3,2,No,Occasional,5,2.5,0,0,1,0,0
40,Female,183.0,64.7,19.32,120,79,98,72,7.5,3,No,Occasional,4,2.3,1,0,1,0,0
18,Male,158.0,56.7,22.71,108,72,81,64,6.9,5,No,Never,6,2.7,0,0,0,0,0
18,Female,183.4,85.4,25.39,106,57,107,87,8.1,3,No,Occasional,6,1.4,1,0,1,1,0
31,Other,186.2,106.6,30.75,127,70,126,67,4.2,4,No,Never,4,1.9,0,0,1,1,0
55,Female,171.1,79.5,27.16,140,98,123,82,8.5,5,Yes,Occasional,6,1.5,0,1,1,0,0
74,Female,176.3,98.9,31.82,156,90,117,78,5.8,3,Yes,Occasional,6,2.3,1,1,1,1,0
66,Female,140.0,37.1,18.93,117,69,103,69,8.2,3,No,Occasional,7,1.3,1,0,1,0,0
58,Female,164.0,63.9,23.76,128,69,88,75,6.3,4,No,Regular,3,2.6,1,0,0,0,0
67,Female,177.0,92.3,29.46,143,82,96,72,7.1,4,No,Occasional,6,3.0,1,1,1,1,0
28,Female,175.2,82.0,26.71,127,81,96,68,5.1,4,No,Occasional,8,2.9,0,0,1,0,0
70,Male,153.8,52.0,21.98,140,81,114,88,5.1,2,Yes,Never,6,2.5,1,1,1,1,0
74,Female,163.1,81.7,30.71,176,89,125,122,7.0,0,Yes,Never,10,2.3,1,1,1,1,0
23,Male,140.6,44.3,22.41,114,54,110,88,4.0,2,No,Never,5,1.9,0,0,1,1,0
47,Other,170.1,63.1,21.81,134,66,91,73,5.4,2,No,Never,2,2.5,0,0,1,0,0
70,Male,147.2,61.7,28.48,144,78,97,104,7.8,1,No,Occasional,3,2.1,1,0,1,1,0
47,Male,177.3,80.4,25.58,119,80,99,64,6.3,0,No,Occasional,4,1.0,0,0,1,0,0
70,Female,177.8,74.7,23.63,150,86,94,90,5.4,4,Yes,Regular,7,1.8,1,0,1,1,0
76,Male,161.3,61.4,23.6,137,92,128,99,8.4,2,No,Never,7,2.7,1,0,1,0,0
47,Male,171.2,59.8,20.4,116,64,98,70,9.0,3,No,Never,6,1.5,1,0,0,0,0
21,Female,163.8,61.7,23.0,121,70,85,80,6.6,5,No,Occasional,6,1.5,0,0,1,0,0
39,Male,168.4,86.9,30.64,125,83,126,81,7.9,3,No,Never,10,2.1,0,0,1,1,0
31,Male,154.5,62.8,26.31,96,63,77,66,8.8,7,No,Occasional,3,0.8,0,0,1,0,0
47,Male,172.2,89.4,30.15,129,85,90,79,6.7,5,No,Occasional,5,2.7,0,0,1,1,0
54,Male,149.6,63.1,28.19,136,91,87,60,6.1,3,No,Occasional,4,2.6,0,0,1,0,0
47,Male,147.7,49.3,22.6,128,72,62,63,7.0,4,No,Never,3,2.8,0,0,1,0,0
30,Male,164.8,46.7,17.2,102,59,60,68,5.2,5,No,Never,1,2.3,0,0,1,0,0
36,Male,163.9,55.9,20.81,96,83,99,68,7.2,3,No,Heavy,8,1.6,0,0,1,0,0
60,Male,168.7,64.5,22.66,116,78,106,71,6.4,4,No,Regular,4,1.4,1,0,1,0,0
19,Male,159.5,54.1,21.27,101,62,75,68,6.8,0,No,Occasional,5,2.6,0,0,0,0,0
31,Female,184.9,102.1,29.86,118,81,77,73,6.7,2,Yes,Never,6,2.7,0,1,1,1,0
74,Female,167.6,86.8,30.9,140,80,107,79,5.8,5,No,Occasional,3,1.5,1,1,1,1,0
24,Male,168.3,100.8,35.59,137,74,121,76,6.8,2,No,Occasional,3,1.4,1,0,1,1,0
44,Male,168.0,61.6,21.83,136,70,102,79,5.0,4,Yes,Never,5,2.2,1,0,1,0,0
31,Female,176.0,101.7,32.83,133,72,110,69,6.2,5,No,Heavy,4,2.3,1,0,1,1,0
24,Female,171.8,96.3,32.63,118,81,88,73,5.5,4,No,Heavy,2,2.8,0,0,1,1,0
44,Male,170.4,70.7,24.35,133,72,105,73,5.4,6,No,Never,7,2.6,1,0,1,0,0
50,Male,173.4,83.9,27.9,137,84,112,75,4.0,2,Yes,Never,4,2.1,1,1,1,1,0
29,Male,147.8,67.8,31.04,130,85,119,89,6.1,3,No,Occasional,6,2.9,1,1,1,0,0
22,Female,148.1,54.0,24.62,110,70,79,73,7.3,2,No,Occasional,5,2.0,0,0,1,0,0
26,Female,165.2,66.5,24.37,117,64,102,93,6.8,3,No,Occasional,7,2.0,0,0,0,0,0
59,Female,164.0,61.4,22.83,121,81,107,71,8.0,6,No,Occasional,6,2.8,0,0,0,0,0
72,Male,171.8,47.2,15.99,105,68,61,78,5.7,5,No,Occasional,3,2.8,0,0,1,0,0
29,Male,166.2,70.3,25.45,135,90,88,89,5.9,4,Yes,Never,8,2.8,0,0,1,1,0
38,Male,171.8,64.7,21.92,117,77,64,79,7.9,4,No,Never,4,2.1,0,0,0,0,0
39,Male,153.5,47.6,20.2,131,78,75,85,6.7,2,Yes,Occasional,4,2.2,1,1,1,1,0
40,Male,165.9,75.4,27.4,117,76,96,79,7.1,4,No,Occasional,3,1.6,0,0,1,0,0
33,Female,152.6,42.5,18.25,117,76,60,85,9.7,5,Yes,Regular,1,2.8,0,0,1,0,0
21,Male,169.9,83.0,28.75,107,77,118,70,6.5,1,No,Never,4,1.8,1,0,1,1,0
51,Female,147.2,60.6,27.97,141,65,126,94,6.0,2,No,Regular,6,0.9,1,1,1,1,0
40,Male,169.5,67.4,23.46,128,72,91,72,5.7,1,No,Never,2,1.9,0,0,1,0,0
39,Male,151.3,57.3,25.03,124,85,92,74,6.0,3,Yes,Occasional,9,1.6,0,0,1,1,0
34,Female,162.2,51.3,19.5,121,60,80,77,8.3,2,No,Never,1,0.7,0,0,1,0,0
76,Female,174.9,91.4,29.88,162,103,139,84,7.5,2,No,Occasional,4,1.8,1,0,1,0,0
56,Male,168.3,75.6,26.69,124,76,111,76,8.7,3,No,Occasional,2,2.7,0,0,0,0,0
44,Female,149.5,59.7,26.71,150,85,75,82,7.0,4,Yes,Occasional,7,2.5,0,0,1,1,0
30,Male,159.3,69.9,27.55,107,83,66,72,4.0,4,No,Never,7,2.5,0,0,1,1,0
68,Male,151.0,52.4,22.98,130,81,85,72,7.5,4,No,Never,5,3.1,1,0,1,1,0
73,Male,149.1,42.0,18.89,97,72,87,72,7.1,4,No,Occasional,2,1.8,0,0,1,0,0
20,Male,167.2,82.4,29.48,128,75,71,70,6.9,4,No,Occasional,3,1.5,1,0,1,1,0
76,Female,171.6,87.1,29.58,140,89,116,76,8.1,2,Yes,Never,6,2.5,0,0,1,1,0
62,Male,170.4,67.8,23.35,120,82,76,81,6.4,1,Yes,Never,4,2.4,1,1,1,1,0
24,Female,172.0,79.7,26.94,116,61,89,63,7.5,7,No,Occasional,4,1.4,0,0,1,0,0
65,Female,165.9,88.2,32.05,156,84,123,73,5.4,2,No,Occasional,5,2.1,1,1,1,1,0
24,Male,163.3,81.2,30.45,116,65,124,78,4.9,6,No,Never,4,2.6,1,0,1,1,0
21,Male,155.3,53.5,22.18,108,66,79,59,6.3,3,No,Never,1,2.4,0,0,0,0,0
25,Male,161.6,46.6,17.84,122,62,63,75,6.5,7,Yes,Occasional,2,2.7,0,0,0,0,0
46,Female,152.8,44.8,19.19,105,73,103,67,7.6,3,No,Heavy,2,1.8,0,0,1,0,0
57,Female,157.5,60.3,24.31,124,69,107,82,5.4,4,Yes,Occasional,4,1.3,0,0,1,0,0
43,Female,166.9,90.4,32.45,148,75,115,71,8.6,2,No,Regular,5,1.6,1,0,1,0,0
25,Male,164.8,58.4,21.5,121,67,81,81,5.5,3,Yes,Occasional,5,2.8,1,0,1,0,0
30,Male,196.6,86.0,22.25,131,71,116,74,6.3,4,No,Occasional,8,2.9,0,0,1,0,0
71,Female,152.5,53.9,23.18,116,74,86,73,7.0,4,No,Heavy,2,2.1,0,0,1,0,0
78,Male,164.7,64.5,23.78,121,89,84,63,7.0,3,No,Never,6,3.2,1,1,1,1,0
65,Female,151.8,59.8,25.95,128,84,103,81,7.3,2,Yes,Regular,4,2.1,1,0,1,1,0
24,Male,162.1,49.5,18.84,120,70,81,75,9.1,3,No,Never,10,1.9,0,0,0,0,0
69,Male,162.5,82.7,31.32,160,79,139,74,5.9,1,No,Occasional,5,1.3,1,0,1,1,0
61,Female,174.4,76.7,25.22,142,76,104,73,7.2,3,No,Heavy,4,2.2,1,1,1,0,0
51,Male,161.5,97.9,37.54,152,77,140,85,6.5,4,No,Regular,6,2.9,1,0,1,1,0
27,Female,164.1,52.3,19.42,130,76,60,69,7.8,3,Yes,Regular,6,3.0,0,0,1,0,0
80,Male,161.7,88.9,34.0,147,94,121,59,7.3,3,No,Regular,4,2.9,1,1,1,1,0
45,Female,152.0,74.3,32.16,119,72,138,91,6.8,3,No,Occasional,7,2.5,1,0,1,1,0
20,Female,159.5,58.3,22.92,103,74,71,83,4.5,6,Yes,Occasional,9,3.2,0,0,0,0,0
31,Female,162.2,61.2,23.26,115,78,92,73,6.0,1,Yes,Occasional,7,1.6,1,0,1,0,0
43,Female,166.7,58.4,21.02,104,83,106,78,5.5,0,No,Never,5,3.0,1,0,0,1,0
21,Female,171.6,60.5,20.55,97,61,76,78,5.8,5,No,Occasional,9,2.4,0,0,0,0,0
38,Female,163.7,67.9,25.34,118,71,113,77,5.6,1,No,Never,6,2.3,0,0,1,1,0
47,Male,163.5,68.6,25.66,131,77,89,76,6.2,3,No,Regular,3,1.3,1,0,1,0,0
77,Male,148.8,41.2,18.61,142,78,96,70,6.2,1,Yes,Occasional,5,2.4,0,1,1,0,0
23,Female,171.4,105.6,35.95,149,78,127,79,6.2,2,No,Never,5,3.0,0,0,1,1,0
54,Male,159.0,61.9,24.48,117,74,84,73,6.4,2,No,Occasional,4,0.8,0,0,1,1,0
75,Male,173.5,80.0,26.58,154,91,100,85,5.5,2,Yes,Occasional,6,2.7,1,0,1,1,0
68,Female,179.2,74.1,23.08,144,85,113,80,7.1,1,No,Regular,1,0.7,0,0,1,0,0
76,Male,164.1,67.3,24.99,137,82,98,93,5.3,4,No,Never,9,1.3,1,0,1,1,0
28,Female,155.8,56.7,23.36,112,70,93,94,5.8,4,No,Occasional,7,2.1,0,0,1,0,0
68,Female,165.8,71.6,26.05,148,84,118,54,7.0,2,No,Never,1,3.2,1,0,1,0,0
79,Male,169.5,75.5,26.28,143,87,117,87,4.0,1,No,Regular,7,2.1,1,0,1,1,0
38,Female,162.8,77.4,29.2,144,79,110,86,9.7,3,No,Regular,6,2.5,1,0,1,1,0
49,Male,160.4,68.7,26.7,122,90,134,82,7.0,1,No,Never,9,1.6,1,0,1,0,0
51,Female,171.6,85.5,29.04,158,76,151,87,6.8,1,No,Never,9,2.1,1,0,1,1,0
49,Female,171.0,74.7,25.55,147,78,109,98,5.7,2,No,Never,9,2.2,1,0,1,0,0
36,Male,162.5,69.7,26.4,116,69,94,77,6.8,2,No,Occasional,5,3.3,0,0,1,0,0
79,Male,149.5,56.3,25.19,141,80,117,92,5.1,6,Yes,Never,6,1.7,1,1,1,1,0
78,Male,170.6,90.6,31.13,130,74,101,70,7.4,7,No,Regular,4,1.8,1,1,1,1,0
41,Male,158.3,67.5,26.94,126,76,125,86,4.4,2,No,Occasional,7,2.9,1,0,1,1,0
68,Male,168.1,71.5,25.3,123,84,92,83,5.4,3,Yes,Occasional,1,2.0,0,1,0,0,0
43,Other,167.5,68.9,24.56,104,55,88,63,6.1,2,No,Occasional,2,2.3,0,0,0,1,0
68,Male,147.1,55.3,25.56,117,74,83,74,8.7,7,No,Occasional,4,2.5,0,0,1,0,0
54,Female,166.8,72.0,25.88,150,82,91,79,5.3,2,Yes,Never,5,1.8,0,1,1,0,0
47,Male,171.1,74.0,25.28,105,72,114,86,7.0,6,No,Regular,6,0.9,0,0,0,0,0
26,Other,172.4,66.4,22.34,142,66,101,89,4.0,0,Yes,Occasional,8,2.9,0,1,1,0,0
59,Male,167.2,82.5,29.51,146,88,110,73,6.8,3,No,Never,4,2.3,1,0,1,1,0
38,Male,146.2,62.6,29.29,142,84,135,67,9.1,1,No,Never,2,1.4,1,0,0,0,0
31,Female,178.8,107.8,33.72,137,88,115,76,7.4,2,No,Occasional,4,2.7,1,0,1,1,0
30,Male,170.1,64.3,22.22,131,66,87,80,4.2,3,No,Never,4,3.5,0,0,1,1,0
79,Female,154.0,70.1,29.56,135,88,103,82,6.6,3,No,Never,7,3.0,1,0,1,0,0
24,Male,158.1,40.0,16.0,127,65,65,109,5.8,4,Yes,Occasional,9,3.6,0,1,1,0,0
68,Female,168.3,85.1,30.04,175,77,103,78,8.0,4,No,Regular,8,1.4,1,1,1,1,0
72,Female,172.8,57.3,19.19,132,71,90,78,6.3,1,No,Occasional,8,2.4,1,1,1,0,0
19,Female,161.1,52.2,20.11,106,68,72,75,5.0,3,No,Regular,4,2.4,0,0,1,1,0
55,Male,174.3,83.1,27.35,133,90,103,87,6.5,2,Yes,Never,5,2.1,1,0,1,1,0
54,Male,148.1,49.9,22.75,131,87,111,71,5.7,1,No,Regular,6,2.0,1,0,1,0,0
40,Male,155.6,52.6,21.73,126,75,88,92,4.1,3,Yes,Occasional,4,0.7,1,0,1,0,0
60,Male,145.4,49.8,23.56,108,73,128,76,6.6,1,No,Heavy,4,3.3,1,0,1,0,0
43,Male,157.0,71.4,28.97,135,77,114,92,6.6,5,No,Occasional,6,1.1,1,0,0,0,0
45,Female,181.1,68.9,21.01,126,77,74,83,7.4,4,No,Occasional,2,2.8,0,0,1,0,0
45,Female,186.6,87.9,25.24,121,89,109,89,7.7,3,No,Regular,8,2.2,0,0,1,1,0
68,Female,168.3,68.7,24.25,133,89,101,78,6.4,5,Yes,Regular,4,2.2,1,0,1,1,0
57,Male,159.6,75.7,29.72,153,93,132,74,4.7,4,Yes,Never,6,2.1,1,0,1,0,0
41,Male,163.8,79.1,29.48,130,92,120,79,5.6,3,Yes,Never,6,2.3,1,0,1,1,0
76,Female,170.7,50.9,17.47,138,77,96,74,6.4,3,No,Occasional,8,2.6,0,1,1,0,0
68,Male,150.4,70.3,31.08,139,82,134,56,8.5,6,No,Never,1,2.8,1,0,1,0,0
76,Male,160.3,60.0,23.35,166,91,118,88,6.5,1,No,Never,8,2.1,1,1,1,0,0
64,Male,180.3,88.1,27.1,139,86,121,86,6.3,3,No,Never,8,1.4,0,0,1,1,0
42,Female,155.5,50.6,20.93,122,83,114,72,6.3,2,Yes,Occasional,6,1.4,0,0,1,0,0
66,Other,158.5,69.9,27.82,144,79,126,76,6.6,2,No,Occasional,6,2.9,1,1,1,1,0
38,Male,166.1,103.7,37.59,148,97,131,77,8.9,1,No,Never,7,2.0,1,0,1,1,0
35,Male,168.8,73.7,25.87,136,69,92,86,6.8,4,No,Occasional,3,1.5,0,0,1,1,0
46,Male,159.7,59.5,23.33,142,84,68,61,6.4,1,No,Occasional,5,1.7,1,0,0,1,0
79,Male,166.8,70.2,25.23,134,82,81,97,6.6,4,No,Heavy,7,2.1,0,1,1,0,0
53,Female,172.1,55.2,18.64,113,66,81,75,6.2,3,No,Never,1,1.4,1,0,1,0,0
42,Male,185.6,111.5,32.37,128,67,104,55,4.7,4,No,Regular,6,2.2,0,0,1,1,0
47,Female,164.7,73.4,27.06,129,81,105,78,4.5,2,Yes,Heavy,5,3.0,1,1,1,1,0
36,Male,165.6,55.5,20.24,87,64,106,88,5.6,1,No,Occasional,7,2.1,1,0,0,0,0
59,Male,181.3,68.9,20.96,143,69,83,70,8.3,1,No,Occasional,3,1.1,1,0,1,1,0
40,Female,160.5,65.6,25.47,124,82,73,78,8.2,3,Yes,Never,4,2.8,0,0,1,0,0
52,Male,152.8,70.4,30.15,129,68,88,92,5.5,3,No,Occasional,2,2.9,0,0,1,0,0
41,Female,168.5,56.4,19.86,146,81,66,72,6.7,4,Yes,Never,2,3.0,0,0,1,0,0
38,Male,176.8,95.9,30.68,130,99,96,74,6.7,1,No,Occasional,7,2.2,1,0,1,1,0
79,Female,169.6,74.5,25.9,137,78,108,83,5.9,4,No,Regular,4,3.7,1,1,1,0,0
39,Male,165.0,56.9,20.9,120,80,111,64,8.4,2,No,Never,4,2.7,0,0,1,0,0
22,Male,151.5,52.1,22.7,129,67,103,97,7.4,1,Yes,Occasional,8,4.1,0,0,1,0,0
41,Female,165.4,92.4,33.78,131,85,126,83,7.2,3,No,Occasional,5,3.1,1,0,1,1,0
51,Male,178.3,60.4,19.0,137,78,97,102,6.6,0,No,Occasional,7,3.0,1,0,1,0,0
23,Male,153.7,50.6,21.42,116,92,62,81,4.9,4,Yes,Occasional,3,1.8,0,0,1,0,0
37,Other,163.6,80.0,29.89,141,81,143,83,8.4,1,Yes,Occasional,5,1.6,1,1,1,1,0
28,Female,162.1,68.6,26.11,111,75,89,74,7.6,3,No,Occasional,3,2.3,0,0,1,0,0
49,Female,159.0,55.1,21.8,121,72,104,98,7.1,5,No,Never,7,2.1,0,0,1,0,0
63,Female,168.5,86.8,30.57,160,85,83,84,5.8,2,Yes,Occasional,5,1.9,1,1,1,1,0
79,Female,170.4,90.6,31.2,158,85,119,77,5.7,5,No,Occasional,7,2.1,1,1,1,1,0
42,Female,170.3,78.4,27.03,127,77,103,82,7.2,1,No,Never,6,2.1,1,1,1,1,0
72,Female,156.2,56.7,23.24,118,70,89,70,8.4,6,No,Occasional,1,1.8,0,0,1,0,0
31,Male,149.5,51.3,22.95,130,76,73,78,8.9,0,No,Occasional,5,2.6,1,0,1,0,0
67,Male,168.6,77.9,27.4,145,77,109,68,6.0,3,Yes,Occasional,2,1.7,1,1,1,1,0
53,Female,160.9,50.2,19.39,128,69,105,71,6.4,5,No,Occasional,6,2.2,1,0,1,0,0
65,Female,184.4,110.1,32.38,146,104,155,80,4.0,2,Yes,Occasional,7,1.4,1,0,1,1,0
65,Male,184.8,116.7,34.17,150,87,150,80,4.0,3,No,Regular,7,2.3,1,1,1,1,0
51,Male,185.9,84.7,24.51,136,82,118,72,7.4,3,No,Occasional,5,2.3,1,0,1,0,0
34,Male,156.6,66.1,26.95,108,70,115,65,5.9,7,No,Occasional,2,1.6,0,0,0,1,0
51,Female,171.7,92.4,31.34,161,89,145,81,4.2,1,No,Occasional,6,2.2,1,0,1,1,0
70,Female,174.7,108.4,35.52,168,87,113,81,5.2,4,No,Occasional,6,2.1,1,0,1,1,0
79,Male,173.6,101.9,33.81,153,71,131,70,7.1,2,No,Regular,5,1.9,1,1,1,1,0
76,Female,162.5,47.4,17.95,128,76,74,94,7.2,2,No,Occasional,5,1.9,1,1,1,0,0
29,Female,178.8,75.4,23.59,114,61,93,80,5.0,4,No,Never,1,2.5,0,0,1,0,0
55,Female,166.0,77.6,28.16,146,83,107,90,8.2,1,Yes,Occasional,5,2.2,1,0,1,0,0
24,Male,167.3,63.3,22.62,125,75,85,84,5.8,3,No,Never,5,2.8,0,0,1,0,0
60,Female,150.6,78.1,34.44,138,99,119,66,7.2,1,No,Occasional,3,1.5,1,0,1,1,0
80,Female,172.4,101.6,34.18,149,81,94,77,6.7,1,No,Heavy,6,2.1,1,1,1,1,0
21,Female,163.4,56.0,20.97,107,63,60,68,6.8,6,No,Occasional,4,1.8,0,0,1,0,0
59,Male,170.6,73.0,25.08,135,77,113,64,5.4,5,No,Occasional,6,2.2,1,0,1,0,0
77,Female,168.4,64.4,22.71,139,82,96,79,6.6,1,No,Never,6,2.4,1,1,1,0,0
71,Female,167.8,71.0,25.22,147,81,122,100,7.0,3,No,Never,6,1.4,1,1,1,1,0
42,Male,165.5,66.7,24.35,142,81,91,79,6.7,2,Yes,Occasional,2,2.6,0,0,1,0,0
24,Male,173.9,89.4,29.56,134,74,81,93,6.9,0,No,Regular,4,3.6,1,0,1,1,0
76,Female,164.0,59.2,22.01,142,79,84,99,7.7,4,No,Occasional,10,2.3,1,0,1,0,0
76,Female,151.4,36.7,16.01,125,78,80,74,5.9,4,No,Heavy,8,1.6,1,1,1,0,0
54,Male,171.7,53.1,18.01,132,73,78,89,7.4,1,Yes,Occasional,7,2.0,0,1,1,0,0
79,Male,157.9,53.4,21.42,121,74,99,75,6.4,4,No,Never,6,2.0,1,0,1,0,0
18,Male,152.8,50.6,21.67,94,66,84,81,8.6,4,No,Occasional,3,1.8,0,0,0,0,0
56,Female,155.8,64.7,26.65,147,75,111,83,4.9,2,No,Never,5,2.7,1,1,1,1,0
20,Female,168.8,56.1,19.69,124,59,82,91,8.4,3,No,Never,4,1.0,0,0,0,0,0
76,Male,165.0,55.7,20.46,121,71,114,82,6.0,1,No,Never,5,2.4,1,1,1,1,0
60,Male,144.7,44.8,21.4,123,70,100,74,9.6,7,No,Occasional,2,3.0,0,0,1,0,0
75,Male,162.2,55.0,20.91,116,87,83,73,7.1,5,No,Never,7,3.0,0,0,1,1,0
53,Male,177.7,72.7,23.02,141,77,67,59,8.1,1,No,Heavy,1,2.9,0,1,1,0,0
23,Female,161.5,57.6,22.08,118,66,75,90,6.3,5,Yes,Regular,7,1.8,0,0,1,0,0
19,Female,164.3,76.0,28.15,150,87,104,85,7.4,1,No,Occasional,7,3.1,1,0,1,1,0
39,Male,176.4,64.1,20.6,117,71,87,93,7.2,2,No,Occasional,10,2.4,0,1,0,0,0
64,Male,174.0,73.4,24.24,126,89,110,89,6.5,4,No,Never,5,3.1,1,0,1,0,0
27,Male,176.2,69.6,22.42,120,71,70,81,7.7,1,No,Occasional,4,2.9,1,0,1,0,0
71,Female,140.0,58.9,30.05,159,89,145,91,4.0,0,No,Never,6,2.4,1,1,1,0,0
33,Female,183.3,82.2,24.47,129,71,106,89,5.7,4,No,Occasional,7,2.0,0,0,1,0,0
49,Female,172.4,91.1,30.65,151,82,104,80,6.7,4,Yes,Never,5,3.7,0,1,1,1,0
30,Male,190.6,71.2,19.6,105,76,67,67,7.5,4,No,Occasional,3,1.0,0,0,1,0,0
47,Female,158.2,63.4,25.33,138,75,98,98,7.8,4,No,Occasional,7,2.1,1,1,1,0,0
46,Male,148.4,50.1,22.75,144,80,109,80,6.4,4,No,Occasional,5,1.3,0,0,1,0,0
18,Female,166.1,52.3,18.96,118,69,70,81,6.4,3,Yes,Occasional,3,2.3,0,0,1,0,0
53,Female,163.2,67.6,25.38,117,74,87,62,8.0,4,No,Never,2,2.4,1,0,1,1,0
67,Male,172.5,102.3,34.38,164,98,128,93,7.7,4,Yes,Never,10,1.8,1,0,1,0,0
76,Female,176.7,69.3,22.2,114,78,82,82,7.5,5,No,Occasional,7,1.8,1,0,1,1,0
38,Male,165.1,67.4,24.73,134,71,110,74,6.3,6,Yes,Occasional,7,1.3,0,0,0,1,0
73,Female,163.6,53.3,19.91,122,76,106,91,9.9,2,Yes,Never,5,2.5,1,1,1,0,0
73,Male,171.2,56.3,19.21,140,82,111,80,6.6,2,No,Regular,7,1.9,0,0,1,0,0
80,Male,163.4,60.3,22.58,134,63,121,54,7.1,3,No,Never,3,2.5,0,0,1,0,0
41,Male,162.6,61.4,23.22,134,77,84,76,8.7,2,No,Never,6,1.9,1,0,1,0,0
71,Male,176.4,75.3,24.2,138,71,107,90,8.5,2,No,Occasional,6,2.4,1,0,1,1,0
53,Male,178.6,78.5,24.61,139,76,94,64,7.7,4,No,Never,3,2.7,0,0,0,1,0
21,Male,176.8,53.1,16.99,109,74,98,99,5.6,3,No,Occasional,5,2.5,0,0,1,0,0
35,Female,164.3,60.1,22.26,133,68,81,84,6.9,4,Yes,Never,4,2.3,1,0,1,0,0
60,Male,144.6,59.1,28.27,131,83,80,95,7.4,4,No,Occasional,4,2.1,0,0,0,0,0
28,Male,164.5,50.2,18.55,113,80,75,73,9.2,1,Yes,Never,4,2.5,0,0,1,0,0
45,Other,158.4,59.7,23.79,107,69,105,61,10.0,3,No,Never,2,1.8,1,0,1,0,0
66,Female,164.7,74.4,27.43,133,80,124,84,5.7,1,No,Occasional,8,2.1,1,0,1,1,0
27,Male,159.3,54.0,21.28,121,76,92,76,7.4,1,No,Regular,9,2.4,0,0,1,0,0
49,Male,165.8,74.9,27.25,128,85,94,68,5.8,4,No,Occasional,3,3.2,1,0,1,1,0
31,Female,155.6,43.2,17.84,118,86,89,99,6.3,2,No,Occasional,8,1.8,1,0,1,0,0
51,Female,153.2,70.2,29.91,129,75,119,75,5.6,3,No,Heavy,5,1.6,0,0,1,0,0
33,Male,178.2,85.6,26.96,127,80,104,65,8.8,2,No,Never,5,2.4,1,0,1,0,0
78,Female,156.3,65.0,26.61,152,78,102,75,7.2,3,No,Regular,2,3.0,1,0,1,1,0
22,Male,166.0,83.6,30.34,134,71,101,93,7.1,3,Yes,Heavy,4,2.7,1,0,1,1,0
78,Male,175.5,76.2,24.74,138,79,97,60,6.7,5,No,Occasional,6,2.2,1,1,1,1,0
67,Female,175.1,70.8,23.09,141,80,115,68,7.3,2,Yes,Never,3,3.0,1,0,1,0,0
71,Female,173.9,99.0,32.74,157,85,116,74,7.3,5,No,Regular,4,1.0,0,1,1,1,0
71,Female,169.0,99.9,34.98,154,91,113,66,5.9,2,No,Occasional,4,2.9,1,0,1,1,0
29,Male,173.2,65.3,21.77,106,70,118,70,4.9,2,No,Never,1,2.0,0,0,0,0,0
76,Male,179.7,83.1,25.73,136,91,99,92,5.0,3,No,Regular,6,2.6,1,1,1,0,0
55,Male,170.3,89.2,30.76,145,102,105,86,4.5,1,Yes,Occasional,7,2.9,1,0,1,1,0
78,Male,147.6,56.5,25.93,142,86,91,87,6.9,4,Yes,Occasional,6,2.3,1,1,1,0,0
73,Male,160.7,75.0,29.04,154,82,107,86,5.5,3,No,Occasional,7,2.2,1,0,1,1,0
54,Female,173.0,88.2,29.47,149,77,117,66,8.0,5,No,Regular,4,1.9,0,0,1,1,0
41,Female,159.7,57.9,22.7,122,75,75,77,6.7,2,No,Occasional,9,3.3,0,0,1,0,0
25,Female,182.2,89.7,27.02,116,72,97,88,4.6,3,Yes,Regular,3,2.4,0,0,0,0,0
24,Male,165.4,68.2,24.93,105,62,85,79,6.2,2,No,Never,5,2.3,1,0,1,0,0
42,Male,166.9,54.6,19.6,131,60,71,77,4.0,5,No,Occasional,5,3.2,0,0,1,0,0
69,Female,177.2,67.0,21.34,141,82,72,79,5.2,3,No,Occasional,6,1.9,1,0,1,0,0
49,Male,164.2,60.6,22.48,120,81,96,79,6.1,1,No,Never,5,2.0,1,0,1,0,0
48,Female,167.8,84.6,30.05,130,79,78,74,5.5,7,No,Never,5,2.8,0,0,1,1,0
33,Male,175.0,91.3,29.81,141,75,100,66,9.1,3,No,Never,4,3.4,1,0,1,1,0
53,Female,151.3,67.1,29.31,131,75,110,77,7.7,5,No,Never,4,2.2,1,0,1,1,0
58,Female,163.1,74.3,27.93,141,69,71,62,6.6,2,No,Occasional,1,2.5,0,0,1,1,0
79,Female,174.3,86.1,28.34,144,80,126,101,8.3,4,No,Never,7,1.2,0,1,1,1,0
63,Female,166.7,75.8,27.28,133,75,77,81,5.6,2,No,Occasional,3,3.0,1,0,1,1,0
56,Female,180.7,90.6,27.75,112,72,132,82,6.4,4,Yes,Regular,4,1.5,0,0,1,0,0
75,Male,150.2,64.4,28.55,142,86,106,67,7.9,5,Yes,Occasional,3,1.8,1,0,1,1,0
44,Female,149.1,41.6,18.71,111,66,73,90,5.1,4,No,Regular,7,2.3,0,0,1,0,0
76,Female,173.7,67.8,22.47,135,76,99,68,7.6,6,No,Occasional,4,1.8,0,1,1,0,0
41,Female,174.7,62.4,20.45,115,58,69,75,7.4,3,No,Regular,1,0.9,0,0,0,0,0
26,Male,164.1,81.7,30.34,132,83,72,76,7.4,1,No,Occasional,6,1.4,0,0,1,1,0
44,Male,170.0,96.6,33.43,153,88,131,63,9.0,3,Yes,Never,4,2.3,1,0,1,1,0
26,Female,173.5,48.2,16.01,85,60,66,89,7.3,5,No,Occasional,5,3.2,0,0,0,0,0
25,Female,157.9,81.1,32.53,127,87,109,84,6.7,5,No,Occasional,7,3.1,1,0,1,1,0
73,Male,158.9,67.2,26.61,127,81,106,72,5.0,2,No,Occasional,3,2.4,1,0,1,1,0
68,Male,167.9,87.2,30.93,132,85,105,95,7.0,3,No,Never,5,2.3,0,1,1,1,0
31,Male,175.0,84.5,27.59,121,64,83,77,6.2,2,No,Occasional,4,2.7,0,0,0,1,0
70,Male,154.3,78.7,33.06,151,82,135,92,6.4,3,No,Regular,7,3.1,1,1,1,1,0
22,Male,164.0,69.7,25.91,118,65,97,59,6.1,6,No,Heavy,5,2.3,0,0,0,0,0
35,Male,163.6,50.1,18.72,119,76,85,77,7.3,1,No,Occasional,5,2.3,0,0,1,0,0
62,Male,170.2,73.6,25.41,122,84,115,70,5.6,4,No,Occasional,3,2.3,1,0,1,0,0
37,Female,165.9,76.4,27.76,127,73,103,73,6.8,3,No,Never,7,2.9,1,0,1,0,0
64,Male,160.5,64.2,24.92,157,85,123,78,5.2,3,Yes,Occasional,7,1.3,1,0,1,1,0
73,Male,178.5,93.5,29.35,170,96,141,86,4.5,0,Yes,Never,4,2.2,1,1,1,1,0
22,Male,160.6,63.5,24.62,116,71,111,81,6.2,1,No,Heavy,6,2.5,1,0,1,0,0
19,Male,163.1,58.5,21.99,108,56,87,74,7.1,7,No,Occasional,7,1.0,0,0,0,0,0
77,Female,150.1,47.5,21.08,128,85,88,81,5.3,4,No,Never,10,2.8,1,1,1,0,0
50,Female,158.9,60.0,23.76,139,80,106,90,6.8,2,No,Never,6,2.9,1,0,1,0,0
49,Male,171.2,77.9,26.58,157,82,93,69,6.2,5,Yes,Occasional,5,0.9,0,0,1,0,0
47,Male,169.2,46.2,16.14,113,79,89,82,5.4,4,Yes,Occasional,5,1.9,1,0,1,0,0
45,Male,172.0,64.4,21.77,134,81,117,75,7.4,2,No,Occasional,5,2.0,0,0,1,1,0
61,Male,171.5,48.0,16.32,130,78,87,78,5.7,2,No,Occasional,7,1.6,0,0,1,0,0
54,Male,186.9,79.5,22.76,122,66,77,54,7.3,3,No,Occasional,3,1.7,1,0,0,0,0
28,Male,158.5,77.4,30.81,123,68,119,81,4.7,3,No,Never,7,1.9,0,0,0,0,0
57,Male,149.8,45.1,20.1,146,75,89,68,7.1,2,No,Never,2,2.6,0,1,0,0,0
60,Female,155.5,70.7,29.24,148,83,137,84,7.3,3,No,Never,7,3.0,1,1,1,1,0
25,Male,159.0,97.8,38.69,148,84,123,108,7.0,4,No,Occasional,7,2.6,1,0,1,1,0
41,Male,156.3,79.1,32.38,137,95,115,84,7.7,2,No,Regular,7,1.6,1,0,1,0,0
67,Male,166.9,74.3,26.67,138,87,109,82,7.4,4,No,Never,6,2.7,1,0,1,1,0
56,Male,178.5,95.3,29.91,125,80,116,71,7.0,4,No,Occasional,6,2.6,1,0,1,0,0
26,Male,181.4,60.7,18.45,114,61,60,77,7.8,3,No,Never,4,0.7,0,0,1,0,0
20,Male,171.0,50.7,17.34,102,71,65,77,6.4,0,No,Never,3,3.0,0,0,1,0,0
54,Male,187.4,90.8,25.86,122,82,120,72,7.3,3,No,Never,6,2.3,1,0,1,0,0
47,Male,162.4,72.4,27.45,124,78,97,72,6.7,1,No,Occasional,5,2.3,1,0,1,0,0
78,Female,149.7,70.8,31.59,176,69,123,86,8.9,3,No,Never,7,1.1,1,1,1,1,0
50,Female,176.5,71.3,22.89,129,72,92,77,7.0,3,Yes,Regular,5,3.2,1,0,1,0,0
76,Male,147.6,59.3,27.22,151,92,107,75,5.0,0,No,Never,6,2.4,0,0,1,1,0
31,Male,158.4,65.0,25.91,113,67,98,94,6.9,1,No,Occasional,6,2.7,0,0,1,0,0
46,Female,171.2,73.0,24.91,129,82,88,98,5.4,1,No,Heavy,7,1.3,1,0,1,1,0
26,Female,165.0,67.2,24.68,104,75,71,72,7.5,4,No,Never,7,2.5,0,0,0,0,0
54,Male,164.1,58.2,21.61,122,64,90,79,7.8,6,No,Occasional,3,2.5,0,0,1,0,0
29,Male,154.2,62.9,26.45,110,79,119,63,5.8,6,No,Occasional,7,2.1,1,0,0,0,0
49,Male,165.9,73.0,26.52,140,78,117,72,5.4,1,No,Never,5,1.4,1,1,1,0,0
39,Female,176.0,72.0,23.24,106,74,108,72,6.7,2,No,Never,7,2.2,1,0,1,0,0
29,Male,166.2,78.2,28.31,119,68,118,78,5.3,5,No,Regular,9,1.6,1,0,1,1,0
24,Male,157.7,74.4,29.92,133,83,102,71,6.0,2,No,Never,1,1.7,0,0,1,0,0
50,Male,153.5,68.0,28.86,152,73,112,72,5.8,3,No,Never,8,3.0,1,0,1,1,0
77,Male,157.9,53.1,21.3,135,71,88,75,7.5,2,No,Occasional,5,2.3,1,1,1,0,0
30,Male,169.9,73.9,25.6,117,75,108,68,5.0,1,No,Never,3,2.1,1,0,1,0,0
43,Female,169.4,60.5,21.08,129,70,95,85,5.8,1,Yes,Regular,4,1.4,1,0,1,1,0
32,Female,158.0,64.0,25.64,137,85,80,72,9.9,5,No,Regular,3,2.2,0,0,1,0,0
68,Male,143.9,45.0,21.73,127,70,93,91,9.1,4,No,Regular,6,2.1,1,0,1,0,0
44,Male,170.2,91.6,31.62,136,87,96,61,8.4,1,No,Never,3,1.6,1,0,1,1,0
79,Female,157.0,74.2,30.1,150,105,133,101,6.5,1,Yes,Heavy,8,2.9,1,1,1,1,0
33,Male,172.9,91.9,30.74,126,85,134,93,7.5,2,No,Occasional,7,2.9,1,0,1,0,0
23,Male,158.4,75.3,30.01,131,72,88,76,6.1,2,No,Occasional,6,1.7,0,0,1,1,0
54,Male,156.1,59.5,24.42,136,78,113,69,4.0,1,No,Occasional,1,2.5,1,0,1,0,0
59,Female,167.5,66.8,23.81,130,85,114,75,6.2,3,No,Occasional,2,1.0,0,0,1,0,0
80,Female,189.6,124.9,34.74,158,76,105,81,6.1,7,No,Occasional,5,2.4,1,1,1,1,0
72,Female,173.5,76.4,25.38,125,87,73,56,6.7,5,No,Occasional,5,2.7,0,0,1,0,0
73,Female,167.4,55.2,19.7,124,83,101,80,7.1,1,No,Occasional,7,1.5,0,1,1,0,0
57,Male,169.6,88.1,30.63,150,97,106,79,9.1,3,Yes,Never,1,2.2,1,1,1,0,0
40,Male,148.5,57.5,26.07,118,77,93,75,6.8,4,No,Never,4,2.3,0,0,1,1,0
45,Male,154.8,78.4,32.72,129,85,135,83,5.3,2,No,Occasional,7,4.1,1,0,1,1,0
26,Female,140.9,52.0,26.19,120,77,89,62,6.5,4,No,Occasional,5,3.9,0,0,0,0,0
45,Female,183.3,85.4,25.42,129,68,137,74,7.6,1,No,Occasional,4,2.4,1,1,1,0,0
40,Male,181.3,107.5,32.7,130,73,86,68,6.8,3,No,Occasional,2,1.8,0,0,1,1,0
20,Female,169.9,50.5,17.49,123,67,66,75,5.5,3,No,Occasional,8,2.4,0,0,1,0,0
30,Male,167.4,62.5,22.3,136,68,70,87,7.4,6,Yes,Never,4,2.9,0,0,1,0,0
51,Male,150.5,48.5,21.41,139,73,96,83,5.0,1,No,Occasional,8,1.1,1,0,1,0,0
41,Male,163.8,42.9,15.99,118,83,103,76,5.3,4,No,Never,9,0.8,0,0,1,0,0
80,Female,183.9,103.4,30.57,170,103,104,103,7.0,5,Yes,Regular,8,1.5,1,1,1,1,0
48,Female,167.3,64.1,22.9,124,56,80,80,5.7,4,No,Occasional,5,2.7,0,0,1,1,0
78,Female,160.4,78.9,30.67,148,87,112,80,6.3,1,No,Regular,4,2.7,1,0,1,1,0
59,Female,148.4,61.0,27.7,134,74,104,78,6.8,4,Yes,Never,4,2.5,1,0,1,1,0
20,Female,179.8,89.8,27.78,117,84,105,81,6.2,3,No,Occasional,10,2.9,1,0,0,1,0
30,Female,165.3,62.7,22.95,130,75,88,74,5.5,0,No,Occasional,5,2.1,1,0,1,0,0
62,Female,148.4,49.0,22.25,114,87,78,70,6.9,5,No,Never,8,2.0,0,0,1,0,0
52,Male,156.8,64.2,26.11,124,71,101,75,5.5,4,No,Occasional,6,2.5,1,0,1,0,0
37,Female,153.2,69.7,29.7,129,73,131,66,8.8,0,No,Never,4,3.3,1,0,1,1,0
50,Female,164.7,68.9,25.4,117,77,117,88,6.2,1,No,Never,5,2.5,0,0,1,0,0
74,Female,168.1,64.6,22.86,137,78,102,80,7.2,1,No,Occasional,8,2.1,1,0,1,0,0
42,Male,161.0,51.0,19.68,120,72,90,88,7.6,1,No,Occasional,5,2.5,1,0,1,0,0
20,Female,173.8,78.1,25.86,137,86,104,77,6.3,0,Yes,Occasional,4,3.1,1,0,1,1,0
37,Female,166.8,63.0,22.64,113,75,103,79,5.6,3,No,Occasional,4,2.0,0,0,1,0,0
76,Male,176.6,80.9,25.94,144,81,135,68,7.5,2,No,Never,6,1.9,1,0,1,0,0
65,Other,162.4,65.5,24.84,118,79,106,70,5.0,3,No,Occasional,4,1.9,1,0,0,0,0
70,Male,196.5,92.6,23.98,128,71,91,79,5.0,1,No,Occasional,7,2.7,0,0,1,0,0
75,Male,160.4,71.2,27.67,132,74,98,92,7.1,1,No,Occasional,10,1.7,1,0,1,1,0
25,Male,157.0,68.2,27.67,131,82,107,67,6.4,4,No,Occasional,6,2.6,1,0,1,0,0
35,Female,155.7,84.1,34.69,137,79,99,98,5.5,3,No,Never,9,1.2,1,0,1,1,0
21,Female,163.9,76.7,28.55,126,86,114,79,6.2,0,No,Occasional,4,2.0,1,0,1,1,0
18,Male,148.8,71.9,32.47,136,77,103,83,5.5,1,No,Never,7,2.2,0,0,1,1,0
70,Female,168.9,63.3,22.19,152,85,86,77,9.2,2,Yes,Never,8,3.4,0,1,1,1,0
77,Male,146.9,40.2,18.63,150,82,102,83,7.7,5,No,Occasional,8,2.8,0,0,1,1,0
27,Male,167.6,70.2,24.99,124,82,84,96,5.4,1,No,Occasional,8,2.0,0,1,1,1,0
63,Female,152.5,69.9,30.06,138,82,125,73,6.3,0,No,Never,5,1.9,1,0,1,1,0
51,Female,162.2,76.3,29.0,145,82,115,77,7.3,2,No,Never,7,1.8,0,0,1,1,0
22,Female,172.0,90.9,30.73,146,75,73,71,5.6,3,No,Occasional,3,1.5,0,0,0,1,0
75,Female,189.0,57.2,16.01,120,76,109,78,5.7,6,No,Occasional,9,3.3,1,0,1,0,0
72,Other,155.2,77.5,32.17,143,89,136,69,6.5,4,Yes,Occasional,3,1.7,1,1,1,1,0
53,Male,164.5,73.9,27.31,112,76,125,88,5.4,2,No,Occasional,8,3.3,0,0,1,1,0
62,Male,158.8,46.7,18.52,107,77,109,95,7.8,2,No,Never,8,2.3,1,0,1,0,0
43,Male,157.3,71.6,28.94,145,68,96,80,5.6,5,No,Occasional,8,2.1,0,0,1,0,0
67,Female,158.9,67.8,26.85,151,90,135,87,6.2,1,Yes,Regular,10,2.3,1,1,1,1,0
46,Female,174.2,83.0,27.35,120,79,117,72,6.6,4,No,Regular,8,3.0,1,0,1,0,0
80,Female,161.1,80.9,31.17,148,79,87,95,8.9,2,No,Never,2,1.6,0,1,1,1,0
21,Male,188.5,95.8,26.96,150,74,79,79,6.4,6,Yes,Regular,7,2.5,0,0,1,0,0
28,Male,170.2,52.2,18.02,98,58,60,69,9.7,7,No,Never,1,2.2,0,0,0,0,0
79,Female,155.9,62.4,25.67,163,80,127,64,6.2,6,Yes,Never,5,2.5,1,1,1,0,0
36,Other,162.3,46.1,17.5,97,71,61,66,6.5,5,No,Occasional,4,2.1,0,0,0,0,0
37,Male,158.0,70.9,28.4,143,80,95,90,7.7,4,No,Never,7,2.0,1,0,1,1,0
67,Male,174.0,99.2,32.77,137,90,98,65,9.3,4,No,Never,3,2.5,1,0,1,1,0
29,Male,149.6,42.8,19.12,101,82,73,68,6.4,3,No,Never,4,1.3,0,0,1,0,0
50,Male,152.6,52.2,22.42,113,81,108,80,8.2,5,No,Occasional,6,3.1,1,0,1,1,0
36,Male,160.1,53.9,21.03,113,60,67,75,7.5,5,No,Occasional,8,2.3,1,0,1,0,0
30,Male,172.8,68.5,22.94,129,68,100,85,5.7,1,No,Occasional,5,1.8,0,0,1,0,0
78,Female,178.3,90.0,28.31,144,96,106,80,6.3,4,No,Occasional,10,2.4,1,0,1,1,0
30,Male,179.8,74.3,22.98,131,71,123,81,6.6,0,No,Never,5,1.7,1,0,1,1,0
23,Male,171.3,82.4,28.08,118,73,104,89,5.3,2,No,Occasional,7,2.3,1,0,1,1,0
60,Male,165.2,84.6,31.0,144,88,118,78,6.8,1,No,Occasional,6,2.3,1,0,1,1,0
72,Female,173.9,95.1,31.45,143,84,112,68,6.8,2,No,Never,5,3.0,1,1,1,1,0
26,Male,154.6,47.0,19.66,127,79,84,75,6.9,6,No,Heavy,8,2.4,0,0,1,0,0
62,Male,147.6,71.0,32.59,156,87,96,71,6.9,2,Yes,Occasional,3,1.5,1,0,1,1,0
52,Male,170.4,95.0,32.72,137,97,112,64,6.2,4,No,Occasional,1,2.6,1,1,1,0,0
70,Female,155.9,81.6,33.57,157,89,119,87,9.8,0,Yes,Occasional,5,2.7,0,1,1,1,0
25,Female,165.3,66.2,24.23,109,66,80,76,7.0,4,No,Occasional,5,1.2,0,0,1,0,0
79,Male,167.2,63.6,22.75,128,75,136,90,8.1,4,No,Occasional,8,1.4,0,0,1,1,0
57,Male,168.5,59.8,21.06,137,69,113,68,7.4,2,No,Regular,3,3.5,0,0,1,0,0
71,Male,175.4,64.2,20.87,118,84,123,82,8.5,1,No,Never,6,2.0,1,0,1,0,0
40,Female,174.3,77.3,25.44,122,66,112,92,5.6,3,No,Never,6,2.0,1,0,1,0,0
77,Female,168.0,85.7,30.36,156,78,124,81,6.5,4,No,Never,6,2.2,1,0,1,1,0
57,Male,161.6,83.8,32.09,131,90,145,94,5.9,1,No,Heavy,8,1.8,1,1,1,1,0
25,Male,167.1,63.3,22.67,121,58,91,81,6.0,4,Yes,Occasional,5,1.0,0,0,0,0,0
76,Female,160.0,66.8,26.09,129,70,115,82,7.0,5,No,Never,5,1.5,1,1,1,0,0
68,Female,164.0,68.8,25.58,138,80,128,78,6.3,3,No,Never,6,1.8,1,1,1,0,0
36,Male,192.2,82.1,22.22,113,73,99,62,4.9,5,No,Occasional,5,1.9,1,0,1,0,0
52,Male,167.8,82.2,29.19,106,74,109,75,6.6,5,No,Regular,2,1.7,0,0,1,1,0
42,Male,170.5,79.0,27.18,133,79,113,79,6.3,3,No,Occasional,4,1.2,0,0,1,0,0
52,Female,158.9,66.5,26.34,117,69,100,74,7.8,6,No,Never,5,1.8,0,0,1,1,0
78,Female,176.2,87.1,28.05,142,96,125,71,5.0,0,No,Regular,4,2.9,1,1,1,1,0
74,Female,173.6,87.9,29.17,143,90,123,90,6.1,4,No,Regular,5,1.8,1,0,1,0,0
31,Female,173.7,84.6,28.04,129,70,83,87,5.7,3,No,Occasional,6,2.1,0,0,1,0,0
79,Male,168.1,63.1,22.33,135,75,85,67,7.6,7,No,Occasional,5,3.1,1,0,1,0,0
45,Male,176.3,92.6,29.79,146,68,125,97,5.9,1,No,Occasional,7,1.8,1,0,1,1,0
62,Male,178.7,86.7,27.15,112,87,110,92,7.8,4,No,Occasional,7,4.2,1,0,1,1,0
66,Female,168.8,68.2,23.94,135,68,98,69,7.0,2,No,Regular,1,2.8,0,0,0,1,0
48,Female,164.9,72.6,26.7,135,77,105,70,7.6,2,Yes,Occasional,2,2.3,0,0,1,0,0
46,Male,174.9,83.1,27.17,121,74,70,76,8.4,2,No,Occasional,1,2.0,1,0,1,1,0
46,Male,157.0,75.7,30.71,140,72,111,78,5.2,1,No,Never,5,3.1,1,0,1,1,0
72,Female,158.8,53.3,21.14,140,71,95,102,6.4,3,No,Occasional,5,1.7,0,1,1,0,0
42,Female,165.5,87.1,31.8,131,86,120,74,7.1,0,No,Never,6,1.9,1,0,1,1,0
35,Female,148.6,56.0,25.36,145,76,111,100,6.8,3,Yes,Occasional,7,3.2,0,0,1,0,0
40,Male,174.3,69.7,22.94,128,77,82,70,5.1,6,No,Heavy,5,2.0,1,0,1,0,0
30,Female,156.4,55.2,22.57,114,73,103,70,7.7,6,No,Never,4,1.9,0,0,1,0,0
42,Female,161.3,53.6,20.6,104,65,72,69,6.8,4,No,Occasional,5,1.8,1,0,1,0,0
25,Female,163.9,44.7,16.64,125,61,84,77,6.9,3,No,Occasional,4,0.9,0,0,1,0,0
23,Female,166.4,78.1,28.21,118,68,84,61,6.7,5,No,Never,2,2.9,0,0,1,0,0
63,Female,162.6,93.7,35.44,155,87,148,82,4.0,1,No,Occasional,7,2.2,1,1,1,1,0
22,Female,165.3,46.9,17.16,111,78,77,71,7.3,5,Yes,Regular,6,2.9,0,0,1,0,0
53,Female,165.4,57.8,21.13,131,76,76,64,7.2,4,No,Never,8,2.1,0,0,1,0,0
67,Male,161.5,77.4,29.68,159,76,116,79,6.3,1,Yes,Occasional,3,1.9,1,1,1,1,0
63,Male,158.3,64.5,25.74,131,73,107,84,5.1,3,No,Occasional,2,1.8,1,0,1,1,0
46,Female,176.8,92.3,29.53,120,76,110,77,6.2,2,No,Occasional,3,2.6,1,0,0,1,0
30,Female,145.0,51.8,24.64,132,77,101,79,7.9,2,No,Never,6,1.7,0,0,1,0,0
76,Male,163.9,63.1,23.49,138,98,103,110,6.0,3,Yes,Never,7,2.4,1,1,1,1,0
70,Male,161.3,65.2,25.06,126,85,97,57,6.6,4,No,Never,6,2.2,1,0,1,1,0
56,Female,170.2,46.3,15.98,123,73,60,86,6.2,4,Yes,Occasional,6,1.5,0,0,1,0,0
23,Female,151.5,44.7,19.48,106,62,92,73,6.9,3,No,Never,7,1.9,0,0,0,0,0
20,Female,161.0,76.3,29.44,119,81,101,71,5.1,7,No,Occasional,4,2.2,0,0,0,1,0
37,Male,165.0,84.5,31.04,140,79,141,76,6.2,3,No,Occasional,8,2.0,1,0,1,0,0
27,Female,176.7,99.3,31.8,136,75,113,86,7.7,3,Yes,Regular,10,3.4,1,0,1,1,0
72,Female,169.3,81.1,28.29,141,84,114,76,5.7,3,No,Regular,3,2.4,1,1,1,1,0
30,Male,154.2,38.0,15.98,100,56,76,75,6.4,4,No,Occasional,5,2.1,0,0,0,0,0
35,Male,161.1,57.6,22.19,124,76,102,68,8.3,1,No,Never,2,2.0,1,0,1,0,0
79,Other,174.9,100.1,32.72,154,84,114,62,7.8,3,No,Never,3,2.1,1,0,1,1,0
69,Male,154.0,80.4,33.9,156,85,126,85,7.2,4,No,Occasional,6,1.8,1,1,1,1,0
31,Female,165.2,86.5,31.7,128,60,110,74,7.4,0,No,Occasional,2,1.7,1,0,1,1,0
42,Female,165.9,66.9,24.31,126,82,107,66,7.2,2,No,Never,4,2.6,1,0,1,0,0
50,Female,162.1,50.9,19.37,129,66,126,69,6.2,2,No,Occasional,8,3.2,1,0,1,0,0
59,Male,193.0,95.6,25.67,148,78,110,87,8.0,3,Yes,Never,6,1.9,1,1,1,0,0
76,Female,161.9,69.1,26.36,150,85,90,78,6.0,3,No,Occasional,7,2.5,1,1,1,0,0
72,Male,170.5,97.9,33.68,143,83,100,71,5.7,5,No,Occasional,2,1.8,0,0,1,1,0
79,Female,158.3,68.8,27.46,132,100,129,100,5.0,3,No,Never,5,2.3,0,0,1,1,0
20,Male,171.3,73.2,24.95,125,61,71,92,5.6,3,No,Regular,9,1.3,0,0,1,0,0
32,Female,174.7,77.9,25.52,123,69,98,74,6.0,4,No,Occasional,4,1.6,0,0,1,0,0
53,Female,160.1,70.8,27.62,122,85,95,62,5.9,2,No,Occasional,4,1.6,0,0,1,1,1
21,Male,165.5,76.4,27.89,135,74,145,100,5.1,0,No,Occasional,7,2.1,1,0,1,1,0
40,Male,157.0,54.0,21.91,121,73,73,77,7.3,1,No,Never,3,1.4,0,0,1,0,0
27,Female,154.6,47.7,19.96,110,87,74,102,5.4,4,No,Occasional,7,0.7,1,0,1,0,0
76,Male,176.4,102.2,32.84,150,86,132,64,7.7,2,No,Occasional,1,1.3,1,0,1,1,0
21,Male,160.5,43.9,17.04,110,73,68,60,7.9,2,No,Occasional,1,2.1,0,0,0,0,0
27,Male,141.9,66.3,32.93,154,88,100,97,9.8,3,Yes,Occasional,6,1.7,0,0,1,0,0
30,Female,183.7,54.0,16.0,98,66,60,71,6.3,7,No,Occasional,3,1.8,0,0,1,0,0
27,Female,158.0,55.5,22.23,113,70,79,89,6.6,1,No,Occasional,4,2.4,0,0,1,0,0
53,Male,163.5,81.2,30.38,148,73,104,73,5.6,1,No,Occasional,7,1.7,1,0,1,1,0
40,Female,182.4,84.4,25.37,114,85,101,72,5.1,2,No,Occasional,7,2.1,1,0,1,0,0
75,Male,164.6,54.0,19.93,137,80,122,65,6.3,3,No,Never,3,3.6,1,0,1,0,0
34,Male,164.4,73.7,27.27,109,78,129,52,5.6,5,No,Regular,6,2.0,1,0,1,0,0
51,Male,153.7,61.4,25.99,115,76,131,72,5.2,4,No,Never,5,2.1,1,0,1,0,0
59,Male,149.7,55.6,24.81,156,79,102,69,6.9,2,Yes,Never,6,2.4,1,0,1,1,0
57,Male,164.3,61.6,22.82,101,82,102,73,5.4,7,No,Regular,5,1.7,1,0,1,0,0
68,Female,169.6,74.5,25.9,149,82,108,74,7.6,1,No,Occasional,2,1.8,1,0,1,1,0
30,Male,169.1,63.9,22.35,124,54,69,62,7.8,7,No,Occasional,4,2.1,0,0,1,0,0
49,Female,161.2,96.9,37.29,143,82,92,73,5.9,4,No,Occasional,1,2.3,1,0,1,1,0
68,Male,166.2,68.8,24.91,141,77,78,80,8.4,4,No,Never,6,1.6,0,1,1,0,0
72,Male,147.6,53.1,24.37,120,61,106,90,7.1,4,No,Occasional,6,2.6,0,1,1,0,0
56,Male,170.6,67.4,23.16,120,69,74,91,6.7,4,No,Occasional,4,3.2,1,0,1,0,0
59,Female,167.6,96.6,34.39,146,102,107,76,4.5,5,No,Never,5,1.0,1,0,1,1,0
72,Female,185.7,63.1,18.3,134,60,93,81,4.7,4,Yes,Occasional,3,2.5,0,0,1,0,0
57,Male,166.1,75.9,27.51,144,74,77,90,8.4,2,No,Never,8,2.1,1,1,1,1,0
77,Male,156.6,61.7,25.16,138,62,124,88,8.6,4,No,Regular,2,2.0,1,1,1,0,0
26,Male,165.5,49.8,18.18,115,60,79,70,8.7,3,Yes,Occasional,5,2.4,0,0,0,0,0
39,Female,162.7,56.7,21.42,101,56,78,65,9.3,4,No,Regular,2,3.1,0,0,1,0,0
25,Male,170.3,76.9,26.52,123,65,86,66,8.3,4,No,Regular,6,2.4,0,0,1,0,0
23,Female,166.3,57.5,20.79,99,80,91,75,6.8,5,No,Regular,8,2.8,0,0,0,0,0
47,Male,153.4,63.1,26.82,123,82,85,68,7.7,2,No,Heavy,1,2.2,0,1,1,1,0
32,Male,149.6,74.9,33.47,148,79,133,72,5.7,4,No,Regular,7,2.4,1,0,1,1,0
43,Female,168.6,74.7,26.28,124,95,120,95,6.7,2,Yes,Regular,9,1.8,1,0,1,1,0
45,Male,179.8,59.9,18.53,110,64,69,79,7.6,7,No,Never,6,2.2,0,0,1,0,0
57,Male,166.8,60.5,21.75,135,69,92,77,7.7,2,No,Occasional,4,2.0,0,0,1,1,0
77,Female,174.1,75.6,24.94,145,78,125,81,6.5,3,No,Occasional,5,2.3,1,1,1,1,0
71,Male,176.1,75.9,24.48,139,69,111,93,4.2,2,No,Heavy,4,1.1,0,0,1,1,0
41,Male,168.7,74.4,26.14,123,65,101,89,4.4,4,No,Occasional,10,1.5,0,1,1,1,0
38,Male,157.9,66.9,26.83,146,85,90,73,7.1,4,Yes,Never,7,3.0,0,0,0,1,0
66,Male,168.0,96.9,34.33,140,91,126,76,5.9,2,No,Never,7,3.1,1,1,1,1,0
25,Female,178.1,79.2,24.97,132,67,95,82,7.1,1,No,Never,10,1.1,0,0,1,1,0
52,Male,171.3,59.1,20.14,128,79,100,97,4.9,2,No,Occasional,8,1.8,1,0,1,0,0
44,Female,173.5,93.4,31.03,125,83,104,72,8.4,4,No,Occasional,5,1.7,0,0,1,1,0
29,Female,161.4,81.2,31.17,123,73,91,67,5.5,4,No,Never,5,2.4,1,0,1,1,0
56,Female,164.0,72.3,26.88,157,75,128,77,8.1,3,No,Never,10,2.1,1,1,1,1,0
38,Female,164.8,65.6,24.15,109,79,101,71,4.8,3,No,Never,4,2.6,1,0,1,1,0
29,Female,165.5,76.9,28.08,109,80,88,75,7.5,1,No,Regular,5,1.3,1,0,0,0,0
59,Female,177.7,78.4,24.83,123,89,91,67,5.7,3,No,Occasional,3,2.4,0,0,1,1,0
28,Male,142.5,32.5,16.0,108,67,76,79,7.0,6,Yes,Never,1,2.0,0,0,1,0,0
60,Male,166.3,79.0,28.57,151,68,96,72,8.2,2,No,Occasional,3,1.7,0,0,1,1,0
28,Female,165.2,80.1,29.35,123,64,98,73,8.0,3,No,Never,3,2.5,0,0,1,1,0
45,Male,152.3,75.2,32.42,117,78,105,80,5.8,5,No,Occasional,4,2.0,0,0,1,1,0
68,Female,172.7,67.3,22.56,143,89,93,95,5.8,2,Yes,Regular,7,2.1,0,0,1,1,0
32,Male,158.8,66.2,26.25,125,73,75,67,4.7,7,No,Never,5,3.1,0,0,1,0,0
66,Female,162.4,71.8,27.22,142,77,109,92,4.2,5,No,Regular,8,2.2,1,0,1,1,0
63,Male,184.5,89.7,26.35,139,67,90,77,5.6,5,No,Occasional,6,3.5,0,0,1,1,0
74,Female,176.1,83.0,26.76,123,93,102,74,5.6,3,No,Never,6,0.7,1,0,1,1,0
28,Male,171.7,74.4,25.24,103,81,104,83,4.8,5,No,Never,5,2.2,1,0,1,0,0
63,Male,169.8,77.7,26.95,138,72,100,88,6.0,5,No,Never,10,1.5,1,1,1,0,0
77,Female,164.4,80.7,29.86,159,91,126,81,6.7,1,No,Never,4,1.6,1,1,1,1,0
66,Female,186.0,110.3,31.88,146,92,135,83,6.5,3,Yes,Never,7,1.8,1,0,1,0,0
29,Female,174.0,65.0,21.47,118,76,87,78,5.9,0,No,Regular,3,2.8,0,0,1,0,0
69,Female,158.5,63.5,25.28,139,91,115,72,6.0,2,No,Never,5,1.9,0,0,1,1,0
24,Male,152.0,53.0,22.94,110,84,83,86,5.9,2,No,Regular,10,1.5,1,0,1,0,0
55,Female,171.7,67.9,23.03,129,84,110,83,7.6,3,Yes,Occasional,7,2.6,0,1,1,0,0
49,Male,165.4,48.8,17.84,114,68,92,75,6.1,2,No,Occasional,2,1.4,0,0,1,0,0
51,Female,151.7,59.3,25.77,135,80,125,97,4.8,0,Yes,Occasional,3,3.3,1,0,1,1,0
50,Male,170.3,81.0,27.93,145,80,128,84,6.0,3,No,Regular,9,1.4,1,0,1,1,0
19,Male,163.3,64.3,24.11,111,90,95,86,6.2,2,No,Heavy,5,2.0,0,0,1,0,0
50,Female,171.3,75.1,25.59,136,76,141,77,4.7,4,No,Never,5,3.5,1,0,1,1,0
77,Female,170.4,82.2,28.31,139,89,126,86,6.3,3,No,Occasional,4,2.0,0,0,1,0,0
45,Male,159.9,82.5,32.27,138,85,134,94,5.6,2,No,Never,5,2.5,1,0,1,1,0
35,Female,172.3,69.0,23.24,127,66,85,76,6.4,5,No,Never,8,2.1,0,0,0,0,0
80,Female,161.0,53.8,20.76,132,81,92,60,7.3,3,No,Never,4,2.2,1,1,1,0,0
24,Male,161.7,64.2,24.55,107,64,87,61,6.1,6,No,Occasional,4,1.7,1,0,0,1,0
48,Female,160.7,89.4,34.62,144,79,108,92,7.2,2,No,Never,7,2.5,1,0,1,1,0
50,Male,177.3,63.0,20.04,137,81,90,84,6.5,1,Yes,Regular,3,3.1,0,0,1,0,0
48,Male,163.2,76.4,28.68,128,66,98,60,6.5,7,No,Occasional,3,0.9,0,0,1,1,0
76,Female,179.7,102.8,31.83,122,89,132,87,6.3,7,No,Occasional,5,1.6,0,0,1,1,0
44,Male,183.8,54.1,16.01,106,73,98,76,6.5,2,No,Occasional,5,1.8,1,0,0,0,0
79,Male,158.6,71.2,28.31,138,93,117,74,5.1,2,No,Occasional,4,1.6,1,0,1,1,0
22,Female,140.0,54.5,27.81,130,79,96,79,4.3,1,No,Never,6,2.6,0,0,1,1,0
64,Male,176.4,76.8,24.68,115,73,131,91,8.0,3,No,Occasional,6,1.8,1,1,1,0,0
55,Female,162.6,59.9,22.66,128,82,71,66,7.3,1,No,Never,1,2.3,0,0,1,1,0
33,Female,157.3,55.3,22.35,129,83,73,97,5.9,0,No,Never,7,3.2,0,0,1,0,0
32,Male,160.1,60.5,23.6,128,80,102,85,8.1,0,No,Occasional,4,1.0,0,0,1,0,0
63,Female,161.9,64.2,24.49,137,86,107,96,10.0,1,No,Never,7,2.4,1,0,1,0,0
58,Male,179.0,75.2,23.47,117,68,99,93,4.4,4,No,Occasional,10,2.1,1,0,1,1,0
56,Female,167.6,67.8,24.14,124,81,69,78,6.7,5,No,Occasional,5,2.1,0,0,1,1,0
21,Male,178.8,97.9,30.62,139,67,83,82,7.6,7,Yes,Occasional,4,1.6,1,0,1,1,0
55,Female,170.9,58.2,19.93,121,71,118,85,4.4,2,No,Never,8,2.0,1,0,1,0,0
79,Male,162.9,47.6,17.94,156,73,110,72,5.0,3,Yes,Never,3,2.2,1,1,1,0,0
19,Female,162.1,80.5,30.64,136,67,119,91,7.6,3,No,Never,9,2.1,1,0,1,1,0
47,Male,171.6,72.5,24.62,122,75,83,74,6.7,4,No,Occasional,4,2.7,0,0,1,0,0
49,Male,174.2,72.0,23.73,128,75,92,88,5.9,2,No,Occasional,4,1.5,1,1,1,0,0
74,Male,176.0,79.6,25.7,157,98,109,104,4.2,2,Yes,Regular,10,1.3,1,1,1,0,0
35,Female,163.4,70.1,26.26,124,87,88,88,7.0,4,Yes,Never,6,0.9,0,0,1,0,0
47,Other,167.8,64.9,23.05,122,77,90,93,4.6,4,No,Regular,9,2.3,1,0,1,1,0
63,Male,171.8,83.8,28.39,157,86,107,81,5.4,4,No,Never,5,2.7,1,1,1,1,0
21,Male,162.2,53.4,20.3,123,67,60,82,5.5,3,No,Occasional,5,1.4,0,0,1,0,0
68,Male,154.7,58.9,24.61,127,76,117,64,6.6,3,No,Regular,1,1.4,1,0,1,0,0
69,Male,157.9,39.9,16.0,119,76,89,87,5.1,2,No,Regular,8,3.4,0,0,1,0,0
63,Female,163.6,84.5,31.57,134,87,109,87,5.4,4,Yes,Occasional,6,3.0,1,0,1,1,0
58,Female,172.6,74.4,24.97,154,80,80,82,7.9,2,No,Never,5,3.1,1,0,1,0,0
65,Female,178.6,93.2,29.22,154,89,128,85,6.7,2,No,Occasional,7,2.4,1,0,1,0,0
67,Male,152.4,65.8,28.33,152,74,96,79,6.7,3,No,Occasional,5,2.7,1,0,1,1,0
74,Male,160.0,73.9,28.87,140,82,124,96,7.4,0,No,Never,3,2.0,1,1,1,1,0
44,Female,162.4,67.1,25.44,128,86,87,86,5.3,3,Yes,Never,6,1.3,0,1,1,1,0
46,Male,173.9,82.8,27.38,118,72,102,82,7.2,5,No,Occasional,5,1.3,0,0,0,1,0
58,Female,160.7,54.8,21.22,97,73,79,83,7.1,2,No,Occasional,7,2.2,0,0,1,0,0
30,Male,161.7,51.0,19.51,100,74,77,78,5.4,5,No,Occasional,5,2.8,0,0,1,0,0
71,Male,151.9,59.2,25.66,140,75,105,68,7.5,3,No,Never,4,2.1,1,1,1,0,0
66,Female,170.8,66.4,22.76,133,80,101,71,7.1,3,No,Regular,4,2.6,0,1,1,0,0
57,Male,164.4,88.2,32.63,134,84,128,70,7.2,3,No,Regular,3,2.1,1,0,1,1,0
37,Female,159.5,68.9,27.08,131,81,107,63,8.9,3,No,Occasional,4,2.4,0,0,1,1,0
39,Male,163.4,58.5,21.91,117,74,112,83,6.8,5,Yes,Never,6,2.7,0,1,1,0,1
45,Male,177.3,76.1,24.21,130,68,72,67,5.6,4,No,Never,4,3.1,1,0,1,1,0
59,Male,156.0,64.5,26.5,138,73,133,63,7.0,4,No,Occasional,3,2.4,0,0,1,1,0
67,Male,157.6,63.9,25.73,145,92,121,100,6.6,4,No,Regular,7,3.5,1,1,1,1,0
60,Female,178.5,86.6,27.18,143,80,100,93,5.3,3,Yes,Occasional,5,2.0,1,0,1,0,0
76,Male,166.8,74.0,26.6,135,79,127,100,4.0,3,No,Never,7,3.1,1,1,1,1,0
78,Female,172.7,58.6,19.65,127,78,123,82,6.6,3,Yes,Regular,5,2.6,1,0,1,0,0
62,Female,170.0,46.2,15.99,101,71,104,77,8.0,0,No,Occasional,4,1.0,0,0,1,0,0
41,Male,165.6,64.7,23.59,128,70,78,77,8.2,1,No,Regular,1,3.1,0,0,1,0,0
55,Male,162.5,75.1,28.44,116,83,106,78,7.2,3,No,Occasional,3,1.6,1,0,1,1,0
44,Male,174.3,72.1,23.73,117,72,101,69,8.8,5,No,Occasional,3,2.0,0,0,1,0,0
57,Female,177.6,100.1,31.74,140,77,112,69,6.8,6,No,Never,6,2.8,1,0,1,1,0
69,Female,176.8,80.9,25.88,122,83,109,80,6.5,6,No,Never,5,1.7,0,0,1,0,0
41,Male,154.1,75.8,31.92,130,80,115,59,7.1,4,No,Heavy,3,2.2,0,0,1,1,0
49,Female,179.0,99.7,31.12,138,90,96,78,6.1,1,No,Occasional,1,2.6,1,0,1,1,0
20,Male,162.4,78.9,29.92,131,83,125,85,5.0,1,Yes,Occasional,6,1.7,1,0,1,1,0
64,Male,158.4,50.7,20.21,135,76,99,90,5.3,2,No,Occasional,7,2.0,1,0,1,0,0
48,Male,164.3,69.3,25.67,120,73,96,86,5.9,7,No,Never,7,2.0,0,0,1,1,0
46,Other,174.3,95.4,31.4,128,79,93,77,7.9,5,No,Regular,3,2.8,1,0,1,1,0
51,Male,171.4,79.2,26.96,127,83,105,75,4.7,2,No,Never,8,3.2,1,1,1,1,0
31,Male,163.4,74.3,27.83,135,82,120,76,5.3,1,Yes,Occasional,7,1.5,1,0,1,1,0
55,Male,174.4,58.1,19.1,132,75,96,74,7.5,2,Yes,Occasional,7,2.3,1,1,1,0,0
64,Female,167.4,98.6,35.19,139,91,134,72,6.3,3,No,Occasional,4,1.9,1,1,1,0,0
40,Male,160.3,55.4,21.56,124,76,91,66,6.5,2,No,Occasional,5,2.2,1,0,1,0,0
26,Male,158.9,40.4,16.0,91,71,80,90,5.9,3,Yes,Heavy,9,3.3,0,0,1,0,0
42,Male,170.1,68.7,23.74,141,83,78,80,8.8,1,No,Regular,9,2.4,1,1,1,0,0
30,Female,165.2,43.7,16.01,90,64,79,71,7.4,4,No,Heavy,5,1.8,0,0,0,0,0
41,Male,152.2,46.8,20.2,134,75,84,83,6.9,4,Yes,Occasional,6,1.3,1,1,1,0,0
57,Female,174.5,116.0,38.09,159,94,129,79,7.3,3,Yes,Never,1,2.8,0,1,1,1,0
25,Male,161.2,60.2,23.17,127,77,60,75,7.0,4,No,Heavy,8,1.9,0,0,0,0,0
65,Male,181.9,63.4,19.16,118,81,133,79,8.9,2,No,Never,7,1.7,1,1,1,0,0
32,Female,152.0,58.4,25.28,127,73,97,88,6.2,3,Yes,Regular,6,2.4,1,0,1,0,0
74,Female,164.2,59.1,21.92,139,83,110,79,7.0,0,No,Never,4,2.6,1,1,1,0,0
64,Male,159.0,76.2,30.14,147,84,122,78,6.7,2,No,Regular,5,2.0,1,0,1,1,0
35,Female,156.2,51.2,20.98,132,78,92,95,7.5,0,No,Regular,9,1.6,0,0,1,0,0
53,Female,161.1,70.1,27.01,137,90,109,69,8.8,5,No,Occasional,6,3.1,0,0,1,0,0
24,Male,183.7,65.7,19.47,120,70,106,96,5.6,2,No,Regular,10,2.6,0,0,1,0,0
24,Female,167.4,104.9,37.43,145,85,126,105,7.1,1,No,Never,7,2.8,1,0,1,1,0
78,Female,158.1,71.8,28.73,148,78,124,75,7.1,4,No,Occasional,3,2.0,1,0,1,0,0
68,Male,147.7,55.4,25.4,142,82,116,77,5.0,3,Yes,Never,4,1.7,1,1,1,1,0
27,Female,148.8,52.4,23.67,128,67,101,64,8.0,2,No,Heavy,4,1.9,0,0,1,0,0
35,Male,160.6,58.3,22.6,128,70,122,83,8.5,2,Yes,Occasional,7,1.2,0,0,1,1,0
30,Male,159.7,54.8,21.49,105,61,100,90,7.5,0,No,Never,8,2.0,1,0,0,0,0
42,Female,163.8,58.1,21.65,138,71,95,85,5.6,2,No,Never,9,1.8,0,0,1,0,0
36,Female,143.3,68.4,33.31,139,76,112,77,5.0,3,No,Regular,5,2.1,1,0,1,1,0
38,Female,165.1,61.8,22.67,116,71,96,76,7.4,5,No,Regular,6,2.2,1,0,1,0,0
51,Female,176.3,49.7,15.99,115,65,60,75,5.1,6,No,Regular,8,2.3,0,0,1,0,0
29,Female,182.2,64.7,19.49,137,82,108,90,5.2,3,Yes,Never,9,1.8,1,0,1,0,0
73,Male,147.1,66.3,30.64,148,87,115,69,7.1,1,No,Occasional,3,1.4,1,0,1,1,0
63,Female,158.0,61.8,24.76,159,90,105,89,7.5,2,Yes,Occasional,7,1.3,1,0,1,1,0
65,Female,157.5,62.9,25.36,143,88,81,79,6.4,4,Yes,Occasional,3,2.3,0,0,1,0,0
28,Female,167.5,86.1,30.69,122,86,106,88,6.5,3,No,Regular,4,2.3,1,0,1,0,0
62,Male,153.8,52.5,22.19,112,81,73,65,6.8,3,No,Never,2,1.3,0,0,1,0,0
70,Male,182.8,97.4,29.15,151,81,89,89,5.6,2,Yes,Occasional,4,3.1,0,0,1,1,0
29,Male,166.4,60.6,21.89,119,71,67,74,6.5,7,No,Never,2,2.7,0,0,1,0,0
65,Male,164.8,78.1,28.76,133,84,107,73,4.8,2,No,Occasional,3,1.5,1,0,1,1,0
40,Male,181.9,77.7,23.48,120,80,75,65,7.8,5,No,Never,3,2.4,0,0,1,0,0
67,Female,165.8,68.4,24.88,154,82,113,94,10.0,1,No,Never,6,2.1,1,0,1,0,0
48,Female,170.0,85.3,29.52,116,88,127,66,6.8,3,No,Never,5,2.4,1,0,1,1,0
68,Male,158.5,74.5,29.65,139,80,110,61,8.4,6,No,Never,2,2.3,0,0,1,1,0
27,Male,152.3,56.3,24.27,128,76,64,77,6.0,3,No,Occasional,10,2.6,0,0,1,0,0
42,Female,159.9,59.2,23.15,128,80,89,72,5.1,5,Yes,Occasional,4,3.2,0,0,1,1,0
35,Male,187.9,116.2,32.91,121,81,119,76,9.8,2,Yes,Regular,2,2.4,1,0,1,1,0
33,Female,172.3,83.2,28.03,123,82,101,97,5.5,1,No,Occasional,7,2.5,1,0,1,1,0
37,Male,168.7,66.7,23.44,103,65,102,78,7.9,0,No,Occasional,5,3.2,0,0,1,0,0
42,Male,156.2,54.4,22.3,109,77,97,97,7.1,1,No,Heavy,4,1.9,0,0,1,0,0
26,Male,175.1,91.8,29.94,136,69,89,89,8.1,2,No,Occasional,6,1.6,0,0,1,1,0
62,Female,152.4,61.5,26.48,131,83,123,71,6.7,3,No,Regular,4,2.6,1,0,1,1,0
52,Male,150.3,56.2,24.88,137,55,96,73,5.2,3,No,Heavy,5,1.4,0,0,1,0,0
70,Female,160.4,68.6,26.66,154,73,112,90,5.5,1,No,Regular,9,1.7,1,1,1,1,0
62,Male,185.5,94.8,27.55,135,86,118,86,9.6,2,Yes,Never,6,3.2,1,1,1,1,0
27,Male,185.0,84.8,24.78,122,74,71,71,6.9,3,No,Never,7,1.1,0,0,1,0,0
22,Female,161.5,80.1,30.71,106,73,120,68,9.5,4,No,Never,4,2.4,1,0,0,0,0
44,Male,159.3,80.0,31.53,135,84,94,62,6.2,6,No,Occasional,6,1.3,1,0,1,0,0
48,Male,149.6,63.0,28.15,131,82,127,88,7.7,6,No,Occasional,4,2.5,1,0,1,1,0
33,Female,166.8,88.5,31.81,129,97,126,78,5.2,2,No,Never,4,3.4,1,0,1,1,0
67,Female,167.6,73.3,26.09,121,82,93,75,6.8,1,No,Occasional,4,1.5,1,0,1,1,0
54,Male,173.9,87.8,29.03,120,87,113,70,9.6,3,No,Occasional,4,0.8,0,0,0,1,0
65,Male,175.1,94.5,30.82,170,79,104,77,5.5,4,No,Occasional,8,2.4,1,1,1,1,0
24,Other,164.0,80.3,29.86,130,71,86,66,5.7,5,No,Never,7,1.8,1,0,0,1,0
69,Female,171.6,89.8,30.5,135,75,73,70,8.1,4,No,Never,1,2.1,1,0,1,1,0
30,Female,159.0,71.2,28.16,133,74,109,87,6.5,7,No,Occasional,9,2.4,0,0,1,0,0
46,Female,171.4,102.6,34.92,157,86,113,94,8.9,4,No,Never,7,2.6,1,0,1,1,0
45,Female,160.9,59.3,22.91,141,85,112,93,6.2,1,No,Occasional,8,2.6,0,0,0,1,0
69,Male,170.6,73.8,25.36,141,87,109,89,6.8,3,Yes,Occasional,5,2.2,1,1,1,0,0
35,Male,169.8,69.8,24.21,116,82,75,85,7.3,1,No,Occasional,2,2.5,0,0,1,1,0
33,Female,166.7,65.1,23.43,123,80,101,70,5.6,3,No,Regular,2,2.1,1,0,1,1,0
39,Female,173.9,48.4,16.0,120,75,92,79,4.8,2,Yes,Never,9,2.0,1,0,1,0,0
40,Female,150.3,72.2,31.96,147,80,105,83,5.2,0,No,Never,2,2.2,1,1,1,1,0
29,Female,155.4,48.7,20.17,114,59,99,69,4.0,0,No,Regular,2,2.6,0,0,1,1,0
29,Male,163.3,69.1,25.91,124,67,87,72,6.7,5,No,Occasional,4,1.8,0,0,1,1,0
32,Male,151.6,42.2,18.36,117,60,65,63,5.3,3,No,Never,2,2.3,0,0,1,0,0
47,Female,161.9,74.8,28.54,123,76,108,92,5.9,1,No,Occasional,6,1.9,1,0,1,1,0
39,Male,162.3,56.8,21.56,120,69,85,88,7.8,4,No,Occasional,7,1.7,0,0,1,0,0
42,Female,179.1,64.1,19.98,132,77,69,69,5.4,1,No,Occasional,6,2.9,0,0,1,0,0
63,Female,167.4,75.3,26.87,125,81,65,75,7.6,4,No,Regular,4,2.4,0,0,1,1,0
33,Male,176.3,67.9,21.85,107,76,110,85,4.6,6,No,Never,6,2.4,0,0,1,0,0
75,Female,169.0,67.1,23.49,158,88,124,88,5.5,4,Yes,Occasional,9,1.6,1,1,1,0,0
65,Female,160.6,69.2,26.83,147,74,125,70,9.1,4,No,Never,2,2.0,0,0,1,1,0
29,Female,167.3,81.0,28.94,92,82,118,91,5.9,4,No,Occasional,8,2.6,0,0,1,1,0
37,Male,173.3,64.2,21.38,138,67,85,84,8.1,3,Yes,Occasional,7,2.4,0,0,1,0,0
29,Female,177.9,64.4,20.35,90,77,83,78,9.6,2,No,Regular,5,3.9,0,0,0,0,0
35,Male,164.7,68.8,25.36,124,70,82,86,6.1,7,Yes,Occasional,6,2.3,0,0,1,0,0
41,Female,149.5,62.6,28.01,123,66,113,75,5.8,3,Yes,Regular,6,1.8,1,0,1,1,0
26,Male,148.8,71.0,32.07,128,84,112,73,4.2,3,Yes,Never,3,1.9,1,0,1,1,0
18,Female,162.7,52.1,19.68,104,62,71,57,7.3,3,No,Occasional,2,1.6,0,0,1,0,0
45,Female,142.6,48.8,24.0,143,91,110,108,7.0,0,Yes,Regular,7,1.8,0,1,1,0,0
62,Female,184.0,106.9,31.57,155,89,132,75,7.8,3,No,Never,3,2.3,1,0,1,1,0
37,Female,172.0,102.9,34.78,120,73,113,82,8.6,4,No,Heavy,3,1.9,1,0,1,1,0
72,Male,159.6,54.5,21.4,144,88,81,66,5.5,2,No,Occasional,4,3.1,1,0,1,0,0
41,Female,154.9,52.4,21.84,122,62,103,95,9.0,0,No,Regular,6,2.8,1,0,0,0,0
74,Male,176.3,87.2,28.06,139,86,93,73,6.4,3,No,Never,4,2.8,1,1,1,1,0
32,Female,154.9,53.8,22.42,131,80,74,87,7.2,4,No,Occasional,4,2.0,0,0,1,1,0
51,Male,155.8,53.4,22.0,136,69,102,81,6.5,2,No,Never,7,2.8,0,1,1,0,0
66,Female,158.3,68.2,27.22,121,96,118,68,5.7,3,No,Heavy,5,2.9,1,0,1,1,0
21,Male,167.1,90.3,32.34,132,82,107,90,5.3,3,Yes,Never,4,3.2,0,0,1,1,0
76,Female,172.2,59.3,20.0,130,83,81,84,6.9,4,Yes,Occasional,6,1.8,0,1,1,0,0
40,Female,177.9,103.1,32.58,131,89,154,67,5.5,3,No,Occasional,5,2.2,1,0,1,1,0
49,Male,176.4,71.1,22.85,134,84,91,72,6.4,0,Yes,Regular,5,1.7,0,0,1,0,0
57,Male,166.0,75.7,27.47,143,73,118,86,6.1,1,No,Heavy,6,3.9,1,1,1,1,0
58,Female,176.2,103.9,33.47,140,67,112,84,6.2,2,Yes,Regular,5,2.1,1,0,1,1,0
19,Female,159.3,67.0,26.4,124,70,82,88,4.3,3,Yes,Never,7,3.0,1,0,1,1,0
72,Male,147.8,54.1,24.77,129,72,102,74,4.0,3,No,Regular,2,2.3,1,0,1,1,0
57,Male,159.3,74.2,29.24,148,79,104,84,7.5,5,Yes,Occasional,8,2.8,1,0,1,1,0
80,Male,157.9,63.7,25.55,141,78,111,80,8.3,1,No,Occasional,3,2.2,1,1,1,0,0
47,Female,159.7,71.5,28.03,137,57,92,78,4.0,3,No,Never,2,2.8,0,0,1,0,0
56,Female,156.4,60.6,24.77,130,68,100,73,7.3,4,No,Regular,4,2.4,1,0,1,0,0
45,Male,161.4,77.2,29.64,140,84,98,84,7.0,2,No,Occasional,5,3.3,1,0,1,1,0
74,Female,172.2,57.9,19.53,130,82,108,80,5.1,4,No,Regular,4,2.4,0,1,1,0,0
70,Female,183.2,71.4,21.27,120,72,102,86,8.0,1,No,Occasional,3,1.7,1,0,1,0,0
75,Female,148.7,43.1,19.49,130,83,97,63,7.9,3,No,Occasional,8,2.5,1,0,1,0,0
49,Male,153.1,59.4,25.34,127,62,99,76,8.2,2,Yes,Never,3,2.2,0,0,1,0,0
67,Male,158.1,46.8,18.72,123,71,75,70,9.2,7,No,Never,1,1.6,0,0,1,0,0
40,Male,173.7,66.5,22.04,128,81,92,96,8.0,3,No,Heavy,5,2.4,0,0,1,0,0
47,Male,164.0,54.4,20.23,121,77,114,95,5.3,5,No,Occasional,10,1.8,0,0,1,0,0
65,Male,158.8,83.5,33.11,153,88,110,90,6.9,3,Yes,Never,3,2.0,1,0,1,1,0
23,Male,173.2,60.6,20.2,91,50,82,98,7.3,3,No,Occasional,3,2.2,0,0,0,0,0
62,Male,175.6,60.9,19.75,121,88,81,76,8.7,2,No,Regular,4,0.9,1,0,1,0,0
18,Female,165.8,71.5,26.01,99,90,65,108,6.1,0,No,Occasional,9,1.9,0,0,1,0,0
54,Male,157.8,84.2,33.81,148,87,125,81,5.9,5,No,Occasional,5,2.8,1,0,1,1,0
48,Female,168.7,71.2,25.02,147,84,113,65,4.8,3,No,Regular,3,2.1,1,1,1,0,0
47,Male,163.7,68.0,25.38,130,81,107,69,7.7,3,Yes,Never,6,1.0,1,0,1,0,0
49,Female,163.6,85.1,31.8,142,88,151,79,6.9,2,No,Occasional,6,2.1,1,0,1,1,0
48,Male,160.9,77.1,29.78,134,83,99,80,5.5,7,No,Occasional,6,2.5,0,0,1,0,0
43,Female,175.2,84.4,27.5,118,77,90,74,7.8,1,No,Occasional,3,2.0,1,0,1,1,0
46,Female,168.5,64.5,22.72,122,68,112,78,6.4,2,No,Never,4,2.0,1,0,1,0,0
53,Male,176.4,86.8,27.89,143,88,130,102,4.8,2,No,Never,8,1.9,1,1,1,1,0
66,Female,179.4,62.7,19.48,139,94,113,88,8.3,1,Yes,Heavy,6,2.6,1,1,1,0,0
52,Male,170.6,66.0,22.68,129,86,83,100,4.0,2,No,Regular,7,1.7,0,1,1,0,0
58,Female,160.9,84.6,32.68,138,86,106,83,6.9,4,No,Regular,5,2.6,1,1,1,1,0
70,Male,176.4,100.7,32.36,145,91,103,95,6.3,1,No,Occasional,8,2.0,1,1,1,1,0
80,Male,170.7,83.0,28.48,153,87,146,77,4.6,3,No,Never,6,3.0,1,1,1,1,0
24,Male,192.0,59.0,16.0,123,50,61,78,7.2,1,No,Occasional,4,1.9,0,0,1,0,0
62,Female,169.1,57.5,20.11,108,75,77,82,5.7,3,No,Occasional,7,1.5,0,0,1,0,0
32,Male,173.0,65.6,21.92,95,70,87,76,9.0,1,No,Never,3,2.6,1,0,1,1,0
30,Female,168.9,69.3,24.29,111,66,99,91,7.6,3,No,Never,9,2.5,0,0,1,1,0
67,Male,165.0,54.6,20.06,129,86,111,98,6.7,1,No,Never,8,2.5,0,1,1,0,0
22,Male,163.4,63.4,23.75,109,71,84,97,4.0,5,No,Never,5,2.8,0,0,1,1,0
71,Male,168.9,98.8,34.63,152,70,116,71,6.0,3,No,Never,5,1.5,1,0,1,1,0
66,Female,171.2,81.9,27.94,137,81,101,76,5.8,6,No,Occasional,6,1.7,0,0,1,1,0
80,Female,177.5,86.4,27.42,147,95,101,89,8.2,5,Yes,Regular,5,3.1,1,1,1,1,0
60,Male,169.1,60.0,20.98,143,73,120,85,6.7,2,No,Occasional,8,2.5,1,1,1,0,0
72,Female,161.4,47.7,18.31,114,66,87,61,7.2,5,No,Never,4,1.9,0,0,1,0,0
25,Male,162.7,50.6,19.12,117,58,89,82,8.2,1,No,Never,2,1.1,0,0,1,0,0
74,Male,152.8,42.4,18.16,149,77,90,72,8.7,2,No,Occasional,5,1.4,0,0,1,0,0
28,Female,182.6,84.8,25.43,111,71,66,86,8.4,5,Yes,Never,7,1.6,0,0,1,0,0
37,Male,160.6,70.0,27.14,112,69,132,101,7.1,1,No,Occasional,8,1.8,1,0,0,0,0
26,Male,175.7,62.9,20.38,111,79,90,83,6.3,5,No,Never,6,2.4,0,0,1,0,0
43,Female,168.8,74.5,26.15,136,79,109,85,7.3,0,No,Occasional,4,1.3,1,0,1,1,0
65,Male,169.0,94.4,33.05,147,82,89,91,6.7,3,No,Occasional,5,1.9,1,0,1,1,0
34,Female,164.8,94.0,34.61,113,92,112,75,7.8,3,No,Never,4,1.4,0,0,0,1,0
69,Female,158.1,74.5,29.81,120,82,132,72,6.3,4,No,Regular,1,1.9,1,0,1,1,0
56,Female,156.3,60.9,24.93,127,78,115,75,8.0,5,Yes,Occasional,3,3.8,0,0,1,0,0
57,Female,183.3,98.6,29.35,141,82,107,85,6.7,4,No,Never,6,3.0,1,0,1,1,0
77,Female,167.1,91.6,32.81,147,84,142,66,7.2,3,No,Occasional,5,2.6,1,1,1,1,0
45,Male,177.3,50.3,16.0,117,69,106,72,5.2,1,No,Occasional,5,1.9,0,0,0,0,0
39,Female,179.8,104.9,32.45,134,83,107,78,6.1,7,No,Regular,8,1.5,0,0,1,1,0
80,Female,161.9,62.3,23.77,144,91,121,78,7.4,4,No,Never,3,2.1,1,0,1,1,0
53,Female,170.2,67.0,23.13,111,70,112,90,6.6,4,No,Regular,3,1.2,0,0,1,1,0
56,Male,166.5,66.7,24.06,125,79,107,66,4.0,7,No,Occasional,6,2.6,1,0,1,0,0
36,Female,154.4,63.9,26.8,141,66,115,78,5.2,1,No,Occasional,4,2.1,1,0,1,1,0
31,Female,164.1,53.4,19.83,106,73,65,79,7.2,6,Yes,Never,4,2.2,0,0,1,0,0
28,Male,171.9,70.1,23.72,112,85,104,72,8.3,5,No,Never,9,1.1,0,0,1,0,0
32,Female,161.0,71.8,27.7,120,73,93,64,6.6,5,No,Regular,3,2.2,0,0,1,0,0
30,Male,162.8,69.4,26.18,111,70,83,61,6.2,2,No,Occasional,4,2.0,0,0,1,1,0
65,Male,164.3,75.1,27.82,133,81,132,88,7.9,4,Yes,Heavy,6,1.6,1,1,1,0,1
21,Female,187.1,81.7,23.34,104,70,80,65,6.7,7,No,Occasional,5,2.3,0,0,0,0,0
57,Male,147.7,63.5,29.11,131,80,110,83,7.9,3,No,Occasional,2,1.9,0,0,0,1,0
77,Male,171.0,91.7,31.36,162,87,129,90,6.0,2,No,Heavy,9,2.4,1,1,1,0,0
66,Male,163.5,82.4,30.82,137,90,89,76,6.3,5,Yes,Occasional,4,2.6,1,0,1,1,0
43,Male,159.6,70.1,27.52,130,72,100,72,7.7,2,No,Occasional,5,1.5,1,0,1,0,0
21,Female,163.2,78.3,29.4,134,81,112,82,7.5,4,No,Regular,6,2.3,0,0,1,1,0
70,Female,172.7,90.4,30.31,164,87,126,87,5.9,1,No,Never,10,2.3,1,1,1,1,0
18,Female,173.2,113.0,37.67,131,85,111,81,5.4,3,No,Occasional,4,3.0,1,0,1,1,0
60,Male,167.9,89.4,31.71,142,88,119,84,4.8,3,No,Never,3,2.7,1,0,1,1,0
60,Female,176.9,79.6,25.44,122,64,118,70,4.7,5,No,Heavy,6,2.0,0,0,0,0,0
30,Female,178.7,66.3,20.76,120,71,65,82,5.5,4,No,Regular,10,1.9,0,0,0,0,0
64,Female,174.2,75.0,24.72,151,69,104,92,7.0,2,No,Regular,6,2.3,1,0,1,0,0
29,Male,160.5,60.6,23.52,131,60,92,91,4.6,2,No,Occasional,5,1.5,1,0,0,1,0
32,Male,170.9,80.7,27.63,133,79,129,77,4.6,2,Yes,Occasional,6,1.6,1,0,1,1,0
69,Female,171.0,66.5,22.74,131,78,113,62,7.5,3,No,Never,1,1.9,1,0,1,1,0
79,Female,157.8,79.9,32.09,139,74,98,65,8.7,5,No,Occasional,4,0.7,1,0,1,1,0
34,Male,150.3,41.9,18.55,105,72,97,77,8.4,3,Yes,Regular,1,1.6,0,0,1,0,0
76,Female,145.8,39.2,18.44,125,70,91,65,4.4,3,No,Never,5,2.0,0,0,1,0,0
75,Male,166.7,71.1,25.59,142,82,84,77,7.3,2,No,Never,4,4.0,1,0,1,0,0
66,Male,169.0,62.8,21.99,127,89,67,64,8.2,7,No,Occasional,1,1.8,0,0,1,0,0
26,Female,154.2,45.1,18.97,108,65,100,73,6.0,4,No,Regular,6,2.6,1,0,0,0,0
36,Female,176.5,69.2,22.21,127,66,102,85,6.2,1,No,Occasional,7,2.1,1,0,1,0,0
60,Male,167.5,62.3,22.21,108,79,80,82,7.1,4,Yes,Occasional,5,2.5,0,0,1,0,0
80,Female,179.5,85.1,26.41,149,85,133,75,7.5,2,Yes,Regular,2,1.5,1,1,1,1,1
69,Female,169.7,66.6,23.13,131,79,117,100,6.9,2,No,Never,8,1.2,1,1,1,0,0
44,Male,155.3,55.2,22.89,115,77,96,83,7.3,2,No,Regular,9,3.1,1,0,1,1,0
32,Female,170.6,73.2,25.15,122,70,96,76,6.9,6,No,Occasional,6,1.3,0,0,1,0,0
78,Female,172.7,93.0,31.18,169,81,106,76,5.9,4,Yes,Occasional,5,3.2,0,1,1,1,0
35,Female,160.5,83.2,32.3,134,86,142,88,6.1,2,No,Never,5,2.0,1,0,1,1,0
39,Other,151.6,59.9,26.06,135,85,82,69,5.6,3,No,Occasional,6,1.7,0,0,1,0,0
78,Female,167.0,76.4,27.39,149,86,96,87,6.1,1,Yes,Regular,5,1.9,1,1,1,0,0
53,Male,156.0,60.4,24.82,149,79,103,70,7.3,4,No,Occasional,6,3.2,1,0,1,0,0
34,Male,177.2,86.5,27.55,112,63,146,65,5.7,2,No,Never,6,1.7,1,0,1,1,0
18,Female,161.9,70.0,26.71,118,73,75,72,8.1,1,No,Never,4,2.0,0,0,1,1,0
45,Other,183.2,106.9,31.85,138,92,119,65,5.6,5,No,Regular,3,2.8,1,0,1,1,0
80,Male,144.8,36.3,17.31,129,81,93,82,7.0,3,No,Occasional,5,2.5,1,1,1,0,0
45,Male,167.3,68.2,24.37,149,82,107,79,7.7,1,Yes,Never,6,3.6,1,1,1,1,0
62,Female,180.3,89.6,27.56,113,78,122,53,7.5,3,No,Heavy,2,3.0,0,0,1,1,0
33,Male,157.1,61.9,25.08,122,73,88,62,4.4,1,No,Never,5,1.7,0,0,1,0,0
66,Male,164.4,58.2,21.53,132,83,91,83,6.9,4,Yes,Regular,5,3.0,0,1,1,0,0
66,Female,162.0,51.9,19.78,124,82,82,80,5.9,3,No,Never,4,1.0,1,0,1,0,0
56,Female,159.2,75.1,29.63,128,81,139,87,4.8,1,No,Never,8,2.7,1,0,1,1,0
66,Female,168.4,63.5,22.39,132,85,123,81,6.7,2,No,Never,8,1.8,1,1,1,0,0
54,Female,153.0,40.5,17.3,117,67,70,84,5.1,2,No,Regular,6,2.6,0,0,1,0,0
41,Male,164.9,80.2,29.49,140,79,120,71,6.7,1,No,Occasional,9,3.5,1,0,1,1,0
64,Female,171.2,82.6,28.18,153,76,130,65,8.4,2,No,Never,7,1.1,1,0,1,1,0
70,Male,163.8,68.6,25.57,138,81,82,65,7.0,4,No,Regular,6,2.8,1,1,1,1,0
70,Male,156.0,52.9,21.74,136,78,119,75,6.5,2,No,Regular,4,2.7,0,0,1,0,0
31,Female,176.3,76.5,24.61,134,76,94,85,6.6,1,No,Occasional,4,2.6,1,0,1,1,0
60,Female,173.3,95.2,31.7,165,92,114,78,7.8,1,Yes,Occasional,6,1.6,1,0,1,1,0
18,Female,155.6,41.3,17.06,85,69,94,68,6.4,3,No,Occasional,4,2.1,1,0,0,0,0
54,Male,153.1,42.7,18.22,125,85,101,79,6.4,2,No,Never,2,1.6,0,1,1,0,0
53,Female,156.5,55.6,22.7,131,79,72,71,5.6,4,No,Regular,4,2.5,0,0,0,0,0
40,Female,171.5,74.3,25.26,127,64,115,88,5.3,1,No,Occasional,8,1.4,1,0,0,1,0
80,Female,168.8,68.4,24.01,130,77,111,71,8.1,3,No,Regular,1,1.9,1,0,1,0,0
73,Female,173.9,88.6,29.3,135,85,84,71,5.9,4,No,Regular,8,2.6,1,0,1,1,0
20,Male,162.7,79.7,30.11,106,65,113,98,7.2,3,No,Regular,7,1.7,1,0,0,1,0
31,Female,156.8,65.1,26.48,135,82,88,72,7.5,5,Yes,Regular,5,1.9,0,0,1,0,0
31,Female,175.2,85.5,27.85,140,92,118,102,5.4,3,Yes,Regular,6,1.6,1,1,1,1,0
74,Female,160.5,70.9,27.52,144,79,95,86,5.5,7,Yes,Occasional,7,2.4,1,1,1,0,0
50,Female,167.9,72.4,25.68,137,87,104,81,7.4,2,No,Regular,5,2.1,0,0,1,1,0
63,Female,150.5,44.7,19.73,132,80,81,63,6.7,7,No,Regular,7,1.7,0,1,1,0,0
69,Male,160.3,54.4,21.17,109,77,84,79,6.3,7,No,Never,7,1.8,1,1,1,0,0
66,Male,176.1,60.6,19.54,138,86,62,85,7.2,2,Yes,Occasional,6,2.3,1,1,1,0,0
23,Female,158.8,61.1,24.23,120,70,107,79,8.1,1,Yes,Occasional,3,1.5,0,0,1,0,0
26,Female,174.1,79.2,26.13,124,81,113,66,6.7,3,No,Never,5,2.2,1,0,0,1,0
42,Female,142.7,37.6,18.46,111,75,78,77,6.3,4,No,Occasional,1,2.2,0,0,1,0,0
39,Male,160.4,66.1,25.69,133,79,105,88,6.8,3,No,Never,6,2.3,1,0,1,0,0
65,Male,164.3,58.8,21.78,119,82,85,65,5.8,3,Yes,Never,4,1.9,0,1,1,0,0
27,Female,183.4,67.0,19.92,125,64,100,73,7.0,1,No,Occasional,4,2.6,1,1,0,0,0
41,Female,154.3,53.3,22.39,114,79,95,76,6.5,5,No,Never,7,2.8,0,0,1,0,0
32,Male,172.7,59.0,19.78,109,68,82,77,5.8,3,No,Regular,3,2.6,0,0,0,1,0
29,Female,176.6,87.4,28.02,108,75,125,82,6.1,2,No,Occasional,6,2.3,1,0,1,0,0
28,Male,158.8,61.2,24.27,116,78,72,77,6.3,3,No,Never,5,1.3,0,0,1,0,0
30,Female,162.3,76.5,29.04,134,79,75,88,7.6,2,Yes,Never,5,3.3,0,1,1,1,0
53,Male,167.4,66.1,23.59,129,72,107,98,5.5,2,No,Never,6,2.2,1,0,1,0,0
43,Male,151.2,53.7,23.49,125,87,95,86,5.4,4,Yes,Occasional,9,2.4,0,1,1,1,0
45,Male,161.4,89.9,34.51,129,73,102,89,6.2,3,No,Occasional,6,1.7,1,0,1,1,0
48,Female,178.8,56.9,17.8,127,78,92,100,7.2,2,No,Occasional,8,2.1,1,0,1,0,0
64,Female,171.2,94.2,32.14,129,77,126,96,7.4,4,No,Never,8,3.0,1,0,1,1,0
72,Female,164.4,92.2,34.11,158,75,137,85,6.9,5,No,Occasional,7,2.7,1,0,1,1,0
51,Male,167.1,81.9,29.33,149,83,89,77,7.9,2,No,Heavy,1,2.0,0,0,1,0,0
58,Male,171.8,71.5,24.22,159,83,94,86,8.2,3,Yes,Regular,5,3.2,1,0,1,0,0
64,Male,173.7,99.0,32.81,131,79,121,88,7.1,4,No,Occasional,3,1.5,1,1,1,1,0
61,Female,160.4,62.7,24.37,146,74,127,86,5.3,1,No,Never,10,1.1,1,0,1,1,0
26,Male,181.3,71.1,21.63,112,75,97,75,6.8,3,Yes,Never,3,0.9,0,0,1,0,0
79,Female,179.2,78.6,24.48,158,82,99,74,5.2,1,Yes,Occasional,2,2.7,1,1,1,0,0
28,Female,172.8,66.7,22.34,110,71,86,88,7.5,6,No,Occasional,1,1.7,0,0,1,0,0
43,Female,157.6,51.9,20.9,115,67,80,89,6.2,2,No,Occasional,3,2.1,0,0,1,1,0
59,Male,155.8,75.7,31.19,131,80,109,73,6.8,4,No,Never,6,2.9,1,1,1,1,0
43,Female,162.7,57.5,21.72,118,81,88,71,6.4,4,No,Regular,8,2.4,0,0,1,0,0
33,Male,166.6,69.5,25.04,110,64,81,71,6.4,4,No,Occasional,3,1.4,1,0,0,1,0
76,Male,148.3,42.5,19.32,135,69,111,85,6.7,2,No,Heavy,8,3.3,0,1,1,0,0
22,Female,170.9,73.2,25.06,118,66,107,81,6.5,2,No,Regular,5,2.0,0,0,1,0,0
33,Female,178.9,62.9,19.65,110,73,81,66,6.0,0,No,Occasional,4,2.2,0,0,1,0,0
80,Female,171.8,61.1,20.7,124,90,98,69,5.2,6,No,Occasional,6,1.7,0,0,1,0,0
63,Male,159.2,64.4,25.41,143,82,102,94,6.9,3,No,Regular,8,1.5,1,0,1,0,0
23,Other,158.1,75.0,30.01,131,69,89,83,5.2,3,No,Never,5,2.3,0,0,1,1,0
65,Other,169.0,80.3,28.12,127,74,90,66,9.1,4,No,Never,3,1.3,1,0,1,0,0
79,Male,164.5,77.9,28.79,149,90,146,91,8.2,1,No,Never,6,2.1,1,1,1,1,0
24,Female,170.4,70.7,24.35,106,58,78,86,4.6,5,No,Occasional,6,3.2,0,0,0,0,0
44,Male,172.0,70.6,23.86,158,66,107,104,7.5,2,Yes,Occasional,5,2.7,1,1,1,1,0
47,Female,176.9,91.8,29.34,137,88,120,89,7.9,1,Yes,Never,8,2.3,1,1,1,0,0
26,Female,154.7,53.4,22.31,115,75,68,67,6.3,1,No,Occasional,1,1.5,0,0,1,0,0
30,Female,168.2,82.4,29.13,133,84,112,79,7.1,2,No,Occasional,6,2.2,0,0,1,1,0
28,Female,162.4,81.8,31.02,132,86,114,96,6.4,2,Yes,Regular,7,1.7,1,1,1,0,0
29,Male,165.0,57.3,21.05,100,75,80,59,7.8,4,No,Never,2,3.1,0,0,1,0,0
43,Female,174.6,67.4,22.11,116,71,83,73,6.4,2,No,Regular,2,1.9,0,0,0,1,0
47,Female,175.7,70.8,22.93,118,74,98,83,7.8,2,No,Regular,7,1.7,1,0,1,0,0
32,Male,180.0,58.8,18.15,110,66,85,90,6.3,7,No,Occasional,8,2.1,0,0,0,0,0
36,Male,170.3,66.8,23.03,112,75,81,77,6.1,4,No,Occasional,8,1.7,0,0,1,0,0
30,Female,164.9,85.3,31.37,131,105,129,76,7.6,2,No,Never,4,2.4,1,0,0,1,0
68,Female,163.5,56.3,21.06,111,77,109,86,7.7,2,No,Occasional,6,3.4,1,1,0,0,0
31,Female,148.7,69.7,31.52,123,80,73,74,4.0,3,No,Regular,6,2.2,0,0,1,1,0
75,Female,179.4,77.8,24.17,127,89,95,62,4.0,5,No,Never,2,1.6,0,1,1,1,0
51,Female,162.8,94.9,35.81,151,87,151,92,7.0,6,No,Regular,6,2.1,1,0,1,1,0
68,Male,171.1,66.8,22.82,119,69,111,88,5.8,0,No,Never,6,1.4,1,0,1,1,0
58,Male,172.8,75.0,25.12,153,97,97,100,4.9,1,Yes,Regular,7,4.1,0,1,1,1,0
34,Female,153.5,49.1,20.84,123,73,98,85,6.3,1,No,Occasional,4,3.4,1,0,1,0,0
55,Female,156.8,55.2,22.45,121,63,70,90,10.0,1,Yes,Occasional,8,3.0,1,0,1,0,0
35,Female,181.5,104.3,31.66,137,76,113,72,5.0,3,No,Regular,5,2.7,1,0,1,1,0
25,Female,168.9,77.8,27.27,116,71,95,80,7.5,3,No,Occasional,9,2.1,0,0,1,0,0
34,Female,160.2,77.4,30.16,135,75,107,73,5.6,4,No,Never,7,2.1,0,0,1,1,0
35,Female,164.7,51.4,18.95,121,70,65,74,4.8,2,No,Occasional,6,2.1,0,1,0,0,0
26,Female,176.9,88.1,28.15,134,82,89,70,6.1,4,Yes,Never,3,3.7,0,0,1,0,1
19,Male,175.3,62.0,20.18,97,73,60,78,5.2,4,No,Regular,2,2.1,0,0,1,0,0
77,Female,151.3,45.5,19.88,150,93,92,82,4.4,3,Yes,Never,9,1.8,1,1,1,0,0
50,Female,182.3,89.0,26.78,148,90,108,94,5.6,3,No,Occasional,7,2.1,0,0,1,0,0
43,Male,175.7,82.0,26.56,127,77,113,85,5.3,6,Yes,Occasional,5,2.5,0,0,1,0,0
76,Female,164.5,71.8,26.53,138,67,146,82,6.6,3,No,Occasional,4,0.7,1,1,1,1,0
32,Female,154.1,68.0,28.64,138,62,88,84,6.8,5,Yes,Occasional,6,2.5,1,0,1,1,0
43,Female,176.5,92.3,29.63,106,86,110,79,6.0,4,Yes,Occasional,2,0.7,1,0,1,1,0
71,Female,170.8,96.9,33.22,137,85,115,71,7.6,4,No,Occasional,4,3.2,1,1,1,1,0
57,Male,151.4,46.0,20.07,136,85,89,74,5.7,3,No,Never,7,1.1,0,1,1,0,0
43,Male,163.7,87.5,32.65,143,87,120,80,6.3,1,No,Regular,7,1.7,1,0,1,1,0
34,Male,197.3,133.4,34.27,130,67,110,63,4.1,4,No,Never,4,1.0,0,0,1,1,0
20,Male,166.2,63.9,23.13,109,68,122,91,6.5,2,No,Regular,9,3.4,1,0,1,0,0
23,Female,158.6,42.6,16.94,109,71,76,76,9.3,2,No,Occasional,8,2.2,0,0,1,0,0
28,Female,155.9,44.8,18.43,105,60,64,84,7.8,1,No,Regular,4,3.6,0,0,0,0,0
67,Female,183.7,80.4,23.83,112,87,101,78,6.7,3,No,Never,2,3.5,0,0,1,0,0
58,Male,174.5,108.1,35.5,169,88,110,89,5.1,3,Yes,Regular,7,3.0,0,1,1,1,0
45,Male,180.1,83.0,25.59,128,79,96,79,8.8,1,Yes,Occasional,4,1.3,0,0,1,1,0
67,Male,168.5,65.6,23.1,128,66,115,68,6.6,3,No,Heavy,4,2.3,0,0,1,1,0
28,Female,178.5,69.4,21.78,104,89,84,78,5.8,3,Yes,Never,6,3.1,0,0,1,0,0
31,Male,157.5,46.6,18.79,117,73,94,81,5.7,1,Yes,Regular,7,2.5,1,1,0,0,0
42,Female,167.6,83.2,29.62,152,87,108,88,9.1,2,Yes,Occasional,7,2.0,1,0,1,1,0
75,Female,168.9,73.6,25.8,150,77,114,78,6.6,2,No,Heavy,5,2.4,1,1,1,0,0
56,Female,179.8,115.9,35.85,144,82,110,88,7.6,2,No,Occasional,1,2.5,1,0,1,1,0
71,Male,169.2,83.5,29.17,143,89,133,102,6.3,0,No,Never,7,1.2,1,1,1,1,0
33,Male,159.7,74.4,29.17,130,82,87,93,6.7,0,No,Regular,4,1.8,1,0,1,1,0
71,Female,166.6,69.4,25.0,146,86,98,80,6.1,1,No,Never,6,2.6,1,0,1,1,0
22,Female,149.2,43.8,19.68,93,74,82,65,8.5,3,No,Occasional,5,2.8,0,0,0,0,0
32,Male,142.8,42.8,20.99,122,78,105,89,6.4,3,No,Never,10,2.4,1,0,1,0,0
50,Female,174.3,57.9,19.06,135,80,99,87,4.5,1,No,Regular,10,1.9,1,0,1,0,0
21,Female,162.3,77.1,29.27,123,71,110,79,7.3,1,No,Occasional,4,2.1,1,0,1,1,0
72,Male,163.4,65.0,24.34,140,80,82,81,6.8,3,Yes,Never,2,1.7,1,0,1,0,0
72,Male,174.3,93.4,30.74,136,75,111,80,7.3,3,No,Regular,3,2.1,0,0,1,1,0
52,Male,180.0,85.3,26.33,133,74,106,62,6.2,4,No,Never,6,2.8,0,0,1,1,0
37,Male,171.3,70.1,23.89,133,74,90,85,6.1,5,No,Never,4,3.8,0,0,1,0,0
24,Male,185.3,66.5,19.37,117,67,60,80,8.0,5,No,Regular,3,1.4,0,0,0,0,0
56,Female,171.0,79.6,27.22,124,82,89,68,9.1,5,No,Never,4,3.0,1,0,1,0,0
51,Male,169.0,70.3,24.61,125,87,98,88,4.3,3,No,Never,6,2.4,1,0,1,1,0
65,Female,168.4,86.0,30.33,157,75,128,77,6.8,2,No,Occasional,5,1.2,0,0,1,1,0
55,Female,153.1,52.3,22.31,141,67,129,84,6.1,1,Yes,Never,4,2.1,1,0,1,0,0
26,Male,175.6,86.3,27.99,131,74,86,79,5.6,1,No,Heavy,5,2.1,1,0,1,0,0
25,Male,141.5,65.8,32.86,114,90,105,72,4.0,6,Yes,Regular,5,2.2,1,1,1,1,0
67,Female,160.1,70.1,27.35,145,90,91,64,7.1,6,No,Regular,6,2.9,0,0,1,1,0
28,Other,166.2,79.7,28.85,124,78,104,105,6.0,2,No,Regular,6,3.5,0,0,0,1,0
77,Female,158.1,72.6,29.05,155,87,111,86,6.3,0,Yes,Regular,2,3.0,0,1,1,1,0
24,Male,161.5,88.9,34.08,123,81,117,79,8.1,4,No,Never,6,2.3,0,0,1,1,0
63,Male,184.4,94.3,27.73,152,88,78,93,6.2,4,No,Occasional,5,2.4,0,0,1,0,0
79,Male,177.0,93.1,29.72,142,83,110,64,6.3,3,Yes,Regular,3,3.6,1,1,1,1,0
45,Female,159.1,64.1,25.32,147,73,102,76,5.1,1,No,Occasional,4,1.5,1,0,1,1,0
21,Female,161.3,55.1,21.18,120,75,90,83,5.3,3,Yes,Heavy,8,3.0,0,0,1,0,0
73,Female,153.2,47.9,20.41,138,90,104,82,8.4,3,Yes,Regular,7,1.5,1,0,1,0,0
29,Female,173.0,93.3,31.17,121,84,110,80,7.4,3,No,Never,6,1.2,1,0,1,1,0
51,Male,163.5,55.6,20.8,113,57,106,69,8.5,4,No,Occasional,3,2.6,0,0,1,0,0
80,Female,146.3,64.1,29.95,144,91,136,57,5.9,2,No,Never,2,1.1,1,0,1,0,0
64,Male,167.0,78.0,27.97,143,83,103,68,7.3,4,Yes,Regular,3,1.9,1,0,1,1,0
20,Female,170.4,85.0,29.27,133,82,91,73,8.0,4,Yes,Regular,5,3.1,0,0,1,1,0
69,Female,175.6,72.9,23.64,129,76,102,71,7.4,5,No,Occasional,5,1.6,0,0,1,0,0
28,Female,165.3,58.1,21.26,113,70,92,63,8.8,6,No,Never,4,3.4,0,0,0,0,0
65,Male,162.3,73.3,27.83,150,81,110,77,7.0,5,No,Never,7,0.7,1,1,1,1,0
57,Female,185.9,84.3,24.39,150,79,87,84,6.6,2,Yes,Never,6,2.9,1,1,1,0,0
36,Female,166.1,53.4,19.36,117,62,95,52,4.1,2,No,Occasional,1,1.3,0,0,1,0,0
44,Male,173.2,104.3,34.77,149,84,129,72,7.1,1,No,Heavy,6,2.1,1,1,1,1,0
25,Male,160.6,54.7,21.21,105,62,115,85,7.3,2,No,Never,7,2.3,0,0,0,0,0
80,Female,172.9,64.6,21.61,137,76,89,77,8.1,4,No,Occasional,6,2.0,0,0,1,0,0
33,Male,151.4,55.1,24.04,108,70,96,63,5.5,5,No,Regular,7,2.0,1,0,1,0,0
37,Male,161.4,81.6,31.32,142,86,116,85,6.7,3,No,Regular,5,1.3,1,0,1,1,0
49,Male,153.9,37.9,16.0,117,74,77,83,4.7,3,No,Never,5,3.1,0,0,1,1,0
60,Male,160.0,80.6,31.48,147,94,96,93,4.7,7,No,Never,5,1.4,0,0,1,1,0
49,Male,178.5,67.6,21.22,139,64,94,98,7.3,5,Yes,Never,6,1.4,0,0,1,0,0
49,Female,159.9,68.7,26.87,143,81,99,76,8.4,1,Yes,Never,4,2.1,1,0,1,0,0
54,Male,173.2,67.4,22.47,121,85,98,81,8.1,4,No,Never,8,1.7,0,0,1,0,0
72,Female,181.2,117.3,35.73,137,94,136,86,7.0,1,No,Occasional,8,2.7,1,1,1,1,0
42,Male,165.7,71.5,26.04,137,78,82,92,9.3,3,Yes,Occasional,4,1.9,0,0,1,1,0
70,Male,175.9,70.3,22.72,133,73,88,74,6.4,5,Yes,Never,3,2.2,0,0,1,0,0
67,Male,171.3,72.2,24.6,147,87,95,90,8.1,2,Yes,Occasional,2,2.3,1,0,1,0,0
78,Female,167.2,74.8,26.76,160,90,116,90,5.0,1,Yes,Occasional,6,2.8,1,1,1,1,0
75,Female,173.5,81.6,27.11,154,84,118,77,4.0,5,Yes,Never,7,1.9,1,0,1,1,0
68,Female,184.4,95.8,28.17,145,91,119,70,6.0,2,No,Never,6,1.1,1,0,1,1,0
33,Male,159.6,64.2,25.2,105,90,110,89,6.5,3,No,Never,6,1.7,0,0,1,0,0
66,Male,156.4,47.5,19.42,135,66,91,82,7.1,5,No,Occasional,4,2.9,1,0,1,0,0
64,Male,155.8,59.1,24.35,124,85,129,86,6.8,2,Yes,Occasional,1,2.4,0,0,1,1,0
36,Female,175.9,87.2,28.18,116,75,104,50,7.2,5,No,Never,4,2.0,1,0,0,0,0
60,Male,177.3,71.2,22.65,127,82,79,81,8.6,5,No,Never,9,2.2,1,0,1,0,0
33,Female,160.6,73.3,28.42,128,87,99,92,7.5,2,No,Never,6,2.0,1,0,1,1,0
50,Female,144.6,53.9,25.78,127,88,150,67,5.7,3,No,Never,6,2.7,1,1,1,1,0
68,Female,159.3,63.5,25.02,139,81,87,92,4.0,3,Yes,Occasional,7,2.4,1,0,1,1,0
29,Female,171.5,90.7,30.84,135,65,112,70,5.5,2,No,Occasional,3,2.0,0,0,1,1,0
39,Male,165.3,46.5,17.02,100,69,116,72,8.3,2,No,Occasional,6,2.8,0,0,1,0,0
68,Female,167.8,64.3,22.84,139,83,86,81,6.0,1,Yes,Occasional,6,3.0,0,1,1,1,0
46,Male,160.8,81.3,31.44,115,62,136,91,7.7,1,No,Never,3,1.6,1,0,1,1,0
78,Female,176.1,108.9,35.12,151,100,152,91,7.4,4,Yes,Never,6,1.6,1,1,1,1,0
18,Female,169.4,102.7,35.79,121,79,108,83,6.4,6,Yes,Occasional,8,3.8,1,0,0,1,0
63,Male,171.9,77.4,26.19,138,77,74,93,6.7,5,No,Occasional,4,2.6,0,0,1,1,0
69,Female,167.6,79.5,28.3,139,77,118,56,6.1,3,No,Regular,2,3.3,1,1,1,0,0
75,Male,171.2,88.4,30.16,145,87,116,77,9.4,4,Yes,Occasional,6,2.8,1,1,1,1,0
27,Male,170.6,90.7,31.16,97,87,105,93,5.6,1,No,Occasional,4,2.5,1,0,1,0,0
80,Female,156.7,68.5,27.9,131,85,126,78,8.0,3,No,Regular,6,0.8,1,0,1,0,0
42,Male,169.7,86.0,29.86,113,89,100,67,7.9,7,No,Occasional,3,1.4,0,0,1,0,0
40,Female,173.9,83.4,27.58,132,86,80,83,7.5,2,Yes,Regular,5,2.6,0,0,1,1,0
40,Female,177.6,87.9,27.87,137,83,104,78,6.3,4,No,Never,8,1.6,1,0,1,0,0
58,Female,170.2,62.0,21.4,116,76,97,88,4.9,5,Yes,Never,5,2.1,1,0,1,0,0
59,Male,156.3,59.3,24.27,116,77,108,67,5.5,1,No,Occasional,2,2.8,0,0,1,1,0
47,Male,157.9,57.4,23.02,109,83,117,105,5.7,2,No,Occasional,6,2.3,1,0,1,0,0
22,Female,161.6,50.2,19.22,110,77,60,66,7.2,6,Yes,Never,5,2.5,0,0,1,0,0
80,Male,167.9,52.0,18.45,107,77,108,92,7.7,5,No,Occasional,6,3.1,0,1,1,0,0
31,Female,164.8,62.8,23.12,99,75,84,86,6.9,5,No,Occasional,7,3.2,1,0,1,0,0
23,Male,154.8,56.8,23.7,115,67,88,67,7.1,5,No,Occasional,4,2.2,0,0,0,0,0
55,Male,154.7,62.8,26.24,147,80,117,80,8.0,3,No,Never,5,3.0,1,0,1,0,0
43,Female,145.0,59.1,28.11,134,80,89,85,4.2,4,Yes,Occasional,3,1.6,1,0,1,0,0
56,Female,140.0,52.3,26.68,131,80,101,85,4.0,3,No,Occasional,6,2.3,1,0,1,1,0
73,Female,164.7,67.7,24.96,159,87,114,61,4.7,4,No,Never,6,2.6,0,0,1,0,0
24,Female,189.2,73.7,20.59,102,66,71,78,7.9,5,No,Never,5,2.1,0,0,1,0,0
35,Male,184.0,99.7,29.45,124,73,111,68,4.0,4,No,Occasional,7,2.1,1,0,1,1,0
50,Male,156.2,61.3,25.12,129,78,83,90,6.8,2,Yes,Regular,3,1.5,1,0,1,0,0
67,Male,167.5,67.2,23.95,156,81,122,94,5.5,3,Yes,Never,6,2.2,1,1,1,1,0
55,Female,151.4,57.0,24.87,139,82,116,70,6.7,2,No,Never,7,1.2,1,0,1,0,0
42,Male,152.9,51.2,21.9,125,69,80,59,6.6,2,No,Never,4,2.1,0,0,1,0,0
56,Female,154.0,55.1,23.23,130,84,114,72,7.3,1,No,Never,2,2.2,0,0,1,0,0
79,Male,163.7,63.4,23.66,139,82,109,76,6.4,2,Yes,Occasional,2,2.7,1,1,1,0,0
48,Female,164.2,65.2,24.18,128,89,81,82,7.5,5,Yes,Never,6,1.4,0,0,1,1,0
73,Female,168.5,83.3,29.34,139,87,131,89,8.2,3,No,Occasional,9,2.4,1,0,1,0,0
67,Female,172.6,83.4,28.0,137,87,116,75,8.4,6,Yes,Regular,4,2.6,0,1,1,0,0
36,Male,162.6,86.5,32.72,139,88,91,82,6.2,2,No,Never,6,2.2,1,1,1,1,0
33,Other,166.4,85.9,31.02,125,85,68,64,5.9,2,No,Occasional,1,2.5,0,0,0,1,0
66,Male,155.1,85.2,35.42,169,98,124,78,6.9,1,Yes,Regular,6,2.4,1,1,1,1,0
31,Male,152.6,64.8,27.83,126,93,88,81,9.3,2,No,Occasional,3,0.7,0,0,1,0,0
39,Male,151.0,63.7,27.94,137,81,113,87,6.7,2,Yes,Never,4,1.6,1,1,1,0,0
32,Male,172.5,67.9,22.82,110,62,82,76,7.7,2,No,Never,5,3.6,0,0,1,0,0
56,Female,162.6,78.6,29.73,122,79,99,62,7.9,3,No,Regular,2,2.6,1,0,0,1,0
36,Male,147.3,48.0,22.12,112,80,123,101,7.3,3,No,Regular,10,1.8,0,0,1,0,0
59,Male,165.4,51.4,18.79,133,76,108,92,8.4,2,No,Never,4,2.4,0,0,1,0,0
76,Female,153.5,79.2,33.61,144,86,105,97,4.9,3,Yes,Occasional,7,2.7,1,0,1,1,0
70,Female,182.6,67.1,20.12,137,77,122,92,5.2,2,No,Never,9,3.2,1,0,1,0,0
77,Female,160.2,72.9,28.41,149,80,141,71,6.7,2,No,Never,6,1.9,1,1,1,1,0
19,Female,172.8,61.6,20.63,102,63,81,88,8.4,1,No,Regular,3,1.8,0,0,1,0,0
46,Male,176.9,96.8,30.93,144,85,108,91,8.2,2,Yes,Occasional,6,1.9,1,0,1,1,0
31,Female,156.5,76.4,31.19,125,78,73,59,7.0,4,No,Never,1,1.8,0,0,1,0,0
75,Male,166.8,80.1,28.79,135,80,98,87,7.9,1,No,Occasional,5,1.8,0,1,1,0,0
62,Male,171.5,93.8,31.89,140,82,121,81,5.9,3,No,Regular,9,2.3,1,0,1,0,0
38,Male,167.2,70.9,25.36,128,83,90,87,5.9,1,Yes,Regular,2,1.9,0,1,1,1,0
53,Female,169.6,104.8,36.43,140,77,114,81,5.2,5,No,Occasional,3,2.2,1,0,1,1,0
56,Male,152.7,68.5,29.38,128,78,122,91,6.2,2,No,Regular,9,3.4,1,0,1,1,0
49,Female,171.5,62.6,21.28,125,90,121,73,6.3,1,No,Regular,5,1.6,1,0,1,0,0
47,Male,161.1,67.2,25.89,127,72,91,81,8.1,2,No,Heavy,3,2.4,1,0,1,0,0
21,Male,169.5,69.4,24.16,125,58,82,85,7.3,3,No,Occasional,6,1.5,0,0,1,0,0
46,Male,175.2,74.7,24.34,124,67,96,71,6.8,2,No,Occasional,4,2.8,0,0,1,0,0
39,Male,172.7,51.9,17.4,101,51,71,66,7.1,4,No,Regular,1,2.9,0,0,0,0,0
69,Male,169.5,80.3,27.95,149,95,132,93,6.4,4,Yes,Occasional,2,1.6,1,0,1,0,0
72,Female,172.4,58.0,19.51,154,84,101,110,4.1,1,Yes,Occasional,10,1.7,1,1,1,0,0
65,Female,172.9,47.8,15.99,111,68,105,78,5.1,0,No,Regular,6,2.6,0,0,1,0,0
19,Male,181.0,76.0,23.2,113,77,134,70,7.4,1,No,Heavy,9,2.0,1,0,1,0,0
70,Female,165.7,61.8,22.51,111,90,127,90,6.7,1,No,Occasional,3,3.1,1,0,1,0,0
42,Male,167.6,59.8,21.29,111,72,90,99,5.1,1,No,Occasional,5,1.4,1,0,1,0,0
44,Male,175.3,49.2,16.01,127,80,74,93,8.4,2,No,Regular,5,2.9,1,0,0,0,0
77,Male,161.1,57.7,22.23,119,74,83,70,8.9,5,No,Occasional,4,3.7,1,0,1,1,0
72,Female,152.6,59.0,25.34,151,78,111,92,8.1,2,Yes,Occasional,6,2.5,0,0,1,0,0
21,Male,170.9,63.8,21.84,115,82,62,68,7.4,1,No,Never,3,1.8,1,0,0,0,0
40,Female,163.9,73.2,27.25,122,72,138,92,6.8,4,No,Never,8,1.7,0,1,1,0,0
65,Male,153.9,77.4,32.68,151,87,116,82,6.6,1,Yes,Never,6,2.1,1,1,1,1,0
51,Female,171.0,82.3,28.15,142,84,103,68,6.9,6,No,Occasional,5,2.6,1,0,1,0,0
34,Male,180.3,98.0,30.15,137,78,110,77,7.4,4,No,Regular,6,1.2,1,0,0,1,0
51,Female,149.7,69.4,30.97,160,81,96,74,7.6,2,No,Never,5,2.0,1,1,1,1,0
72,Female,176.2,66.1,21.29,103,75,111,80,7.5,2,No,Never,2,2.3,1,1,1,0,0
32,Male,140.6,53.9,27.27,129,71,107,69,4.0,1,No,Occasional,3,3.2,1,0,1,1,0
65,Male,162.0,80.8,30.79,119,86,114,102,8.1,2,No,Never,5,3.4,1,1,1,1,0
64,Female,184.4,81.2,23.88,133,83,110,85,6.9,1,No,Regular,5,2.1,0,0,1,0,0
73,Other,162.7,59.3,22.4,134,79,104,80,4.8,2,No,Never,7,1.5,1,1,1,0,0
36,Female,166.9,77.5,27.82,124,86,106,79,6.8,2,Yes,Regular,7,2.3,1,0,1,0,0
31,Male,173.6,54.4,18.05,105,72,73,77,7.2,0,No,Occasional,4,2.3,1,0,0,0,0
52,Female,148.8,45.3,20.46,114,74,89,71,4.9,4,No,Heavy,3,3.0,1,0,1,0,0
51,Male,166.7,62.4,22.46,129,73,102,78,5.7,4,No,Occasional,7,1.9,1,0,1,1,0
43,Male,166.6,76.6,27.6,119,76,94,76,5.2,2,No,Heavy,6,1.6,0,0,1,1,0
67,Female,184.6,92.4,27.11,129,83,112,68,5.6,3,No,Occasional,4,2.2,0,0,1,1,0
68,Female,153.6,73.2,31.03,149,76,89,85,7.6,1,No,Occasional,3,2.0,1,1,1,1,0
33,Female,162.2,54.7,20.79,124,92,101,91,6.0,5,Yes,Never,4,2.0,1,0,1,0,0
68,Female,156.7,52.5,21.38,154,58,77,69,6.7,5,No,Occasional,6,1.6,0,0,1,0,0
32,Male,155.7,67.1,27.68,128,73,78,83,7.3,4,No,Never,9,1.4,1,0,1,0,0
43,Female,177.3,68.0,21.63,134,81,85,68,6.2,2,Yes,Regular,5,2.6,0,0,1,0,0
19,Male,166.3,60.7,21.95,102,71,83,66,7.8,5,No,Occasional,3,2.4,0,0,1,0,0
39,Male,160.4,42.3,16.44,132,66,84,107,8.0,1,No,Occasional,10,1.7,0,0,1,0,0
78,Male,160.8,71.7,27.73,136,81,122,89,7.8,5,Yes,Never,4,2.7,1,1,1,1,0
45,Female,160.4,84.6,32.88,138,83,113,84,7.5,1,No,Never,4,1.0,1,0,1,1,0
62,Male,161.3,54.6,20.99,138,72,95,74,7.8,0,Yes,Occasional,4,1.9,1,1,1,1,0
24,Male,153.4,70.3,29.87,126,66,98,68,7.3,4,No,Occasional,4,2.3,0,0,0,1,0
58,Female,163.4,68.2,25.54,145,87,127,78,7.5,7,Yes,Occasional,8,2.9,1,0,1,1,0
41,Female,162.4,44.6,16.91,106,72,71,81,5.5,3,No,Heavy,2,1.8,0,0,0,0,0
64,Female,158.4,54.4,21.68,139,78,137,93,6.4,3,No,Never,7,2.9,1,0,1,0,0
76,Female,167.6,60.9,21.68,127,89,132,84,7.2,2,Yes,Occasional,5,1.8,1,1,1,0,0
51,Male,168.4,68.4,24.12,127,76,80,84,6.7,3,No,Never,4,2.7,0,0,1,1,0
24,Female,160.4,69.4,26.97,106,71,110,75,9.8,4,Yes,Occasional,5,3.3,0,0,1,1,0
47,Female,164.6,93.3,34.44,140,77,106,82,6.5,6,Yes,Occasional,5,1.6,0,0,1,1,0
25,Female,187.6,63.8,18.13,131,71,81,87,4.5,3,No,Occasional,5,2.3,0,1,1,0,0
46,Female,187.2,81.3,23.2,124,69,70,90,6.8,3,No,Occasional,4,2.6,0,0,0,0,0
21,Male,155.5,49.8,20.6,107,76,86,71,7.7,0,No,Never,5,1.4,1,0,1,0,0
58,Male,156.9,48.6,19.74,126,71,132,89,5.7,3,No,Never,4,2.5,0,0,1,0,0
37,Female,155.4,62.2,25.76,137,92,96,117,6.3,1,Yes,Never,10,1.8,0,0,0,1,0
30,Male,176.6,78.4,25.14,105,65,104,65,6.4,7,No,Occasional,8,1.7,1,1,1,0,0
19,Male,162.0,42.4,16.16,85,56,77,65,6.5,3,No,Never,6,1.9,0,0,0,0,0
73,Female,168.4,74.5,26.27,139,83,102,92,6.0,2,No,Occasional,4,1.9,1,1,1,1,0
70,Female,186.0,70.4,20.35,130,76,119,80,7.9,2,No,Occasional,7,2.7,1,0,1,0,0
69,Female,165.9,72.0,26.16,134,82,102,77,9.3,4,No,Occasional,6,2.2,1,0,1,0,0
21,Female,173.1,92.9,31.0,133,76,106,91,5.6,3,No,Occasional,6,3.7,0,0,1,1,0
40,Female,171.2,80.9,27.6,149,78,109,76,5.1,1,Yes,Regular,4,1.9,1,0,1,1,0
79,Female,160.1,69.7,27.19,151,82,133,83,6.1,3,No,Heavy,6,2.5,1,1,1,1,0
54,Female,176.6,72.3,23.18,127,63,97,74,8.1,3,No,Occasional,9,2.1,1,1,1,0,0
26,Male,157.5,62.9,25.36,119,83,129,86,6.4,3,No,Regular,5,1.4,0,0,1,0,0
26,Female,179.4,89.2,27.72,139,74,73,91,7.2,3,Yes,Regular,5,3.2,0,0,0,1,0
34,Male,160.1,70.4,27.47,138,82,99,86,5.5,0,No,Never,6,2.3,1,0,1,1,0
79,Male,161.2,67.2,25.86,149,69,133,81,8.9,1,No,Occasional,5,1.7,1,0,1,1,0
28,Male,155.1,62.8,26.11,108,63,82,71,6.4,7,No,Occasional,4,2.5,0,0,1,1,0
74,Female,156.8,48.9,19.89,135,75,94,71,7.1,6,No,Regular,4,2.9,0,0,1,1,0
60,Female,161.7,58.4,22.34,144,90,86,82,5.5,3,No,Regular,7,1.6,1,1,1,0,0
76,Female,141.7,59.6,29.68,161,92,105,96,5.3,0,No,Occasional,8,2.2,1,1,1,1,0
70,Female,163.7,80.8,30.15,177,90,114,71,6.3,4,No,Occasional,10,2.9,1,1,1,1,0
38,Female,160.9,66.7,25.76,138,75,110,101,6.8,4,Yes,Occasional,6,2.3,1,0,1,0,0
70,Male,173.9,100.5,33.23,165,89,121,86,7.7,0,No,Occasional,6,2.6,1,1,1,1,0
28,Female,170.2,79.7,27.51,131,74,101,102,4.4,3,No,Occasional,7,2.0,1,0,1,0,0
36,Female,158.9,61.0,24.16,121,76,82,79,5.7,5,Yes,Occasional,3,1.2,0,1,1,0,0
31,Female,161.4,50.3,19.31,100,77,95,81,5.7,4,No,Regular,7,2.0,1,0,0,0,0
26,Male,163.7,85.6,31.94,122,76,87,88,6.6,4,No,Occasional,8,1.8,1,0,1,1,0
23,Male,180.9,93.7,28.63,118,76,103,73,5.0,3,No,Never,8,2.1,1,1,1,0,0
29,Female,157.8,84.0,33.73,127,81,116,79,6.3,1,No,Never,9,1.8,1,1,1,1,0
25,Male,158.8,89.3,35.41,123,75,95,69,6.0,7,No,Occasional,4,2.3,1,0,1,1,0
41,Male,154.7,46.0,19.22,116,78,105,78,6.6,2,No,Occasional,4,2.0,0,0,1,0,0
22,Male,151.2,42.9,18.77,124,73,60,91,5.7,4,Yes,Occasional,5,2.7,0,0,1,0,0
21,Male,169.1,45.8,16.02,88,65,77,75,5.6,3,No,Occasional,3,2.6,0,0,1,0,0
80,Male,168.0,86.9,30.79,168,91,131,100,7.0,2,Yes,Regular,6,1.6,1,1,1,0,0
23,Other,178.8,89.8,28.09,127,70,98,59,7.9,2,No,Regular,7,3.0,0,0,1,0,0
22,Female,176.4,79.0,25.39,118,75,121,95,7.6,6,No,Occasional,7,1.7,1,0,1,1,0
19,Female,190.0,68.5,18.98,106,72,87,77,8.0,3,No,Occasional,6,1.5,0,0,0,0,0
26,Male,165.3,67.2,24.59,140,79,85,89,8.0,4,No,Occasional,8,2.9,0,0,0,0,0
51,Male,163.4,70.9,26.55,123,78,115,92,6.3,4,No,Occasional,7,1.8,1,0,1,1,0
70,Male,153.0,70.0,29.9,134,76,106,62,9.1,5,No,Never,4,2.3,1,0,1,1,0
64,Male,173.0,81.7,27.3,137,84,102,86,8.0,1,No,Occasional,1,1.4,0,0,1,0,0
54,Male,167.2,80.8,28.9,139,88,127,85,5.5,3,No,Occasional,5,2.0,1,0,1,1,0
23,Female,172.5,72.5,24.36,125,81,100,99,5.9,3,Yes,Occasional,5,2.1,0,0,1,0,0
66,Other,154.6,75.8,31.71,143,78,134,78,6.9,4,No,Occasional,5,1.9,1,0,1,1,0
20,Female,169.5,80.2,27.91,123,75,60,77,7.8,4,No,Never,5,1.9,0,0,1,0,0
57,Male,168.1,56.8,20.1,127,59,95,69,6.5,4,No,Never,4,2.2,0,0,1,0,0
43,Male,167.4,90.0,32.12,141,94,136,75,5.6,2,Yes,Regular,3,2.8,1,0,1,1,0
73,Male,159.2,81.3,32.08,173,91,105,80,7.8,2,Yes,Occasional,3,1.6,0,1,1,1,0
37,Male,177.9,87.1,27.52,126,75,101,80,5.2,7,No,Never,6,0.7,0,0,1,0,0
58,Female,186.5,94.5,27.17,136,93,110,92,6.8,2,No,Occasional,8,3.0,0,1,1,0,0
45,Male,154.9,80.3,33.47,158,83,129,73,6.9,1,Yes,Never,3,1.8,1,1,1,1,0
50,Female,173.2,53.4,17.8,97,71,78,77,5.0,3,No,Occasional,5,1.8,0,0,0,0,0
77,Female,140.0,63.2,32.24,142,83,140,86,8.8,2,No,Never,7,1.8,1,0,1,1,0
62,Male,172.7,70.5,23.64,130,68,99,60,6.7,2,No,Heavy,5,1.3,1,0,1,1,0
44,Male,147.3,66.7,30.74,122,81,152,87,5.1,5,No,Never,7,1.9,1,0,1,1,0
46,Male,160.8,67.5,26.11,142,82,115,84,6.5,1,No,Occasional,8,2.0,1,0,1,1,0
62,Male,152.9,46.7,19.98,134,60,130,80,4.5,3,No,Occasional,6,2.5,1,0,1,0,0
39,Female,163.8,61.6,22.96,138,79,105,92,7.2,1,No,Never,4,1.8,1,0,1,0,0
28,Female,174.4,91.2,29.98,128,80,108,79,7.5,0,No,Never,8,0.7,0,0,1,0,0
47,Female,147.4,53.3,24.53,140,86,102,77,10.0,2,Yes,Never,5,1.3,0,1,1,1,0
22,Female,162.4,57.9,21.95,126,71,94,59,6.8,2,No,Never,5,2.9,0,0,1,0,0
28,Male,160.9,57.1,22.06,117,78,60,80,5.8,3,No,Occasional,6,1.7,0,0,1,0,0
44,Male,181.8,94.4,28.56,139,85,120,87,7.0,4,No,Regular,5,2.6,1,0,1,1,0
68,Male,170.3,100.0,34.48,149,89,129,59,8.5,3,No,Occasional,5,1.7,1,0,1,1,0
67,Male,154.2,38.0,15.98,135,79,96,68,7.4,2,No,Occasional,4,2.7,1,0,1,0,0
34,Female,161.3,100.6,38.67,133,90,133,78,7.7,4,No,Occasional,5,2.3,1,0,1,1,0
44,Male,181.6,87.2,26.44,113,69,84,76,7.6,3,No,Never,6,1.3,1,0,1,1,0
27,Male,173.1,83.4,27.83,116,67,99,68,7.7,2,No,Occasional,1,1.4,0,0,1,1,0
65,Male,156.8,58.8,23.92,129,70,100,77,4.9,5,No,Heavy,5,1.2,0,0,1,0,0
33,Male,163.3,67.2,25.2,131,81,76,95,5.2,1,Yes,Never,1,2.8,0,0,1,0,0
68,Female,163.6,72.3,27.01,143,76,133,78,4.8,2,No,Never,4,1.4,1,0,1,0,0
71,Male,160.6,54.5,21.13,125,63,128,82,5.1,3,No,Never,6,2.0,1,0,1,0,0
61,Male,148.9,48.8,22.01,118,69,92,83,5.3,3,No,Occasional,5,2.1,1,0,1,1,0
38,Male,159.2,78.6,31.01,153,79,124,67,8.9,1,No,Regular,7,2.3,0,1,1,1,0
78,Female,179.9,61.1,18.88,132,81,98,84,5.7,2,No,Occasional,6,1.9,1,0,1,0,0
61,Female,162.2,73.7,28.01,124,85,96,53,7.1,6,No,Never,1,1.2,0,0,1,0,0
58,Female,165.0,65.5,24.06,131,82,92,79,6.2,7,No,Never,8,1.4,1,0,0,0,0
71,Male,167.4,60.4,21.55,131,84,84,96,6.9,2,Yes,Regular,6,1.5,1,0,1,0,0
73,Male,188.2,126.3,35.66,155,88,137,80,6.9,1,Yes,Occasional,4,0.7,0,1,1,1,0
22,Female,166.1,56.1,20.33,120,55,70,88,5.2,5,Yes,Never,4,2.5,0,0,0,0,0
73,Male,176.9,65.0,20.77,125,76,104,61,7.8,2,Yes,Never,1,2.5,0,1,1,0,0
66,Male,160.0,64.3,25.12,121,77,99,81,5.8,4,No,Never,6,1.5,0,0,1,1,0
31,Female,163.4,57.3,21.46,110,70,70,82,5.6,5,No,Heavy,7,3.0,0,0,1,0,0
37,Male,166.1,69.9,25.34,126,81,88,53,6.4,2,No,Occasional,4,2.1,1,0,1,0,0
65,Male,158.3,67.0,26.74,150,85,113,80,7.9,2,No,Never,3,2.8,1,0,1,0,0
31,Female,164.0,70.7,26.29,125,74,93,52,5.8,4,No,Regular,6,2.7,1,0,1,0,0
46,Female,174.9,76.3,24.94,133,74,88,84,6.6,4,No,Heavy,8,2.1,0,0,1,0,0
61,Male,158.0,56.2,22.51,122,68,126,88,7.0,3,No,Never,8,0.9,1,0,1,0,0
58,Male,166.0,79.7,28.92,141,77,93,78,6.9,3,No,Never,7,2.3,1,1,1,1,0
75,Female,173.1,77.0,25.7,141,82,135,94,6.6,3,Yes,Heavy,10,2.5,1,1,1,1,0
25,Male,157.8,56.3,22.61,122,88,105,100,4.8,5,No,Never,7,1.8,0,0,1,0,0
36,Male,177.0,101.4,32.37,137,96,129,79,6.6,3,No,Never,8,2.3,1,0,1,1,0
80,Female,166.7,71.7,25.8,141,74,122,68,5.6,3,No,Occasional,5,2.2,0,1,1,0,0
53,Female,164.3,83.5,30.93,139,82,98,93,4.5,6,No,Regular,5,1.6,0,0,1,1,0
33,Female,145.9,66.2,31.1,130,71,106,87,5.9,2,No,Occasional,8,2.1,1,0,1,1,0
36,Male,162.3,82.9,31.47,127,81,140,87,6.2,1,No,Never,3,1.9,1,0,1,1,0
39,Male,169.7,82.6,28.68,119,74,121,64,10.0,4,No,Occasional,6,2.4,0,0,1,0,0
52,Female,183.5,86.4,25.66,148,76,110,55,8.0,2,No,Regular,4,1.8,0,0,1,0,0
35,Female,171.7,73.5,24.93,126,85,88,76,7.6,4,Yes,Never,6,1.7,0,0,1,0,0
57,Male,177.3,77.4,24.62,128,81,90,78,6.1,3,No,Never,6,1.1,1,1,0,0,0
46,Female,153.9,37.9,16.0,125,78,69,79,6.4,0,No,Occasional,6,3.6,1,0,1,0,0
56,Male,164.7,79.3,29.23,137,84,101,73,9.9,3,No,Never,5,1.9,0,1,1,1,0
27,Female,178.2,83.3,26.23,101,70,97,66,5.8,1,No,Occasional,6,1.5,1,0,1,1,0
57,Female,157.1,73.5,29.78,170,79,121,91,6.9,1,Yes,Never,7,2.6,1,0,1,1,0
76,Male,175.7,79.4,25.72,130,77,123,68,9.2,4,No,Regular,2,2.3,1,0,1,0,0
26,Female,173.3,84.7,28.2,118,75,137,62,5.8,0,No,Never,5,2.6,1,0,0,1,0
38,Female,168.7,53.3,18.73,113,67,109,76,7.0,1,No,Never,4,2.6,0,0,1,0,0
61,Male,162.7,53.7,20.29,131,76,79,86,6.6,1,Yes,Never,6,2.9,0,1,1,0,0
56,Male,156.1,39.0,16.01,118,74,71,90,5.7,3,Yes,Never,4,1.5,0,0,1,0,0
60,Female,183.8,85.2,25.22,138,90,95,80,7.4,2,No,Occasional,8,2.3,0,1,1,0,0
53,Male,172.3,65.3,22.0,105,59,110,85,5.3,4,No,Occasional,5,1.2,0,0,1,0,0
61,Male,169.4,61.9,21.57,135,67,110,88,7.5,4,No,Regular,7,2.0,1,0,1,0,0
56,Male,161.9,71.8,27.39,140,79,97,65,7.4,4,No,Occasional,3,2.6,1,0,1,0,0
22,Female,166.4,63.4,22.9,106,62,90,91,7.8,1,Yes,Occasional,5,1.6,1,0,0,1,0
65,Male,167.6,53.7,19.12,133,66,100,90,6.5,0,No,Regular,4,3.7,0,0,1,0,0
46,Female,170.0,109.1,37.75,141,103,140,92,7.1,1,No,Never,6,2.2,1,1,1,1,0
21,Male,173.3,74.2,24.71,103,70,103,72,8.1,7,No,Occasional,3,1.0,1,0,1,0,0
43,Male,158.2,50.7,20.26,118,88,89,71,5.2,3,No,Occasional,2,2.7,0,0,1,1,0
45,Female,151.3,51.0,22.28,132,62,93,66,5.3,1,No,Never,4,3.6,1,0,1,1,0
23,Male,166.8,67.1,24.12,121,87,101,92,7.3,3,No,Occasional,7,0.7,1,0,0,1,0
80,Male,148.5,56.3,25.53,129,74,110,65,7.8,1,No,Heavy,4,2.7,1,0,1,0,0
32,Male,162.8,83.3,31.43,141,91,120,86,6.8,1,Yes,Never,6,1.6,1,0,1,1,0
38,Female,160.9,64.6,24.95,129,60,97,88,7.9,1,No,Occasional,4,2.2,1,0,1,1,0
45,Male,170.9,100.5,34.41,129,83,134,62,6.6,2,No,Occasional,1,1.3,0,0,1,1,0
70,Male,185.8,83.0,24.04,133,85,131,85,8.1,0,No,Occasional,7,2.8,1,0,1,0,0
64,Male,146.6,60.2,28.01,144,82,116,71,6.4,0,No,Never,7,2.0,1,1,1,1,0
66,Male,188.7,110.1,30.92,151,75,151,76,5.7,2,No,Never,5,3.0,1,0,1,0,0
32,Male,163.7,82.8,30.9,119,74,107,65,8.5,6,No,Never,5,1.5,0,0,1,1,0
71,Female,169.5,93.2,32.44,152,89,131,72,7.7,2,No,Regular,5,2.1,1,1,1,0,0
70,Male,151.9,57.3,24.83,123,71,127,80,6.3,2,No,Never,3,0.7,1,0,1,1,0
47,Male,176.0,79.1,25.54,133,77,136,89,5.9,3,No,Occasional,8,3.9,1,0,1,0,0
52,Female,166.4,44.3,16.0,98,70,102,74,7.5,2,No,Never,5,3.4,1,0,0,0,0
20,Female,165.4,65.5,23.94,121,76,100,85,5.4,1,No,Never,6,3.6,0,0,0,1,0
65,Male,146.6,67.1,31.22,153,73,113,73,7.2,2,No,Occasional,4,3.2,1,1,1,1,0
78,Male,166.7,85.1,30.62,147,82,127,76,6.4,3,No,Occasional,6,1.8,1,1,1,0,0
47,Male,174.5,76.5,25.12,133,77,110,70,6.7,5,No,Occasional,8,2.2,1,0,1,0,0
52,Female,163.6,90.5,33.81,147,82,129,76,4.1,2,No,Occasional,6,2.4,1,0,1,1,0
49,Male,177.7,75.0,23.75,116,70,99,64,5.5,1,No,Occasional,6,2.4,0,0,1,0,0
23,Male,177.3,67.6,21.5,104,78,81,103,6.9,1,No,Never,7,1.5,0,0,1,0,0
57,Male,159.6,60.0,23.56,122,81,100,87,7.9,7,No,Never,7,1.5,0,0,1,0,0
63,Male,182.0,68.1,20.56,135,86,89,110,6.3,3,Yes,Never,8,1.3,1,0,1,0,0
76,Male,166.5,81.1,29.25,134,80,89,86,7.5,6,No,Occasional,6,1.9,1,1,1,1,0
76,Male,166.5,76.7,27.67,141,88,105,90,4.8,1,Yes,Never,6,2.0,0,1,1,0,0
48,Female,167.0,79.5,28.51,108,90,105,63,6.1,1,No,Occasional,6,1.9,1,0,1,1,0
78,Female,166.7,67.6,24.33,159,89,99,92,6.9,2,No,Never,7,2.4,1,0,1,0,0
51,Female,140.0,49.7,25.36,148,87,107,91,6.7,1,No,Occasional,4,1.3,1,0,1,1,0
58,Female,164.1,43.1,16.01,115,74,71,73,7.6,0,No,Occasional,6,1.6,0,1,1,0,0
55,Male,152.4,64.0,27.56,125,87,96,92,6.0,3,No,Heavy,10,1.7,0,0,1,0,0
80,Female,182.3,89.2,26.84,160,89,134,82,6.3,2,No,Regular,6,2.7,0,0,1,0,0
64,Female,181.9,68.5,20.7,105,85,108,75,7.7,2,No,Heavy,3,2.3,1,0,1,0,0
25,Female,174.5,74.6,24.5,127,56,97,83,6.0,3,No,Occasional,5,2.4,0,0,1,0,0
22,Female,163.6,63.4,23.69,120,71,110,83,5.4,5,No,Heavy,7,1.6,0,0,1,0,0
43,Male,155.9,82.4,33.9,136,90,108,69,7.4,1,No,Never,4,2.2,1,0,1,1,0
50,Male,159.4,52.2,20.54,133,80,100,83,5.7,3,No,Occasional,3,1.7,1,0,1,0,0
60,Male,185.4,94.4,27.46,123,74,99,56,8.7,5,No,Occasional,2,1.7,1,0,1,0,0
48,Male,159.1,51.5,20.35,128,75,112,82,4.4,3,No,Occasional,5,2.4,0,0,1,0,0
50,Male,142.4,46.5,22.93,121,79,98,83,6.0,7,No,Never,9,1.8,0,0,1,0,0
76,Male,176.3,85.8,27.6,129,91,99,69,8.8,3,No,Occasional,4,2.1,0,0,1,1,0
39,Male,181.0,79.7,24.33,149,80,123,97,9.0,0,No,Heavy,7,2.0,1,1,1,1,0
49,Female,182.6,85.3,25.58,124,80,98,63,6.6,1,No,Occasional,5,1.4,1,0,1,1,0
53,Female,176.4,84.9,27.28,127,76,87,78,8.2,3,No,Never,4,1.8,1,1,1,0,0
47,Female,178.0,73.4,23.17,136,84,123,84,7.6,1,No,Never,6,1.8,1,0,1,0,0
78,Male,166.5,84.7,30.55,157,93,126,86,6.3,3,No,Never,2,2.0,1,1,1,0,0
78,Female,145.2,52.4,24.85,132,92,101,93,7.0,2,No,Regular,9,1.0,1,1,1,1,0
50,Female,166.3,69.6,25.17,144,82,100,60,5.5,3,No,Occasional,6,1.7,1,0,1,1,0
46,Female,172.2,80.8,27.25,137,83,110,83,4.5,0,No,Never,8,2.8,1,0,1,1,0
55,Female,164.6,72.7,26.83,135,76,95,95,7.3,1,No,Regular,5,2.5,1,0,1,0,0
29,Male,164.2,76.0,28.19,126,72,92,81,7.3,1,No,Occasional,6,1.9,1,0,1,1,0
44,Male,156.4,66.0,26.98,133,87,106,74,5.1,1,No,Regular,7,1.4,1,0,1,0,0
31,Female,156.0,66.7,27.41,111,84,118,80,6.5,1,No,Regular,5,2.3,1,0,1,0,0
27,Other,184.4,79.9,23.5,122,74,98,91,5.4,5,Yes,Occasional,3,2.8,0,0,1,0,0
23,Male,184.7,67.6,19.82,106,66,68,64,6.3,5,No,Heavy,3,3.2,0,0,0,0,0
54,Male,166.0,52.0,18.87,124,78,101,73,6.2,2,Yes,Regular,4,1.9,1,0,0,0,0
18,Male,168.8,47.9,16.81,107,74,99,79,7.5,2,No,Never,6,1.5,0,0,1,1,0
58,Male,156.2,83.7,34.31,140,89,106,69,6.1,5,No,Never,5,2.5,1,0,1,0,0
45,Other,172.4,47.6,16.02,113,66,93,85,5.2,1,No,Heavy,4,2.4,0,0,1,0,0
41,Female,183.6,104.9,31.12,142,86,116,81,8.7,1,No,Occasional,7,2.2,1,0,1,0,0
66,Male,150.7,50.2,22.1,125,64,92,78,7.4,4,No,Occasional,4,1.8,0,1,1,0,0
51,Male,170.6,91.2,31.34,129,77,113,90,7.9,3,No,Regular,4,1.3,1,0,1,1,0
64,Male,171.4,47.0,16.0,137,65,100,78,7.3,3,Yes,Occasional,7,2.6,0,0,1,0,0
62,Male,171.3,72.8,24.81,124,74,87,91,7.7,3,No,Occasional,7,2.8,1,1,1,0,0
20,Female,182.4,106.0,31.86,128,67,98,77,7.4,7,No,Never,3,2.0,0,0,1,1,0
31,Female,186.4,99.3,28.58,118,59,93,61,7.5,3,No,Regular,2,3.3,0,0,1,0,0
53,Female,163.7,64.5,24.07,136,84,91,86,7.0,7,Yes,Regular,3,2.4,0,0,1,0,0
79,Male,172.7,50.8,17.03,142,72,89,67,6.2,3,No,Regular,5,2.1,1,1,1,0,0
27,Female,166.8,52.0,18.69,114,68,76,73,7.6,1,No,Regular,8,1.4,0,0,0,0,0
24,Female,159.7,80.7,31.64,142,74,142,78,6.1,1,No,Never,8,1.1,1,0,1,1,0
77,Male,168.7,70.1,24.63,148,87,72,75,6.7,2,No,Occasional,7,1.9,1,1,1,0,0
78,Female,172.7,77.5,25.98,157,100,126,90,6.8,2,Yes,Never,10,2.4,1,0,1,1,0
28,Female,168.2,74.8,26.44,131,79,102,71,7.2,6,Yes,Never,6,3.7,0,1,1,0,0
43,Female,157.2,47.4,19.18,115,74,89,87,5.2,4,No,Regular,8,2.2,0,0,1,0,0
57,Male,161.4,72.3,27.75,149,65,109,73,7.0,4,No,Never,4,2.6,0,0,1,1,0
30,Male,161.4,60.2,23.11,123,74,98,80,5.7,2,Yes,Occasional,2,1.7,1,0,1,0,0
38,Male,157.6,66.4,26.73,118,80,92,84,6.9,3,No,Regular,5,2.3,0,0,1,0,0
42,Male,169.1,64.8,22.66,118,82,89,93,7.7,2,No,Regular,5,2.3,1,1,1,1,0
58,Male,170.2,52.9,18.26,142,84,89,88,8.5,3,Yes,Never,10,1.6,1,0,1,1,0
37,Female,175.8,71.9,23.26,111,87,100,72,7.4,3,No,Never,5,3.1,0,0,1,0,0
43,Male,157.4,70.7,28.54,145,71,109,80,7.9,4,No,Occasional,3,2.1,1,0,1,1,0
36,Male,160.2,69.7,27.16,142,73,89,94,5.2,2,No,Occasional,7,2.9,0,0,1,1,0
65,Other,181.5,86.1,26.14,122,82,105,76,7.5,3,No,Regular,4,2.2,1,0,1,0,0
27,Female,164.4,79.4,29.38,134,85,95,80,5.2,3,No,Occasional,6,2.0,0,0,1,1,0
32,Female,166.3,66.9,24.19,113,85,83,81,8.0,2,No,Never,7,1.7,1,0,1,0,0
33,Female,164.2,68.7,25.48,115,61,91,72,5.5,0,No,Occasional,3,2.0,0,0,1,1,0
75,Male,177.3,75.3,23.95,132,81,89,78,5.2,6,No,Occasional,9,3.2,1,0,1,0,0
77,Male,177.7,97.5,30.88,142,94,95,81,7.4,4,No,Regular,8,1.6,1,1,1,1,0
49,Female,177.1,84.7,27.01,139,85,107,85,8.7,3,No,Never,6,2.6,1,1,1,0,0
27,Male,166.3,61.9,22.38,121,77,107,93,7.7,3,No,Occasional,9,2.0,1,0,1,0,0
65,Male,157.3,46.6,18.83,129,74,87,69,6.3,2,No,Occasional,4,2.6,0,0,1,1,0
49,Male,185.3,106.1,30.9,140,62,130,83,5.3,2,No,Occasional,7,2.3,1,0,1,1,0
71,Female,174.6,68.8,22.57,134,96,112,77,6.1,4,Yes,Occasional,6,1.3,1,0,1,0,0
40,Male,161.4,67.0,25.72,120,80,86,75,6.9,2,No,Occasional,4,2.3,1,0,0,0,0
80,Female,180.2,122.3,37.66,171,86,116,77,6.7,7,Yes,Occasional,4,3.6,1,1,1,1,0
68,Male,160.6,77.2,29.93,146,85,102,97,5.0,2,No,Never,10,2.4,1,1,1,1,0
32,Female,180.1,106.7,32.9,149,83,119,82,8.1,3,No,Never,8,2.8,1,0,1,0,0
63,Male,180.8,76.4,23.37,129,84,113,88,8.2,1,No,Never,7,2.4,1,1,1,0,0
36,Male,156.8,74.8,30.42,129,68,106,66,9.1,3,No,Never,4,2.7,1,0,1,1,0
40,Female,171.8,75.3,25.51,130,69,89,71,4.5,3,No,Occasional,7,1.7,1,1,1,1,0
33,Female,173.8,81.4,26.95,134,78,97,73,5.8,3,No,Never,4,2.1,0,0,0,1,0
60,Male,192.1,131.3,35.58,163,86,142,117,6.7,2,No,Never,9,2.8,1,0,1,1,0
34,Male,158.6,60.1,23.89,123,60,103,74,6.5,5,No,Heavy,8,2.0,1,0,1,0,0
58,Male,180.3,84.3,25.93,138,76,110,84,6.0,6,Yes,Occasional,7,2.9,1,0,1,1,0
54,Male,166.2,59.1,21.4,124,79,101,90,5.5,3,Yes,Regular,7,1.5,0,1,1,0,0
65,Female,153.6,71.4,30.26,141,73,134,79,5.5,2,No,Occasional,5,2.2,1,0,1,0,0
80,Male,164.8,64.3,23.68,164,94,94,75,9.2,2,No,Never,6,2.0,1,1,1,0,0
18,Female,166.0,81.9,29.72,116,85,97,90,4.6,3,No,Occasional,9,3.9,0,0,1,1,0
80,Male,155.4,44.6,18.47,133,88,82,76,4.7,3,Yes,Occasional,6,1.9,1,0,1,0,0
24,Male,169.1,78.9,27.59,112,77,90,82,5.4,3,Yes,Never,3,2.5,1,0,1,1,0
51,Male,175.6,69.6,22.57,126,71,119,82,6.7,4,Yes,Never,8,0.9,1,0,1,0,0
39,Male,168.4,81.8,28.84,115,70,91,83,6.4,4,No,Never,4,1.4,0,0,1,1,0
58,Male,160.6,66.4,25.74,117,86,90,59,7.2,5,No,Never,5,2.4,0,0,1,1,0
63,Female,164.5,63.3,23.39,133,71,73,75,5.9,3,No,Never,4,2.0,0,0,1,1,0
72,Male,166.0,67.0,24.31,139,77,109,60,7.1,3,No,Never,1,2.0,1,0,1,0,0
43,Female,168.2,60.5,21.38,120,68,86,83,6.7,6,No,Occasional,6,2.0,0,0,1,0,0
76,Male,177.1,95.0,30.29,142,87,145,95,8.3,3,No,Never,10,2.1,1,1,1,1,0
38,Male,168.7,57.7,20.27,108,75,110,62,8.8,2,Yes,Regular,6,1.1,1,0,1,0,0
30,Male,152.0,55.1,23.85,101,72,80,75,6.1,4,No,Never,10,2.1,0,0,1,0,0
41,Male,160.4,69.6,27.05,111,71,96,82,7.8,6,No,Occasional,5,2.1,1,0,1,0,0
51,Female,167.7,93.9,33.39,137,85,136,82,6.8,4,Yes,Regular,6,2.9,1,0,1,1,0
60,Female,177.2,81.1,25.83,131,79,89,84,7.7,6,Yes,Occasional,5,2.7,0,0,1,0,0
70,Female,179.0,80.0,24.97,137,73,119,76,7.2,4,No,Never,5,0.7,1,0,1,0,0
32,Female,183.7,89.4,26.49,120,65,62,81,7.5,3,No,Never,6,1.7,1,0,1,1,0
37,Male,167.3,44.8,16.01,132,68,84,97,7.4,1,No,Never,9,3.4,0,0,1,0,0
77,Male,173.6,61.9,20.54,158,73,83,65,7.4,5,Yes,Never,3,2.8,0,0,1,0,0
45,Female,151.5,54.4,23.7,124,75,113,75,6.9,2,No,Occasional,5,2.5,1,0,1,0,0
33,Male,170.3,63.2,21.79,93,61,79,67,7.8,7,No,Occasional,7,1.9,0,0,1,0,0
80,Male,155.2,45.0,18.68,133,68,115,90,6.3,0,No,Occasional,8,2.7,1,1,1,0,0
46,Female,165.4,81.1,29.64,130,90,108,61,6.3,5,Yes,Heavy,1,1.2,1,0,0,1,0
80,Female,196.3,106.4,27.61,148,78,99,80,5.0,3,No,Regular,2,1.8,1,0,1,0,0
75,Female,169.0,76.9,26.92,128,67,124,73,7.2,3,No,Never,5,2.4,1,0,1,1,0
75,Male,157.4,56.8,22.93,118,84,110,84,7.3,6,No,Occasional,8,2.6,0,0,1,0,0
54,Female,170.1,75.5,26.09,137,76,76,71,4.6,5,Yes,Never,4,2.3,0,0,1,1,0
68,Male,160.8,73.8,28.54,137,83,122,89,5.8,3,No,Occasional,7,2.5,1,0,1,1,0
78,Male,156.4,61.3,25.06,142,87,110,100,7.2,1,No,Occasional,10,2.3,1,0,1,1,0
34,Male,187.0,95.7,27.37,117,83,109,86,6.5,2,No,Occasional,5,2.0,0,0,1,0,0
20,Female,176.7,65.7,21.04,107,70,88,71,6.8,2,No,Occasional,5,3.1,0,0,1,0,0
38,Female,169.5,74.1,25.79,127,65,114,93,7.8,3,No,Occasional,6,3.4,1,0,0,1,0
58,Female,162.1,82.3,31.32,116,74,129,84,6.5,4,No,Never,6,2.2,0,0,1,1,0
52,Male,162.9,83.8,31.58,136,70,99,70,7.1,6,No,Occasional,6,1.4,1,0,1,1,0
23,Male,181.4,103.1,31.33,129,70,93,76,5.3,6,No,Regular,5,2.0,0,0,1,1,0
53,Male,169.1,77.4,27.07,145,85,103,98,7.1,2,Yes,Occasional,5,2.3,1,0,1,0,0
28,Female,140.0,49.4,25.2,141,67,111,68,5.2,1,No,Never,3,0.8,1,0,1,0,0
49,Male,190.2,84.8,23.44,121,70,91,72,4.9,4,No,Occasional,7,3.1,0,0,1,0,0
54,Male,167.8,48.0,17.05,113,63,85,71,6.2,4,No,Occasional,3,1.8,0,0,1,0,0
58,Female,169.4,55.6,19.38,132,66,100,60,7.5,5,No,Occasional,4,1.7,0,0,0,0,0
43,Male,176.9,77.1,24.64,124,79,97,76,6.9,2,No,Never,3,2.0,1,0,1,1,0
43,Female,170.7,72.6,24.92,137,71,121,82,5.7,5,No,Occasional,5,1.9,1,0,1,1,0
60,Male,173.5,98.3,32.66,154,93,113,82,7.8,1,No,Never,5,2.2,1,1,1,1,0
65,Female,161.8,84.6,32.32,140,77,120,63,7.3,6,No,Occasional,3,2.7,1,0,1,1,0
68,Male,153.7,53.8,22.77,133,78,107,87,8.0,2,No,Occasional,5,3.0,1,0,1,0,0
39,Male,168.8,83.4,29.27,137,81,110,84,5.5,2,Yes,Regular,6,2.7,1,0,1,0,0
44,Male,180.3,75.4,23.19,122,75,62,67,8.7,1,No,Regular,2,1.6,1,0,1,0,0
38,Male,159.5,72.8,28.62,119,80,99,78,8.8,3,No,Regular,4,2.1,1,0,1,1,0
51,Female,158.7,74.3,29.5,149,84,91,99,7.5,1,No,Regular,9,2.3,1,1,1,1,0
26,Male,178.2,98.4,30.99,146,95,98,72,7.4,2,No,Never,4,2.4,1,1,1,1,0
45,Male,161.4,60.3,23.15,107,85,96,96,7.2,3,No,Occasional,7,2.5,1,0,1,0,0
29,Female,161.9,78.6,29.99,140,73,141,79,7.2,1,No,Occasional,4,2.3,1,0,1,1,0
51,Male,162.3,43.9,16.67,121,80,96,82,4.9,2,No,Regular,6,2.1,1,0,1,0,0
71,Female,165.4,88.6,32.39,151,91,98,72,6.0,7,No,Regular,4,2.8,1,0,1,1,0
80,Female,150.3,59.3,26.25,126,68,103,60,6.9,7,No,Never,1,2.1,1,0,1,1,0
46,Male,160.6,65.8,25.51,125,61,106,66,5.5,2,No,Never,4,2.8,0,0,1,0,0
21,Female,168.3,45.3,15.99,119,67,71,98,8.4,6,Yes,Regular,6,2.7,0,0,1,0,0
32,Male,168.2,65.9,23.29,124,74,91,73,7.2,5,Yes,Never,7,3.1,0,0,1,0,0
24,Male,177.6,99.3,31.48,137,61,100,92,8.8,2,No,Never,6,2.3,0,0,1,1,0
65,Male,184.4,81.4,23.94,123,77,103,89,7.8,5,No,Heavy,4,3.1,1,0,1,0,0
80,Female,181.1,97.7,29.79,148,87,124,75,4.8,3,No,Heavy,7,2.0,1,1,1,1,0
52,Female,175.1,79.2,25.83,132,72,109,80,8.4,4,No,Never,4,2.4,0,1,1,1,0
29,Female,164.5,81.7,30.19,133,89,119,85,6.2,1,No,Never,4,2.7,1,0,1,1,0
19,Female,159.8,65.8,25.77,123,69,104,81,8.6,2,No,Occasional,3,1.5,0,0,1,0,0
79,Male,166.2,60.4,21.87,132,76,103,71,8.7,2,No,Never,4,1.9,1,0,1,0,0
37,Female,171.9,75.6,25.58,123,74,95,74,8.4,3,No,Never,5,1.8,0,0,1,0,0
25,Female,174.2,99.2,32.69,141,70,123,88,8.0,2,No,Never,6,2.2,1,0,1,1,0
29,Female,172.2,81.5,27.48,137,68,86,60,7.5,1,No,Regular,2,1.9,0,0,1,1,0
34,Female,164.8,67.0,24.67,115,55,61,62,6.8,0,No,Occasional,4,2.3,0,0,1,0,0
59,Other,173.9,110.9,36.67,163,91,102,79,9.1,1,No,Never,4,2.1,1,0,1,1,0
74,Male,178.6,101.4,31.79,141,93,94,78,7.0,3,No,Occasional,6,2.0,0,1,1,1,0
35,Female,174.8,89.1,29.16,135,82,111,83,6.1,5,Yes,Never,6,2.3,0,0,1,1,0
61,Female,165.7,75.3,27.43,135,80,106,66,7.4,4,No,Regular,3,1.8,1,0,1,1,0
22,Female,157.7,70.7,28.43,120,75,115,89,8.1,1,No,Never,6,1.6,1,0,1,0,0
18,Male,157.4,70.6,28.5,119,85,107,87,8.1,2,No,Never,5,1.4,0,0,1,1,0
21,Female,159.2,40.6,16.02,85,63,89,82,5.2,4,No,Occasional,7,1.0,0,0,0,0,0
76,Male,168.6,80.1,28.18,151,90,131,65,8.1,2,No,Never,4,1.8,1,0,1,1,0
54,Female,171.2,73.1,24.94,134,87,116,94,7.4,4,Yes,Never,7,2.6,1,0,1,0,0
68,Female,151.9,54.6,23.66,135,70,119,66,6.1,3,No,Regular,7,2.1,1,0,1,0,0
19,Male,161.0,62.0,23.92,107,74,113,66,5.7,3,No,Regular,5,2.2,0,0,1,1,0
19,Female,168.4,49.3,17.38,113,58,109,91,8.1,5,No,Regular,10,1.9,0,0,1,0,0
71,Male,157.0,43.1,17.49,130,71,94,71,8.5,2,No,Occasional,6,3.5,1,0,1,0,0
24,Female,170.3,89.8,30.96,119,77,133,79,8.3,3,No,Never,9,2.3,0,0,1,0,0
27,Female,162.9,72.4,27.28,126,86,95,88,4.7,3,No,Heavy,10,1.8,1,0,1,0,0
50,Male,158.8,40.3,15.98,108,66,69,85,6.7,3,Yes,Occasional,2,1.5,0,0,0,0,0
56,Female,166.5,63.8,23.01,131,80,126,89,6.5,3,No,Occasional,8,3.3,1,0,1,0,0
32,Male,169.9,84.9,29.41,142,70,107,96,8.5,3,Yes,Occasional,6,1.3,1,0,1,0,0
46,Female,157.5,60.0,24.19,129,75,74,77,7.6,2,No,Occasional,6,1.7,0,0,0,0,0
60,Female,163.6,85.2,31.83,145,79,98,68,6.5,3,No,Occasional,4,1.7,1,0,1,0,0
45,Male,170.7,89.0,30.54,154,94,100,71,7.1,0,Yes,Regular,3,2.2,1,1,1,1,0
42,Female,158.4,47.5,18.93,105,63,65,75,7.8,3,No,Regular,3,2.4,0,0,0,0,0
22,Female,149.4,54.1,24.24,117,63,106,91,7.2,2,No,Regular,10,2.2,1,0,1,1,0
46,Female,150.6,53.0,23.37,107,72,83,102,8.7,3,No,Regular,6,2.0,1,0,1,0,0
68,Female,161.8,50.8,19.4,124,71,90,81,8.8,0,No,Occasional,2,1.3,0,0,1,0,0
57,Male,152.8,43.9,18.8,108,70,71,53,8.4,7,No,Never,3,3.4,1,0,1,0,0
74,Female,162.5,59.0,22.34,137,86,77,82,6.1,2,No,Occasional,1,2.4,0,0,1,1,0
25,Male,182.6,73.1,21.92,119,68,68,74,5.6,4,No,Occasional,8,2.6,0,1,1,0,0
18,Male,152.2,60.7,26.2,130,73,105,64,5.5,4,No,Never,5,1.8,1,0,1,0,0
52,Female,163.2,81.7,30.67,142,86,120,95,7.1,2,Yes,Occasional,6,2.0,1,1,1,1,0
29,Male,187.3,96.7,27.56,127,78,60,85,6.1,3,No,Occasional,5,3.0,0,0,1,0,0
55,Female,170.1,84.9,29.34,149,76,106,94,7.3,1,No,Occasional,7,0.8,1,0,1,1,0
74,Male,162.3,65.7,24.94,161,80,120,71,7.7,2,No,Occasional,4,2.7,1,0,1,0,0
39,Female,164.4,76.3,28.23,142,89,114,106,6.9,2,Yes,Regular,6,2.0,0,0,1,0,0
52,Female,170.3,72.4,24.96,131,73,135,89,7.8,2,No,Never,6,2.5,1,0,0,0,0
60,Male,183.0,79.6,23.77,128,74,92,64,6.1,4,No,Regular,3,3.3,1,0,1,0,0
27,Male,160.7,88.2,34.15,135,78,117,96,5.0,3,No,Never,4,1.9,1,0,1,1,0
74,Male,158.4,40.1,15.98,138,63,74,83,5.9,3,No,Occasional,5,0.7,0,1,1,0,0
30,Female,152.2,37.4,16.15,102,70,60,78,7.7,4,No,Regular,6,1.5,0,0,1,0,0
68,Female,167.0,77.8,27.9,139,81,123,81,8.8,1,No,Regular,8,2.2,1,1,1,0,0
59,Male,151.9,56.7,24.57,157,77,95,49,8.5,4,No,Never,6,3.3,1,0,1,0,0
26,Female,161.4,47.2,18.12,98,71,120,86,6.5,2,No,Regular,5,1.9,0,0,0,0,0
63,Male,156.9,51.4,20.88,135,80,85,73,7.9,4,No,Regular,6,3.2,0,0,1,0,0
30,Male,176.7,64.6,20.69,123,64,77,79,5.0,4,Yes,Never,5,0.7,0,0,0,0,0
55,Male,160.9,77.8,30.05,143,86,116,79,8.7,1,No,Occasional,5,1.9,1,0,1,1,0
78,Male,170.0,92.9,32.15,149,100,141,82,7.1,3,Yes,Regular,9,2.9,1,1,1,1,0
78,Female,150.0,76.9,34.18,190,90,143,90,7.7,1,Yes,Never,5,2.8,1,1,1,1,0
72,Female,167.3,51.9,18.54,132,82,70,73,4.3,2,No,Occasional,6,0.9,1,0,1,0,0
49,Female,154.0,45.2,19.06,114,74,107,63,7.4,2,No,Occasional,4,1.7,0,0,1,0,0
53,Female,161.7,49.2,18.82,111,78,90,85,8.8,2,No,Occasional,8,2.1,1,0,1,0,0
36,Male,188.1,111.3,31.46,118,88,68,75,7.3,2,Yes,Occasional,3,1.8,0,0,1,0,0
76,Male,175.3,86.9,28.28,151,77,114,60,6.6,3,No,Never,5,3.0,1,0,1,1,0
48,Female,164.7,70.4,25.95,122,71,88,70,6.3,3,No,Never,7,2.2,0,0,1,1,0
66,Female,198.0,106.3,27.11,134,88,125,77,6.0,2,No,Regular,3,1.3,1,0,1,1,0
40,Female,156.8,61.7,25.1,123,75,108,85,6.7,1,No,Occasional,7,2.5,1,0,1,1,0
64,Female,177.7,65.0,20.58,131,64,109,85,5.6,1,No,Occasional,1,2.5,1,0,1,0,0
32,Female,150.7,62.8,27.65,127,74,117,86,7.5,2,No,Occasional,3,1.5,1,0,1,1,0
64,Female,163.6,67.1,25.07,143,79,98,83,8.1,2,No,Never,5,1.6,0,1,1,1,0
20,Female,152.5,44.5,19.13,121,72,90,82,5.8,2,No,Never,10,1.7,0,0,1,0,0
24,Female,168.6,78.8,27.72,118,73,119,77,7.2,1,No,Occasional,6,3.1,0,0,1,1,0
40,Male,166.6,64.8,23.35,106,84,95,81,6.6,5,No,Never,6,2.1,0,0,1,0,0
48,Male,162.9,70.8,26.68,130,72,92,91,7.0,4,No,Never,8,0.8,1,0,1,0,0
62,Female,176.9,79.3,25.34,145,69,124,85,8.1,2,Yes,Occasional,3,1.4,0,1,1,1,0
40,Male,160.3,76.2,29.65,129,66,104,67,7.6,2,No,Regular,1,2.7,1,1,1,1,0
19,Female,169.3,74.3,25.92,99,67,83,84,7.5,5,No,Never,9,1.9,1,0,1,0,0
38,Female,174.2,64.0,21.09,117,74,116,76,7.3,5,No,Occasional,7,1.4,1,0,1,0,0
45,Male,151.2,61.8,27.03,120,77,68,58,7.9,6,Yes,Occasional,4,2.0,1,0,1,1,0
52,Male,158.5,68.8,27.39,139,85,95,81,7.2,3,Yes,Regular,5,2.8,1,1,1,1,1
58,Female,166.5,78.4,28.28,157,82,105,86,6.9,2,Yes,Never,8,3.6,1,1,1,1,0
33,Female,172.3,89.6,30.18,101,79,116,82,7.6,5,No,Regular,5,2.2,1,0,1,1,0
56,Male,180.2,74.1,22.82,140,64,90,67,6.6,5,No,Heavy,6,2.5,0,0,1,1,0
57,Female,163.8,77.8,29.0,132,85,106,78,6.9,3,No,Never,10,2.1,0,0,1,1,0
66,Male,162.8,47.0,17.73,130,76,101,82,5.8,4,No,Never,3,2.3,1,0,1,0,0
50,Male,157.3,62.0,25.06,136,70,111,70,4.4,4,No,Occasional,6,1.6,1,0,1,0,0
69,Male,169.3,71.0,24.77,133,92,101,70,7.0,1,No,Never,3,3.1,0,0,1,0,0
31,Female,163.0,85.3,32.11,142,69,121,92,5.4,1,No,Never,9,1.9,1,0,1,0,0
62,Female,163.3,67.1,25.16,124,82,85,83,9.1,5,No,Regular,6,1.5,1,1,1,1,0
20,Female,165.1,75.8,27.81,105,81,97,92,5.8,0,No,Occasional,4,1.7,0,0,0,0,0
24,Male,171.5,48.6,16.52,108,55,65,65,8.0,6,No,Occasional,2,2.6,0,0,1,0,0
72,Female,160.4,63.0,24.49,131,83,87,76,5.9,2,No,Occasional,5,1.7,1,1,1,1,0
47,Female,158.3,53.8,21.47,139,67,66,77,6.6,4,No,Occasional,6,3.2,0,0,1,0,0
57,Male,170.3,109.3,37.69,162,92,126,78,5.1,3,No,Occasional,8,2.6,1,0,1,1,0
56,Male,140.0,44.2,22.55,116,73,110,78,5.4,3,No,Regular,3,2.8,0,0,1,1,0
61,Male,160.0,67.2,26.25,139,79,113,72,7.3,2,No,Regular,3,1.9,1,0,1,1,0
33,Female,154.5,61.6,25.81,125,68,85,63,6.3,4,No,Occasional,4,1.8,0,0,1,0,0
29,Male,178.0,55.4,17.49,125,63,117,61,7.8,2,No,Regular,4,2.2,0,0,0,0,0
20,Male,161.6,58.4,22.36,100,60,62,69,8.4,7,No,Occasional,4,1.4,0,0,0,0,0
72,Female,160.4,72.3,28.1,134,84,115,77,4.9,5,No,Occasional,3,2.5,0,0,1,0,0
32,Female,165.5,70.1,25.59,134,90,89,78,8.0,3,Yes,Never,6,2.8,1,0,1,1,0
54,Female,160.0,41.0,16.02,111,83,94,60,5.6,6,No,Occasional,4,1.8,0,0,0,0,0
46,Female,162.0,59.8,22.79,103,77,86,86,6.3,7,No,Occasional,5,2.6,1,0,1,0,0
28,Male,167.0,83.6,29.98,141,79,106,80,4.9,0,No,Never,6,2.4,1,0,1,1,0
44,Female,161.8,74.1,28.3,154,89,120,89,5.2,0,Yes,Never,2,2.9,1,0,1,1,0
23,Male,161.7,80.5,30.79,127,79,103,90,4.1,4,No,Never,7,3.3,0,0,1,1,0
29,Male,155.9,49.5,20.37,110,73,99,101,6.1,1,Yes,Never,6,2.7,1,0,1,0,0
26,Female,154.5,74.4,31.17,128,92,107,80,6.7,2,No,Occasional,6,2.2,0,0,1,0,0
69,Male,166.6,71.9,25.9,124,85,63,61,6.2,6,No,Occasional,5,3.0,0,0,1,0,0
53,Male,169.1,95.3,33.33,140,79,152,62,4.5,2,No,Occasional,5,2.2,0,1,1,1,0
76,Female,151.7,60.5,26.29,154,95,122,84,4.3,0,Yes,Occasional,5,2.0,1,1,1,1,0
45,Male,173.6,48.2,15.99,118,72,74,93,6.6,4,No,Occasional,6,1.8,0,0,1,0,0
30,Male,173.6,88.0,29.2,142,71,125,78,7.8,0,No,Regular,3,2.3,1,0,1,1,0
56,Female,175.7,73.0,23.65,138,78,87,96,6.7,4,No,Occasional,9,2.9,1,0,1,1,0
76,Female,169.0,69.9,24.47,126,80,91,67,9.1,3,No,Occasional,4,1.5,1,0,1,0,0
51,Female,172.4,55.5,18.67,128,55,68,93,6.7,1,No,Occasional,5,1.4,0,0,1,0,0
19,Male,187.9,115.2,32.63,128,70,109,91,6.9,2,No,Never,8,1.4,0,1,1,1,0
37,Female,163.0,60.6,22.81,113,77,77,75,6.7,6,No,Occasional,5,2.9,1,0,1,0,0
76,Female,155.5,81.8,33.83,153,84,122,88,5.6,3,No,Regular,6,2.5,1,0,1,1,0
50,Male,150.7,53.5,23.56,123,77,70,65,6.8,3,No,Never,1,3.2,0,0,0,0,0
77,Male,183.6,73.6,21.83,144,88,90,78,8.1,0,No,Never,1,1.9,1,0,1,0,0
50,Male,183.7,107.8,31.94,152,72,123,76,7.8,2,Yes,Occasional,5,1.4,1,1,1,1,0
18,Female,156.8,60.2,24.49,106,84,114,77,7.1,1,No,Occasional,6,3.2,1,0,1,0,0
73,Male,158.7,65.2,25.89,128,83,114,76,8.4,2,No,Regular,8,1.7,1,1,1,1,0
66,Female,162.8,52.7,19.88,133,77,85,71,7.1,5,No,Occasional,7,2.6,0,0,1,0,0
63,Female,178.2,75.4,23.74,131,88,103,54,7.3,5,No,Never,2,1.3,0,0,1,0,0
79,Male,153.1,66.6,28.41,160,92,135,102,8.3,4,No,Occasional,8,2.3,1,1,1,1,0
30,Female,146.3,40.4,18.88,106,65,94,62,6.0,4,No,Occasional,3,2.1,0,0,1,0,0
75,Male,187.7,83.4,23.67,144,79,117,93,8.3,1,No,Occasional,7,1.3,1,0,1,1,0
32,Male,169.1,66.2,23.15,128,72,78,66,5.6,3,Yes,Occasional,4,3.4,0,0,1,1,0
79,Female,170.5,77.5,26.66,138,85,115,86,6.0,4,Yes,Never,10,1.6,1,1,1,0,0
30,Male,163.9,86.6,32.24,117,89,109,75,4.5,5,Yes,Regular,4,1.6,0,0,1,1,0
52,Female,170.7,70.6,24.23,136,81,63,92,7.0,2,No,Occasional,5,1.8,1,1,1,0,0
67,Female,150.9,51.8,22.75,139,81,104,85,8.3,1,No,Never,6,0.8,0,0,1,0,0
22,Male,157.6,94.7,38.13,151,81,147,69,5.5,2,No,Never,5,2.0,1,0,1,1,0
22,Male,167.1,63.8,22.85,139,79,78,79,6.5,1,Yes,Regular,3,1.8,0,0,0,0,0
71,Male,143.3,51.8,25.23,142,72,88,100,6.0,1,No,Occasional,10,2.8,0,0,1,0,0
21,Female,163.0,61.6,23.18,108,82,76,85,6.5,3,No,Never,4,2.4,1,0,1,0,0
56,Female,162.4,64.5,24.46,125,80,91,77,5.5,1,Yes,Occasional,4,1.4,1,1,1,0,0
77,Male,163.0,70.9,26.69,150,78,123,65,6.7,6,Yes,Regular,5,1.8,1,0,1,0,0
56,Female,160.5,77.8,30.2,120,91,154,75,8.6,2,No,Occasional,6,3.6,1,0,1,1,0
48,Female,156.0,67.0,27.53,121,86,107,83,6.2,2,No,Occasional,4,1.6,0,0,1,1,0
44,Female,147.8,66.9,30.63,138,80,98,64,6.8,4,No,Never,7,2.7,1,1,1,1,0
58,Male,167.4,86.4,30.83,141,96,97,83,6.9,3,Yes,Never,6,1.8,1,1,1,0,0
54,Male,163.0,71.0,26.72,134,87,123,69,6.2,1,No,Regular,5,1.5,1,1,1,0,0
49,Male,152.2,63.5,27.41,133,83,119,78,6.9,2,No,Never,7,1.8,1,0,1,1,0
27,Male,166.6,84.3,30.37,113,64,120,78,6.4,3,No,Never,3,3.2,0,0,1,1,0
59,Male,163.1,54.6,20.53,106,76,87,78,7.3,1,No,Never,4,1.2,0,0,1,0,0
64,Male,161.4,98.9,37.97,160,89,155,84,6.6,3,No,Never,5,2.6,1,0,1,1,0
62,Male,144.4,48.9,23.45,128,75,102,90,4.8,5,No,Occasional,7,3.0,0,0,1,0,0
22,Male,172.8,69.4,23.24,115,67,76,110,4.5,4,No,Regular,5,1.8,0,0,1,0,0
62,Male,153.7,47.5,20.11,132,84,62,91,4.0,3,Yes,Never,5,2.8,0,1,1,1,0
63,Female,166.6,56.3,20.28,120,63,79,74,6.5,4,No,Never,1,2.7,1,0,1,1,0
29,Female,157.9,74.2,29.76,128,85,96,71,7.8,2,No,Occasional,4,1.7,1,0,1,1,0
71,Male,162.1,97.3,37.03,149,88,111,80,6.0,3,No,Regular,2,1.6,0,0,1,1,0
51,Female,177.5,72.2,22.92,125,71,99,91,6.6,3,Yes,Regular,2,2.1,1,0,1,0,0
47,Male,171.3,79.9,27.23,121,76,94,73,5.8,3,No,Heavy,6,2.3,0,1,1,1,0
63,Female,177.3,84.9,27.01,168,86,101,83,5.3,2,No,Never,10,2.0,1,1,1,0,0
50,Female,169.3,87.2,30.42,148,92,100,75,9.4,2,No,Occasional,6,2.6,1,0,1,1,0
52,Female,170.0,105.0,36.33,159,90,101,65,5.6,5,No,Occasional,6,1.7,1,0,1,1,0
37,Female,148.2,71.6,32.6,144,87,101,74,5.1,4,No,Never,4,1.6,0,0,1,1,0
76,Female,162.8,66.6,25.13,128,76,91,56,5.7,7,No,Occasional,3,2.2,0,0,1,0,0
79,Female,163.8,77.5,28.89,148,85,117,85,6.4,4,No,Occasional,10,2.3,1,0,1,1,0
26,Male,178.2,89.0,28.03,132,93,108,87,6.1,0,Yes,Occasional,4,3.1,1,0,1,0,0
64,Male,160.9,67.0,25.88,124,75,121,70,7.4,5,No,Never,1,2.5,0,0,1,0,0
19,Female,168.6,55.7,19.59,118,64,97,76,5.7,2,No,Never,6,2.7,0,0,1,0,0
41,Male,168.3,61.1,21.57,111,68,67,63,6.0,2,No,Occasional,4,2.0,0,0,0,0,0
79,Female,177.6,100.5,31.86,142,90,138,92,5.7,3,No,Never,7,2.0,1,0,1,1,0
29,Female,164.7,84.4,31.11,120,72,128,69,6.3,3,No,Never,9,1.8,1,0,1,1,0
41,Male,174.3,74.1,24.39,122,77,110,82,7.5,2,No,Occasional,6,2.3,0,0,1,0,0
31,Male,149.0,58.6,26.4,121,77,95,95,7.6,1,No,Never,6,2.3,1,0,1,0,0
63,Female,149.9,71.2,31.69,138,89,140,81,8.3,4,No,Never,7,2.3,0,0,1,1,0
47,Male,143.2,35.6,17.36,126,63,72,101,4.7,5,Yes,Never,10,2.1,1,0,1,0,0
55,Female,173.9,71.4,23.61,119,64,117,89,5.0,5,No,Never,10,2.2,0,1,1,0,0
77,Female,172.7,107.3,35.98,159,85,141,61,5.6,6,No,Never,5,3.3,1,0,1,1,0
50,Male,175.0,82.9,27.07,124,79,115,95,6.5,2,No,Occasional,7,2.4,0,0,1,1,0
64,Female,159.2,52.1,20.56,120,70,72,80,5.0,3,No,Regular,9,2.6,0,1,1,0,0
24,Female,160.4,65.7,25.54,118,66,103,81,5.7,0,No,Never,7,2.5,0,0,1,1,0
31,Female,164.8,81.6,30.05,125,79,116,82,7.6,4,No,Occasional,5,2.1,0,0,1,1,0
77,Male,180.4,52.1,16.01,133,71,88,67,8.1,3,No,Never,4,2.5,0,0,1,0,0
72,Female,182.9,90.4,27.02,142,89,111,89,7.5,2,No,Never,6,2.2,1,0,1,0,0
59,Female,173.9,72.8,24.07,113,67,94,79,7.3,2,No,Regular,3,1.4,0,0,1,0,0
41,Male,169.3,50.2,17.51,120,69,76,96,5.7,3,No,Heavy,7,1.8,0,0,1,0,0
30,Female,179.4,82.1,25.51,125,85,94,91,6.5,5,No,Never,8,3.5,0,0,1,1,0
71,Female,163.4,68.1,25.51,132,79,125,75,8.2,2,No,Regular,4,3.0,1,0,1,1,0
67,Male,162.1,68.1,25.92,140,77,98,75,7.6,1,No,Never,4,2.0,1,1,1,1,0
33,Female,164.7,63.8,23.52,133,79,98,70,8.0,1,No,Regular,3,2.6,1,0,1,0,0
55,Female,156.2,50.9,20.86,118,84,60,79,7.8,2,No,Occasional,6,2.3,1,0,1,0,0
56,Female,164.2,50.7,18.8,138,72,80,74,6.3,3,Yes,Occasional,5,3.3,1,0,1,0,0
48,Male,154.8,53.3,22.24,136,70,105,73,7.7,0,No,Regular,2,2.1,0,0,1,1,0
76,Female,176.3,94.5,30.4,154,94,139,76,5.8,3,No,Occasional,10,2.3,1,1,1,1,0
25,Other,171.4,76.7,26.11,102,72,73,61,7.8,3,No,Heavy,1,1.7,0,0,1,0,0
34,Female,180.3,80.9,24.89,139,79,97,91,8.5,2,Yes,Occasional,2,2.1,0,1,1,0,0
23,Male,149.7,44.7,19.95,117,69,93,67,8.5,5,No,Heavy,7,0.7,0,0,1,0,0
61,Male,185.0,82.5,24.11,140,79,93,70,7.3,2,No,Regular,7,2.4,0,0,1,1,0
58,Female,150.3,66.3,29.35,132,85,80,65,7.3,6,No,Occasional,4,2.9,0,0,1,0,0
80,Male,154.0,68.3,28.8,157,94,94,88,8.5,3,No,Occasional,4,3.3,1,0,1,0,0
52,Male,159.8,59.7,23.38,120,70,75,72,5.5,2,No,Regular,6,2.5,1,0,1,0,0
27,Male,179.1,51.3,15.99,110,69,81,73,8.4,6,No,Occasional,6,2.0,0,0,0,0,0
46,Female,168.3,63.1,22.28,119,73,94,80,6.9,2,No,Never,4,1.7,0,0,1,0,0
23,Male,163.6,60.6,22.64,100,63,84,87,6.7,2,No,Never,7,1.9,0,0,1,0,0
60,Female,158.1,53.8,21.52,127,75,85,87,6.0,2,Yes,Never,7,1.2,0,1,1,0,0
60,Female,152.2,55.3,23.87,140,78,115,88,5.0,6,Yes,Never,8,2.0,1,0,1,0,0
72,Female,177.3,94.6,30.09,148,93,115,88,8.5,2,No,Never,5,1.4,1,0,1,1,0
39,Female,174.0,76.2,25.17,127,67,101,67,7.0,5,No,Occasional,7,1.8,1,0,1,0,0
37,Male,179.5,96.8,30.04,126,65,93,71,6.2,3,No,Occasional,5,2.1,1,0,1,1,0
22,Female,170.0,51.1,17.68,107,63,60,71,7.1,4,No,Never,6,2.4,0,0,1,0,0
44,Male,140.0,47.1,24.03,135,74,117,80,6.2,0,No,Never,6,1.1,1,0,1,0,0
47,Other,153.6,38.3,16.23,142,79,87,95,4.4,1,No,Never,7,2.0,0,0,1,0,0
65,Male,170.6,69.7,23.95,126,78,101,84,6.4,6,No,Occasional,6,2.6,0,0,0,1,0
65,Female,162.3,55.3,20.99,141,82,95,74,5.3,3,Yes,Occasional,1,3.1,0,0,1,1,0
26,Female,160.4,80.2,31.17,128,71,115,79,7.1,6,No,Regular,4,2.2,1,0,1,0,0
35,Male,155.0,65.4,27.22,123,65,114,94,8.7,5,No,Occasional,5,3.6,0,0,1,1,0
50,Female,175.5,93.9,30.49,126,91,97,70,5.8,2,No,Occasional,6,2.7,1,0,1,0,0
39,Male,170.6,67.8,23.3,133,68,87,72,7.5,6,No,Never,7,2.2,1,0,1,0,0
19,Male,171.0,58.4,19.97,112,73,67,79,5.7,3,No,Occasional,7,3.0,0,0,0,1,0
71,Male,159.7,53.8,21.09,127,75,102,82,6.8,1,No,Occasional,4,1.9,1,0,1,0,0
64,Male,167.8,76.7,27.24,129,86,103,85,5.4,4,No,Heavy,7,1.5,1,1,1,1,0
50,Female,152.6,79.9,34.31,150,89,113,71,7.6,3,Yes,Occasional,4,2.8,1,0,1,1,0
38,Female,164.7,74.1,27.32,122,80,103,86,8.1,2,No,Regular,8,2.5,0,0,0,0,0
71,Male,140.7,48.2,24.35,133,84,103,91,6.7,3,No,Regular,8,2.9,0,1,1,0,0
20,Female,150.3,54.1,23.95,115,72,127,72,7.4,3,Yes,Regular,5,2.9,0,0,1,0,0
46,Female,162.8,67.3,25.39,127,64,70,78,7.4,2,No,Occasional,4,3.5,0,0,1,0,0
68,Female,189.8,129.0,35.81,165,95,125,76,6.5,2,Yes,Never,4,1.3,1,1,1,1,0
78,Male,148.0,70.6,32.23,148,96,101,63,8.5,1,No,Occasional,3,2.0,1,0,1,1,0
33,Female,153.6,62.4,26.45,120,74,99,84,6.2,2,No,Regular,3,2.0,0,0,0,0,0
59,Male,168.2,74.6,26.37,129,74,78,77,4.7,7,No,Heavy,5,3.0,0,0,1,0,0
29,Female,183.7,89.6,26.55,117,77,92,70,5.6,5,Yes,Regular,4,2.4,1,0,1,0,0
25,Female,168.0,77.3,27.39,112,79,83,80,7.7,3,No,Occasional,2,3.0,0,0,1,1,0
40,Female,173.0,70.0,23.39,118,72,111,97,6.3,1,No,Regular,4,2.4,1,1,0,1,0
73,Male,162.6,58.6,22.16,141,71,83,84,6.7,0,No,Occasional,6,2.2,1,1,1,0,0
61,Male,160.9,79.9,30.86,167,90,97,73,6.4,1,Yes,Occasional,5,2.6,1,1,1,0,0
48,Female,166.8,71.4,25.66,113,78,81,71,7.1,3,No,Occasional,3,2.4,0,0,0,0,0
35,Male,159.4,75.7,29.79,125,76,105,51,8.4,4,No,Never,1,2.5,0,0,1,1,0
26,Male,173.2,98.8,32.94,133,78,119,85,8.4,1,No,Occasional,8,2.6,1,0,1,1,0
35,Female,149.9,62.4,27.77,131,82,97,79,5.5,3,Yes,Never,5,2.5,0,0,1,0,0
27,Female,174.9,81.9,26.77,118,73,109,88,7.8,2,No,Occasional,6,2.8,0,0,0,0,0
29,Male,166.4,112.0,40.45,156,83,95,75,6.9,2,No,Occasional,6,2.2,1,0,1,1,0
61,Male,163.9,72.2,26.88,120,83,105,94,5.1,2,Yes,Never,6,2.3,1,1,1,1,0
26,Female,149.6,44.3,19.79,101,71,84,74,7.2,2,No,Occasional,6,1.5,0,0,0,0,0
20,Male,156.2,57.4,23.53,125,72,92,78,8.9,3,No,Never,6,2.8,0,0,1,0,0
52,Male,178.0,104.9,33.11,156,82,122,70,5.6,2,No,Never,7,3.3,1,0,1,1,0
36,Male,163.9,51.2,19.06,136,73,92,74,6.3,1,No,Never,7,1.0,0,0,1,0,0
46,Male,168.8,62.4,21.9,129,78,104,92,4.5,2,No,Never,8,2.6,0,1,1,0,0
26,Other,157.2,75.0,30.35,130,80,132,85,6.7,2,No,Regular,3,2.1,1,0,1,0,0
31,Male,165.7,65.5,23.86,96,74,99,70,6.8,6,No,Occasional,6,2.1,0,0,0,0,0
45,Male,152.3,57.9,24.96,132,88,75,84,9.4,1,Yes,Occasional,2,2.6,0,1,1,0,0
61,Female,167.0,86.6,31.05,150,90,131,87,5.6,0,No,Occasional,4,2.2,1,0,1,0,0
44,Male,169.7,63.5,22.05,113,85,86,65,7.9,5,No,Occasional,5,2.5,1,0,1,0,0
52,Male,169.2,53.3,18.62,127,84,80,90,6.9,3,Yes,Regular,7,2.0,0,1,1,0,0
50,Other,157.0,46.7,18.95,135,81,69,82,9.5,0,No,Occasional,5,3.2,0,0,1,0,0
34,Female,162.6,74.1,28.03,151,73,101,91,6.8,2,Yes,Never,7,2.0,0,0,1,0,0
35,Male,171.4,77.8,26.48,125,79,100,75,6.6,4,No,Regular,5,1.7,0,0,1,1,0
44,Male,163.9,59.5,22.15,121,79,103,58,7.8,2,No,Occasional,4,2.4,1,0,1,0,0
20,Male,163.1,51.4,19.32,109,63,60,73,7.4,6,No,Regular,4,1.7,1,0,1,0,0
61,Male,185.0,84.2,24.6,139,70,99,86,7.7,2,Yes,Regular,7,2.4,1,1,0,1,0
56,Female,156.5,76.3,31.15,149,65,105,73,7.5,3,No,Occasional,4,3.3,1,0,1,1,0
37,Female,176.8,66.5,21.27,108,68,76,57,5.2,2,No,Regular,1,2.2,1,0,1,1,0
41,Female,154.5,53.0,22.2,130,70,71,90,7.2,3,No,Never,7,1.3,0,0,1,0,0
38,Female,172.5,58.4,19.63,122,64,69,82,7.5,1,Yes,Occasional,3,1.9,0,0,1,0,0
59,Male,173.1,72.2,24.1,129,83,94,64,5.7,5,Yes,Occasional,6,2.7,0,1,0,0,0
65,Female,160.9,71.5,27.62,137,70,113,83,7.2,5,No,Regular,3,2.3,0,0,1,1,0
24,Female,153.8,83.1,35.13,130,69,111,83,4.4,2,No,Occasional,5,2.7,1,0,1,1,0
44,Male,146.3,56.8,26.54,133,89,78,78,7.3,3,No,Never,1,1.8,0,0,1,0,0
18,Female,159.8,62.7,24.55,101,72,83,72,7.6,5,No,Never,5,1.9,1,0,0,0,0
46,Male,171.3,87.1,29.68,140,79,87,79,8.1,3,Yes,Occasional,3,2.6,1,0,1,1,0
33,Female,155.2,68.7,28.52,119,67,114,86,7.7,1,No,Occasional,3,3.2,1,0,1,1,0
39,Female,167.0,63.0,22.59,132,67,115,84,5.4,4,No,Occasional,7,1.9,1,0,1,0,0
46,Male,151.2,83.6,36.57,152,81,125,78,4.9,2,No,Occasional,5,2.2,0,0,1,1,0
38,Female,163.7,67.6,25.23,120,69,104,69,7.9,5,No,Occasional,5,2.9,0,0,1,0,0
42,Male,154.5,63.4,26.56,123,72,86,50,7.3,5,No,Never,4,2.3,1,0,0,0,0
66,Female,165.2,78.2,28.65,160,76,119,91,7.2,2,No,Never,7,2.6,1,0,1,1,0
69,Male,161.0,72.0,27.78,152,79,107,88,8.9,4,Yes,Regular,4,1.7,1,0,1,1,0
18,Male,154.1,76.3,32.13,120,66,123,91,4.4,4,No,Occasional,9,2.2,1,0,1,0,0
41,Male,159.4,57.3,22.55,132,60,84,92,8.7,4,No,Occasional,8,1.8,0,0,1,1,0
71,Female,156.7,73.4,29.89,144,77,120,78,5.8,1,No,Occasional,8,1.1,1,0,1,0,0
51,Male,152.9,61.8,26.43,135,75,89,80,7.6,2,No,Never,7,1.6,1,0,1,0,0
30,Female,176.8,93.3,29.85,106,75,113,73,6.8,2,No,Never,4,2.5,0,0,0,1,0
55,Male,162.4,65.2,24.72,142,83,95,64,6.3,0,No,Regular,5,2.6,0,0,1,0,0
27,Male,144.0,48.5,23.39,109,74,84,72,4.8,3,No,Never,5,2.7,0,0,1,0,0
19,Male,159.8,72.4,28.35,119,78,85,82,5.7,4,No,Never,7,2.5,0,0,1,1,0
57,Male,175.1,84.4,27.53,122,78,105,88,7.3,2,No,Occasional,5,2.1,1,0,1,1,0
50,Female,158.4,54.4,21.68,125,78,102,82,7.1,3,No,Regular,5,1.0,0,0,1,0,0
65,Male,181.0,106.3,32.45,153,74,132,82,7.6,1,No,Occasional,9,1.5,1,0,1,1,0
39,Female,157.4,71.5,28.86,119,83,126,89,5.8,1,No,Occasional,5,2.9,1,0,1,1,0
71,Female,171.0,75.4,25.79,144,84,95,83,7.7,3,Yes,Regular,4,1.7,1,0,1,0,0
44,Female,176.4,72.3,23.23,120,81,94,62,6.9,2,No,Regular,4,2.2,1,0,1,1,0
64,Female,170.5,80.6,27.73,152,63,128,84,7.3,4,No,Occasional,8,2.2,1,1,1,0,0
24,Female,152.3,65.3,28.15,127,88,90,96,7.3,0,Yes,Never,6,1.3,1,0,0,0,0
24,Female,156.6,42.5,17.33,113,56,96,86,6.0,2,No,Occasional,6,2.4,0,0,1,0,0
67,Female,177.7,88.0,27.87,124,89,132,68,6.9,4,No,Regular,6,3.2,1,0,1,1,0
70,Female,158.0,73.0,29.24,138,74,90,61,7.6,4,No,Occasional,1,2.2,0,0,1,0,0
77,Female,175.8,49.4,15.98,127,76,122,93,7.8,3,No,Heavy,3,2.0,1,0,1,0,0
38,Male,161.7,68.7,26.27,132,76,97,72,8.6,1,No,Occasional,5,1.4,0,1,1,0,0
19,Female,167.4,79.0,28.19,117,79,70,78,5.8,5,No,Never,6,2.0,0,0,1,0,0
79,Male,152.1,67.4,29.13,160,84,95,50,5.4,4,No,Occasional,3,2.6,1,0,1,0,0
55,Female,159.9,75.7,29.61,139,96,107,92,8.5,2,Yes,Regular,3,2.2,1,0,1,1,0
33,Female,157.2,58.4,23.63,125,68,87,86,5.1,2,No,Never,5,1.9,1,0,1,1,0
66,Female,168.3,59.6,21.04,132,72,90,102,7.8,1,No,Occasional,8,2.9,0,1,1,0,0
74,Female,166.9,49.0,17.59,120,71,65,65,5.9,4,Yes,Occasional,1,2.0,0,0,1,0,0
35,Female,170.6,88.7,30.48,111,79,77,79,6.2,5,No,Occasional,1,1.9,0,0,1,0,0
66,Female,161.1,76.3,29.4,138,91,144,77,6.3,2,No,Occasional,9,2.3,1,1,1,1,0
67,Male,156.7,77.7,31.64,149,75,121,87,5.1,2,No,Occasional,2,3.0,1,1,1,1,0
49,Male,167.8,62.3,22.13,135,67,106,54,5.6,3,No,Regular,4,2.1,0,0,1,1,0
57,Male,155.7,71.9,29.66,145,84,97,86,4.8,0,No,Never,2,1.6,1,0,1,1,0
34,Male,176.8,56.3,18.01,110,78,77,81,7.5,1,No,Occasional,5,2.6,0,0,0,0,0
76,Female,164.9,60.1,22.1,131,75,88,87,6.7,1,No,Never,5,2.0,1,1,1,0,0
79,Female,162.7,71.4,26.97,148,75,107,89,6.4,4,No,Never,9,2.6,1,1,1,1,0
79,Female,170.6,86.0,29.55,141,95,138,88,6.5,1,No,Never,7,0.9,1,1,1,1,0
64,Male,165.2,92.9,34.04,164,79,116,103,6.9,0,Yes,Never,2,2.2,1,0,1,1,0
20,Female,149.4,52.9,23.7,114,72,83,88,6.4,2,No,Occasional,1,2.0,0,0,0,0,0
41,Male,155.4,51.3,21.24,113,59,83,88,7.8,1,No,Never,6,1.6,1,0,1,0,0
46,Female,176.6,65.9,21.13,140,74,99,82,4.6,4,Yes,Never,4,1.4,0,1,1,1,0
78,Other,166.8,64.1,23.04,126,78,96,92,5.0,1,No,Regular,4,2.0,1,1,1,1,0
52,Male,149.2,80.9,36.34,155,85,144,101,8.2,4,Yes,Occasional,8,1.5,1,1,1,1,0
51,Male,169.5,84.1,29.27,147,92,100,78,7.4,2,Yes,Heavy,1,0.7,0,1,1,1,0
27,Male,160.4,78.2,30.39,135,77,143,79,4.2,1,No,Regular,4,1.4,0,0,1,1,0
68,Male,157.3,61.7,24.94,137,83,123,77,6.9,4,Yes,Occasional,7,1.4,1,0,1,0,0
39,Male,154.6,60.6,25.35,116,71,93,76,4.9,4,No,Occasional,3,2.2,0,0,1,1,0
23,Male,176.0,87.7,28.31,121,74,102,90,8.1,4,Yes,Regular,8,1.4,0,0,1,1,0
80,Male,146.3,51.3,23.97,137,92,122,82,8.0,4,No,Occasional,3,2.2,1,0,1,0,0
29,Male,157.6,58.9,23.71,122,67,93,92,9.3,5,No,Occasional,5,1.6,0,0,0,0,0
19,Male,167.2,60.4,21.61,92,82,95,90,6.4,1,No,Never,4,2.7,0,0,1,0,0
22,Female,181.8,75.3,22.78,114,61,114,80,5.5,3,No,Never,1,2.4,1,0,1,1,0
46,Male,171.5,75.8,25.77,123,77,103,75,6.1,2,No,Regular,4,2.0,0,0,1,1,0
24,Female,157.5,52.2,21.04,109,65,60,76,5.9,5,No,Never,7,2.3,0,0,1,0,0
71,Male,181.3,90.5,27.53,132,78,108,83,7.3,5,Yes,Never,3,2.6,1,0,1,0,0
50,Male,152.4,62.7,27.0,119,74,116,78,4.5,6,No,Occasional,4,2.2,0,0,1,1,0
38,Male,168.7,69.6,24.46,142,86,100,84,6.8,2,No,Regular,4,2.3,1,0,1,1,0
18,Female,170.9,60.9,20.85,114,82,67,77,5.4,2,Yes,Regular,6,0.8,0,0,1,0,0
48,Male,157.2,64.4,26.06,135,81,100,74,6.1,3,Yes,Occasional,5,1.9,0,1,1,1,0
27,Female,173.0,67.7,22.62,105,61,110,73,8.4,3,No,Never,5,1.7,0,0,1,0,0
79,Male,160.9,68.8,26.58,177,90,91,91,8.0,2,Yes,Occasional,5,2.9,0,1,1,0,0
36,Other,173.0,91.4,30.54,134,74,80,76,7.7,3,No,Never,4,1.9,0,0,1,1,0
47,Male,147.6,42.6,19.55,123,67,80,99,7.2,3,No,Never,9,1.8,0,1,1,0,0
19,Male,169.3,101.1,35.27,134,81,124,62,6.5,5,No,Regular,3,2.6,1,0,1,1,0
26,Female,161.9,64.7,24.68,126,66,67,75,6.5,1,No,Regular,7,1.2,1,0,1,0,0
31,Male,177.5,85.5,27.14,122,76,101,79,4.5,5,No,Never,8,2.1,1,0,1,0,0
21,Male,165.6,58.4,21.3,109,71,91,73,5.2,3,No,Occasional,5,0.9,0,0,1,0,0
63,Female,178.5,100.2,31.45,126,88,115,69,6.9,4,No,Heavy,5,1.7,1,1,1,1,0
77,Male,171.1,75.2,25.69,138,73,88,80,5.2,3,No,Occasional,6,1.9,1,0,1,1,0
80,Male,164.7,66.4,24.48,135,93,109,78,7.6,2,No,Never,4,3.1,1,0,1,0,0
34,Male,173.9,67.9,22.45,117,72,70,60,7.0,2,No,Never,1,2.1,0,0,1,0,0
67,Male,173.9,74.9,24.77,135,81,109,75,6.3,1,No,Occasional,5,1.6,1,0,1,0,0
49,Female,170.7,80.4,27.59,151,76,98,98,5.6,2,Yes,Occasional,9,2.1,1,0,1,1,0
20,Female,143.1,52.6,25.69,115,64,96,75,7.1,6,No,Occasional,7,3.1,0,0,1,0,0
23,Female,156.2,60.4,24.76,108,69,91,70,7.5,3,No,Never,5,0.9,0,0,0,0,0
52,Male,179.8,72.0,22.27,137,73,73,74,5.4,6,No,Occasional,7,2.7,1,0,1,0,0
44,Female,153.4,51.3,21.8,114,73,96,64,6.0,5,No,Never,5,2.4,0,0,1,0,0
18,Female,174.8,69.1,22.61,116,66,83,94,6.5,3,No,Never,5,2.1,0,0,0,0,0
76,Male,173.1,85.3,28.47,127,92,115,81,7.2,5,No,Never,4,2.0,1,1,1,1,0
64,Female,158.7,73.4,29.14,151,82,119,104,7.0,1,No,Occasional,6,3.1,1,1,1,1,0
49,Female,146.0,62.7,29.41,115,79,121,75,6.7,4,No,Occasional,4,2.7,1,0,1,1,0
80,Female,160.3,67.8,26.39,173,97,124,83,7.6,0,Yes,Never,5,1.5,1,1,1,0,0
79,Male,186.8,98.4,28.2,154,81,123,74,6.4,3,No,Regular,7,2.2,0,1,1,1,0
79,Male,157.4,63.3,25.55,139,72,80,82,5.0,3,No,Never,5,3.0,1,0,1,0,0
34,Female,158.1,42.1,16.84,117,65,74,77,8.2,3,No,Occasional,7,2.5,1,0,1,0,0
73,Female,156.0,61.2,25.15,129,89,71,74,7.8,2,No,Regular,7,2.4,0,0,0,0,0
49,Male,178.1,75.5,23.8,128,78,79,93,5.0,0,No,Never,5,1.4,0,0,1,1,0
63,Male,163.6,56.1,20.96,136,81,112,79,6.9,2,No,Never,5,3.7,1,1,1,0,0
72,Female,159.7,59.8,23.45,137,68,90,74,8.6,3,No,Never,2,2.7,1,0,1,0,0
28,Male,180.1,83.4,25.71,115,59,105,73,6.5,5,No,Regular,3,3.4,1,0,1,0,0
46,Male,171.8,59.3,20.09,119,74,71,80,7.5,7,No,Occasional,7,2.4,0,0,1,0,0
26,Female,156.8,53.1,21.6,127,74,86,67,7.9,2,No,Never,7,2.2,0,0,1,0,0
35,Male,153.8,77.3,32.68,138,72,109,63,7.2,3,No,Never,3,1.8,0,0,0,1,0
44,Male,177.6,56.1,17.79,104,66,105,101,9.3,3,Yes,Never,6,2.8,0,0,1,0,0
71,Male,166.2,69.8,25.27,137,79,119,78,7.4,4,No,Occasional,6,3.2,1,0,1,0,0
72,Female,150.5,46.6,20.57,141,82,91,91,6.7,2,Yes,Occasional,7,2.9,1,1,1,0,1
42,Male,148.2,47.9,21.81,111,66,86,93,6.1,4,No,Occasional,10,3.7,1,0,1,0,0
38,Female,154.8,58.4,24.37,118,77,95,80,6.5,5,Yes,Never,7,2.3,1,0,1,0,0
51,Other,153.6,49.3,20.9,142,66,123,70,6.1,4,Yes,Regular,4,1.8,0,0,1,0,0
75,Female,145.5,61.4,29.0,138,80,115,68,5.1,4,No,Regular,7,2.4,1,1,1,0,0
79,Female,155.0,78.9,32.84,148,79,111,67,5.7,1,No,Occasional,3,2.7,1,0,1,1,0
32,Female,156.8,71.8,29.2,125,79,98,82,6.1,2,No,Occasional,10,2.0,1,0,1,1,0
29,Male,161.4,78.2,30.02,128,71,98,67,7.9,3,No,Regular,3,2.2,0,0,1,1,0
62,Female,182.9,64.6,19.31,128,84,95,68,7.0,3,No,Occasional,6,2.3,1,1,1,0,0
36,Female,163.3,64.3,24.11,144,78,83,90,6.9,0,No,Never,5,2.5,1,0,1,0,0
30,Female,164.3,73.9,27.38,121,67,108,91,9.4,5,Yes,Occasional,4,2.3,0,0,1,0,0
19,Male,171.1,85.0,29.03,133,84,88,74,8.9,2,Yes,Never,4,2.3,0,0,1,1,0
43,Male,163.6,90.6,33.85,125,84,141,70,5.3,1,No,Never,8,2.6,1,1,1,1,0
42,Female,170.0,88.3,30.55,124,87,109,83,7.4,6,Yes,Regular,7,2.7,1,0,1,0,0
53,Male,168.8,85.5,30.01,146,69,100,87,5.2,6,No,Regular,5,1.9,0,0,1,1,0
30,Female,167.2,105.6,37.77,154,89,82,73,6.7,3,No,Occasional,9,1.0,0,0,1,1,0
63,Male,193.7,99.1,26.41,143,96,102,68,5.0,1,No,Regular,5,1.5,1,0,1,1,0
60,Female,175.1,75.1,24.49,152,87,103,65,5.8,3,Yes,Regular,7,2.5,0,1,1,1,0
47,Female,155.2,63.6,26.4,113,70,96,73,7.7,4,No,Occasional,2,1.7,0,0,1,0,0
29,Male,169.7,59.6,20.7,124,74,87,62,6.4,4,No,Regular,2,2.4,0,0,1,0,0
49,Male,158.1,64.8,25.92,122,74,98,91,5.2,2,No,Regular,7,2.2,0,1,1,1,0
60,Female,170.5,51.1,17.58,124,75,94,85,5.8,4,No,Never,6,2.2,0,0,1,0,0
41,Male,152.2,53.0,22.88,153,91,82,99,5.1,4,No,Regular,10,2.5,0,0,1,0,0
34,Male,154.9,59.2,24.67,119,73,109,92,7.3,2,Yes,Heavy,4,3.0,1,0,1,0,0
49,Female,169.4,86.5,30.14,161,91,130,75,8.0,1,Yes,Never,7,2.2,1,1,1,1,0
40,Male,176.0,95.1,30.7,145,95,116,78,6.5,1,No,Occasional,5,1.5,1,0,1,1,0
43,Female,171.0,60.9,20.83,125,85,105,99,7.8,1,Yes,Never,7,2.4,1,0,0,0,0
39,Male,174.5,107.5,35.3,156,85,109,64,5.8,7,No,Occasional,7,2.7,0,0,1,1,0
37,Male,169.7,74.9,26.01,120,64,93,78,6.6,4,Yes,Occasional,5,0.7,0,1,1,1,0
63,Female,167.7,76.2,27.09,136,74,104,78,9.0,2,No,Never,4,1.7,1,0,1,1,0
46,Male,161.0,46.0,17.75,119,74,99,75,6.5,5,No,Occasional,5,2.2,0,0,1,0,0
47,Male,174.1,68.4,22.57,118,70,92,75,8.2,4,No,Occasional,3,1.9,0,0,1,1,0
59,Female,176.2,95.9,30.89,180,84,103,78,5.7,3,Yes,Never,6,2.3,1,1,1,1,1
40,Female,165.4,71.6,26.17,108,81,93,62,7.0,3,No,Occasional,1,1.8,1,0,1,0,0
24,Female,164.8,69.2,25.48,133,76,84,80,5.7,3,No,Regular,4,2.8,0,0,1,1,0
71,Female,181.9,90.1,27.23,122,79,117,82,6.6,1,No,Never,7,2.2,1,1,1,1,0
21,Male,165.8,49.4,17.97,85,72,76,100,6.8,3,No,Occasional,7,1.0,1,0,1,0,0
54,Male,166.8,70.3,25.27,126,68,75,61,7.9,4,No,Never,2,2.7,0,0,1,1,0
34,Female,170.8,93.3,31.98,141,69,95,81,5.8,3,No,Never,7,2.7,0,0,1,1,0
31,Female,165.0,82.7,30.38,139,77,95,61,6.7,4,No,Occasional,3,2.2,0,0,1,1,0
20,Female,157.8,60.4,24.26,132,63,111,82,8.3,1,No,Never,4,1.0,0,0,1,0,0
74,Male,169.8,97.3,33.75,157,81,100,81,5.0,2,No,Occasional,7,2.8,1,0,1,1,0
45,Male,165.6,53.4,19.47,115,59,83,73,4.0,7,No,Never,3,1.5,0,0,1,0,0
39,Male,184.4,70.3,20.67,125,75,117,79,5.6,1,No,Regular,8,2.0,0,0,1,1,0
64,Female,173.9,105.6,34.92,172,97,140,68,7.4,3,Yes,Never,6,1.8,1,1,1,1,0
20,Female,160.0,70.8,27.66,109,72,99,92,6.7,2,No,Regular,6,1.3,0,0,0,1,0
53,Male,173.3,73.0,24.31,129,72,104,95,5.3,0,No,Occasional,8,2.2,0,1,1,0,0
49,Male,169.1,72.4,25.32,146,74,112,95,6.6,3,Yes,Never,7,2.3,1,1,1,1,0
52,Male,179.1,69.9,21.79,131,61,112,84,6.1,7,No,Never,7,2.3,1,0,1,0,0
25,Male,160.8,68.1,26.34,134,79,108,79,4.8,1,No,Occasional,4,2.1,0,0,1,1,0
78,Female,167.9,76.9,27.28,143,77,116,82,6.4,1,No,Regular,3,1.7,1,0,1,1,0
33,Female,165.0,68.9,25.31,113,73,111,67,7.6,5,No,Occasional,5,3.2,1,0,1,1,0
60,Male,166.6,56.4,20.32,132,61,95,74,6.3,4,No,Occasional,6,2.3,1,0,0,0,0
65,Female,157.1,67.3,27.27,125,89,108,83,5.0,2,No,Regular,2,1.6,1,1,1,1,0
39,Female,171.8,67.3,22.8,150,80,108,109,8.7,0,Yes,Never,7,2.5,1,1,1,0,0
26,Male,170.2,58.8,20.3,107,58,75,82,5.4,3,No,Occasional,6,2.4,0,0,1,0,0
36,Male,178.9,100.4,31.37,129,74,154,48,7.2,3,No,Never,5,2.6,1,0,1,0,0
68,Female,165.9,100.4,36.48,159,89,130,79,7.7,4,No,Regular,5,2.2,1,1,1,1,0
75,Male,161.9,93.2,35.56,148,84,128,92,7.2,2,No,Regular,5,1.8,1,1,1,1,0
77,Female,173.9,89.0,29.43,142,92,130,82,6.3,3,Yes,Never,6,1.3,1,1,1,1,0
32,Female,158.1,59.7,23.88,131,81,110,71,4.3,4,No,Never,7,1.9,0,0,1,0,0
56,Male,176.8,79.5,25.43,129,88,101,98,7.8,1,No,Occasional,10,1.1,1,0,1,0,0
27,Male,176.8,84.4,27.0,133,79,74,83,5.2,2,Yes,Occasional,6,2.4,0,0,1,1,0
62,Female,178.6,76.3,23.92,133,88,98,75,8.0,1,No,Occasional,4,1.2,1,1,1,0,0
44,Male,169.8,91.7,31.8,120,84,113,61,8.4,2,Yes,Occasional,1,2.0,1,0,1,1,0
62,Female,161.1,41.9,16.14,109,70,73,60,5.4,1,No,Never,2,2.7,0,1,0,0,0
61,Female,167.1,68.4,24.5,133,76,99,82,5.2,4,No,Occasional,4,2.0,1,0,1,0,0
80,Female,169.8,87.1,30.21,164,88,121,72,6.0,2,No,Never,7,2.2,1,1,1,1,0
48,Female,160.4,55.4,21.53,116,77,69,94,7.9,1,No,Occasional,4,2.5,0,0,1,0,0
39,Female,179.3,77.8,24.2,114,68,106,97,5.9,3,No,Never,6,2.5,1,0,1,0,0
51,Female,171.8,84.1,28.49,137,86,118,65,6.9,4,No,Never,4,2.9,1,0,1,0,0
28,Male,157.1,79.9,32.37,140,88,115,75,6.0,2,No,Regular,6,2.6,1,0,1,0,0
25,Male,184.8,64.2,18.8,118,84,86,86,7.5,4,No,Occasional,7,2.4,0,0,1,0,0
50,Male,167.0,53.2,19.08,124,61,81,93,6.0,0,No,Occasional,4,0.9,1,0,1,0,0
70,Male,155.1,51.9,21.57,125,77,96,80,5.7,4,No,Regular,6,2.4,0,0,1,0,0
51,Male,157.7,45.4,18.26,128,66,90,71,5.5,6,Yes,Occasional,4,3.3,0,0,0,0,0
67,Male,180.9,62.2,19.01,124,78,70,72,5.5,2,No,Regular,3,2.6,0,0,1,0,0
29,Male,184.2,69.3,20.42,122,79,73,84,7.9,2,No,Regular,7,2.8,1,0,1,0,0
46,Male,176.1,97.5,31.44,140,86,93,81,6.2,2,Yes,Occasional,6,1.8,0,0,1,1,0
56,Male,179.2,78.0,24.29,127,74,124,90,5.4,5,No,Never,7,2.2,1,1,1,0,0
39,Female,178.2,81.0,25.51,140,77,97,81,4.5,2,Yes,Never,7,2.6,0,0,1,1,0
18,Female,171.6,59.6,20.24,95,70,104,88,6.4,2,Yes,Occasional,5,2.5,1,0,0,0,0
22,Female,169.3,80.2,27.98,134,76,97,84,5.7,3,No,Never,5,2.7,0,0,1,0,0
76,Female,171.4,103.6,35.26,154,92,155,78,5.4,3,No,Never,5,1.5,1,1,1,0,0
56,Female,173.4,64.7,21.52,106,90,115,84,5.7,2,Yes,Never,6,1.7,1,0,1,0,0
34,Female,158.6,84.3,33.51,140,81,107,81,6.9,0,No,Never,5,1.4,1,0,1,1,0
34,Male,173.3,81.0,26.97,121,82,102,72,5.2,3,No,Occasional,6,2.4,0,0,0,0,0
20,Female,180.6,81.4,24.96,105,65,76,84,6.4,2,No,Never,4,2.1,0,0,1,0,0
77,Male,163.9,75.8,28.22,161,74,121,73,8.0,3,No,Never,3,2.1,1,0,1,0,0
24,Female,162.9,71.2,26.83,123,77,107,69,6.2,5,No,Occasional,3,1.8,0,0,0,1,0
65,Female,170.8,101.9,34.93,150,91,156,71,5.3,2,No,Regular,6,1.7,1,0,1,1,0
33,Male,159.5,70.5,27.71,125,72,121,95,8.0,3,No,Occasional,5,2.2,1,0,1,1,0
39,Female,152.8,65.3,27.97,131,70,102,83,6.7,7,Yes,Regular,4,2.9,0,0,1,0,0
35,Male,177.5,73.2,23.23,103,69,98,67,6.3,4,No,Never,7,3.2,0,0,1,0,0
69,Male,161.5,78.6,30.14,176,89,118,92,7.0,2,No,Occasional,9,3.2,1,1,1,1,0
20,Male,166.2,56.0,20.27,109,68,109,72,6.7,2,No,Occasional,4,1.9,0,0,0,0,0
40,Male,159.9,66.2,25.89,142,65,85,67,6.9,2,No,Occasional,3,1.4,1,0,1,0,0
35,Male,178.8,125.0,39.1,139,79,115,77,4.6,1,No,Occasional,7,2.8,0,0,1,1,0
35,Female,174.5,48.7,15.99,112,67,60,81,5.7,4,No,Regular,5,3.0,0,0,1,0,0
30,Female,163.6,70.2,26.23,107,76,110,74,9.0,5,No,Never,5,2.5,1,0,1,0,0
75,Male,154.2,65.5,27.55,121,82,127,85,5.2,5,Yes,Occasional,8,2.2,1,1,1,0,0
41,Female,162.5,64.2,24.31,131,63,101,79,6.8,4,No,Occasional,5,1.8,0,0,1,0,0
44,Male,171.7,72.2,24.49,128,76,103,88,8.8,3,No,Occasional,6,2.6,1,1,1,1,0
42,Male,167.9,72.9,25.86,124,62,86,103,7.5,1,No,Never,6,2.6,0,0,1,1,0
79,Female,167.1,70.2,25.14,112,82,118,85,6.7,3,No,Never,10,2.4,1,1,1,1,0
39,Female,168.1,74.6,26.4,121,80,118,74,5.7,3,No,Never,5,1.5,1,0,1,0,0
39,Male,173.6,69.3,23.0,120,69,72,77,5.8,7,No,Occasional,7,1.6,1,0,1,0,0
38,Male,165.6,96.1,35.04,128,72,101,85,6.3,2,No,Occasional,5,2.1,1,0,1,0,0
38,Female,170.5,70.1,24.11,118,81,94,84,7.0,7,No,Never,6,2.9,0,0,1,0,0
23,Female,156.1,67.5,27.7,116,75,111,70,8.3,2,No,Regular,5,2.8,1,0,1,1,0
56,Male,191.5,82.7,22.55,114,77,108,101,6.7,5,No,Occasional,7,1.9,1,0,1,0,0
19,Male,163.2,78.1,29.32,120,80,118,67,6.0,3,No,Never,5,1.0,0,0,1,1,0
32,Male,168.0,81.0,28.7,116,82,110,96,6.5,0,Yes,Never,6,3.1,1,0,1,1,0
30,Female,171.7,80.0,27.14,128,73,66,82,7.4,7,Yes,Regular,4,3.0,0,0,1,1,0
36,Female,161.9,53.3,20.33,119,81,97,67,7.2,0,No,Regular,4,2.3,0,0,0,0,0
65,Female,166.1,61.8,22.4,132,69,111,72,6.7,3,No,Heavy,1,1.9,0,0,1,0,0
55,Male,166.0,93.3,33.86,158,93,114,66,5.2,1,No,Occasional,6,2.0,1,0,1,1,0
80,Female,156.9,55.9,22.71,136,73,103,71,8.1,1,No,Regular,4,2.8,1,0,1,0,0
40,Female,170.4,82.6,28.45,110,77,80,89,6.0,1,No,Never,10,2.5,1,0,1,1,0
76,Male,149.5,48.6,21.74,129,79,93,76,7.1,4,No,Never,4,1.9,1,0,1,0,0
20,Female,183.5,100.1,29.73,116,87,130,96,5.6,2,No,Never,8,3.6,1,0,1,1,0
49,Male,173.9,67.5,22.32,151,83,94,85,5.6,1,Yes,Occasional,8,1.2,0,0,1,0,0
68,Male,172.4,63.8,21.47,136,73,84,88,7.3,1,Yes,Never,5,1.8,1,0,1,0,0
51,Female,148.6,49.1,22.24,131,79,122,84,5.2,3,No,Occasional,4,1.8,0,0,1,0,0
76,Male,158.1,59.0,23.6,154,76,116,80,5.2,1,No,Never,5,2.3,1,0,1,1,0
37,Female,179.9,88.2,27.25,123,83,113,85,8.3,2,No,Occasional,8,2.9,0,0,1,1,0
20,Female,200.0,100.8,25.2,118,74,95,70,7.3,6,No,Regular,10,2.7,0,0,1,0,0
66,Male,177.9,65.7,20.76,135,69,84,66,7.4,2,Yes,Occasional,3,2.3,0,1,1,0,0
22,Male,176.4,77.1,24.78,136,73,86,69,5.4,4,No,Occasional,5,1.3,0,0,1,1,0
66,Female,171.2,60.2,20.54,141,67,120,90,7.1,2,No,Never,4,2.8,1,1,1,1,0
64,Male,157.5,72.1,29.07,131,92,103,91,6.6,2,No,Never,5,1.5,1,0,1,1,0
71,Female,176.0,93.3,30.12,144,76,143,98,5.8,2,No,Occasional,9,1.9,1,0,1,1,0
48,Male,155.0,61.2,25.47,121,74,103,78,6.7,4,No,Never,4,2.2,1,0,1,1,0
74,Male,153.9,65.2,27.53,129,74,112,75,5.2,4,No,Regular,2,1.7,1,1,1,0,0
28,Female,153.3,78.7,33.49,126,88,84,73,4.0,5,No,Regular,6,1.7,1,0,1,1,0
45,Male,175.8,76.5,24.75,120,64,104,75,7.0,4,No,Never,6,2.8,0,0,1,0,0
25,Female,165.4,56.0,20.47,108,83,79,56,7.0,4,No,Never,4,3.1,0,0,0,0,0
66,Female,167.0,80.3,28.79,146,84,88,84,7.1,2,Yes,Never,4,2.2,1,1,1,1,0
62,Male,165.8,56.3,20.48,137,71,94,82,7.6,4,No,Regular,6,1.0,1,1,1,1,0
68,Female,154.7,60.0,25.07,126,84,96,68,7.6,2,No,Never,2,2.4,1,0,1,1,0
66,Female,159.3,58.7,23.13,119,80,108,90,8.5,1,No,Occasional,6,1.7,0,0,1,0,0
37,Female,159.8,56.0,21.93,111,65,75,87,8.2,4,No,Occasional,5,2.4,0,0,1,0,0
22,Male,151.9,54.7,23.71,113,68,79,74,6.5,2,No,Occasional,8,2.4,0,0,1,0,0
76,Male,161.0,79.3,30.59,164,83,123,102,6.8,2,No,Occasional,6,1.0,0,1,1,1,0
49,Female,155.2,74.4,30.89,154,82,109,90,7.0,1,Yes,Never,5,1.9,1,0,1,1,0
23,Female,171.8,86.8,29.41,146,86,99,99,4.8,1,Yes,Regular,5,2.6,1,0,1,1,0
76,Female,172.6,83.1,27.89,151,83,93,66,8.2,1,No,Never,1,2.1,1,1,1,1,0
80,Female,153.1,58.9,25.13,121,85,107,91,7.4,3,No,Occasional,5,1.5,1,0,1,0,0
46,Female,163.0,42.5,16.0,110,69,88,87,4.6,4,Yes,Regular,5,2.6,0,1,1,0,0
66,Male,184.6,94.7,27.79,127,88,117,78,8.6,1,No,Never,5,1.1,1,0,1,0,0
20,Female,156.2,39.0,15.98,116,58,65,66,6.2,4,No,Occasional,5,2.4,0,0,1,0,0
23,Male,170.3,46.4,16.0,115,60,60,83,6.3,3,No,Occasional,8,1.8,0,0,1,0,0
35,Male,167.1,68.3,24.46,122,68,78,82,6.5,5,No,Never,5,2.5,0,0,1,0,0
59,Female,176.9,84.9,27.13,135,93,95,81,6.6,2,Yes,Occasional,3,2.1,1,0,1,1,0
26,Female,169.0,65.3,22.86,107,65,97,73,9.9,3,No,Never,2,2.5,0,0,1,0,0
20,Male,161.7,84.3,32.24,118,73,119,73,6.5,2,No,Occasional,4,3.1,1,0,0,1,0
60,Female,166.7,78.1,28.1,144,83,114,64,6.5,1,No,Occasional,3,2.7,1,0,1,0,0
66,Female,166.8,69.1,24.84,138,80,93,77,7.0,4,Yes,Occasional,2,2.6,1,0,1,0,0
64,Female,165.1,88.9,32.61,151,77,138,68,5.6,4,No,Occasional,5,2.6,1,0,1,1,0
68,Female,152.8,78.4,33.58,152,78,131,88,6.8,6,No,Occasional,8,1.1,1,0,1,1,0
68,Male,178.4,90.8,28.53,154,91,86,92,5.5,1,No,Never,7,2.3,1,1,1,1,0
55,Female,176.7,68.8,22.04,126,64,113,86,7.6,4,No,Never,2,2.4,0,0,1,0,0
50,Male,155.6,55.6,22.96,136,81,93,74,5.4,3,No,Never,5,2.6,0,1,1,1,0
71,Male,163.0,51.0,19.2,135,72,107,78,5.9,4,No,Regular,6,2.1,0,1,1,0,0
39,Male,163.7,67.4,25.15,126,63,105,72,5.3,4,Yes,Occasional,7,2.7,0,0,1,1,0
24,Male,154.4,47.5,19.93,120,75,69,82,5.7,2,No,Never,9,1.6,0,0,1,0,0
65,Female,147.3,53.0,24.43,137,85,96,76,4.6,1,No,Occasional,3,3.5,1,1,1,1,0
35,Male,159.3,67.2,26.48,125,81,66,78,4.0,4,Yes,Occasional,3,2.6,0,0,1,0,0
79,Female,162.4,44.4,16.83,128,72,79,74,6.4,2,No,Occasional,4,1.6,1,0,1,0,0
44,Male,151.6,44.6,19.41,138,75,93,81,4.7,1,Yes,Occasional,6,3.1,0,1,1,0,0
71,Male,167.8,66.8,23.72,130,70,93,67,9.2,7,No,Never,1,1.5,0,0,1,1,0
20,Female,177.6,77.7,24.63,125,66,82,76,6.3,2,No,Never,5,2.2,0,0,0,0,0
59,Female,174.4,71.4,23.47,131,80,89,85,7.9,4,Yes,Regular,1,2.3,0,0,0,0,0
46,Female,164.7,65.7,24.22,136,74,98,80,7.1,3,No,Occasional,5,1.9,1,0,1,0,0
47,Male,147.6,48.3,22.17,134,73,107,81,5.0,4,No,Occasional,10,2.1,0,0,1,0,0
34,Male,173.2,54.8,18.27,104,64,72,90,6.0,4,No,Never,7,2.2,0,0,0,0,0
79,Female,167.5,66.7,23.77,130,79,97,62,7.8,5,No,Heavy,3,1.5,1,0,1,0,0
42,Female,170.2,70.7,24.41,117,84,79,75,7.6,1,No,Never,4,2.4,1,0,1,0,0
71,Male,185.4,84.8,24.67,126,81,87,67,7.9,1,No,Occasional,3,2.2,1,0,1,0,0
44,Female,157.8,64.8,26.02,158,69,122,82,5.6,2,No,Occasional,8,3.5,1,1,1,1,0
21,Female,140.0,52.7,26.89,132,71,115,84,7.8,2,No,Never,1,3.2,0,0,1,0,0
73,Female,155.5,71.3,29.49,156,88,119,79,6.0,2,No,Never,4,1.7,1,0,1,0,0
29,Female,170.9,64.4,22.05,115,73,78,58,8.0,5,No,Occasional,4,2.1,0,0,1,0,0
35,Female,166.3,48.9,17.68,99,68,66,66,8.1,6,No,Occasional,3,1.7,0,0,0,0,0
72,Male,153.8,76.4,32.3,150,94,146,94,4.7,2,Yes,Heavy,9,2.0,1,1,1,1,0
74,Female,151.8,64.7,28.08,136,100,60,73,7.3,4,No,Occasional,2,2.8,1,0,1,0,0
75,Male,162.5,57.2,21.66,122,68,130,71,5.5,4,No,Regular,3,2.1,1,0,1,0,0
44,Male,153.5,63.2,26.82,140,90,108,92,7.4,3,No,Occasional,9,1.9,1,0,1,0,0
65,Male,171.2,91.2,31.12,146,89,80,84,5.3,2,No,Occasional,5,2.6,1,0,1,1,0
38,Female,161.9,88.1,33.61,141,96,148,74,7.1,5,No,Regular,5,0.9,1,0,1,0,0
64,Other,159.7,69.3,27.17,145,74,71,83,7.7,3,Yes,Regular,4,1.9,0,1,1,0,0
49,Female,158.4,77.0,30.69,123,94,74,79,6.8,5,Yes,Never,5,3.1,0,1,1,1,0
21,Female,168.6,54.3,19.1,107,79,67,79,7.9,1,No,Occasional,4,3.1,0,0,1,0,0
44,Other,166.4,70.1,25.32,130,75,97,79,7.1,2,No,Never,4,3.0,1,0,1,1,0
47,Female,168.0,67.6,23.95,126,68,112,82,8.9,2,No,Regular,2,1.4,1,0,0,0,0
34,Male,167.8,75.7,26.89,117,89,92,81,5.3,4,No,Occasional,5,1.4,1,0,0,0,0
41,Female,165.3,90.5,33.12,139,80,102,82,6.3,2,Yes,Occasional,4,1.9,0,0,1,1,0
49,Male,155.7,65.0,26.81,124,85,99,73,4.4,2,No,Heavy,4,2.2,1,0,1,0,0
21,Male,158.7,51.4,20.41,94,79,80,87,6.2,3,No,Never,7,1.7,0,1,0,0,0
27,Male,162.1,49.9,18.99,109,67,102,80,5.3,2,No,Occasional,4,1.1,1,0,1,0,0
66,Male,186.7,118.3,33.94,160,88,136,79,5.0,5,Yes,Occasional,5,2.8,1,1,1,0,0
40,Female,152.5,64.7,27.82,136,96,100,89,4.4,2,Yes,Never,9,2.7,0,0,1,1,0
56,Other,161.8,73.1,27.92,123,78,103,80,6.0,3,No,Never,6,1.8,1,0,1,0,0
53,Male,167.0,67.1,24.06,148,78,74,79,7.1,0,Yes,Occasional,4,2.7,0,0,1,0,0
52,Female,163.0,71.6,26.95,140,57,108,58,7.5,5,No,Never,3,2.8,0,0,1,0,0
44,Male,176.7,64.7,20.72,112,78,85,89,8.0,5,No,Regular,5,0.7,0,0,1,0,0
48,Male,162.9,72.8,27.43,122,76,111,95,7.7,4,No,Never,7,2.6,1,0,1,0,0
69,Male,163.7,54.8,20.45,129,83,107,80,5.4,1,No,Never,4,2.2,0,0,1,0,0
78,Male,174.1,74.6,24.61,139,78,127,80,5.8,5,No,Never,5,0.7,1,0,1,1,0
34,Male,184.1,75.0,22.13,113,81,84,75,7.0,2,No,Occasional,4,2.9,0,0,1,1,0
60,Male,180.1,51.9,16.0,109,84,83,85,7.0,3,Yes,Occasional,4,2.3,0,0,1,0,0
79,Male,164.6,66.9,24.69,144,72,125,72,8.7,4,No,Heavy,2,1.2,1,0,1,0,0
18,Male,165.5,56.2,20.52,111,64,80,81,6.3,3,No,Never,6,2.5,0,0,1,0,0
67,Female,166.5,69.4,25.03,150,84,103,69,7.7,3,No,Never,5,2.3,1,0,1,1,0
49,Male,167.5,71.8,25.59,133,89,138,99,6.3,7,Yes,Never,8,2.6,1,0,1,0,0
78,Male,157.5,86.4,34.83,172,92,130,70,7.1,1,No,Occasional,5,0.9,1,1,1,1,0
54,Female,175.4,83.6,27.17,141,86,135,92,7.3,0,Yes,Never,4,2.0,0,1,1,1,0
70,Male,168.1,78.4,27.74,136,86,105,75,6.4,4,No,Never,8,1.6,1,0,1,1,0
28,Female,165.6,75.3,27.46,128,74,96,70,5.4,1,Yes,Occasional,6,2.1,1,0,1,0,0
26,Male,153.3,68.6,29.19,148,75,77,92,7.0,0,No,Regular,6,1.1,1,1,1,1,0
76,Female,166.6,79.0,28.46,143,83,125,81,7.5,2,No,Never,5,1.5,1,0,1,1,0
51,Female,147.1,58.4,26.99,151,88,119,69,6.8,0,No,Occasional,5,3.2,0,0,1,0,0
53,Female,160.2,74.7,29.11,127,91,107,79,4.0,4,No,Occasional,3,3.0,1,0,1,1,0
28,Female,160.4,41.2,16.01,90,58,80,73,6.5,4,No,Never,5,2.8,0,0,0,0,0
32,Male,168.9,100.4,35.19,143,86,129,94,7.5,3,No,Occasional,5,3.2,1,0,1,1,0
69,Male,184.8,115.2,33.73,146,91,105,70,5.4,1,No,Never,6,1.0,1,0,1,1,0
37,Male,171.7,77.7,26.36,127,71,99,74,7.8,6,No,Occasional,8,2.2,0,0,1,1,0
54,Female,180.5,61.7,18.94,133,72,117,95,5.8,2,Yes,Occasional,7,2.4,1,0,1,1,0
37,Male,172.5,92.6,31.12,136,82,107,77,6.2,2,No,Occasional,6,1.9,1,0,1,1,0
34,Male,177.3,68.8,21.89,130,65,65,64,7.3,2,No,Occasional,1,1.0,0,0,1,0,0
28,Female,184.6,94.2,27.64,125,77,116,79,5.6,2,No,Occasional,4,2.8,1,0,1,1,0
76,Male,158.7,50.7,20.13,128,68,94,80,8.2,3,No,Never,1,2.6,0,0,1,0,0
77,Male,158.0,92.3,36.97,161,87,140,87,8.0,0,No,Occasional,8,1.8,1,1,1,1,0
25,Female,172.7,53.9,18.07,114,75,73,77,5.3,2,No,Regular,5,2.7,0,0,0,0,0
40,Male,166.0,70.8,25.69,136,81,112,76,6.5,3,Yes,Occasional,5,2.3,0,0,0,0,1
53,Female,168.2,45.3,16.01,117,74,72,77,9.1,3,Yes,Occasional,4,2.6,0,0,1,0,0
42,Female,163.5,67.4,25.21,139,74,125,75,7.8,2,No,Occasional,8,1.6,0,0,1,0,0
63,Female,160.0,61.2,23.91,138,88,104,95,4.7,2,Yes,Regular,5,2.4,1,0,1,1,0
34,Male,182.2,101.9,30.7,135,77,122,84,8.2,3,No,Occasional,5,2.4,0,0,1,1,0
21,Male,155.0,54.9,22.85,101,76,102,68,4.0,2,No,Occasional,5,2.0,0,0,0,0,0
39,Female,172.9,92.1,30.81,145,78,95,77,7.4,1,No,Regular,6,0.7,0,0,1,1,0
55,Female,171.2,61.1,20.85,118,67,101,86,5.6,2,No,Heavy,5,2.3,1,1,1,0,0
29,Female,150.2,53.6,23.76,123,66,86,86,7.0,6,No,Regular,8,2.4,0,0,1,0,0
69,Male,157.7,61.8,24.85,154,86,114,84,6.8,6,Yes,Never,8,1.6,1,0,1,0,0
18,Male,159.4,69.1,27.2,125,67,97,78,6.9,1,No,Occasional,5,2.6,0,1,1,0,0
22,Male,171.6,78.6,26.69,129,85,66,75,7.6,2,No,Never,3,2.4,0,0,1,0,0
50,Male,162.3,76.6,29.08,124,71,121,76,6.0,3,No,Occasional,6,2.5,1,0,1,1,0
50,Male,165.1,73.3,26.89,130,77,70,87,6.0,2,No,Occasional,4,2.0,1,0,1,1,0
36,Female,151.4,65.2,28.44,123,86,107,89,7.6,4,No,Never,8,1.1,0,0,1,0,0
34,Male,189.3,74.9,20.9,118,78,118,92,6.4,4,Yes,Occasional,9,1.1,1,1,1,0,0
22,Female,166.7,74.4,26.77,112,76,119,77,5.8,3,Yes,Never,7,2.6,1,0,0,1,0
59,Female,171.0,98.2,33.58,150,96,124,74,6.6,3,Yes,Regular,3,1.5,1,1,1,1,0
41,Male,160.6,44.7,17.33,125,64,69,73,6.4,5,Yes,Occasional,4,1.7,1,0,1,0,0
25,Female,159.5,69.6,27.36,135,73,98,76,6.3,2,No,Never,5,2.7,1,0,1,1,0
43,Female,185.1,98.3,28.69,120,67,114,77,7.4,6,Yes,Occasional,3,0.8,1,0,1,1,0
77,Male,146.8,71.8,33.32,147,94,113,91,5.7,2,No,Occasional,4,1.2,1,1,1,1,0
34,Male,168.8,81.8,28.71,119,80,109,80,8.5,4,No,Occasional,6,2.7,0,0,1,0,0
74,Female,153.9,63.3,26.73,135,87,100,69,6.9,2,No,Regular,6,2.3,1,1,1,0,0
34,Female,161.9,71.5,27.28,123,77,98,88,4.2,4,No,Regular,8,0.9,1,0,1,1,0
29,Female,159.6,54.9,21.55,117,72,82,68,7.0,1,No,Never,5,1.9,0,0,1,0,0
34,Other,156.1,56.9,23.35,113,72,95,79,5.6,4,No,Never,4,2.3,0,0,1,0,0
38,Male,166.4,52.4,18.92,98,71,90,69,6.9,2,No,Never,2,1.5,1,0,1,0,0
25,Female,140.3,63.3,32.16,139,79,141,85,6.4,3,No,Never,6,1.3,1,0,1,1,0
55,Female,162.8,74.0,27.92,139,75,108,85,7.6,0,No,Occasional,4,1.1,1,1,1,0,0
39,Female,165.1,57.1,20.95,118,54,90,77,7.5,5,No,Never,5,2.8,0,0,1,0,0
63,Female,152.4,63.3,27.25,141,95,126,68,7.1,2,No,Occasional,4,2.9,1,0,1,1,0
48,Female,181.1,102.1,31.13,143,77,112,72,9.2,2,No,Occasional,4,2.7,1,1,1,1,0
45,Female,160.1,77.6,30.27,133,77,109,82,5.6,6,No,Occasional,7,3.0,1,0,1,1,0
47,Male,163.6,56.5,21.11,111,80,98,78,8.4,4,No,Heavy,5,3.0,0,0,1,0,0
27,Female,160.1,41.0,16.0,126,71,70,103,8.1,2,No,Occasional,9,1.2,0,1,1,0,0
62,Male,165.2,75.9,27.81,140,69,108,74,7.3,4,No,Never,3,2.9,1,0,1,0,0
24,Female,179.1,66.5,20.73,106,63,76,92,7.0,2,No,Occasional,8,2.3,0,0,1,0,0
63,Female,190.7,105.2,28.93,132,89,109,75,8.0,1,No,Never,4,3.4,1,0,1,1,0
80,Female,173.5,93.1,30.93,166,89,150,67,6.3,5,No,Occasional,5,4.4,1,1,1,1,0
66,Male,176.9,98.2,31.38,148,84,121,94,6.0,0,No,Occasional,6,2.1,1,1,1,1,0
46,Female,183.2,113.8,33.91,134,83,121,74,6.0,4,No,Regular,7,2.0,0,0,1,1,0
37,Male,168.5,88.7,31.24,129,81,72,69,6.9,3,No,Never,7,2.0,1,1,1,1,0
72,Male,181.7,114.1,34.56,164,94,133,73,6.0,4,Yes,Never,7,2.2,1,0,1,1,0
34,Male,173.9,96.3,31.84,122,80,135,77,5.8,6,No,Never,5,2.4,0,0,1,1,0
48,Female,167.4,91.4,32.62,148,84,112,83,5.1,0,No,Occasional,9,3.9,1,1,1,1,0
66,Male,169.5,74.2,25.83,160,85,123,67,5.3,4,No,Heavy,7,2.3,1,1,1,1,0
76,Female,147.8,43.9,20.1,108,77,79,85,6.2,5,No,Occasional,1,1.9,1,1,1,0,0
76,Male,168.9,108.9,38.17,154,98,110,58,5.9,3,No,Occasional,5,2.2,1,0,1,1,0
23,Female,150.6,57.3,25.26,119,78,88,75,6.9,1,No,Never,4,1.7,0,0,1,0,0
74,Female,149.7,72.0,32.13,139,96,113,98,5.7,2,Yes,Occasional,5,1.1,1,0,1,1,0
25,Female,167.9,63.0,22.35,122,69,93,83,7.2,2,No,Never,7,2.1,0,0,1,0,0
54,Female,154.9,72.8,30.34,148,81,109,102,9.1,3,No,Never,6,3.7,1,1,1,1,0
76,Female,165.9,44.0,15.99,110,67,72,83,8.3,3,No,Occasional,4,2.8,1,0,0,0,0
59,Female,167.4,66.9,23.87,142,86,114,81,5.1,2,Yes,Never,9,1.9,1,1,1,0,0
77,Female,167.8,72.7,25.82,143,77,120,81,6.6,5,Yes,Never,2,2.4,1,1,1,1,0
39,Male,157.0,68.0,27.59,131,79,110,68,5.4,2,No,Never,2,3.8,1,0,1,0,0
37,Male,175.0,93.2,30.43,155,86,108,72,7.1,3,No,Never,3,2.3,0,0,1,1,0
38,Female,165.1,54.7,20.07,110,72,87,72,6.9,2,No,Occasional,6,1.6,1,0,1,0,0
40,Female,170.4,82.9,28.55,141,77,113,77,6.8,4,Yes,Never,6,2.2,1,0,1,1,0
61,Female,154.0,75.4,31.79,138,85,105,79,5.5,4,No,Occasional,3,2.6,1,0,1,1,0
46,Female,164.2,99.2,36.79,140,92,135,68,6.0,3,No,Occasional,4,2.5,1,0,1,1,0
64,Male,177.0,92.0,29.37,143,79,96,63,7.9,1,No,Occasional,5,3.1,1,0,1,0,0
44,Female,175.7,71.8,23.26,132,78,66,82,7.4,3,Yes,Never,3,2.3,0,0,1,0,0
37,Female,158.0,47.9,19.19,119,74,98,82,5.5,1,No,Occasional,7,0.7,0,0,1,0,0
29,Female,160.5,87.3,33.89,142,82,104,96,4.8,1,No,Occasional,9,2.5,1,0,1,1,0
52,Female,156.1,71.2,29.22,141,88,98,76,6.6,3,Yes,Occasional,5,2.5,0,0,1,1,0
74,Female,159.4,66.4,26.13,138,75,94,94,6.5,3,Yes,Occasional,6,2.4,0,1,1,0,0
72,Female,152.0,42.5,18.4,130,74,95,79,5.1,7,No,Regular,5,1.6,0,0,1,0,0
33,Female,164.6,56.2,20.74,124,82,73,84,6.1,6,No,Occasional,8,3.5,1,0,1,0,0
48,Male,172.3,84.9,28.6,151,88,129,75,5.8,5,Yes,Regular,9,1.5,0,1,1,1,0
62,Female,158.1,69.0,27.6,144,81,120,76,6.0,2,No,Occasional,4,1.6,1,0,1,1,0
56,Female,165.1,44.8,16.44,106,60,83,82,6.2,6,No,Heavy,5,2.1,0,0,1,0,0
22,Male,163.8,75.0,27.95,112,72,123,75,6.9,4,No,Regular,7,3.1,0,0,0,1,0
55,Male,176.6,56.8,18.21,140,80,77,68,6.7,1,Yes,Never,6,3.1,0,0,1,0,0
20,Female,159.9,80.2,31.37,105,72,98,63,8.4,7,No,Occasional,3,2.6,0,0,1,1,0
25,Male,160.2,66.7,25.99,110,63,60,64,7.3,1,No,Never,1,2.8,0,0,1,1,0
59,Female,157.5,58.6,23.62,153,80,93,73,7.8,1,No,Regular,4,1.4,1,1,1,0,0
24,Male,154.6,71.1,29.75,134,73,81,69,5.0,5,Yes,Never,6,1.1,0,0,1,1,0
39,Male,171.3,79.4,27.06,130,73,116,85,7.0,1,No,Occasional,4,2.0,1,1,1,0,0
55,Female,164.6,87.0,32.11,123,90,128,80,6.4,6,Yes,Never,3,2.8,1,0,1,0,0
59,Male,166.5,72.7,26.22,135,82,102,75,7.7,1,Yes,Regular,4,2.8,0,0,1,0,0
46,Male,178.7,83.6,26.18,138,73,137,79,6.7,5,No,Regular,9,1.6,0,0,0,0,0
23,Female,179.3,75.8,23.58,96,62,72,65,8.8,4,No,Occasional,3,1.6,0,0,0,0,0
68,Female,149.5,61.1,27.34,146,78,95,85,5.5,1,No,Never,5,3.0,1,0,1,0,0
77,Male,172.5,102.5,34.45,138,84,118,67,5.9,3,No,Occasional,4,2.3,1,0,1,1,0
73,Female,168.3,67.4,23.8,134,88,114,78,6.7,4,No,Never,10,0.9,1,0,1,1,1
65,Female,161.4,75.8,29.1,123,81,125,74,6.8,2,No,Heavy,2,1.5,1,0,1,1,0
43,Female,169.3,60.8,21.21,115,78,96,64,5.7,5,No,Never,3,2.5,0,0,1,0,0
73,Male,148.7,36.0,16.28,112,68,80,95,7.2,5,Yes,Occasional,5,1.4,0,0,1,0,0
48,Male,180.6,86.7,26.58,128,86,119,72,6.0,4,No,Never,6,1.6,1,0,1,1,0
26,Female,171.1,78.5,26.81,133,76,95,92,7.0,1,No,Heavy,8,1.6,0,1,1,0,0
71,Female,157.3,63.4,25.62,138,78,148,85,4.4,6,No,Occasional,7,2.8,0,0,1,1,0
38,Male,160.1,46.5,18.14,122,70,95,67,6.4,4,Yes,Heavy,4,2.2,0,0,1,0,0
77,Female,149.0,61.6,27.75,145,99,82,76,6.8,4,No,Never,6,3.3,1,1,1,0,0
41,Male,162.9,70.8,26.68,134,78,95,76,6.9,2,Yes,Occasional,5,1.9,0,1,1,1,0
72,Female,161.2,56.9,21.9,129,91,85,83,7.7,4,No,Never,4,2.1,0,0,1,1,0
51,Female,152.7,44.7,19.17,130,82,120,84,6.2,4,Yes,Regular,7,2.4,1,1,0,0,0
47,Female,173.8,73.5,24.33,116,68,85,88,7.2,3,No,Never,6,1.8,1,0,1,0,0
36,Female,178.8,90.8,28.4,132,75,71,102,6.3,5,Yes,Occasional,9,1.2,0,0,1,1,0
70,Male,165.7,77.2,28.12,165,86,131,98,7.5,1,No,Occasional,6,2.0,1,0,1,1,0
21,Female,162.9,54.9,20.69,119,71,60,74,4.6,1,No,Never,7,1.7,0,0,1,1,0
47,Male,170.3,76.0,26.21,136,72,91,59,4.0,3,No,Regular,1,2.1,0,0,1,0,0
41,Female,165.8,81.5,29.65,136,76,121,68,8.3,2,No,Regular,5,1.8,1,0,1,1,0
52,Female,155.2,48.3,20.05,115,84,85,90,5.9,3,No,Occasional,6,2.5,1,0,1,0,0
34,Male,159.5,64.9,25.51,121,76,120,88,4.5,2,No,Occasional,6,2.0,0,0,1,1,0
59,Male,163.0,85.8,32.29,127,88,125,89,6.2,5,No,Never,9,1.1,1,1,1,1,0
42,Male,168.5,54.8,19.3,135,74,77,89,5.9,1,No,Occasional,7,1.8,0,0,1,0,0
29,Male,166.1,84.6,30.66,136,77,108,71,7.3,2,No,Regular,3,1.4,1,0,1,1,0
30,Male,168.1,93.0,32.91,125,96,140,82,7.2,2,No,Never,6,3.4,1,0,1,1,0
61,Female,150.8,56.5,24.85,143,84,110,86,6.0,2,No,Heavy,7,2.2,1,0,1,0,0
34,Female,172.7,70.3,23.57,132,94,99,82,7.9,3,Yes,Occasional,4,2.6,0,0,1,1,0
37,Female,166.0,83.4,30.27,133,85,116,72,5.3,1,No,Never,4,2.1,1,0,1,1,0
57,Female,191.5,91.3,24.9,138,74,93,96,4.0,3,No,Never,7,3.4,1,0,1,1,0
38,Female,162.1,42.0,15.98,119,78,60,69,6.9,5,Yes,Occasional,5,1.4,1,0,1,0,0
42,Male,169.2,71.4,24.94,133,77,108,81,6.1,2,No,Heavy,8,1.7,1,1,1,0,0
33,Female,194.3,103.7,27.47,135,91,125,99,4.3,2,Yes,Occasional,6,2.9,1,0,1,1,0
39,Female,167.9,81.5,28.91,123,69,106,76,7.8,5,No,Occasional,1,1.9,0,1,1,1,0
61,Female,165.3,59.2,21.67,125,66,79,69,4.6,1,No,Heavy,5,1.7,0,1,1,1,0
51,Female,156.1,59.3,24.34,132,75,101,53,6.6,5,No,Never,4,1.8,1,0,1,0,0
80,Female,181.3,102.1,31.06,167,96,133,68,7.5,6,No,Occasional,7,3.5,1,1,1,0,0
66,Female,154.4,61.4,25.76,124,75,124,79,6.9,4,No,Occasional,6,3.5,1,0,1,0,0
19,Female,170.3,50.8,17.52,105,69,85,77,7.1,1,No,Occasional,3,2.5,0,1,1,0,0
41,Male,161.3,81.5,31.32,129,77,117,81,6.0,2,No,Never,6,2.3,0,0,1,1,0
36,Female,164.1,65.3,24.25,130,82,89,87,6.8,1,No,Occasional,6,2.7,0,1,1,1,0
55,Male,151.8,71.4,30.99,146,81,114,81,7.3,2,No,Never,6,2.5,1,1,1,1,0
34,Male,179.4,59.6,18.52,112,70,96,87,5.7,5,No,Occasional,7,2.3,0,0,0,0,0
78,Female,163.2,68.6,25.76,131,78,93,79,5.4,4,No,Regular,3,1.9,1,0,1,0,0
36,Male,153.8,65.6,27.73,117,68,84,54,7.7,6,No,Never,5,1.8,0,0,1,1,0
50,Female,178.5,80.3,25.2,115,60,105,69,9.3,4,No,Occasional,1,2.5,1,0,0,0,0
25,Male,161.0,50.1,19.33,100,63,89,85,8.3,4,Yes,Regular,8,2.3,0,0,0,0,0
75,Female,169.3,45.9,16.01,140,73,113,83,4.0,2,No,Never,6,3.2,1,1,1,0,0
75,Male,174.4,102.1,33.57,159,92,140,77,8.3,2,No,Never,5,2.0,1,0,1,1,0
68,Female,170.7,79.4,27.25,153,95,103,64,5.9,2,No,Regular,5,1.6,1,1,1,1,0
40,Male,144.0,64.2,30.96,130,76,134,84,8.9,3,No,Occasional,6,1.3,0,0,1,1,0
21,Male,173.0,87.9,29.37,135,74,106,92,5.2,5,Yes,Never,8,1.7,1,0,1,1,0
62,Male,165.0,78.4,28.8,136,76,120,65,5.3,4,Yes,Never,5,1.3,1,0,1,1,0
45,Female,162.7,63.4,23.95,120,81,92,95,6.6,3,No,Never,6,2.9,1,0,1,0,0
80,Other,164.9,78.1,28.72,163,87,121,84,6.1,6,No,Occasional,6,1.9,1,0,1,1,0
61,Female,149.9,73.6,32.75,136,85,107,62,6.6,3,No,Regular,1,1.7,1,0,1,1,0
51,Male,167.9,73.4,26.04,144,82,68,70,8.0,4,Yes,Occasional,4,2.5,0,0,1,0,0
80,Male,152.4,82.5,35.52,160,88,159,81,8.2,3,No,Never,6,3.5,1,1,1,1,0
68,Male,163.1,50.2,18.87,111,84,78,81,5.3,6,No,Regular,8,1.9,0,1,1,0,0
46,Female,167.6,50.0,17.8,119,67,80,90,8.5,2,No,Occasional,8,1.5,0,0,1,0,0
19,Female,176.7,92.4,29.59,120,68,86,76,5.3,5,No,Never,3,1.9,0,0,1,1,0
23,Male,157.8,52.3,21.0,118,62,112,85,5.8,4,No,Regular,7,1.0,0,0,1,0,0
45,Female,180.5,115.0,35.3,134,89,131,78,9.6,3,Yes,Occasional,8,2.5,1,0,1,1,0
53,Female,175.5,98.9,32.11,140,83,128,85,7.1,2,Yes,Occasional,6,2.6,1,0,1,1,0
19,Male,161.7,84.9,32.47,123,69,115,72,6.2,4,No,Regular,1,1.9,0,0,1,0,0
25,Male,154.9,70.2,29.26,112,66,111,72,7.1,4,No,Never,4,1.5,1,0,0,1,0
62,Male,151.6,49.4,21.49,144,71,104,88,7.5,1,No,Occasional,6,3.8,1,1,1,0,0
65,Male,168.7,51.3,18.03,122,61,91,86,7.1,4,No,Regular,5,1.4,1,0,0,0,0
19,Male,158.6,80.6,32.04,134,81,125,69,8.6,2,Yes,Never,1,1.7,1,0,1,1,0
49,Female,178.0,58.3,18.4,137,69,68,82,5.6,3,Yes,Regular,5,2.2,0,0,0,0,0
23,Male,159.2,82.5,32.55,120,92,93,74,6.0,3,Yes,Never,3,2.8,0,1,1,1,0
63,Female,157.0,71.9,29.17,148,91,119,77,5.4,7,Yes,Regular,7,2.1,0,1,1,1,0
70,Female,168.3,73.0,25.77,143,83,116,67,5.6,1,No,Occasional,6,2.2,1,0,1,1,0
72,Female,159.1,71.6,28.29,146,88,111,85,6.7,2,No,Occasional,6,2.6,1,1,1,0,0
55,Female,166.1,77.2,27.98,142,91,147,110,5.5,0,Yes,Occasional,4,4.3,1,1,1,0,0
57,Male,175.9,76.8,24.82,133,75,85,83,7.1,2,No,Never,5,1.8,1,0,1,0,0
76,Male,167.2,92.6,33.12,123,87,127,100,7.5,2,No,Never,5,1.9,1,0,1,1,0
56,Male,167.2,90.7,32.44,166,98,127,101,5.0,1,Yes,Occasional,7,2.1,1,1,1,1,0
46,Female,168.1,74.2,26.26,109,82,90,65,6.0,6,No,Regular,4,2.6,0,0,1,0,0
65,Female,149.1,51.4,23.12,154,75,88,83,6.1,4,Yes,Never,4,3.8,0,1,0,0,0
55,Male,169.9,92.4,32.01,136,102,109,90,6.3,6,Yes,Occasional,7,2.1,1,0,1,1,0
71,Male,167.6,46.2,16.45,120,67,119,92,6.3,0,No,Never,7,2.6,1,0,1,0,0
51,Female,174.9,85.0,27.79,139,64,103,74,7.8,2,No,Occasional,6,0.8,1,1,1,1,0
72,Male,172.1,88.0,29.71,154,100,122,88,7.6,6,Yes,Occasional,9,2.2,0,1,1,0,0
20,Female,164.0,56.2,20.9,119,76,80,102,5.3,3,No,Occasional,10,2.2,1,0,0,0,0
20,Male,176.3,91.8,29.54,139,83,118,77,7.3,1,Yes,Occasional,8,2.9,0,0,1,1,0
24,Male,163.1,66.1,24.85,117,78,110,88,8.5,1,No,Never,4,1.9,0,0,0,1,0
53,Male,168.5,65.5,23.07,132,76,96,97,8.1,3,Yes,Never,7,1.4,0,1,1,0,0
62,Male,162.9,81.1,30.56,152,74,123,66,6.9,5,Yes,Occasional,6,2.3,1,1,1,1,0
31,Male,170.6,58.0,19.93,104,65,81,70,6.7,3,No,Occasional,4,1.2,0,0,1,0,0
27,Female,162.2,76.9,29.23,127,72,97,74,5.0,6,Yes,Never,4,1.7,0,0,1,1,0
72,Male,182.5,55.5,16.66,118,73,99,95,6.1,1,Yes,Never,6,2.2,1,0,1,0,0
65,Female,186.2,94.9,27.37,144,79,117,83,4.7,2,No,Never,7,0.7,1,1,1,0,0
58,Male,174.7,79.5,26.05,138,77,113,80,7.9,2,No,Never,8,2.0,1,0,1,0,0
48,Male,181.4,75.6,22.97,129,74,78,85,6.2,1,No,Occasional,7,3.2,0,0,1,0,0
44,Male,150.6,62.0,27.34,158,87,90,93,6.4,1,Yes,Regular,7,1.2,1,1,1,1,0
19,Male,151.8,56.4,24.48,128,74,62,75,5.9,4,No,Never,5,1.8,0,0,1,0,0
29,Male,162.8,79.9,30.15,140,81,88,97,4.9,1,No,Never,6,2.6,1,1,1,1,0
74,Male,166.4,80.1,28.93,145,62,113,68,7.8,6,No,Occasional,2,2.7,0,1,1,1,0
39,Female,164.0,74.0,27.51,130,71,99,88,7.2,3,No,Occasional,7,2.2,1,0,1,1,0
62,Female,149.6,61.2,27.35,143,76,103,73,7.8,1,No,Occasional,6,2.1,0,0,1,0,0
62,Female,177.5,74.5,23.65,141,89,133,90,4.1,3,No,Never,10,3.3,1,1,1,1,0
37,Male,187.5,83.9,23.86,129,69,115,76,8.3,1,No,Never,5,2.3,1,1,0,0,0
30,Female,178.8,84.1,26.31,135,68,80,86,6.3,1,Yes,Regular,8,1.5,0,0,1,1,0
61,Female,176.9,78.4,25.05,137,83,89,90,7.8,3,No,Occasional,4,2.3,1,0,1,1,0
23,Male,168.3,85.8,30.29,131,80,95,81,4.0,2,No,Regular,9,2.1,0,0,1,1,0
49,Male,157.6,64.7,26.05,134,95,103,76,7.0,5,No,Occasional,8,1.9,0,0,1,0,0
73,Female,166.7,77.8,28.0,153,74,95,66,6.4,4,No,Regular,8,1.1,1,1,1,0,0
62,Female,187.1,67.2,19.2,116,72,79,68,6.4,4,No,Regular,5,2.2,1,0,1,0,0
66,Male,162.5,80.7,30.56,144,76,122,62,6.6,3,No,Never,5,2.6,1,0,1,1,0
23,Male,161.5,57.8,22.16,112,61,83,86,6.0,3,No,Never,4,2.7,0,0,0,1,0
30,Other,177.1,63.1,20.12,101,63,63,78,5.1,2,No,Never,3,2.2,0,0,0,0,0
35,Male,177.7,104.7,33.16,146,72,112,84,5.0,5,No,Regular,6,2.2,1,1,1,0,0
36,Female,157.5,71.0,28.62,122,80,108,84,6.7,1,No,Never,5,1.8,1,0,1,0,0
30,Female,163.4,79.6,29.81,146,80,106,73,8.3,5,Yes,Occasional,6,2.8,1,0,1,1,0
79,Female,161.0,74.0,28.55,132,84,94,86,8.0,4,No,Occasional,6,1.4,1,1,1,1,0
28,Female,166.7,68.4,24.61,108,84,105,77,7.1,3,Yes,Occasional,3,1.9,1,0,1,0,0
62,Male,177.0,77.0,24.58,141,89,100,95,5.8,2,Yes,Occasional,8,1.7,1,0,1,0,0
54,Female,158.0,73.6,29.48,143,88,96,56,9.2,2,No,Occasional,6,2.1,1,1,1,0,0
56,Female,176.9,97.7,31.22,147,86,119,72,7.4,2,No,Never,7,3.1,0,0,1,0,0
31,Female,167.0,69.2,24.81,136,77,100,71,7.6,4,Yes,Never,3,1.4,0,0,1,0,0
37,Male,189.3,126.3,35.25,133,91,122,81,5.1,5,Yes,Never,4,2.4,1,0,1,1,0
56,Male,169.2,71.1,24.84,138,69,119,62,7.1,3,No,Regular,4,2.4,1,1,0,1,0
36,Male,165.0,50.6,18.59,94,63,71,97,5.1,5,No,Heavy,6,1.6,0,0,1,0,0
61,Male,171.7,52.0,17.64,110,72,61,88,9.3,4,No,Regular,5,2.1,0,0,1,0,0
20,Female,162.6,44.3,16.76,101,65,70,92,5.4,5,No,Never,8,1.6,0,0,0,0,0
22,Female,148.0,50.2,22.92,107,62,60,98,5.7,2,No,Never,8,2.3,1,0,1,1,0
63,Female,163.6,66.5,24.85,144,87,89,86,6.0,3,Yes,Occasional,4,2.1,0,0,1,0,0
56,Female,163.4,77.6,29.06,141,97,109,81,5.8,4,Yes,Never,10,3.2,0,1,1,1,0
20,Male,150.1,55.7,24.72,125,80,83,82,7.5,3,No,Regular,5,1.7,0,0,1,1,0
74,Male,165.3,82.7,30.27,156,81,127,78,6.5,4,No,Occasional,8,2.1,1,0,1,1,0
18,Male,145.3,52.9,25.06,106,76,89,74,6.8,4,No,Heavy,5,2.0,0,0,0,0,0
78,Male,162.5,69.7,26.4,140,81,119,89,7.4,3,No,Regular,7,3.1,1,1,1,0,0
63,Male,168.4,65.7,23.17,133,80,108,78,4.6,2,No,Occasional,7,1.9,1,0,1,0,0
80,Male,167.0,92.6,33.2,157,91,93,61,7.9,7,No,Never,2,1.6,0,1,1,1,0
77,Male,161.9,49.7,18.96,126,89,110,95,6.5,2,No,Regular,9,1.7,0,1,1,0,0
37,Female,165.1,72.9,26.74,104,74,95,72,5.9,0,No,Occasional,4,1.7,0,0,1,1,0
65,Male,158.2,62.9,25.13,130,76,107,75,6.9,3,No,Regular,5,1.8,0,0,1,0,0
31,Male,166.1,79.7,28.89,117,87,110,76,6.9,2,No,Never,4,1.6,0,0,1,1,0
47,Male,166.6,70.6,25.44,114,77,90,84,4.0,1,No,Occasional,4,2.2,1,0,1,0,0
33,Female,157.0,62.2,25.23,120,52,84,82,8.5,3,No,Occasional,4,1.4,0,0,0,0,0
48,Female,168.7,69.1,24.28,108,75,91,64,8.4,6,No,Never,3,2.6,0,0,1,0,0
72,Male,168.6,93.4,32.86,156,83,119,68,4.9,2,No,Occasional,7,2.2,1,0,1,1,0
45,Male,164.3,68.9,25.52,116,75,126,91,5.7,3,No,Never,6,3.3,0,0,1,1,0
23,Female,190.2,124.5,34.42,159,82,110,56,8.4,4,No,Occasional,5,2.5,1,0,1,1,0
38,Female,164.6,72.2,26.65,146,68,86,92,7.3,3,Yes,Occasional,8,2.4,0,0,1,0,0
67,Female,163.2,69.7,26.17,132,87,141,83,6.9,4,No,Never,9,3.5,1,0,1,1,0
50,Female,161.8,65.3,24.94,115,63,100,73,7.5,4,No,Occasional,2,2.5,0,0,1,1,0
53,Female,156.3,69.4,28.41,134,75,109,85,6.8,5,No,Never,9,2.1,1,0,1,1,0
45,Female,172.9,67.8,22.68,130,76,116,75,5.4,3,No,Occasional,5,1.6,1,0,0,0,0
36,Male,159.1,65.7,25.96,118,66,102,74,6.2,1,No,Never,2,3.1,0,0,1,1,0
55,Female,160.3,66.3,25.8,118,68,100,80,7.9,5,No,Occasional,6,1.5,1,0,1,1,0
57,Male,160.6,70.6,27.37,121,83,84,81,7.5,2,No,Occasional,5,1.5,1,1,1,0,0
74,Female,156.2,68.1,27.91,144,88,80,56,6.9,3,No,Regular,7,1.5,1,0,1,0,0
56,Male,148.5,61.1,27.71,128,79,126,79,5.8,3,No,Occasional,6,1.7,0,0,1,1,0
80,Male,161.4,69.9,26.83,143,86,113,83,7.9,6,No,Occasional,6,2.2,1,1,1,0,0
70,Female,174.7,102.7,33.65,130,116,122,72,5.6,1,No,Occasional,4,2.0,0,0,1,1,0
22,Female,168.0,76.1,26.96,123,62,93,79,8.7,2,No,Occasional,3,2.5,0,0,1,0,0
42,Male,181.6,125.1,37.93,141,70,130,89,5.6,4,No,Occasional,7,1.5,1,0,1,1,0
42,Other,173.5,77.3,25.68,115,88,109,83,5.7,2,Yes,Occasional,4,1.6,0,0,1,1,0
18,Male,171.2,86.3,29.44,127,67,91,82,6.7,2,No,Occasional,6,2.3,1,0,1,1,0
29,Male,184.8,73.8,21.61,120,73,91,70,6.6,5,No,Occasional,9,1.6,0,0,1,0,0
66,Female,165.0,89.2,32.76,142,92,125,79,6.8,5,Yes,Regular,5,1.3,1,0,1,1,0
40,Male,166.6,61.0,21.98,136,78,87,92,4.9,2,Yes,Never,7,1.2,0,0,1,0,0
27,Male,165.9,75.0,27.25,111,78,68,76,7.2,1,No,Never,5,2.2,0,0,1,1,0
36,Female,181.4,79.0,24.01,94,83,78,70,8.0,5,No,Occasional,4,2.2,0,0,1,0,0
35,Male,166.0,75.6,27.44,127,74,77,82,6.8,3,Yes,Occasional,2,2.1,0,0,1,1,0
28,Male,159.5,60.9,23.94,108,81,109,81,4.8,3,No,Never,5,3.0,1,0,1,1,0
24,Male,171.9,62.6,21.18,97,59,68,80,6.4,4,No,Never,5,2.4,1,0,0,0,0
66,Female,157.8,61.6,24.74,140,82,89,62,5.4,1,No,Heavy,3,2.2,1,0,1,0,0
69,Male,171.3,98.3,33.5,146,88,108,74,4.6,3,No,Never,1,3.1,1,0,1,1,0
49,Male,170.1,80.6,27.86,142,75,111,55,6.3,5,No,Occasional,2,2.8,1,0,1,1,0
56,Female,164.1,52.7,19.57,131,82,108,83,8.4,3,No,Never,9,1.7,0,0,1,0,0
75,Male,171.7,92.9,31.51,155,87,110,96,6.6,2,No,Never,5,2.7,1,0,1,1,0
71,Male,151.1,49.9,21.86,121,79,90,78,6.6,2,No,Never,2,3.4,1,0,1,0,0
20,Female,167.6,79.9,28.44,101,70,98,81,7.7,1,No,Never,4,3.4,0,0,1,1,0
78,Female,161.4,75.5,28.98,163,76,134,67,7.5,5,No,Occasional,5,2.8,1,0,1,1,0
22,Male,194.6,105.6,27.89,135,72,70,100,4.8,2,Yes,Never,6,2.5,1,0,1,1,0
19,Female,167.6,94.8,33.75,144,74,88,80,9.0,3,No,Occasional,5,2.4,1,0,1,1,0
43,Female,160.0,55.0,21.48,112,66,131,65,6.5,4,No,Never,10,3.1,0,1,1,1,0
64,Male,152.2,67.0,28.92,159,101,140,85,7.4,0,No,Regular,10,1.3,1,1,1,1,0
23,Female,179.1,99.4,30.99,124,72,77,77,5.9,7,No,Never,6,3.0,0,0,0,1,0
36,Female,162.5,58.6,22.19,129,72,137,75,4.3,2,No,Never,4,2.3,1,0,1,0,0
34,Female,158.1,54.1,21.64,117,60,93,84,6.5,7,No,Occasional,6,1.6,0,0,0,0,0
43,Female,169.4,69.1,24.08,121,89,89,63,5.6,6,Yes,Regular,2,1.4,0,0,1,0,0
80,Female,172.5,83.1,27.93,153,85,134,84,8.0,6,Yes,Occasional,7,1.1,1,0,1,1,0
38,Other,172.3,55.1,18.56,113,67,74,76,4.8,1,No,Never,6,2.6,0,0,1,0,0
31,Female,166.2,76.8,27.8,133,72,86,76,6.9,6,Yes,Regular,3,3.4,1,0,1,0,0
25,Female,167.6,51.2,18.23,98,64,78,71,7.5,3,No,Occasional,4,1.9,0,0,0,0,0
30,Female,168.3,88.8,31.35,135,83,122,91,7.1,0,Yes,Occasional,7,1.6,1,0,1,1,0
26,Female,169.4,78.9,27.49,125,68,101,92,6.3,2,Yes,Occasional,2,3.0,0,0,1,0,0
54,Female,170.2,101.1,34.9,158,95,125,67,4.6,1,Yes,Never,3,2.3,1,1,1,1,0
44,Male,176.9,89.8,28.7,132,71,100,96,4.9,2,No,Never,4,3.0,0,0,1,1,0
49,Male,166.6,67.0,24.14,126,83,107,114,5.6,2,No,Never,7,1.6,1,0,1,0,0
70,Female,157.8,55.5,22.29,147,71,108,81,4.6,3,No,Never,9,2.6,1,0,1,0,0
54,Male,164.6,72.8,26.87,139,80,106,92,6.5,3,No,Regular,6,3.4,1,0,1,1,0
27,Female,173.5,75.0,24.92,112,64,80,79,6.1,6,Yes,Regular,1,1.5,0,0,1,0,0
41,Female,148.1,68.2,31.09,121,73,100,81,5.2,3,No,Never,3,2.0,0,0,1,0,0
37,Female,148.2,45.8,20.85,128,82,73,87,4.5,2,Yes,Never,10,2.0,1,1,1,0,0
70,Male,175.2,110.0,35.84,149,98,152,72,4.6,2,No,Occasional,6,2.7,1,1,1,1,0
37,Female,181.2,103.2,31.43,118,89,114,64,6.9,4,No,Occasional,1,3.0,1,0,1,1,0
26,Male,153.3,56.5,24.04,132,79,115,86,5.4,1,No,Regular,10,1.8,1,0,1,1,0
64,Female,167.0,96.5,34.6,159,86,106,63,7.0,1,No,Heavy,2,3.8,1,1,1,1,0
44,Male,162.0,57.0,21.72,121,66,84,73,6.4,4,No,Occasional,7,2.2,1,0,1,0,0
24,Female,163.4,69.3,25.96,123,63,91,88,6.6,3,Yes,Never,3,1.8,0,0,1,0,0
61,Female,169.1,56.5,19.76,121,81,102,100,7.1,4,No,Regular,10,3.1,0,0,1,0,0
31,Female,153.1,79.7,34.0,125,80,97,67,5.1,4,Yes,Occasional,2,2.3,1,0,1,1,0
72,Female,154.9,43.8,18.25,134,74,116,98,7.6,3,No,Occasional,4,2.0,0,1,1,0,0
70,Male,163.0,51.0,19.2,121,76,113,73,7.0,1,No,Occasional,8,1.8,1,1,1,1,0
41,Male,164.5,60.5,22.36,113,67,93,65,6.5,3,No,Occasional,4,3.6,0,0,0,0,0
53,Male,154.7,76.7,32.05,136,89,122,64,5.6,2,No,Never,6,1.6,1,1,1,1,0
53,Female,173.9,91.6,30.29,143,94,111,65,6.6,3,No,Occasional,7,2.9,1,0,1,1,0
59,Female,161.8,69.2,26.43,141,76,98,96,7.2,2,Yes,Never,6,1.7,0,0,1,1,0
22,Male,161.8,78.1,29.83,117,62,65,71,5.1,2,No,Never,3,1.8,0,0,1,1,0
38,Male,168.8,70.6,24.78,138,73,111,78,7.5,1,No,Occasional,4,2.1,1,1,1,0,0
28,Male,164.7,73.5,27.1,140,70,93,74,9.0,6,Yes,Never,4,2.5,0,0,1,0,0
61,Female,174.4,102.9,33.83,152,95,141,69,6.5,3,No,Regular,7,1.1,1,1,1,1,0
22,Male,156.7,58.3,23.74,118,75,100,65,8.2,3,No,Heavy,7,1.8,0,0,0,0,0
50,Male,152.0,50.7,21.94,119,88,94,59,7.2,3,No,Regular,6,2.9,1,0,1,0,0
63,Male,162.9,74.9,28.23,147,94,114,83,6.9,3,Yes,Never,7,2.9,1,1,1,1,0
77,Male,166.6,82.9,29.87,130,83,101,73,6.1,4,No,Regular,2,2.0,1,0,1,0,0
36,Male,153.6,60.9,25.81,140,79,79,74,6.2,4,Yes,Never,6,1.4,0,0,1,1,0
18,Male,152.1,68.6,29.65,123,79,89,59,5.5,1,No,Occasional,5,2.3,0,0,1,1,0
63,Female,167.8,70.3,24.97,123,71,85,83,7.8,6,No,Never,6,2.7,1,0,1,0,0
18,Female,158.4,63.8,25.43,115,76,93,91,5.6,2,No,Regular,7,2.3,1,0,1,0,0
22,Male,151.5,61.3,26.71,128,84,109,64,9.1,0,No,Never,3,3.1,1,0,1,1,0
80,Female,175.7,85.7,27.76,142,80,124,65,7.2,3,No,Occasional,5,2.0,1,1,1,1,0
72,Female,159.7,86.5,33.92,153,92,105,94,7.0,3,Yes,Occasional,8,1.3,1,1,1,1,0
62,Female,177.5,87.3,27.71,117,86,123,61,5.0,3,No,Occasional,6,1.8,0,1,1,1,0
70,Female,166.3,68.2,24.66,134,89,105,62,7.5,4,No,Regular,5,2.2,1,0,1,0,0
22,Male,168.9,78.3,27.45,118,65,102,83,6.6,5,No,Never,3,1.7,0,0,1,1,0
23,Female,163.9,80.0,29.78,121,78,112,75,5.9,2,No,Never,6,1.9,1,0,0,1,0
36,Female,140.0,56.8,28.98,125,80,77,77,6.1,2,Yes,Occasional,2,2.8,0,0,1,1,0
19,Female,154.6,67.6,28.28,114,75,99,69,5.1,4,Yes,Occasional,5,1.7,0,0,1,0,0
73,Male,164.7,51.6,19.02,128,65,119,89,6.8,0,No,Never,4,1.3,0,1,1,0,0
21,Male,169.6,46.0,15.99,99,63,60,82,6.4,3,Yes,Regular,6,2.7,0,0,1,0,0
52,Male,148.1,69.7,31.78,125,72,98,82,5.1,4,No,Never,4,2.6,1,1,1,1,0
71,Other,165.5,77.4,28.26,144,86,82,76,7.3,3,Yes,Occasional,5,1.5,1,0,1,1,0
64,Female,154.8,62.0,25.87,154,77,99,65,9.5,1,No,Never,3,2.7,1,1,1,1,0
32,Male,168.3,80.7,28.49,157,72,81,81,4.9,2,Yes,Occasional,5,1.5,0,1,1,0,0
47,Female,165.8,95.7,34.81,154,82,108,70,6.5,3,No,Occasional,6,1.7,0,0,1,1,0
52,Male,173.4,97.6,32.46,145,95,118,70,8.8,4,No,Occasional,5,1.5,1,0,1,1,0
66,Male,176.7,95.7,30.65,122,78,127,67,5.7,4,No,Never,5,1.9,1,1,1,1,0
44,Female,170.6,61.8,21.23,146,69,61,65,7.2,4,No,Occasional,6,2.6,0,0,1,0,0
35,Female,174.6,65.9,21.62,133,77,88,96,7.0,1,Yes,Never,8,2.4,0,0,1,0,0
68,Female,162.5,42.2,15.98,114,69,86,85,7.4,2,No,Never,7,1.7,0,0,1,0,0
73,Female,194.2,110.3,29.25,165,69,106,59,9.2,5,No,Never,2,2.3,1,1,1,1,0
48,Female,153.8,73.1,30.9,134,93,123,93,4.3,5,No,Regular,7,2.4,1,0,1,0,0
19,Female,160.7,78.9,30.55,132,63,115,72,6.7,5,No,Never,8,2.8,0,0,1,1,0
49,Male,175.0,88.3,28.83,136,71,128,91,5.9,0,No,Occasional,7,2.4,1,0,1,1,0
74,Female,173.5,76.7,25.48,143,86,109,47,7.0,1,No,Never,1,2.7,1,0,1,0,0
80,Female,170.9,69.1,23.66,149,69,98,76,6.7,6,Yes,Occasional,6,2.2,0,1,1,0,0
43,Male,172.8,64.2,21.5,136,82,91,69,6.1,0,No,Never,8,1.7,0,0,1,0,0
27,Male,145.2,51.2,24.28,130,78,94,66,5.4,7,Yes,Never,4,2.3,0,0,1,0,0
54,Male,181.9,69.6,21.04,140,77,89,97,5.0,1,Yes,Heavy,10,3.0,1,0,1,0,0
70,Male,164.0,92.9,34.54,152,88,105,73,9.7,5,Yes,Heavy,1,3.0,1,1,1,1,0
77,Female,178.5,63.9,20.06,132,78,105,71,4.9,3,No,Never,6,0.7,0,0,1,0,0
21,Male,145.7,50.9,23.98,106,66,103,80,8.1,3,No,Occasional,7,2.6,0,0,1,0,0
36,Female,168.6,45.5,16.01,99,62,77,79,5.3,4,No,Regular,6,1.9,1,0,1,0,0
48,Male,160.4,69.5,27.01,127,76,112,71,6.7,4,No,Heavy,6,2.5,1,0,1,0,0
24,Male,171.7,73.6,24.97,124,66,83,76,9.3,5,No,Never,3,1.3,0,0,0,1,0
73,Male,169.2,70.1,24.49,139,83,100,74,7.8,4,No,Regular,4,1.9,1,1,1,0,0
25,Male,169.7,59.1,20.52,109,67,88,72,4.7,5,No,Never,7,1.2,0,0,0,0,0
59,Other,155.4,62.5,25.88,127,80,89,86,6.6,2,No,Occasional,1,1.9,1,0,0,1,0
75,Male,165.4,64.7,23.65,124,77,114,74,6.5,5,No,Occasional,7,2.6,1,0,1,0,0
61,Male,164.2,68.1,25.26,118,80,94,61,8.0,7,No,Occasional,5,2.5,0,0,1,0,0
66,Male,171.0,103.6,35.43,155,96,127,90,6.6,2,No,Regular,7,3.6,1,1,1,1,0
34,Male,175.9,80.6,26.05,126,63,103,87,6.3,2,No,Never,7,1.9,1,1,1,0,0
70,Female,167.5,80.5,28.69,158,90,134,70,8.4,1,No,Never,10,1.6,1,1,1,1,0
44,Female,153.2,54.6,23.26,128,73,62,66,8.4,5,Yes,Occasional,8,3.1,0,1,1,0,0
21,Male,167.1,59.0,21.13,119,67,60,80,7.7,4,Yes,Occasional,3,1.1,0,0,0,0,0
41,Female,192.1,93.3,25.28,113,79,118,78,5.5,4,No,Occasional,10,2.3,1,1,1,1,0
40,Male,182.5,124.5,37.38,128,83,125,71,4.0,3,No,Regular,1,2.5,0,0,1,1,0
50,Female,140.0,47.5,24.23,135,78,90,76,5.2,3,Yes,Occasional,4,0.7,1,0,1,1,0
34,Female,166.6,74.8,26.95,124,80,100,81,4.7,4,No,Occasional,6,1.5,1,0,1,0,0
47,Male,175.3,66.3,21.57,129,74,101,83,6.6,3,No,Never,5,1.3,1,0,1,0,0
44,Female,164.2,43.1,15.99,127,65,106,64,7.8,1,No,Never,6,2.7,0,0,1,0,0
38,Female,161.4,56.1,21.54,128,78,81,66,9.2,4,No,Regular,5,1.8,0,0,1,0,0
61,Male,163.3,99.5,37.31,171,98,153,97,8.1,2,No,Occasional,8,2.0,1,1,1,1,0
37,Other,171.5,82.8,28.15,148,78,114,82,5.9,0,No,Occasional,4,1.2,1,0,1,1,0
66,Female,154.5,80.9,33.89,144,82,109,82,7.0,3,No,Never,5,1.7,1,0,1,1,0
33,Male,177.9,74.5,23.54,149,71,90,107,6.9,1,No,Occasional,9,1.7,1,1,1,0,0
72,Female,165.4,43.8,16.01,155,86,107,91,4.6,3,No,Never,7,2.1,0,0,1,0,0
40,Female,156.6,49.2,20.06,102,69,106,76,5.6,4,No,Regular,5,2.0,0,0,0,0,0
20,Female,177.2,84.1,26.78,114,75,97,69,6.1,2,No,Never,6,3.2,1,0,1,1,0
27,Female,150.5,59.3,26.18,127,78,115,95,9.0,4,No,Never,9,2.6,0,0,0,0,0
68,Female,160.4,67.0,26.04,137,60,110,84,7.4,2,No,Never,2,1.0,1,0,1,1,0
72,Female,160.3,60.7,23.62,115,71,98,74,5.2,4,No,Never,3,2.9,0,0,1,0,0
31,Female,187.4,104.2,29.67,111,88,100,87,6.2,7,No,Heavy,4,2.8,1,0,1,1,0
55,Male,159.1,59.1,23.35,129,56,76,81,7.2,4,No,Occasional,6,2.2,0,0,1,1,0
54,Male,144.5,56.8,27.2,133,70,104,82,6.2,3,No,Occasional,7,2.8,1,0,1,1,0
26,Female,160.2,66.6,25.95,121,67,83,84,6.3,5,No,Never,4,3.0,1,0,1,0,0
46,Female,170.6,69.1,23.74,150,71,110,85,7.8,2,Yes,Occasional,3,1.9,0,0,1,0,0
61,Male,173.8,65.5,21.68,110,68,94,77,8.7,4,No,Never,2,1.4,1,0,1,0,0
78,Female,188.8,86.5,24.27,159,72,100,54,8.4,3,No,Occasional,3,2.6,0,0,1,0,0
71,Female,180.1,114.0,35.15,170,86,142,79,6.4,3,No,Heavy,4,1.7,1,1,1,1,0
24,Female,167.9,85.5,30.33,102,75,75,64,6.8,4,No,Never,1,2.4,0,0,0,1,0
32,Male,157.1,74.2,30.06,115,79,90,71,6.4,3,No,Regular,4,1.5,1,0,1,1,0
45,Female,182.2,72.1,21.72,116,67,109,73,8.2,2,No,Heavy,3,2.8,0,0,1,0,0
27,Male,162.3,47.8,18.15,100,74,90,73,6.2,2,No,Heavy,5,1.7,0,0,0,1,0
53,Male,159.4,78.7,30.97,150,86,96,93,4.0,2,No,Occasional,9,2.1,1,1,1,1,0
18,Female,161.8,76.4,29.18,126,81,102,64,7.5,1,No,Regular,2,2.0,0,0,0,1,0
25,Female,153.5,60.5,25.68,120,75,76,64,7.1,5,No,Occasional,8,1.3,0,0,1,0,0
20,Male,161.3,60.1,23.1,119,69,84,83,5.9,4,No,Occasional,9,2.9,0,0,0,1,0
36,Female,163.7,48.9,18.25,121,73,92,100,8.9,2,Yes,Occasional,7,3.0,0,0,1,0,0
66,Female,173.3,90.7,30.2,147,87,116,75,5.9,3,No,Never,6,2.1,1,0,1,1,0
29,Male,162.1,80.9,30.79,160,93,111,88,8.2,1,Yes,Never,8,1.7,1,0,1,0,0
80,Male,153.3,54.3,23.11,116,82,94,79,4.9,3,No,Occasional,7,2.0,0,1,1,1,0
34,Female,150.0,48.5,21.56,119,74,109,106,6.8,3,No,Never,8,1.9,1,0,1,0,0
20,Female,168.1,87.1,30.82,131,81,114,89,5.6,2,No,Occasional,6,2.2,1,0,0,1,0
39,Male,166.7,61.9,22.28,119,60,79,71,6.8,1,No,Regular,3,2.0,1,0,1,0,0
65,Female,160.5,89.0,34.55,156,79,131,83,7.4,2,No,Occasional,8,1.6,1,0,1,1,0
24,Female,161.3,63.6,24.44,131,74,89,77,5.6,5,No,Occasional,10,2.9,0,0,1,0,0
22,Female,169.9,66.6,23.07,109,64,81,96,5.8,2,No,Occasional,5,2.1,0,0,1,0,0
71,Female,179.9,85.3,26.36,161,79,111,64,6.4,3,No,Never,5,3.5,0,0,1,0,0
55,Male,158.2,59.8,23.89,112,75,122,68,10.0,5,No,Never,6,2.3,1,0,1,0,0
39,Male,166.9,85.7,30.77,145,100,95,87,7.2,1,Yes,Never,2,1.9,0,1,1,1,0
65,Male,175.6,93.3,30.26,141,82,122,90,7.0,2,No,Regular,3,2.0,1,0,1,1,0
71,Female,158.2,78.5,31.37,160,77,136,87,7.2,1,Yes,Regular,6,2.0,1,1,1,1,0
40,Female,165.8,72.2,26.26,137,79,104,77,4.6,5,Yes,Occasional,5,2.1,0,0,1,1,0
53,Female,165.6,64.5,23.52,119,82,110,77,7.9,4,No,Occasional,5,2.3,1,0,1,1,0
18,Male,152.9,57.9,24.77,122,73,86,76,7.6,5,No,Heavy,5,1.5,1,0,1,0,0
37,Female,167.7,65.4,23.25,134,73,94,91,4.5,7,No,Never,5,1.5,0,0,1,0,0
55,Male,166.3,90.7,32.8,136,77,117,78,9.8,4,No,Never,4,2.7,0,0,1,1,0
30,Male,171.6,88.2,29.95,126,76,89,79,6.6,1,No,Occasional,6,2.5,1,0,1,0,0
80,Male,154.1,61.6,25.94,156,77,96,83,5.2,3,No,Occasional,6,1.2,0,1,1,1,0
79,Female,166.1,60.4,21.89,153,78,118,90,7.3,1,Yes,Heavy,3,2.5,1,1,1,0,0
34,Male,179.8,105.5,32.63,125,83,105,76,5.5,3,Yes,Regular,6,2.7,1,0,1,1,0
42,Female,186.8,91.0,26.08,130,82,94,78,4.8,3,No,Regular,4,2.4,1,0,1,1,0
29,Other,178.8,78.2,24.46,130,94,108,83,6.2,2,No,Occasional,7,1.1,0,0,1,0,0
49,Female,154.2,78.6,33.06,136,82,111,65,6.4,5,No,Regular,5,1.3,1,0,1,1,0
25,Male,170.5,65.6,22.57,135,78,98,79,4.7,4,Yes,Occasional,6,2.2,1,0,1,0,0
42,Female,161.2,62.1,23.9,105,56,92,73,5.6,5,No,Occasional,6,3.4,1,0,1,0,0
52,Female,168.8,70.0,24.57,118,80,88,82,5.4,0,Yes,Occasional,5,1.9,1,0,1,1,0
56,Male,158.3,48.8,19.47,135,85,108,98,6.2,2,No,Regular,6,2.6,1,0,1,0,0
55,Female,148.9,60.5,27.29,129,82,97,83,7.3,2,No,Never,7,1.8,1,0,1,1,0
31,Female,162.6,56.8,21.48,110,67,101,77,6.8,7,No,Occasional,6,3.3,0,0,0,0,0
67,Male,173.2,69.9,23.3,122,99,111,85,6.6,3,No,Occasional,6,2.2,1,1,1,0,0
61,Female,168.9,64.2,22.5,139,86,91,78,4.4,2,No,Occasional,5,1.4,0,0,1,0,0
65,Male,170.0,67.0,23.18,136,84,103,70,7.0,4,Yes,Occasional,1,1.7,0,0,1,0,0
47,Male,168.2,60.9,21.53,123,74,88,94,5.3,1,No,Occasional,5,1.6,0,0,1,0,0
74,Female,170.0,79.2,27.4,126,83,96,86,4.7,4,No,Occasional,3,2.3,0,0,1,1,0
42,Male,171.3,72.4,24.67,121,89,99,84,7.9,3,No,Occasional,4,1.7,0,0,1,0,0
68,Male,163.3,70.1,26.29,138,95,117,73,5.2,3,No,Never,3,1.9,1,0,1,1,0
30,Male,166.8,101.3,36.41,133,79,124,81,6.9,1,No,Occasional,4,3.5,1,0,1,1,0
33,Male,183.4,82.3,24.47,115,62,83,70,6.2,2,No,Never,4,1.8,0,0,1,0,0
51,Male,167.4,80.0,28.55,131,78,84,76,5.4,6,No,Regular,6,2.3,1,0,1,1,0
53,Female,166.4,80.7,29.15,142,85,106,68,8.1,4,No,Regular,6,2.0,0,0,1,1,0
65,Male,167.0,71.7,25.71,146,96,89,90,5.9,4,Yes,Never,6,2.2,1,0,1,0,0
36,Male,163.8,71.3,26.57,146,80,101,103,5.8,3,Yes,Never,8,2.6,1,0,1,1,0
72,Female,161.6,68.6,26.27,151,86,114,82,5.4,3,Yes,Never,10,0.8,1,0,1,1,0
38,Female,168.1,74.3,26.29,140,86,115,99,6.8,0,No,Regular,6,2.3,1,0,1,1,0
51,Male,160.9,59.1,22.83,114,69,106,86,6.3,4,No,Never,7,2.0,1,1,1,1,0
76,Male,164.5,64.7,23.91,145,81,124,75,5.7,1,No,Occasional,6,2.3,1,0,1,0,0
51,Male,158.1,64.3,25.72,129,75,98,79,5.4,7,No,Occasional,7,2.1,0,0,1,0,0
60,Male,167.1,45.8,16.4,141,70,69,86,6.9,7,Yes,Occasional,2,2.1,0,0,1,0,0
75,Male,171.8,98.7,33.44,145,97,125,85,6.2,4,Yes,Occasional,1,2.4,1,0,1,1,0
79,Female,163.9,98.6,36.7,144,94,137,83,9.2,1,No,Occasional,1,1.8,1,0,1,1,0
49,Female,145.9,56.2,26.4,115,70,101,67,6.1,7,No,Occasional,4,3.5,0,0,1,0,0
44,Male,171.9,84.7,28.66,132,81,142,79,6.9,0,No,Regular,8,1.6,1,1,1,1,0
30,Female,167.2,84.7,30.3,134,98,118,81,6.5,2,No,Occasional,6,3.1,1,1,1,1,0
51,Male,156.1,47.0,19.29,109,63,107,79,6.4,1,No,Occasional,4,1.4,0,0,1,0,0
75,Male,173.7,92.6,30.69,155,75,108,82,7.7,1,No,Never,7,2.0,1,0,1,1,0
48,Male,152.0,54.4,23.55,133,71,83,79,7.3,3,Yes,Never,6,2.4,0,0,1,0,0
39,Male,176.5,113.2,36.34,143,82,102,60,7.6,5,No,Occasional,2,1.6,1,0,1,1,0
24,Female,165.4,65.9,24.09,123,80,92,86,7.3,3,No,Occasional,6,1.5,0,0,1,0,0
42,Male,143.3,61.2,29.8,145,81,111,78,4.5,1,No,Occasional,7,2.0,1,0,1,1,0
32,Female,167.8,68.5,24.33,138,76,105,101,6.9,2,Yes,Heavy,10,2.8,1,0,1,0,0
79,Male,161.9,96.7,36.89,169,86,157,75,6.4,3,No,Never,5,2.3,1,0,1,1,0
51,Female,160.4,59.7,23.2,109,62,94,79,5.7,7,No,Occasional,9,3.4,0,0,1,0,0
26,Female,158.6,77.0,30.61,116,90,109,69,10.0,4,Yes,Occasional,4,2.6,0,0,0,0,0
22,Male,164.7,75.8,27.94,134,80,107,97,4.5,2,Yes,Never,10,1.9,1,1,1,0,0
71,Male,161.1,72.9,28.09,141,84,127,73,6.7,3,No,Occasional,4,0.7,1,0,1,1,0
76,Female,147.4,59.5,27.39,138,93,128,76,6.3,0,No,Occasional,7,1.2,1,0,1,1,1
66,Female,178.7,72.9,22.83,141,89,103,80,6.5,1,No,Occasional,6,2.0,1,0,1,1,0
25,Male,163.6,42.8,15.99,90,62,87,72,5.1,7,No,Never,9,1.2,0,0,0,0,0
24,Female,158.7,75.9,30.14,121,69,111,65,6.7,6,No,Never,8,2.1,0,0,1,1,0
30,Male,154.7,54.5,22.77,121,74,100,86,5.5,3,Yes,Never,3,2.3,0,0,1,1,0
65,Male,173.7,95.4,31.62,157,87,118,72,7.1,3,Yes,Regular,5,2.0,1,1,1,1,0
66,Female,153.0,64.9,27.72,146,85,126,96,6.5,3,Yes,Never,10,2.0,1,1,1,1,0
70,Male,167.3,89.2,31.87,161,78,119,101,6.3,2,No,Never,6,3.5,1,0,1,1,0
24,Male,160.2,74.0,28.83,140,78,86,72,6.4,4,No,Occasional,7,2.2,1,0,1,0,0
27,Male,160.7,41.3,15.99,119,74,66,79,8.8,2,No,Heavy,3,2.1,0,0,1,0,0
74,Male,155.0,70.1,29.18,162,96,124,74,7.4,3,No,Never,5,1.6,0,1,1,1,0
76,Male,159.8,62.9,24.63,148,75,113,78,7.0,3,No,Occasional,4,2.2,1,0,1,0,0
63,Male,166.1,87.0,31.53,156,100,106,68,7.1,5,Yes,Never,7,1.9,0,0,1,1,0
24,Female,168.4,78.9,27.82,124,72,123,91,6.6,2,Yes,Never,7,3.4,1,1,1,0,0
22,Female,158.1,69.5,27.8,115,75,83,82,7.2,5,No,Regular,8,2.6,0,0,1,1,0
21,Male,165.1,64.3,23.59,122,77,90,97,6.1,2,No,Occasional,3,3.1,0,0,1,0,0
61,Male,174.9,65.8,21.51,107,78,87,59,9.3,6,No,Occasional,7,2.3,0,0,1,0,0
71,Female,149.4,53.7,24.06,150,90,108,75,6.9,2,No,Never,5,3.0,0,0,1,1,0
57,Male,165.9,47.2,17.15,109,62,62,74,10.0,3,No,Occasional,1,1.5,0,0,1,0,0
34,Male,156.5,54.8,22.37,111,70,64,86,9.4,4,No,Never,6,2.4,0,0,0,0,0
65,Female,155.5,45.9,18.98,145,79,87,88,5.8,2,Yes,Occasional,8,1.6,1,0,1,0,0
21,Male,168.6,51.2,18.01,107,73,86,91,6.7,7,No,Occasional,9,1.9,0,0,1,0,0
70,Female,160.5,68.7,26.67,137,81,115,81,7.2,1,No,Occasional,5,2.2,1,1,1,1,0
74,Female,153.8,68.1,28.79,138,87,98,84,7.7,2,No,Occasional,7,1.6,0,1,1,0,0
63,Female,179.2,82.8,25.78,121,78,121,64,6.8,3,No,Never,6,1.2,1,0,1,0,0
73,Male,175.2,73.1,23.81,116,83,109,84,8.3,1,No,Occasional,4,2.8,0,0,1,1,0
54,Male,146.7,45.6,21.19,140,70,106,91,4.7,0,No,Heavy,3,1.1,0,1,1,0,0
47,Male,151.3,55.0,24.03,124,68,93,70,5.9,2,No,Regular,5,3.3,1,0,1,0,0
38,Female,171.9,63.2,21.39,111,69,65,76,6.5,1,No,Never,5,1.7,0,0,1,0,0
76,Female,163.2,69.2,25.98,146,75,130,64,5.9,4,No,Never,5,2.6,1,0,1,1,0
61,Female,181.0,60.9,18.59,115,72,87,81,4.6,2,No,Occasional,4,2.6,1,0,1,0,0
30,Male,172.2,84.5,28.5,120,82,119,79,7.7,2,No,Occasional,6,1.5,1,0,1,1,0
78,Female,169.0,67.4,23.6,149,71,98,82,5.5,2,No,Regular,3,2.5,1,1,1,1,0
21,Female,155.8,64.8,26.7,130,72,101,85,5.5,3,No,Occasional,9,2.3,1,0,1,0,0
55,Female,170.9,87.6,29.99,138,96,85,72,8.0,1,No,Occasional,1,2.6,1,0,1,1,0
30,Female,153.2,62.7,26.71,118,62,87,78,8.2,2,No,Never,5,3.0,1,0,0,1,0
59,Male,179.1,95.2,29.68,144,76,130,80,6.0,6,Yes,Regular,5,2.7,1,0,1,1,0
43,Male,170.2,46.3,15.98,119,71,86,78,5.4,7,Yes,Never,5,1.6,0,0,1,0,0
45,Female,157.8,57.6,23.13,118,58,104,72,5.8,7,No,Regular,3,2.1,0,0,0,1,0
60,Male,174.0,94.4,31.18,149,80,118,83,8.3,4,No,Regular,2,1.7,0,0,1,1,0
65,Male,188.4,101.0,28.46,137,98,116,93,8.1,3,Yes,Never,6,1.8,1,0,1,0,0
41,Male,163.8,92.0,34.29,133,76,128,91,7.1,5,No,Regular,5,2.5,1,0,1,1,0
80,Male,171.5,101.6,34.54,157,81,138,65,6.9,6,No,Never,6,2.6,1,0,1,1,0
49,Female,161.7,70.7,27.04,120,64,103,64,5.3,4,No,Never,2,2.6,0,0,1,1,0
28,Male,166.9,66.5,23.87,136,71,96,99,7.0,4,Yes,Occasional,9,2.4,0,0,1,0,0
18,Male,150.9,46.1,20.25,130,71,98,76,7.7,1,Yes,Regular,5,2.5,0,0,1,0,0
30,Female,166.0,62.9,22.83,115,85,72,87,7.2,1,No,Occasional,1,1.9,0,0,1,1,0
61,Female,166.4,66.3,23.94,146,82,100,83,6.9,1,Yes,Never,6,3.1,0,0,1,0,0
51,Male,184.0,77.2,22.8,125,75,69,75,5.5,6,Yes,Occasional,4,2.6,1,0,1,1,0
39,Male,148.0,45.9,20.96,111,69,70,69,8.3,4,No,Occasional,3,2.2,0,0,1,0,0
48,Male,163.2,73.3,27.52,144,72,108,81,4.8,5,No,Never,8,2.9,1,0,1,0,0
70,Male,178.9,109.7,34.28,145,73,140,98,6.5,2,No,Never,7,1.9,1,1,1,1,0
54,Male,163.6,80.8,30.19,147,92,140,91,7.2,3,No,Never,6,2.3,0,0,1,1,0
21,Male,164.3,63.0,23.34,107,73,85,94,8.1,4,No,Occasional,5,2.8,0,0,1,0,0
21,Female,157.7,74.0,29.76,114,83,95,99,7.9,4,No,Occasional,6,1.4,0,0,1,1,0
48,Female,156.7,66.9,27.25,136,77,98,66,8.4,4,No,Occasional,2,3.6,0,0,1,1,0
43,Female,147.7,55.1,25.26,132,83,102,69,6.2,4,No,Never,6,1.8,0,0,1,1,0
71,Male,159.7,65.4,25.64,140,75,136,88,9.4,4,Yes,Regular,8,1.9,1,0,1,1,0
54,Male,156.1,60.3,24.75,134,81,107,89,7.8,1,No,Occasional,8,2.2,1,0,1,1,0
65,Other,167.2,81.4,29.12,135,84,92,59,6.4,4,No,Never,3,2.7,1,0,1,1,0
54,Female,158.1,66.0,26.4,134,87,109,85,6.3,4,No,Regular,6,2.7,0,0,1,1,0
39,Female,161.2,56.8,21.86,116,76,93,68,7.8,0,No,Occasional,3,3.2,1,0,1,0,0
59,Male,161.5,57.7,22.12,146,79,97,76,6.0,3,No,Occasional,6,2.2,0,1,1,0,0
57,Male,165.5,74.7,27.27,123,81,103,84,5.2,2,No,Never,4,2.4,1,1,1,1,0
63,Female,160.7,72.3,28.0,120,70,138,78,7.0,3,No,Never,3,1.2,1,0,1,1,0
29,Female,155.4,57.0,23.6,111,65,78,75,4.0,7,No,Occasional,6,1.5,0,0,1,0,0
58,Male,166.9,56.8,20.39,102,69,66,77,7.2,4,No,Regular,4,2.1,0,0,1,0,0
35,Female,176.7,97.6,31.26,126,86,103,86,7.6,0,No,Occasional,4,2.4,0,0,1,1,0
67,Female,167.3,86.9,31.05,136,87,108,71,6.3,5,No,Never,6,2.2,1,0,1,1,0
68,Female,159.9,42.3,16.54,122,83,67,77,8.4,1,No,Occasional,2,2.5,0,0,1,0,0
57,Male,164.8,87.5,32.22,141,88,115,79,7.8,2,No,Never,5,2.2,1,0,1,1,0
77,Female,145.5,53.6,25.32,141,80,131,76,5.7,1,No,Never,2,2.0,1,1,1,1,0
51,Female,164.6,72.0,26.57,119,85,81,82,7.0,3,No,Regular,2,3.8,0,0,0,1,0
19,Male,162.0,79.6,30.33,126,71,89,90,5.8,0,No,Occasional,8,2.0,0,0,1,1,0
56,Female,156.7,82.8,33.72,144,79,125,85,6.4,6,No,Occasional,4,2.9,1,1,0,1,0
66,Female,158.5,77.5,30.85,115,74,108,67,8.2,6,No,Never,4,1.4,0,0,1,0,0
24,Female,161.9,68.5,26.13,128,68,94,83,7.3,1,No,Never,7,2.3,1,1,1,0,0
24,Male,175.9,56.8,18.36,88,60,98,70,5.5,4,No,Occasional,9,1.8,0,0,1,0,0
35,Female,176.9,50.1,16.01,120,69,74,80,6.9,0,Yes,Occasional,6,3.5,0,0,1,0,0
71,Male,156.7,74.6,30.38,155,88,98,81,5.5,2,No,Occasional,8,1.8,1,1,1,1,0
51,Male,160.8,83.0,32.1,149,84,127,86,6.2,2,Yes,Occasional,4,2.2,1,0,1,1,0
79,Male,161.1,58.2,22.42,130,81,101,73,8.6,3,No,Occasional,5,1.7,0,1,1,1,0
72,Male,174.1,75.4,24.88,144,84,101,70,9.9,5,Yes,Occasional,5,1.6,1,0,1,0,0
52,Male,167.5,64.5,22.99,117,59,68,83,8.8,3,No,Never,6,2.2,0,1,0,1,0
60,Female,166.9,64.3,23.08,141,77,81,63,6.9,6,No,Occasional,7,2.4,1,0,1,0,0
38,Female,171.4,89.6,30.5,136,72,101,57,7.2,3,No,Occasional,2,2.9,1,1,1,1,0
23,Male,160.0,66.6,26.02,108,60,77,68,8.1,2,No,Occasional,3,1.8,0,0,0,1,0
43,Other,179.6,78.5,24.34,137,76,109,79,6.9,3,No,Never,4,1.8,0,0,1,1,0
55,Male,166.0,106.1,38.5,148,87,124,65,5.1,4,No,Regular,3,3.0,1,0,1,1,0
29,Female,157.4,45.1,18.2,97,68,76,79,8.9,4,No,Never,6,3.2,0,0,0,0,0
31,Female,163.7,74.4,27.76,141,83,113,89,5.1,5,Yes,Heavy,6,2.1,0,0,1,0,0
18,Female,178.3,62.9,19.79,124,63,72,83,8.2,2,No,Regular,5,2.5,0,0,1,0,0
64,Female,161.7,65.9,25.2,129,71,107,90,7.7,4,No,Occasional,4,3.3,1,0,1,0,0
74,Female,175.5,83.0,26.95,148,84,114,85,8.8,3,No,Never,8,3.9,1,0,1,1,0
70,Male,159.7,77.0,30.19,149,84,134,96,7.7,0,No,Occasional,6,2.5,1,1,1,1,0
41,Male,158.3,60.5,24.14,127,92,100,82,6.0,4,No,Never,5,2.7,0,0,1,0,0
55,Male,172.6,71.5,24.0,141,78,113,78,8.1,0,No,Regular,5,2.3,1,0,1,1,0
78,Male,157.3,61.8,24.98,152,82,102,73,6.1,3,No,Never,7,1.2,0,1,1,0,0
55,Male,174.2,62.4,20.56,102,66,80,77,5.4,6,No,Occasional,6,2.4,0,0,1,1,0
36,Male,169.5,81.3,28.3,129,73,102,70,4.6,1,Yes,Occasional,3,3.1,1,0,1,1,0
39,Female,157.3,66.1,26.71,138,65,113,82,6.2,4,No,Never,9,1.7,1,0,1,1,0
63,Female,165.3,76.6,28.03,133,80,118,79,4.5,2,No,Occasional,6,1.0,1,0,1,1,0
46,Female,160.5,64.9,25.19,136,78,110,91,8.7,2,Yes,Occasional,3,2.6,1,0,1,0,0
70,Female,169.5,72.4,25.2,120,83,85,61,5.1,5,No,Never,1,1.1,0,0,1,0,0
72,Male,184.9,108.8,31.82,166,90,106,93,6.1,1,Yes,Never,7,1.2,1,1,1,1,0
20,Male,162.3,78.4,29.76,127,74,99,76,6.0,2,No,Occasional,8,1.1,0,0,1,1,0
63,Female,171.3,96.1,32.75,149,85,108,85,6.8,5,No,Occasional,6,0.9,0,0,1,1,0
41,Female,166.2,75.1,27.19,136,78,93,98,5.5,1,No,Occasional,7,2.9,1,0,1,1,0
50,Male,166.2,88.7,32.11,128,90,115,75,8.0,2,No,Never,7,2.3,0,0,1,1,0
34,Male,164.3,62.7,23.23,145,85,71,83,6.9,4,Yes,Occasional,5,3.5,0,0,1,0,0
41,Male,157.4,60.5,24.42,108,72,85,97,6.9,2,No,Never,2,2.7,0,0,1,0,0
38,Male,169.4,89.1,31.05,154,70,92,68,6.0,4,No,Never,4,3.5,1,0,0,1,0
21,Male,163.1,77.0,28.95,104,75,86,70,7.2,2,No,Occasional,7,1.8,1,0,0,1,0
67,Male,157.0,60.8,24.67,140,83,91,86,8.3,1,No,Occasional,7,2.4,1,0,1,1,0
27,Female,176.1,62.1,20.03,99,60,71,71,10.0,1,No,Occasional,5,1.4,0,0,0,1,0
41,Female,167.0,68.1,24.42,142,73,107,83,5.6,0,No,Never,4,2.0,1,1,1,1,0
30,Female,163.7,58.5,21.83,107,60,86,89,6.4,2,No,Occasional,6,3.1,1,1,1,0,0
28,Female,179.4,107.3,33.34,123,83,116,71,4.3,1,No,Never,5,2.2,1,0,1,1,0
41,Female,147.6,63.3,29.06,133,71,106,67,7.5,1,No,Never,5,2.0,0,0,1,1,0
75,Male,178.7,72.1,22.58,151,77,114,90,4.9,2,No,Regular,6,2.2,1,1,1,0,0
77,Female,157.2,52.6,21.29,142,74,103,89,7.1,5,No,Heavy,4,2.3,0,1,1,0,0
42,Male,168.1,61.3,21.69,121,65,102,80,8.1,2,No,Heavy,7,2.3,0,1,1,0,0
49,Female,160.1,58.7,22.9,120,73,91,89,6.2,4,No,Occasional,5,3.1,0,0,1,0,0
80,Male,156.8,62.9,25.58,142,71,104,90,5.5,7,No,Never,6,1.7,1,0,1,0,0
32,Female,179.1,97.9,30.52,125,86,85,81,8.3,5,No,Regular,5,2.1,0,0,1,1,0
77,Female,184.6,73.8,21.66,135,87,90,83,7.3,6,No,Occasional,9,2.3,1,0,1,0,0
24,Male,163.8,96.5,35.97,133,89,128,86,5.2,3,No,Heavy,6,1.6,1,0,1,1,0
32,Male,169.4,59.2,20.63,122,71,80,89,6.8,2,No,Occasional,6,1.9,1,0,1,0,0
39,Male,166.6,51.6,18.59,121,72,82,61,5.6,2,No,Occasional,6,2.7,0,0,1,0,0
20,Female,183.3,110.8,32.98,148,79,123,86,7.6,3,No,Never,10,1.7,1,0,1,1,0
69,Female,144.9,68.1,32.43,145,91,129,70,6.9,0,No,Never,5,4.0,1,0,1,1,0
71,Male,169.8,72.9,25.28,134,93,110,74,8.5,1,No,Occasional,6,3.3,0,0,1,0,0
42,Female,158.7,68.6,27.24,129,71,101,84,5.5,2,No,Heavy,6,2.3,1,0,1,1,0
70,Male,142.4,56.9,28.06,140,86,117,73,7.3,4,Yes,Occasional,1,2.6,1,1,1,1,0
66,Male,162.4,70.4,26.69,154,73,99,85,6.6,3,Yes,Never,6,2.7,0,1,1,0,0
68,Male,184.5,67.6,19.86,119,73,101,81,6.8,4,No,Occasional,8,2.6,1,0,1,0,0
68,Female,159.4,40.7,16.02,138,74,86,80,5.9,1,No,Never,6,2.3,0,1,1,0,0
54,Male,173.9,65.5,21.66,133,82,106,90,4.0,3,Yes,Heavy,9,4.0,0,0,1,0,1
24,Male,178.0,106.8,33.71,143,83,121,94,7.4,4,No,Never,7,1.7,1,0,1,1,0
76,Male,165.9,96.8,35.17,187,102,131,90,6.7,3,Yes,Never,6,1.9,1,1,1,1,0
56,Female,167.2,68.5,24.5,146,70,115,75,5.5,5,Yes,Occasional,7,2.2,0,0,1,1,0
74,Female,148.8,47.9,21.63,137,82,108,73,6.0,5,No,Occasional,6,2.6,0,0,1,0,0
78,Female,158.8,69.8,27.68,165,101,112,91,5.2,1,Yes,Occasional,5,3.5,1,0,1,1,0
29,Female,175.1,83.4,27.2,122,73,104,78,4.4,1,No,Occasional,5,2.2,1,0,1,1,0
43,Female,166.6,78.6,28.32,127,70,102,73,8.3,4,No,Regular,1,2.6,0,0,1,0,0
30,Male,169.7,46.1,16.01,101,67,91,82,7.1,5,No,Occasional,9,2.5,1,0,0,0,0
21,Female,167.3,112.1,40.05,128,80,97,76,5.0,6,No,Never,5,2.1,0,0,0,1,0
78,Male,187.9,112.1,31.75,145,81,129,80,10.0,7,No,Never,3,3.0,1,0,1,0,0
76,Male,161.7,66.2,25.32,133,88,77,74,5.4,7,No,Occasional,4,2.5,0,1,1,1,0
76,Male,182.1,75.7,22.83,150,102,112,106,7.3,4,Yes,Occasional,9,2.8,1,0,1,0,0
73,Male,167.3,86.6,30.94,149,84,126,73,6.7,2,No,Occasional,5,2.0,1,1,1,1,0
58,Female,182.9,94.3,28.19,134,97,107,71,5.0,3,No,Never,6,1.8,1,0,1,0,0
50,Other,153.8,61.7,26.08,146,79,118,92,6.7,2,No,Never,10,2.0,1,0,1,1,0
80,Female,167.8,80.5,28.59,142,91,100,79,6.3,3,No,Never,7,2.4,1,1,1,1,0
52,Male,162.1,66.0,25.12,127,67,84,75,5.9,6,No,Occasional,5,2.9,1,0,1,0,0
58,Female,167.4,77.8,27.76,145,73,90,76,8.6,2,No,Occasional,2,3.6,1,0,1,0,0
31,Female,178.2,90.9,28.63,136,76,96,71,7.3,2,No,Never,7,2.3,0,0,1,0,0
65,Male,169.8,79.7,27.64,138,87,125,57,7.7,2,No,Occasional,4,3.4,0,1,1,1,0
69,Female,178.2,87.3,27.49,122,84,129,87,6.3,4,No,Regular,7,2.6,1,0,1,1,0
60,Female,159.3,82.6,32.55,143,74,120,67,7.1,1,No,Never,5,1.8,1,0,1,1,0
49,Male,157.8,44.7,17.95,143,64,85,77,6.6,5,Yes,Never,6,2.3,0,1,1,0,0
