Age,Gender,BMI,SystolicBP,DiastolicBP,BloodSugar,ExerciseHoursPerWeek,Smoking,AlcoholConsumption,SleepHoursPerNight,FamilyHistory,DiabetesRisk,HeartDiseaseRisk,HypertensionRisk,PulsePressure,BMI_Age_Interaction
69,1,34.59,140,87,122.8,7.4,0,1,7.4,0,0,1,1,53,23.8671
32,1,32.04,130,74,97.0,5.0,1,0,5.2,0,0,0,1,56,10.2528
78,0,25.33,140,84,125.4,3.5,0,0,7.9,1,1,0,0,56,19.757399999999997
38,0,19.96,124,82,106.4,3.4,1,0,6.8,0,0,0,1,42,7.5848
41,0,26.03,129,64,65.3,2.5,0,0,9.0,0,0,0,0,65,10.6723
20,0,21.18,108,64,108.8,2.1,0,1,6.5,0,0,0,0,44,4.236000000000001
39,1,25.17,127,72,101.1,3.6,0,1,7.4,0,0,0,0,55,9.816300000000002
70,1,21.75,120,82,118.1,1.0,0,0,8.0,0,0,1,0,38,15.225
19,1,24.54,106,70,87.2,5.7,0,0,7.9,1,0,0,0,36,4.6626
47,0,18.19,131,73,95.7,5.4,1,0,6.4,0,0,0,1,58,8.5493
55,0,22.78,125,65,116.9,7.8,0,0,6.0,0,0,0,0,60,12.529000000000002
19,0,29.15,124,74,80.5,3.1,0,0,7.6,0,0,0,0,50,5.5385
81,0,30.62,147,90,102.9,5.5,0,0,7.0,1,0,1,1,57,24.802200000000003
77,1,29.36,137,81,127.9,4.6,0,0,8.4,0,1,1,0,56,22.6072
38,0,24.62,121,72,108.4,1.7,0,0,7.5,1,0,0,0,49,9.3556
50,0,27.52,136,77,90.7,5.3,0,0,7.7,0,0,0,0,59,13.76
75,0,38.08,158,93,143.9,4.5,0,0,6.0,0,1,1,1,65,28.56
39,0,22.62,120,70,82.4,4.8,0,0,8.1,0,0,0,0,50,8.821800000000001
66,0,36.11,140,78,127.8,3.8,0,0,8.3,1,1,0,1,62,23.8326
76,1,18.43,152,91,88.6,3.4,0,0,7.3,0,0,0,1,61,14.0068
59,0,16.89,130,73,94.5,4.6,0,0,6.8,0,0,0,1,57,9.9651
77,1,25.95,140,88,115.1,6.8,0,0,7.4,0,0,0,0,52,19.981499999999997
32,0,26.58,129,68,110.5,5.1,0,1,6.1,1,0,0,0,61,8.5056
79,0,20.24,138,85,94.5,6.7,0,1,4.6,0,0,1,0,53,15.989599999999998
79,1,24.89,139,88,134.8,6.0,1,1,4.0,1,1,1,1,51,19.6631
64,0,29.14,139,91,109.9,5.7,0,0,5.7,1,0,1,1,48,18.6496
79,1,21.15,140,68,97.9,6.0,1,0,6.7,0,0,1,0,72,16.7085
68,0,32.69,136,84,125.2,7.4,0,0,8.7,1,1,0,0,52,22.229200000000002
72,1,33.33,140,89,112.5,9.1,0,0,7.2,0,0,0,0,51,23.9976
81,1,34.02,170,83,135.5,8.9,0,0,7.8,1,1,1,1,87,27.556200000000004
20,1,21.53,102,83,88.8,6.8,1,0,7.0,1,0,0,0,19,4.306
68,1,22.29,144,72,107.5,5.1,0,0,6.4,1,0,0,0,72,15.1572
24,1,25.8,120,74,74.1,1.2,0,0,6.7,0,0,0,0,46,6.192
38,0,25.22,107,80,109.3,6.5,0,1,6.3,1,0,0,0,27,9.583599999999999
56,1,24.91,134,81,95.7,1.8,0,0,5.9,0,0,0,1,53,13.9496
35,1,31.18,122,70,95.8,3.6,0,0,7.9,0,0,0,0,52,10.913
21,0,30.35,129,75,94.1,5.5,0,1,6.8,0,0,0,0,54,6.3735
77,0,21.73,137,69,97.1,7.4,0,0,6.1,0,0,1,0,68,16.7321
31,1,20.18,121,62,98.9,2.3,0,0,7.3,1,0,0,0,59,6.255800000000001
26,0,19.61,121,74,90.1,4.2,0,1,8.1,0,0,0,0,47,5.0986
70,0,21.7,133,72,121.6,2.4,0,1,6.2,1,0,1,1,61,15.19
19,1,31.71,122,80,77.9,3.7,0,0,8.2,0,0,0,0,42,6.0249
77,0,27.63,134,78,113.3,8.2,0,1,7.3,1,0,1,1,56,21.2751
61,0,32.17,142,77,118.6,2.9,0,0,8.1,1,1,0,1,65,19.6237
25,1,16.94,118,69,105.2,3.4,0,0,8.6,1,0,0,0,49,4.235
64,0,28.39,135,83,137.1,3.6,0,0,5.7,0,1,1,0,52,18.1696
52,1,28.31,149,71,117.6,3.6,1,0,5.4,0,0,0,0,78,14.7212
53,0,33.76,146,89,98.5,1.9,0,0,6.4,0,0,1,1,57,17.8928
67,0,24.43,133,71,96.2,10.5,0,0,6.7,0,0,0,0,62,16.3681
21,0,24.02,112,62,85.0,11.9,0,0,7.4,0,0,0,0,50,5.0442
19,1,35.54,115,65,111.8,5.6,0,0,7.5,0,0,0,0,50,6.7526
23,0,25.81,115,74,118.2,3.0,0,1,9.4,0,1,0,0,41,5.9363
71,0,27.83,144,85,114.4,4.0,0,0,4.7,0,0,0,1,59,19.7593
21,0,29.56,111,79,109.4,1.6,0,0,7.3,0,0,0,0,32,6.2076
71,0,17.13,136,85,100.0,4.6,0,0,8.1,0,0,0,0,51,12.1623
80,0,27.04,147,86,114.7,5.4,0,0,5.9,0,0,1,1,61,21.631999999999998
35,0,19.58,110,85,88.0,5.4,0,1,6.6,0,0,0,0,25,6.853
61,1,26.29,134,76,108.5,2.2,0,0,8.4,1,0,0,0,58,16.0369
51,0,25.09,138,71,80.3,7.7,1,0,5.4,0,0,0,0,67,12.7959
79,1,23.86,137,79,93.0,7.9,0,0,7.6,0,0,1,1,58,18.8494
31,1,30.43,116,73,114.6,4.8,0,0,8.6,0,0,0,0,43,9.433300000000001
65,0,27.36,140,71,117.0,4.2,0,0,4.8,1,0,1,1,69,17.784
32,0,20.65,108,56,90.9,3.9,0,0,6.5,0,0,0,0,52,6.608
79,1,20.45,148,79,85.9,2.9,0,1,8.9,0,0,0,1,69,16.1555
57,1,31.67,142,73,101.8,12.3,0,0,7.7,0,0,0,0,69,18.0519
70,0,26.58,130,94,110.0,3.0,0,1,7.4,0,0,0,1,36,18.605999999999998
41,1,18.54,110,73,84.5,5.0,0,0,8.2,0,0,0,0,37,7.6014
43,0,24.38,139,72,95.2,0.9,0,0,5.9,1,0,0,1,67,10.4834
77,0,25.89,137,69,121.9,1.6,0,1,6.6,1,1,1,1,68,19.935299999999998
58,0,19.64,121,74,100.3,6.4,0,0,6.9,0,0,0,0,47,11.391200000000001
46,1,23.11,114,69,119.4,3.6,0,0,7.4,0,0,0,0,45,10.6306
32,1,32.12,117,89,112.6,1.9,0,0,6.6,0,0,0,0,28,10.2784
62,1,41.24,171,93,133.4,8.8,0,0,5.0,1,1,1,1,78,25.5688
82,0,28.56,152,86,133.9,4.0,0,1,7.6,1,1,1,1,66,23.4192
26,0,18.94,108,62,79.3,3.3,0,0,6.2,1,0,0,0,46,4.9244
18,0,25.54,101,78,81.2,8.1,0,0,7.3,0,0,0,0,23,4.5972
25,1,27.51,137,71,110.2,3.3,1,0,7.2,1,0,0,0,66,6.8775
80,0,31.36,143,92,122.2,5.5,0,1,6.4,1,0,1,1,51,25.088
28,0,31.5,130,73,100.3,5.4,0,0,6.2,1,0,0,0,57,8.82
25,0,34.71,141,90,79.9,4.3,0,0,9.4,0,0,0,1,51,8.6775
52,1,26.79,134,78,78.8,0.9,1,1,8.9,0,0,1,1,56,13.9308
52,0,26.9,112,88,126.7,2.5,0,0,7.1,1,1,0,0,24,13.988
50,0,15.85,112,62,109.2,5.6,0,1,8.2,0,0,0,0,50,7.925
22,0,20.93,115,72,93.2,7.5,0,0,7.8,0,0,0,0,43,4.6046
58,1,18.9,132,73,66.5,5.2,0,1,7.9,0,0,0,0,59,10.961999999999998
45,1,21.92,121,73,104.2,4.1,0,1,7.3,1,1,0,0,48,9.864
24,1,20.12,114,82,118.0,1.2,0,0,8.0,1,0,0,0,32,4.8288
29,0,20.51,107,66,84.6,1.6,0,0,8.2,0,0,0,0,41,5.947900000000001
51,0,33.12,155,78,94.6,12.5,0,1,8.1,1,0,1,0,77,16.891199999999998
50,1,15.64,138,76,104.1,0.3,1,0,5.0,0,0,0,0,62,7.82
65,0,25.65,131,77,126.3,0.9,0,0,7.2,1,1,1,0,54,16.6725
40,0,31.81,127,79,94.8,7.7,0,0,9.2,0,0,0,0,48,12.723999999999998
79,0,25.05,131,79,103.8,2.9,0,0,7.9,0,0,0,1,52,19.7895
54,1,34.5,151,98,110.6,1.3,0,0,5.9,0,0,0,1,53,18.63
61,0,23.32,129,84,94.7,5.6,0,1,5.3,0,0,0,1,45,14.2252
52,1,36.95,147,86,105.4,5.0,0,1,7.2,0,0,1,1,61,19.214000000000002
82,1,17.7,152,75,115.2,2.8,0,1,4.8,1,0,1,1,77,14.514
64,0,34.51,126,87,110.3,0.8,0,0,7.5,0,0,0,1,39,22.086399999999998
20,0,21.61,110,63,89.1,3.4,1,0,7.0,0,0,0,0,47,4.322
18,1,35.18,128,73,101.0,7.1,0,1,6.3,0,0,1,0,55,6.3324
22,1,24.09,104,86,81.1,4.5,1,0,8.5,0,0,0,0,18,5.2998
31,1,33.21,130,81,118.5,4.3,0,0,6.8,0,0,0,0,49,10.2951
44,1,34.19,136,77,113.6,4.4,0,1,6.2,0,0,0,1,59,15.0436
26,0,23.45,123,77,72.6,6.6,0,0,8.4,0,0,0,0,46,6.0969999999999995
32,1,32.73,130,84,111.8,1.7,1,0,7.4,0,0,0,0,46,10.4736
59,0,26.64,118,79,111.9,2.5,0,0,6.6,0,0,0,1,39,15.7176
68,1,18.32,125,76,121.8,5.3,0,0,5.5,0,0,0,0,49,12.4576
80,1,29.75,154,81,124.3,1.7,0,1,6.9,0,1,1,1,73,23.8
69,1,20.9,122,81,117.4,6.8,0,0,6.1,1,0,1,0,41,14.421
21,1,23.01,135,76,100.5,1.2,0,0,7.9,0,0,0,0,59,4.8321000000000005
40,1,21.62,115,69,98.1,6.6,0,0,5.5,1,0,0,0,46,8.648000000000001
32,0,28.99,126,93,92.3,3.9,1,0,8.4,1,0,1,1,33,9.2768
60,1,21.08,133,71,100.0,2.2,0,1,8.4,0,0,1,1,62,12.648
46,0,19.69,119,70,100.9,5.1,0,0,6.9,0,0,0,0,49,9.0574
53,1,20.75,133,80,95.9,3.8,0,0,8.0,0,0,0,0,53,10.9975
30,0,22.68,115,70,77.4,3.4,1,0,8.3,0,0,0,0,45,6.803999999999999
49,0,29.68,133,81,121.8,1.0,0,0,6.3,1,0,0,0,52,14.543199999999999
76,1,32.07,150,86,116.7,3.6,0,1,7.7,1,1,1,1,64,24.3732
45,1,31.99,117,79,130.6,2.1,0,0,8.0,1,0,0,0,38,14.3955
83,0,26.6,154,76,116.9,3.3,1,0,6.3,0,1,1,1,78,22.078000000000003
59,1,26.45,124,81,102.3,4.7,0,1,8.2,0,0,0,0,43,15.6055
62,1,25.73,120,74,98.8,8.3,0,0,7.7,1,1,0,0,46,15.9526
79,1,29.38,153,93,94.2,1.3,0,0,8.2,0,1,0,1,60,23.2102
74,0,33.29,145,78,107.1,3.6,0,0,7.8,0,1,0,1,67,24.6346
23,1,25.92,127,75,102.8,3.1,0,1,8.5,1,0,0,0,52,5.961600000000001
45,1,29.89,134,77,91.9,1.7,0,0,7.5,1,0,0,1,57,13.4505
45,0,19.61,124,57,72.4,5.2,0,0,6.6,0,0,0,0,67,8.824499999999999
61,1,31.75,119,73,100.9,7.1,0,0,6.9,0,0,0,0,46,19.3675
47,1,28.05,138,82,108.4,3.9,1,0,6.6,1,0,1,0,56,13.183500000000002
79,1,20.81,130,66,102.7,3.0,0,0,6.7,0,0,0,0,64,16.4399
79,0,33.0,147,88,133.6,8.8,0,0,8.1,1,0,1,1,59,26.07
18,0,19.6,124,71,99.8,5.8,0,1,7.0,0,0,0,0,53,3.528
44,1,15.0,113,59,99.9,8.0,0,0,7.3,0,0,0,0,54,6.6
79,0,31.71,151,84,121.1,4.8,0,1,4.9,0,1,1,0,67,25.050900000000002
20,1,29.04,108,68,91.9,2.3,0,0,7.4,0,0,0,0,40,5.808
44,0,19.78,124,71,64.4,4.1,0,0,7.3,0,0,0,0,53,8.7032
26,0,28.86,106,72,108.0,2.7,0,0,7.3,1,1,0,0,34,7.5036000000000005
79,0,33.59,148,83,118.7,2.4,0,0,5.1,1,1,1,0,65,26.5361
54,1,28.31,135,89,131.5,2.8,0,0,6.5,0,0,0,0,46,15.2874
68,0,40.94,148,83,121.3,2.3,0,0,5.4,0,0,1,1,65,27.8392
61,1,21.86,121,74,101.9,1.2,0,1,6.4,0,0,0,0,47,13.3346
41,1,15.0,119,67,89.1,6.2,1,0,6.9,0,0,0,0,52,6.15
76,1,18.62,147,79,97.8,6.7,0,1,7.2,0,1,1,0,68,14.151200000000001
49,1,15.0,129,73,78.5,3.7,0,0,6.8,0,0,1,0,56,7.35
69,0,39.21,163,90,107.9,1.8,0,1,6.8,0,0,1,1,73,27.054900000000004
79,0,26.77,141,69,102.7,5.4,0,0,6.8,0,0,0,0,72,21.1483
75,0,38.05,157,80,128.4,2.3,0,0,5.7,1,1,0,1,77,28.5375
69,1,24.74,136,76,137.4,4.2,0,0,6.4,1,1,0,1,60,17.0706
29,1,21.55,128,72,111.8,0.8,0,0,8.0,0,1,1,0,56,6.2495
56,0,16.77,113,67,103.3,5.5,0,0,8.5,1,1,0,0,46,9.3912
19,0,24.5,124,71,81.1,4.9,0,1,7.0,0,0,0,0,53,4.655
20,1,31.7,110,75,89.2,3.0,0,1,7.6,0,0,0,0,35,6.34
73,0,25.5,145,76,109.2,2.0,0,1,6.7,0,0,0,1,69,18.615
76,1,17.53,136,66,98.1,6.9,0,1,6.4,0,0,1,0,70,13.322800000000003
19,0,30.59,118,65,87.5,14.15,0,0,6.4,0,0,0,0,53,5.8121
19,1,31.67,141,89,101.7,4.2,1,1,9.5,0,0,0,0,52,6.0173000000000005
71,0,23.73,137,80,108.8,1.2,0,0,6.0,1,0,1,0,57,16.8483
18,0,23.0,105,71,88.5,1.7,0,0,7.8,0,0,0,0,34,4.14
36,0,16.89,120,72,116.3,3.6,0,0,5.8,1,0,0,0,48,6.0804
19,0,30.44,130,78,105.3,2.4,0,0,9.6,1,0,0,1,52,5.7836
70,0,24.12,135,66,89.4,2.1,0,0,8.2,0,0,1,0,69,16.884
61,0,15.0,137,84,108.0,3.4,0,1,7.3,0,0,1,1,53,9.15
49,1,18.19,118,69,99.7,4.6,0,1,8.9,0,0,0,0,49,8.9131
49,0,30.06,145,84,116.5,2.8,0,1,7.4,0,0,0,1,61,14.729399999999998
72,1,24.82,161,88,109.2,1.9,1,1,8.0,0,0,1,1,73,17.8704
73,0,20.21,135,75,94.3,8.3,0,0,8.4,0,0,0,0,60,14.753300000000001
34,1,27.11,114,73,92.7,9.4,0,0,6.9,0,0,0,0,41,9.2174
55,1,21.93,152,80,99.3,1.5,1,0,7.1,0,0,1,0,72,12.0615
41,0,23.07,117,71,89.2,12.3,0,0,7.2,0,0,0,0,46,9.4587
28,0,25.24,119,77,106.3,0.6,0,1,6.0,0,0,0,0,42,7.067199999999999
33,0,36.58,144,84,123.2,1.6,0,0,6.7,1,0,0,0,60,12.071399999999999
76,0,36.55,169,89,139.4,5.4,1,1,6.6,0,0,1,1,80,27.778
20,1,15.37,99,66,95.5,4.7,0,0,8.1,0,0,0,0,33,3.074
37,1,26.43,120,66,119.9,13.4,0,0,5.8,1,0,0,0,54,9.7791
76,1,18.38,154,70,110.4,5.4,1,0,8.0,0,0,1,0,84,13.968799999999998
53,1,20.63,115,80,113.3,4.4,0,0,7.5,0,0,0,0,35,10.9339
36,1,16.02,128,75,85.3,2.9,1,0,5.5,0,0,0,0,53,5.7672
84,1,21.77,140,72,130.1,2.6,0,0,7.9,1,0,0,1,68,18.2868
36,1,19.88,114,70,102.0,5.5,1,0,7.8,1,0,0,0,44,7.1568
37,0,32.75,130,83,106.7,3.7,0,0,6.5,0,0,0,0,47,12.1175
69,0,21.92,147,79,126.9,1.9,0,0,7.1,1,1,1,0,68,15.1248
50,0,15.51,119,68,91.9,7.1,0,0,6.1,0,0,0,0,51,7.755
57,1,26.78,131,77,92.4,1.9,0,0,9.0,0,0,0,0,54,15.2646
56,0,25.77,125,75,121.4,2.4,0,1,7.0,1,1,0,1,50,14.431199999999999
18,0,25.27,122,75,105.5,5.4,1,0,7.1,1,0,0,0,47,4.5486
28,0,30.34,109,84,114.8,1.9,0,0,7.3,0,0,0,0,25,8.4952
74,0,33.94,139,80,114.4,11.4,0,0,7.7,1,0,0,1,59,25.1156
67,1,25.19,125,79,78.5,5.2,0,1,7.6,0,0,0,0,46,16.8773
40,0,28.34,124,75,104.5,7.5,0,0,7.2,0,0,0,0,49,11.335999999999999
48,1,25.33,121,80,96.8,3.4,0,0,6.7,0,0,1,0,41,12.158399999999999
59,1,29.74,140,80,123.8,7.3,0,0,7.5,1,0,0,0,60,17.546599999999998
24,0,18.28,118,70,102.3,2.8,0,1,7.8,1,0,0,0,48,4.3872
33,1,30.38,139,85,86.0,3.2,1,1,7.8,0,0,0,1,54,10.0254
77,1,28.44,144,80,103.8,12.3,0,0,7.7,1,0,0,1,64,21.8988
19,0,21.23,115,72,97.1,10.1,1,0,7.3,0,0,0,0,43,4.0337
18,0,39.61,122,84,106.2,4.4,0,0,8.0,0,0,0,0,38,7.1298
65,0,18.92,121,73,101.8,5.9,0,1,5.7,0,0,0,0,48,12.298000000000002
29,1,28.71,113,86,98.2,4.3,1,1,5.5,0,0,0,0,27,8.3259
54,1,21.25,129,78,96.2,1.3,0,0,5.1,0,0,1,0,51,11.475
49,0,30.15,117,63,116.2,2.8,0,0,7.4,0,0,0,0,54,14.773499999999999
26,0,38.4,133,79,106.6,14.15,0,0,9.3,0,0,0,1,54,9.984
36,0,31.3,144,88,103.2,7.8,1,1,8.3,0,1,0,0,56,11.267999999999999
65,1,26.13,131,92,106.0,5.1,0,1,6.8,1,0,1,1,39,16.9845
20,0,32.19,130,76,119.8,3.6,0,1,7.2,1,1,0,0,54,6.438
37,1,23.38,124,85,113.5,3.5,1,0,6.2,1,0,1,0,39,8.650599999999999
41,0,29.64,145,66,107.7,8.7,0,0,8.5,1,0,0,0,79,12.1524
71,1,27.31,142,72,124.4,4.7,0,0,7.2,0,0,0,0,70,19.3901
50,1,19.74,115,71,113.0,3.5,0,1,6.8,1,0,1,0,44,9.87
41,1,36.71,121,82,124.3,3.2,0,1,6.6,0,0,0,0,39,15.051100000000002
53,0,34.01,131,88,129.7,2.1,0,0,7.4,1,1,1,0,43,18.0253
55,1,21.83,116,65,109.4,2.4,0,0,5.6,1,0,1,0,51,12.006499999999999
42,0,32.75,133,84,91.2,6.9,0,1,6.3,0,0,0,1,49,13.755
35,0,19.97,123,79,95.6,3.2,0,1,8.1,1,0,0,0,44,6.9895
83,1,29.48,172,82,132.1,3.7,1,0,4.8,1,1,1,1,90,24.468400000000003
71,1,27.08,136,74,148.9,3.4,0,0,5.5,1,1,0,1,62,19.226799999999997
52,1,36.53,137,80,95.7,6.9,0,0,8.2,0,1,0,0,57,18.9956
78,0,28.73,151,89,133.3,4.0,0,0,8.4,1,1,0,1,62,22.4094
58,1,17.84,120,71,101.5,12.4,0,0,8.3,1,0,1,0,49,10.3472
50,1,32.71,125,76,133.6,2.3,0,0,7.1,0,0,0,0,49,16.355
50,1,24.24,141,75,96.3,4.8,1,0,7.4,1,0,1,1,66,12.12
31,1,23.97,122,84,87.7,3.9,0,0,8.1,0,0,0,1,38,7.430699999999999
38,1,26.97,128,87,105.2,1.3,0,1,6.6,1,0,1,1,41,10.2486
65,0,23.47,136,78,85.7,5.0,0,1,6.9,0,0,1,1,58,15.2555
37,1,37.21,147,79,119.2,1.6,1,0,5.7,1,1,0,1,68,13.7677
25,1,31.47,110,80,124.7,4.0,1,0,6.0,1,0,0,0,30,7.8675
24,1,20.17,114,62,113.4,1.2,0,0,7.5,1,0,0,0,52,4.840800000000001
84,0,22.58,130,73,124.5,3.6,0,0,7.0,0,0,0,0,57,18.9672
34,0,19.2,116,78,90.5,4.4,0,0,6.5,0,0,0,1,38,6.528
50,0,32.41,154,87,103.3,4.0,1,1,8.5,0,0,1,1,67,16.205
65,1,26.41,156,86,109.8,3.0,1,0,6.2,1,0,1,1,70,17.1665
76,1,21.14,128,86,98.1,2.3,0,0,6.6,0,0,0,0,42,16.0664
39,0,35.92,145,92,98.3,1.3,1,0,7.1,0,0,0,1,53,14.0088
47,1,29.73,131,83,108.4,5.0,1,0,7.0,1,0,0,1,48,13.973099999999999
55,1,27.88,143,79,81.3,4.6,0,0,6.8,0,0,0,0,64,15.333999999999998
68,1,27.6,145,83,137.3,0.3,0,1,5.8,1,1,0,1,62,18.768
71,0,18.92,123,88,95.1,4.0,0,0,7.6,0,0,0,0,35,13.433200000000001
25,1,30.04,129,80,118.9,10.2,0,1,7.0,1,0,0,1,49,7.51
44,0,24.37,116,74,95.2,3.7,0,0,7.5,0,0,0,0,42,10.7228
44,1,31.85,129,70,115.1,8.4,0,1,7.2,0,0,1,0,59,14.014000000000001
38,0,30.51,131,89,72.1,3.9,0,1,9.2,0,0,0,0,42,11.593800000000002
47,0,26.45,124,74,100.9,3.1,0,0,8.3,1,0,0,0,50,12.431499999999998
45,1,26.04,126,78,92.2,7.4,0,1,5.9,0,0,0,0,48,11.718
81,0,36.42,153,83,132.4,5.6,0,0,9.6,0,0,1,1,70,29.5002
78,0,19.05,141,80,100.1,3.2,0,1,6.7,1,0,1,0,61,14.859000000000002
65,1,23.47,137,81,116.9,1.6,0,0,6.5,0,0,0,0,56,15.2555
36,1,33.39,122,87,123.5,1.6,0,1,6.5,1,0,0,1,35,12.0204
21,1,35.41,137,87,113.2,2.6,1,1,6.6,1,0,1,1,50,7.436099999999999
52,0,26.0,135,75,88.2,5.0,1,1,6.4,0,0,0,0,60,13.52
81,0,22.74,138,78,139.0,6.9,0,1,7.6,1,1,1,0,60,18.4194
66,0,22.86,135,75,95.2,6.2,0,0,7.8,0,0,0,1,60,15.0876
34,0,18.48,112,72,80.8,5.4,0,0,6.9,0,0,0,0,40,6.283200000000001
61,1,38.41,148,77,122.2,2.8,0,0,6.4,0,0,0,1,71,23.430099999999996
47,0,25.94,126,71,115.5,2.3,1,0,7.3,1,1,0,0,55,12.1918
63,0,29.5,134,79,95.7,2.8,0,0,7.0,0,0,0,0,55,18.585
23,0,29.56,119,77,114.3,4.5,0,0,5.3,0,0,0,0,42,6.7988
54,0,35.41,156,90,122.1,5.9,1,1,7.9,1,1,1,1,66,19.121399999999998
41,1,24.37,133,73,90.0,3.9,0,1,6.8,0,0,0,0,60,9.991700000000002
63,1,24.78,124,71,119.1,4.7,0,1,8.2,1,0,0,0,53,15.611400000000001
70,0,31.62,149,72,128.1,0.5,0,1,5.8,0,0,0,1,77,22.134
77,0,16.39,126,76,102.1,9.3,0,0,7.2,0,0,0,0,50,12.6203
80,0,35.44,156,78,115.5,5.8,0,0,8.0,1,0,1,1,78,28.351999999999997
49,1,36.88,154,96,116.5,6.1,0,1,8.1,0,0,1,1,58,18.0712
50,1,28.23,119,74,95.9,5.1,0,0,6.8,0,0,0,0,45,14.115
84,0,21.36,131,73,122.4,6.3,0,0,5.6,1,0,0,0,58,17.9424
35,0,31.75,142,74,102.2,2.9,0,0,7.3,0,1,0,0,68,11.1125
42,1,25.69,133,75,123.2,3.1,0,0,6.2,0,1,0,0,58,10.7898
71,1,27.62,145,84,120.7,1.8,0,0,6.4,0,1,1,1,61,19.6102
75,1,28.07,155,87,129.2,4.5,1,0,6.0,1,1,0,1,68,21.0525
84,0,22.98,142,86,113.3,3.3,0,1,8.5,0,0,0,1,56,19.3032
63,0,28.81,145,91,104.0,6.1,1,1,6.5,0,0,1,0,54,18.1503
41,0,18.31,104,73,93.3,6.1,0,0,7.2,0,0,0,0,31,7.507099999999999
49,1,15.0,126,79,80.9,2.4,1,0,5.9,0,0,0,1,47,7.35
64,1,28.91,150,74,123.9,2.5,0,0,8.2,0,0,1,0,76,18.5024
40,0,32.85,156,98,117.8,1.8,1,1,7.2,1,0,1,1,58,13.14
83,0,23.82,138,85,106.8,0.1,0,1,8.5,0,0,1,1,53,19.770599999999998
44,0,23.5,121,81,95.8,5.7,0,0,6.3,0,0,0,0,40,10.34
19,0,30.56,116,73,94.6,4.6,0,0,7.1,0,0,0,1,43,5.8064
34,0,26.68,120,75,112.6,3.9,0,1,6.4,1,0,0,1,45,9.0712
50,1,23.52,122,74,98.5,3.8,1,0,6.5,0,0,1,0,48,11.76
26,0,28.57,127,75,93.5,14.15,0,0,7.9,0,0,0,1,52,7.4282
60,0,26.84,134,80,105.8,2.1,0,0,7.2,0,0,0,1,54,16.104
65,1,19.55,134,68,107.9,3.1,0,1,6.2,1,0,1,0,66,12.7075
56,0,26.17,137,85,112.4,4.1,0,1,5.3,0,0,0,0,52,14.6552
59,0,27.86,125,81,109.9,4.2,0,0,7.1,0,0,0,1,44,16.4374
43,0,23.7,123,73,68.7,9.0,0,0,6.8,0,0,0,0,50,10.191
67,1,32.17,131,78,101.0,0.9,0,0,8.4,0,0,1,1,53,21.553900000000002
42,1,29.6,140,70,128.6,2.4,1,0,8.5,1,1,1,0,70,12.432
41,0,25.19,137,76,103.6,4.1,0,0,7.7,1,0,0,1,61,10.3279
30,1,27.58,111,71,98.2,2.9,0,0,7.7,0,0,1,0,40,8.274
77,0,24.62,139,85,103.4,4.0,0,0,6.5,0,0,1,0,54,18.9574
24,1,25.5,111,81,81.7,3.1,0,0,7.5,0,0,0,0,30,6.12
74,1,25.71,133,83,118.4,7.3,0,0,7.9,0,0,0,0,50,19.0254
53,1,16.53,120,63,133.5,7.1,0,0,6.8,1,0,0,0,57,8.7609
62,0,26.96,138,86,111.0,4.9,1,1,8.0,0,1,0,1,52,16.7152
37,1,28.65,128,75,83.1,7.4,1,0,6.8,0,0,0,0,53,10.6005
82,1,41.08,166,81,131.8,1.7,0,0,7.0,0,1,1,1,85,33.6856
25,1,29.35,117,77,99.0,6.1,0,0,7.9,1,1,0,0,40,7.3375
33,1,23.01,120,70,98.0,8.4,0,0,5.5,1,0,0,0,50,7.5933
31,0,17.28,109,76,94.0,4.4,1,0,6.6,0,0,0,0,33,5.356800000000001
32,0,20.67,118,74,77.4,5.1,0,1,9.8,0,0,0,0,44,6.614400000000001
83,0,23.9,132,80,115.1,2.1,1,0,5.4,1,1,1,0,52,19.837
49,0,24.01,127,68,108.8,2.6,0,0,8.2,0,0,0,1,59,11.7649
80,1,25.42,144,83,109.7,3.0,0,0,6.4,0,0,0,0,61,20.336000000000002
68,1,24.47,133,78,103.9,7.9,0,0,6.1,1,0,0,1,55,16.6396
42,1,25.46,127,68,117.2,1.1,0,0,6.6,0,0,0,0,59,10.6932
75,0,24.35,133,78,102.2,4.3,0,0,5.4,0,0,1,0,55,18.2625
80,0,26.91,140,91,125.7,4.5,1,0,6.3,1,1,1,1,49,21.528000000000002
79,1,21.56,116,66,99.9,5.2,0,0,8.4,0,0,0,0,50,17.0324
39,0,19.5,124,72,98.1,9.1,0,1,8.6,1,0,0,0,52,7.605
75,0,25.42,129,90,108.1,2.4,0,0,6.0,0,0,0,1,39,19.065
75,1,29.32,148,76,121.2,4.3,0,1,6.9,1,0,1,0,72,21.99
66,1,20.31,140,77,83.6,5.5,0,0,7.5,0,0,0,1,63,13.404599999999999
69,0,23.47,145,72,76.7,10.2,1,0,7.9,1,0,0,0,73,16.1943
59,1,25.95,132,66,104.7,1.4,0,0,8.6,0,1,1,0,66,15.3105
32,1,25.81,100,69,108.9,5.1,0,0,6.7,0,0,0,0,31,8.2592
71,1,31.17,158,91,123.0,1.7,1,0,7.1,0,1,1,0,67,22.1307
77,1,32.25,166,79,153.3,7.8,1,1,5.7,1,1,1,1,87,24.8325
25,0,28.09,132,75,90.4,1.1,1,1,6.5,0,0,0,0,57,7.0225
70,1,33.81,137,92,135.8,6.7,0,0,6.6,1,1,1,0,45,23.667
77,0,24.66,147,85,124.2,1.3,0,0,6.3,0,0,1,1,62,18.9882
22,0,31.67,121,81,120.3,3.2,0,0,7.7,1,1,0,0,40,6.9674000000000005
23,1,23.24,123,73,87.0,2.0,0,1,9.4,0,0,0,0,50,5.3452
64,1,28.52,142,71,100.5,2.5,0,0,5.9,0,0,1,0,71,18.2528
72,1,30.54,146,95,109.1,1.5,0,1,6.9,0,0,0,1,51,21.9888
57,1,27.13,161,75,103.0,5.8,1,1,7.0,0,0,0,1,86,15.464099999999998
69,1,21.2,147,77,91.9,2.6,0,0,8.8,0,0,0,1,70,14.628
33,1,17.1,120,65,103.7,4.3,0,0,6.7,1,0,0,0,55,5.643000000000001
30,0,30.03,106,75,92.5,5.3,0,0,7.2,0,1,0,0,31,9.009
47,0,25.22,125,79,102.6,4.9,0,0,7.1,0,0,0,1,46,11.853399999999999
36,0,25.62,116,76,112.8,8.7,0,0,8.2,0,0,0,0,40,9.2232
34,0,35.5,121,79,120.9,6.9,0,1,8.2,0,0,0,0,42,12.07
80,0,21.31,132,70,95.2,11.0,1,0,6.6,1,1,0,0,62,17.048
36,1,31.09,122,79,85.1,2.3,0,0,6.5,0,0,1,0,43,11.1924
75,1,22.52,140,83,110.5,6.4,0,0,7.8,1,0,0,0,57,16.89
72,1,25.77,138,87,101.0,5.8,1,0,8.6,0,0,1,1,51,18.5544
79,1,20.5,131,75,96.5,4.1,0,0,5.3,0,0,1,0,56,16.195
40,1,22.48,122,81,102.5,4.9,1,0,6.7,0,0,0,0,41,8.992
26,0,29.2,132,87,105.0,2.0,1,0,7.1,0,0,0,1,45,7.592
29,0,34.31,149,85,123.5,1.7,1,1,4.9,0,0,1,1,64,9.9499
18,0,29.26,128,82,89.4,5.7,0,1,6.5,0,0,0,1,46,5.266800000000001
75,1,28.57,136,80,100.4,4.4,0,1,7.2,0,0,1,0,56,21.4275
18,0,41.58,117,82,112.2,3.1,0,0,6.0,0,0,0,0,35,7.484399999999999
51,1,30.05,134,92,108.1,2.4,0,0,5.6,1,0,0,0,42,15.3255
65,1,21.38,112,77,112.1,12.2,0,0,7.4,0,0,0,0,35,13.897
18,0,17.04,115,72,98.9,1.3,0,0,7.5,1,0,0,0,43,3.0671999999999997
33,0,29.0,113,83,104.2,4.2,0,0,6.3,0,0,0,0,30,9.57
78,0,18.64,131,70,118.3,4.5,0,1,7.6,1,0,0,0,61,14.539200000000001
81,0,20.99,129,76,114.8,5.0,0,0,4.4,0,0,0,0,53,17.0019
80,1,28.56,142,87,115.5,1.3,0,1,7.7,0,0,0,1,55,22.848
39,1,32.83,132,76,98.3,1.6,0,0,8.6,0,0,0,0,56,12.8037
84,1,25.14,159,89,88.8,6.7,0,1,8.5,0,0,1,1,70,21.117600000000003
43,1,19.8,125,66,98.7,5.3,0,0,7.1,1,0,0,0,59,8.514
33,1,25.95,108,71,85.6,5.7,0,0,8.3,0,0,0,0,37,8.5635
68,1,25.22,125,72,109.6,6.3,0,0,6.9,1,0,0,0,53,17.1496
74,0,27.48,144,77,123.3,3.7,0,0,8.1,1,1,0,0,67,20.3352
46,1,19.83,104,67,85.9,8.0,0,0,6.0,0,0,0,0,37,9.1218
64,0,21.94,133,78,88.2,6.2,0,1,7.1,0,0,1,1,55,14.0416
79,0,32.74,154,89,132.1,2.3,0,0,8.8,1,1,1,1,65,25.8646
33,0,31.22,120,70,108.1,4.5,0,0,7.5,0,0,0,0,50,10.3026
65,1,33.55,143,83,116.8,4.1,0,0,8.0,1,0,1,1,60,21.8075
56,0,16.07,130,70,120.9,7.1,1,0,7.6,1,0,0,0,60,8.9992
50,0,21.66,125,75,73.8,1.5,0,0,6.9,1,0,0,0,50,10.83
40,1,32.55,133,86,111.4,0.6,1,0,8.5,1,0,1,0,47,13.02
27,1,30.24,124,80,99.9,4.2,1,0,6.1,1,0,0,0,44,8.1648
51,1,29.16,134,77,128.3,3.2,0,1,6.3,1,1,0,1,57,14.8716
69,1,24.7,130,76,98.4,3.9,0,0,7.5,0,0,0,0,54,17.043
27,1,23.2,113,86,106.7,5.1,0,0,9.1,0,0,0,1,27,6.263999999999999
36,1,26.99,129,78,105.3,5.5,0,0,5.2,1,0,0,0,51,9.7164
75,0,24.2,143,80,127.4,0.3,0,1,5.8,1,1,0,1,63,18.15
18,1,29.86,109,70,83.0,6.6,0,0,7.3,0,0,0,0,39,5.3748000000000005
21,1,27.02,111,72,96.2,5.7,0,1,7.6,0,0,0,0,39,5.6742
33,0,21.17,125,76,100.3,0.8,1,0,7.5,0,0,1,1,49,6.9861
41,0,30.48,129,86,128.1,5.2,1,0,7.4,1,0,1,0,43,12.4968
19,0,34.07,124,72,90.9,5.2,0,0,6.5,0,1,0,0,52,6.4733
49,1,34.46,130,78,105.5,6.2,0,1,6.9,0,0,0,0,52,16.8854
41,0,30.71,128,71,113.4,2.0,0,0,7.2,1,0,0,1,57,12.5911
29,1,30.79,124,78,110.2,2.5,0,0,9.0,0,0,0,0,46,8.9291
67,1,20.06,137,70,107.9,3.7,1,1,8.6,1,0,1,1,67,13.440199999999999
52,1,22.91,133,63,102.6,1.6,0,0,9.3,1,0,0,0,70,11.9132
50,1,25.82,125,71,87.0,7.4,0,0,7.2,1,0,0,0,54,12.91
50,0,30.24,144,77,94.7,5.3,0,0,6.2,0,1,0,0,67,15.12
78,0,23.32,145,68,98.2,5.1,0,0,6.1,0,0,1,0,77,18.1896
68,0,25.02,122,71,106.5,1.1,0,0,7.3,1,0,0,0,51,17.0136
60,1,30.05,144,88,119.9,2.2,0,1,7.7,0,1,0,1,56,18.03
29,0,27.6,116,81,75.0,4.0,0,0,8.9,0,1,0,0,35,8.004000000000001
84,0,28.74,156,81,136.7,5.5,0,0,6.0,1,1,1,1,75,24.141599999999997
82,0,22.29,140,77,119.8,4.1,0,0,6.2,0,1,0,0,63,18.2778
50,1,24.94,129,84,91.8,5.2,1,0,8.3,0,0,0,0,45,12.47
57,0,24.08,152,68,108.2,3.5,0,0,6.0,0,1,1,0,84,13.7256
60,1,26.79,140,85,105.8,1.6,0,1,7.2,1,0,1,1,55,16.073999999999998
61,0,24.29,127,70,114.2,2.2,0,0,8.9,1,0,0,0,57,14.8169
46,1,23.5,131,72,99.0,9.0,0,0,8.1,0,0,0,0,59,10.81
30,0,27.53,144,75,67.4,2.1,0,0,7.3,0,0,0,0,69,8.259
29,1,38.96,136,91,93.1,6.2,0,1,7.6,0,0,0,1,45,11.298399999999999
63,1,30.18,131,75,119.6,4.6,0,0,4.9,0,0,0,0,56,19.0134
19,0,16.47,103,79,90.6,4.4,0,0,8.9,0,0,0,0,24,3.1292999999999993
52,1,28.84,149,82,116.7,7.1,0,1,5.1,0,0,1,0,67,14.9968
25,1,23.81,126,70,97.9,6.8,1,0,6.5,0,0,0,0,56,5.9525
43,1,21.34,139,73,72.2,1.9,1,1,6.3,0,0,0,1,66,9.1762
51,1,30.88,140,84,100.9,6.9,1,0,7.2,1,0,1,1,56,15.7488
24,0,27.25,119,75,97.3,5.2,0,0,6.5,0,0,0,0,44,6.54
75,1,41.22,162,99,147.2,1.9,1,1,6.2,1,1,1,1,63,30.915
46,1,26.14,136,66,149.0,3.6,0,0,6.2,1,1,0,1,70,12.0244
53,1,25.49,140,78,110.5,2.9,0,0,10.0,1,0,1,0,62,13.5097
38,1,33.74,122,81,117.9,2.6,0,1,6.9,0,0,0,1,41,12.821200000000001
53,0,26.93,127,73,111.8,3.3,0,0,7.3,1,0,0,0,54,14.2729
27,1,20.67,117,68,95.1,6.3,0,1,8.0,1,0,0,0,49,5.580900000000001
41,1,21.69,122,67,80.4,2.5,0,0,7.2,0,0,0,0,55,8.892900000000001
81,0,24.9,144,80,103.0,5.3,0,1,5.8,0,0,0,1,64,20.168999999999997
66,1,30.61,149,88,98.1,4.8,1,0,8.1,0,0,1,1,61,20.2026
53,1,34.18,138,85,123.7,6.6,0,1,7.0,0,0,0,1,53,18.1154
41,0,31.45,132,83,95.1,2.0,0,0,6.4,0,0,0,1,49,12.8945
40,0,30.09,143,73,109.5,6.9,0,1,5.9,0,0,0,0,70,12.036
79,1,33.16,151,83,109.5,7.6,0,1,7.0,0,1,1,1,68,26.196399999999997
54,0,30.4,151,81,99.0,2.4,1,1,9.3,0,1,1,1,70,16.416
29,0,21.56,105,69,107.8,0.6,0,0,6.9,1,0,0,1,36,6.2524
72,0,25.52,136,70,118.4,5.3,0,0,5.4,1,0,1,1,66,18.3744
30,0,23.81,131,63,100.1,7.3,0,0,6.9,1,0,0,0,68,7.143
40,1,34.12,138,73,94.4,6.4,0,0,8.7,0,0,0,1,65,13.648
47,0,21.26,138,71,99.3,4.6,1,0,7.9,0,0,0,1,67,9.9922
34,1,21.38,129,71,101.9,2.8,1,0,6.3,1,0,0,0,58,7.2692
79,1,27.79,159,77,140.4,5.0,0,0,5.5,1,1,1,0,82,21.954099999999997
30,1,37.99,137,84,107.5,2.1,0,0,9.3,0,0,0,1,53,11.397
76,0,31.06,149,77,111.2,10.4,0,0,6.2,0,0,1,1,72,23.6056
36,1,32.84,120,97,112.7,5.8,1,1,5.6,1,0,1,0,23,11.822400000000002
66,0,20.38,135,79,102.0,5.1,0,0,7.2,0,0,0,1,56,13.4508
29,0,30.68,120,70,84.2,1.0,0,0,6.8,0,1,0,1,50,8.8972
78,1,20.36,137,83,113.7,2.6,1,0,8.0,0,0,1,1,54,15.880799999999999
36,1,31.04,125,79,109.1,2.0,0,0,8.5,1,0,0,0,46,11.1744
26,1,17.69,105,74,97.5,4.5,0,0,6.6,0,0,0,0,31,4.5994
45,1,24.83,110,85,101.3,4.5,1,0,5.4,1,0,0,0,25,11.173499999999999
69,1,15.0,139,77,103.5,4.2,0,0,7.3,0,0,0,0,62,10.35
33,1,21.67,110,62,69.0,6.9,0,0,7.4,0,0,0,0,48,7.1511000000000005
29,1,18.54,102,74,80.9,1.4,0,1,9.9,0,0,0,0,28,5.3766
42,0,30.58,145,85,106.6,2.4,1,0,5.9,0,0,1,1,60,12.843599999999999
69,0,27.35,132,83,103.2,3.0,0,0,8.6,1,0,1,1,49,18.8715
70,1,24.09,134,86,117.6,2.5,0,0,8.9,1,0,0,1,48,16.863
40,1,27.48,114,74,89.3,3.8,0,0,5.6,0,0,0,0,40,10.992
33,0,21.98,120,72,105.8,2.2,0,0,6.4,0,0,0,0,48,7.2534
74,0,28.67,153,76,118.8,2.1,0,0,7.3,0,0,1,1,77,21.215799999999998
56,0,26.35,128,84,121.1,1.2,0,1,6.6,1,0,0,1,44,14.756000000000002
70,1,40.03,155,88,125.6,0.8,0,0,7.4,0,0,1,1,67,28.021
59,1,36.27,130,92,89.4,2.3,0,0,7.5,0,0,0,0,38,21.399300000000004
75,1,32.26,155,75,127.9,5.0,0,0,7.3,0,1,1,1,80,24.195
56,1,28.5,128,77,98.7,6.3,0,0,7.2,0,1,1,0,51,15.96
31,1,29.24,113,70,119.5,5.9,0,0,7.5,0,0,0,0,43,9.0644
22,0,34.0,113,82,92.1,5.3,0,0,6.0,0,0,0,1,31,7.48
52,0,28.47,142,80,110.0,3.9,0,1,8.0,0,0,0,0,62,14.804400000000001
35,0,28.83,125,71,98.5,7.5,0,0,7.8,1,0,0,0,54,10.090499999999999
26,1,23.46,119,72,83.4,5.2,1,0,8.2,1,0,0,0,47,6.099600000000001
75,0,22.81,150,81,101.9,1.9,0,1,7.0,0,0,1,1,69,17.1075
34,1,26.18,109,72,76.3,9.1,0,0,5.2,0,0,0,0,37,8.9012
24,1,15.0,114,67,77.7,3.8,0,0,8.1,0,0,0,0,47,3.6
63,0,26.63,146,76,129.9,6.6,0,1,8.4,1,1,1,1,70,16.776899999999998
30,1,25.4,118,72,91.6,2.6,1,0,5.9,0,0,0,1,46,7.62
57,1,31.9,137,76,131.1,3.4,0,0,5.5,0,1,1,0,61,18.183
59,0,33.9,142,77,117.0,4.8,0,0,6.5,1,0,1,0,65,20.000999999999998
26,0,41.71,139,85,103.4,6.6,0,1,4.3,0,0,1,0,54,10.8446
67,1,30.16,146,92,109.1,5.0,0,0,7.1,0,0,0,1,54,20.2072
44,0,27.68,137,88,89.2,4.4,1,0,7.8,0,0,0,1,49,12.179200000000002
83,0,23.52,165,76,114.0,4.6,1,1,6.6,0,0,1,1,89,19.5216
22,1,20.72,109,65,90.3,1.4,0,1,6.6,1,0,0,0,44,4.5584
46,1,32.1,131,78,123.7,6.5,0,1,7.8,1,0,0,0,53,14.766000000000002
54,0,26.64,130,81,111.6,2.5,0,0,6.8,0,0,1,0,49,14.3856
55,1,29.26,139,75,124.4,5.2,1,0,7.1,1,0,1,0,64,16.093000000000004
25,1,26.91,108,82,98.4,7.2,0,0,8.7,0,0,0,0,26,6.7275
82,0,27.06,142,66,124.6,5.3,0,0,7.1,1,0,0,1,76,22.1892
34,1,28.07,141,76,86.7,4.9,0,1,7.8,0,0,0,1,65,9.5438
62,0,29.25,135,82,117.7,5.3,0,0,7.1,0,0,1,0,53,18.135
21,0,32.26,121,73,115.8,7.7,0,1,7.3,0,0,0,0,48,6.7745999999999995
53,1,19.65,122,85,106.4,4.6,1,1,5.3,0,0,0,1,37,10.414499999999999
48,1,30.2,139,75,109.7,1.0,0,0,4.3,1,0,1,0,64,14.495999999999999
36,0,19.33,118,66,80.6,2.1,0,0,6.6,0,0,0,0,52,6.958799999999999
78,1,30.87,141,83,123.0,2.4,0,0,8.3,0,0,1,1,58,24.0786
71,1,28.66,132,92,86.3,2.1,0,0,7.5,1,0,1,0,40,20.348599999999998
56,1,26.36,136,83,118.4,3.0,0,0,6.9,0,0,1,0,53,14.761599999999998
36,0,26.58,124,75,118.3,2.0,0,1,7.6,0,0,0,0,49,9.5688
56,1,27.59,116,74,101.6,5.2,0,0,6.6,1,0,0,0,42,15.4504
84,0,33.13,158,85,111.5,2.8,0,0,7.7,1,1,0,1,73,27.8292
62,0,32.61,136,81,118.2,6.5,0,1,6.2,0,0,0,0,55,20.2182
30,1,31.94,113,89,105.0,3.1,0,0,6.5,0,0,0,0,24,9.582
75,1,18.99,144,80,127.3,1.5,0,1,5.9,1,1,0,0,64,14.242499999999998
37,1,30.14,119,91,120.2,1.3,1,0,5.9,0,0,0,1,28,11.151800000000001
78,0,15.0,139,87,93.7,4.5,0,0,6.6,0,0,1,1,52,11.7
56,0,15.0,124,76,82.6,7.1,1,0,8.7,0,0,0,0,48,8.4
18,1,33.32,122,85,102.7,2.0,0,0,7.1,0,0,0,0,37,5.9976
20,0,18.41,121,67,79.9,8.9,1,1,6.9,0,0,1,0,54,3.682
79,1,25.76,142,79,129.7,4.2,0,1,8.6,1,1,1,1,63,20.3504
80,0,34.95,158,82,123.7,3.4,0,1,5.9,0,1,1,1,76,27.96
42,1,30.19,137,81,119.4,1.4,0,0,6.2,1,1,0,0,56,12.6798
73,1,28.95,136,88,96.3,6.5,0,1,6.6,0,0,0,1,48,21.133499999999998
50,1,26.48,139,84,107.3,3.6,1,1,7.4,0,0,0,1,55,13.24
55,1,27.53,131,77,81.4,4.7,0,0,9.3,0,0,0,0,54,15.1415
23,1,23.17,110,77,101.3,1.5,0,0,9.5,1,0,0,0,33,5.3291
75,0,24.02,136,82,113.2,2.7,0,0,7.0,0,0,1,1,54,18.015
61,0,27.3,154,77,104.6,4.5,0,1,6.0,0,1,1,1,77,16.653
62,1,28.15,130,78,107.9,6.3,0,0,6.3,1,0,0,0,52,17.453
49,0,25.88,130,82,128.8,5.0,0,1,6.5,1,0,0,0,48,12.681199999999999
62,1,15.0,133,85,88.9,2.0,0,0,8.6,0,0,0,0,48,9.3
78,0,35.88,162,87,96.6,1.5,0,0,8.0,0,1,1,1,75,27.986400000000003
64,0,32.24,123,82,92.6,4.9,0,0,7.5,0,0,0,1,41,20.6336
38,1,25.62,121,75,99.3,3.5,0,0,5.5,0,0,0,0,46,9.7356
53,1,32.42,140,100,121.8,1.8,1,0,7.9,1,1,1,1,40,17.1826
36,1,24.72,125,79,80.9,3.0,0,0,4.7,0,0,0,0,46,8.8992
37,1,28.64,140,86,90.6,8.3,1,1,6.1,0,0,0,1,54,10.5968
74,1,15.65,134,77,108.7,9.9,0,0,6.6,0,0,0,1,57,11.581000000000001
35,0,28.29,137,81,87.0,4.3,0,1,8.1,0,0,0,1,56,9.9015
64,0,25.17,127,75,100.0,7.4,0,0,8.1,1,0,1,0,52,16.108800000000002
66,1,28.06,139,84,97.6,7.2,1,1,6.9,1,0,1,1,55,18.519599999999997
31,1,36.72,130,85,120.0,2.7,0,1,6.3,0,0,0,0,45,11.383199999999999
32,1,26.7,124,69,94.6,1.8,0,1,7.4,0,0,0,0,55,8.544
48,1,24.15,121,75,110.9,1.7,0,0,6.5,0,1,0,0,46,11.591999999999999
18,0,24.21,113,74,94.6,5.0,0,1,7.1,0,0,0,0,39,4.3578
71,0,18.59,141,72,111.3,0.7,0,0,6.7,0,0,1,1,69,13.198900000000002
20,1,29.14,113,70,71.1,10.6,0,0,7.6,1,0,0,0,43,5.827999999999999
33,0,29.9,135,94,93.4,2.6,0,0,6.1,0,0,0,1,41,9.866999999999999
74,0,27.18,148,79,120.8,2.7,0,1,6.6,0,0,0,1,69,20.1132
29,0,32.14,122,86,102.3,8.8,0,0,5.6,0,0,0,0,36,9.3206
33,0,32.19,118,69,99.5,3.8,1,0,6.4,0,0,0,1,49,10.6227
41,1,27.21,106,76,98.4,4.1,0,0,7.7,0,0,0,0,30,11.156100000000002
45,1,30.2,124,83,114.3,6.6,0,1,7.0,1,0,0,0,41,13.59
25,1,39.4,132,89,117.0,4.3,0,0,4.0,0,0,0,0,43,9.85
53,1,22.03,113,70,83.8,8.8,0,0,7.0,0,0,0,0,43,11.675900000000002
25,0,31.28,103,83,112.3,3.6,0,0,7.0,0,0,0,0,20,7.82
75,1,27.3,153,80,95.2,7.9,1,1,8.4,0,0,1,1,73,20.475
77,0,32.87,149,80,127.8,5.9,0,0,7.4,0,0,1,1,69,25.3099
67,0,22.2,147,73,117.2,2.6,0,0,9.2,0,0,0,1,74,14.873999999999999
45,0,27.96,136,75,101.3,2.8,0,0,8.3,1,0,0,1,61,12.582
58,1,22.86,129,73,111.2,6.9,0,0,5.9,1,0,1,0,56,13.258799999999999
81,1,16.55,154,74,101.3,3.6,0,1,9.6,1,1,1,0,80,13.4055
44,1,34.95,137,81,122.5,1.9,0,0,6.7,1,1,0,1,56,15.378000000000002
80,1,24.28,137,71,97.8,7.8,0,0,6.6,0,0,1,0,66,19.424
34,0,21.91,112,67,86.7,7.8,0,0,5.8,0,0,1,0,45,7.449400000000001
50,1,23.45,134,77,87.6,2.9,1,0,6.0,0,0,1,1,57,11.725
46,1,37.38,142,94,147.5,0.8,0,1,4.2,0,1,1,1,48,17.1948
30,0,34.4,137,70,86.2,5.8,0,0,7.9,0,0,0,1,67,10.32
63,0,25.53,125,87,126.3,3.4,0,1,8.2,1,1,0,1,38,16.0839
52,1,31.8,137,94,102.2,3.9,0,0,7.6,0,0,1,1,43,16.536
23,1,20.56,114,72,76.7,7.3,0,1,7.0,1,0,0,0,42,4.7288
64,1,29.84,129,79,90.4,2.7,0,0,6.4,0,0,1,0,50,19.0976
42,1,24.3,117,81,92.9,1.9,0,0,7.2,0,0,0,0,36,10.206
83,1,29.33,163,90,130.0,5.6,1,0,7.0,1,1,1,1,73,24.343899999999998
27,0,18.83,127,69,83.9,1.9,0,0,8.2,0,1,0,0,58,5.084099999999999
73,0,23.35,132,75,91.1,2.7,0,0,7.2,1,0,1,1,57,17.0455
47,0,27.86,125,90,99.0,1.3,0,0,6.2,0,0,0,1,35,13.0942
22,0,27.79,125,73,88.2,5.8,0,1,7.5,1,0,0,0,52,6.1138
50,1,18.32,127,64,115.6,3.4,0,0,6.6,0,0,0,0,63,9.16
82,1,21.16,140,73,107.4,5.3,0,0,8.1,0,0,0,0,67,17.351200000000002
35,1,29.26,127,79,121.5,2.6,1,0,7.2,1,0,0,0,48,10.241000000000001
66,0,28.57,145,89,112.2,5.7,0,1,9.0,0,0,1,1,56,18.8562
28,1,30.6,129,71,88.6,3.4,0,1,7.3,0,0,0,0,58,8.568000000000001
43,0,27.9,124,61,103.0,2.4,0,0,9.0,1,0,0,0,63,11.997
80,0,20.69,136,79,96.0,4.3,0,0,7.1,1,0,1,1,57,16.552
76,1,24.75,134,78,121.3,12.9,1,0,8.0,0,0,0,0,56,18.81
44,1,29.88,139,75,111.7,4.0,0,0,7.0,0,0,0,0,64,13.1472
66,0,20.99,122,66,104.9,2.6,0,0,6.3,1,0,0,0,56,13.853399999999999
50,0,20.27,122,73,125.9,3.4,0,0,6.0,1,0,0,0,49,10.135
18,1,25.04,101,79,119.1,2.0,0,0,7.5,1,0,0,0,22,4.5072
38,0,28.37,137,87,92.2,2.7,0,0,7.7,0,0,0,0,50,10.7806
72,0,16.11,140,84,107.9,4.0,0,0,6.2,0,0,0,0,56,11.599200000000002
23,1,25.39,121,68,119.3,2.5,1,0,6.3,0,0,0,0,53,5.839700000000001
22,0,29.81,109,83,81.1,5.8,0,0,8.6,0,0,0,0,26,6.558199999999999
20,0,30.95,135,75,93.9,3.4,1,0,8.6,0,0,0,1,60,6.19
70,0,20.98,135,78,81.4,5.4,0,0,7.8,0,0,0,1,57,14.686000000000002
40,1,28.96,127,78,106.7,2.8,1,0,7.8,0,0,0,1,49,11.584000000000001
70,1,32.56,152,78,108.9,3.5,0,0,8.3,0,0,0,1,74,22.792
54,0,30.32,114,76,122.5,7.5,0,0,8.7,1,0,0,0,38,16.372799999999998
34,0,24.41,125,69,103.8,4.3,0,1,7.8,1,0,0,0,56,8.2994
18,0,15.0,101,65,101.1,1.3,0,0,8.4,0,0,0,0,36,2.7
68,0,28.01,135,78,123.4,8.0,0,0,6.3,1,1,1,0,57,19.0468
62,1,35.96,146,86,134.6,8.2,0,0,6.3,1,1,1,1,60,22.2952
21,1,31.58,108,81,108.6,1.1,0,1,8.1,0,0,0,0,27,6.631799999999999
79,0,31.18,153,78,121.9,3.1,0,1,6.0,0,0,0,0,75,24.632199999999997
82,0,27.78,144,78,117.7,9.1,0,0,8.4,0,0,0,1,66,22.779600000000002
49,0,32.0,125,78,119.1,7.8,0,0,6.2,0,0,0,0,47,15.68
51,0,28.56,134,79,89.9,4.3,1,0,7.8,0,0,1,0,55,14.5656
56,0,16.67,122,72,98.4,0.7,0,0,7.3,0,0,0,0,50,9.3352
43,1,31.97,135,88,102.2,10.3,0,1,6.3,0,1,0,1,47,13.7471
51,1,21.81,127,70,92.4,7.7,0,0,7.1,0,0,0,0,57,11.123099999999999
71,1,27.19,133,77,101.4,12.6,0,1,7.1,0,0,0,0,56,19.3049
20,0,31.09,119,75,79.8,1.7,0,0,7.5,0,0,0,0,44,6.218
67,1,22.45,134,73,101.2,3.4,0,0,5.9,0,0,0,0,61,15.0415
29,0,21.08,111,73,70.7,9.9,0,0,7.5,0,0,0,0,38,6.113199999999999
82,0,29.57,145,66,121.4,1.5,0,0,7.8,0,0,0,1,79,24.247400000000003
71,1,20.34,157,87,98.1,2.6,1,1,8.5,1,0,1,1,70,14.441400000000002
22,0,25.68,109,72,68.4,6.8,0,0,5.6,1,0,0,0,37,5.6496
74,1,33.34,141,84,107.4,5.1,0,0,7.8,0,0,0,0,57,24.6716
34,1,36.23,141,76,110.4,2.4,0,0,6.6,1,0,0,1,65,12.3182
64,1,16.47,148,86,130.7,1.9,0,1,8.5,1,1,0,1,62,10.540799999999999
40,1,25.53,118,74,73.8,7.2,0,1,6.7,0,0,0,0,44,10.212
31,0,34.17,126,86,99.5,2.3,0,1,7.0,0,0,0,1,40,10.5927
83,1,24.49,154,81,107.4,2.7,0,1,8.3,0,0,1,1,73,20.3267
68,1,31.39,142,91,102.8,3.5,1,0,6.5,0,0,1,1,51,21.3452
55,1,31.83,145,84,113.3,7.7,1,0,5.6,0,1,0,1,61,17.5065
81,0,23.26,149,85,106.7,12.3,0,1,4.0,0,0,0,0,64,18.840600000000002
55,1,29.29,140,88,103.8,4.0,0,1,7.1,1,0,0,1,52,16.1095
67,0,29.64,144,87,126.7,2.1,0,0,4.6,0,0,0,1,57,19.858800000000002
47,1,32.08,143,84,106.4,0.6,0,0,5.4,0,0,0,1,59,15.0776
68,0,17.37,119,84,112.6,4.6,0,0,6.7,0,0,0,0,35,11.8116
80,1,34.3,153,83,138.8,4.4,0,0,7.7,1,1,1,1,70,27.44
69,0,30.78,140,80,120.2,0.4,0,0,6.7,0,0,0,1,60,21.238200000000003
55,0,20.24,153,66,99.9,2.6,1,0,5.6,0,0,0,1,87,11.131999999999998
47,0,26.06,124,73,111.0,4.1,0,0,6.6,0,0,0,1,51,12.248199999999999
68,0,31.66,157,89,108.4,4.3,0,1,4.6,0,1,1,1,68,21.5288
22,0,20.55,119,75,81.0,4.5,0,1,7.3,0,1,0,0,44,4.521
46,0,21.44,122,81,77.2,2.4,0,0,9.2,1,1,0,0,41,9.862400000000001
21,1,26.91,138,74,87.7,2.5,1,0,8.5,0,0,0,0,64,5.6511000000000005
27,1,24.27,114,69,83.7,3.1,0,0,5.8,0,0,0,0,45,6.552899999999999
73,1,28.26,139,70,107.8,6.3,0,0,5.8,0,0,0,0,69,20.6298
34,0,31.57,131,78,107.5,6.3,0,0,5.6,1,0,0,0,53,10.7338
34,0,28.38,125,84,113.4,3.3,0,0,5.7,0,0,0,0,41,9.6492
51,0,26.74,116,81,113.6,5.3,0,0,6.0,1,0,1,1,35,13.6374
23,1,31.6,115,76,99.2,1.4,0,0,6.1,0,0,0,0,39,7.268000000000001
70,1,26.19,130,84,125.7,3.8,0,0,7.7,0,1,0,0,46,18.333000000000002
83,0,22.47,134,72,116.1,2.7,0,0,8.1,1,0,0,0,62,18.6501
60,0,33.5,152,73,115.7,3.4,0,1,5.9,0,0,0,1,79,20.1
40,1,15.0,123,68,99.6,5.7,0,0,5.4,0,0,0,0,55,6.0
72,1,27.17,137,83,121.0,4.7,0,0,8.0,0,1,0,1,54,19.562400000000004
33,1,24.69,128,82,68.2,3.3,1,0,8.2,0,0,1,1,46,8.1477
25,1,21.45,102,69,68.1,5.6,0,0,8.6,0,0,0,0,33,5.3625
21,0,28.53,118,79,95.0,2.0,0,1,6.3,0,0,0,0,39,5.9913
21,0,29.47,122,81,102.8,3.8,0,0,5.9,0,0,0,0,41,6.1887
73,0,21.99,132,71,115.4,6.9,0,0,8.0,0,0,1,1,61,16.0527
42,0,18.7,120,61,100.5,2.6,0,0,8.8,0,0,0,0,59,7.854
84,0,19.23,142,77,110.0,4.9,0,0,7.2,0,0,0,1,65,16.1532
84,1,37.32,156,89,115.9,4.0,1,0,8.6,0,0,1,1,67,31.3488
44,0,37.96,148,81,100.0,5.5,0,0,6.7,0,0,0,1,67,16.7024
49,0,26.97,135,69,107.1,3.6,0,1,6.7,1,0,0,0,66,13.2153
67,0,18.84,136,73,90.7,2.8,0,0,8.6,0,0,0,1,63,12.6228
78,0,25.96,131,75,107.0,7.1,0,1,7.2,0,0,0,0,56,20.248800000000003
68,0,15.0,130,81,106.0,3.0,0,0,7.9,1,0,0,1,49,10.2
36,1,28.63,105,82,118.5,4.6,0,0,6.0,0,0,0,0,23,10.3068
38,1,21.03,112,80,114.6,1.9,1,0,6.6,0,0,0,0,32,7.991400000000001
22,0,19.78,106,72,95.5,2.4,0,0,5.4,0,0,0,0,34,4.3516
59,1,32.47,140,94,100.0,3.4,0,1,7.1,0,0,0,1,46,19.1573
78,0,25.91,169,97,114.0,3.5,1,0,6.3,0,0,0,1,72,20.2098
39,1,31.82,149,76,83.5,8.6,0,0,7.4,0,0,1,0,73,12.4098
38,0,33.8,136,85,102.3,5.6,0,0,6.8,0,0,0,0,51,12.844
18,0,26.28,121,66,106.6,12.9,0,0,9.1,1,0,0,0,55,4.7304
22,1,26.77,119,76,89.6,1.8,0,0,7.4,0,0,0,0,43,5.889399999999999
29,0,32.94,138,78,88.4,7.2,1,0,7.2,0,0,0,0,60,9.5526
63,0,23.68,129,75,105.8,5.0,0,0,6.3,1,0,0,0,54,14.918399999999998
51,0,33.5,136,74,115.3,2.9,0,0,7.1,0,0,0,0,62,17.085
66,0,15.07,112,77,96.0,2.7,0,0,7.9,0,0,0,0,35,9.9462
62,0,24.74,135,76,101.0,4.9,0,1,5.4,1,0,1,1,59,15.338799999999999
44,1,27.89,121,73,91.2,3.7,0,0,8.3,0,0,0,0,48,12.271600000000001
43,1,19.81,126,73,86.2,4.6,0,0,8.1,1,0,0,0,53,8.5183
64,1,28.94,132,83,94.7,7.1,0,0,7.4,0,0,0,1,49,18.5216
73,0,27.8,156,82,112.4,6.4,0,0,8.3,0,0,0,1,74,20.294
80,0,22.55,138,79,100.0,2.4,0,0,6.3,0,0,1,0,59,18.04
65,0,22.33,140,79,115.6,5.2,1,1,5.4,0,0,1,1,61,14.514499999999998
78,0,21.74,152,87,113.4,3.0,0,1,7.6,1,0,0,0,65,16.957199999999997
43,1,17.71,118,73,93.9,1.6,0,0,5.3,1,1,0,0,45,7.615300000000001
53,0,36.14,150,95,83.0,7.1,0,0,5.7,0,0,1,1,55,19.1542
18,1,25.58,116,65,84.0,1.5,1,0,6.0,0,0,0,0,51,4.604399999999999
25,0,18.95,110,58,104.7,6.9,0,0,7.0,1,0,0,0,52,4.7375
69,0,26.09,132,95,115.0,2.6,1,0,6.7,1,0,0,1,37,18.0021
64,0,28.19,143,74,111.4,4.6,0,0,6.0,0,0,0,1,69,18.041600000000003
73,0,22.06,155,75,110.4,2.3,1,0,9.3,1,0,1,1,80,16.1038
31,0,24.68,125,68,79.1,2.9,0,1,8.3,1,0,0,0,57,7.6508
45,0,34.36,136,84,128.4,3.8,0,1,7.3,1,0,0,1,52,15.462
19,0,20.03,117,60,68.9,7.5,0,0,8.0,0,0,0,1,57,3.8057000000000003
43,1,23.43,117,63,117.3,3.4,0,0,6.9,1,0,0,0,54,10.0749
31,1,15.17,125,82,71.0,1.0,0,0,9.0,0,0,0,0,43,4.7027
76,0,37.38,144,86,143.3,5.1,0,0,9.9,1,1,1,1,58,28.4088
73,0,30.62,138,84,107.4,6.4,0,1,7.8,0,0,0,1,54,22.352600000000002
24,1,26.51,112,75,102.5,3.2,0,0,5.0,1,0,0,0,37,6.3624
20,1,22.64,107,73,88.4,2.9,0,0,7.3,0,0,0,0,34,4.5280000000000005
40,1,22.35,123,69,89.6,4.1,0,0,7.2,0,0,0,1,54,8.94
35,0,25.24,112,76,91.1,10.8,0,1,7.4,0,0,0,1,36,8.834
55,1,29.68,130,84,90.7,3.0,0,0,8.3,0,1,1,0,46,16.324
32,1,20.63,117,77,95.6,8.9,0,0,6.5,1,0,0,0,40,6.6015999999999995
81,0,24.11,135,78,115.8,4.3,0,1,6.9,1,0,0,0,57,19.5291
45,1,31.77,128,75,111.2,4.0,0,0,7.2,0,0,0,0,53,14.296500000000002
56,0,36.13,140,87,128.5,1.0,0,0,6.6,0,1,0,0,53,20.2328
74,1,29.95,138,87,88.6,6.0,0,0,7.8,0,0,1,1,51,22.162999999999997
34,1,22.96,116,60,70.2,1.5,0,0,5.9,0,0,0,0,56,7.8064
61,1,25.9,110,84,100.2,6.8,0,0,7.6,1,0,0,0,26,15.799
42,1,29.19,124,77,90.3,3.3,0,1,8.2,1,0,0,0,47,12.2598
34,0,25.11,133,81,92.9,1.6,1,0,8.0,0,0,0,0,52,8.5374
30,1,30.93,117,72,93.6,12.0,0,0,7.1,0,0,0,0,45,9.279
42,1,22.57,114,61,103.3,9.0,0,0,8.4,1,0,0,0,53,9.4794
27,1,36.16,126,67,90.7,9.2,0,0,5.5,0,0,0,1,59,9.7632
84,1,26.29,138,73,117.3,2.9,0,1,7.4,0,0,0,0,65,22.0836
35,1,23.14,116,68,77.8,13.7,0,0,10.0,0,0,0,0,48,8.099
51,1,30.23,146,76,123.1,4.1,0,0,8.7,0,0,1,1,70,15.417300000000001
25,1,21.12,108,67,86.6,2.0,0,0,7.8,0,0,0,0,41,5.28
57,1,27.66,141,80,107.5,4.0,0,0,8.1,1,0,0,0,61,15.766200000000001
59,0,34.93,137,80,123.7,8.3,0,0,7.3,0,0,0,1,57,20.6087
58,1,19.74,121,77,119.5,5.9,0,0,7.1,1,0,1,0,44,11.449199999999998
23,0,33.71,125,86,112.6,3.9,0,0,7.8,0,0,1,0,39,7.7533
69,0,19.31,122,81,123.6,2.0,0,0,7.7,0,0,0,0,41,13.323899999999998
43,0,31.56,138,90,99.3,4.8,0,0,8.5,0,0,0,1,48,13.570799999999998
81,1,21.31,145,71,105.3,1.5,1,0,7.1,0,1,1,0,74,17.2611
76,1,33.71,145,93,119.2,6.6,0,0,7.2,0,0,1,1,52,25.619600000000002
73,1,23.46,146,71,118.8,2.2,0,1,8.6,1,0,1,1,75,17.1258
76,0,24.73,142,80,125.0,9.0,0,1,6.4,1,0,0,0,62,18.7948
50,1,21.36,120,76,105.2,1.6,0,0,7.2,1,0,0,0,44,10.68
70,1,15.0,143,72,106.9,3.8,0,0,8.3,0,0,0,1,71,10.5
39,0,20.17,128,67,88.2,4.3,0,1,6.2,0,0,0,0,61,7.866300000000001
38,0,17.03,114,80,78.2,0.9,0,0,7.2,0,0,0,1,34,6.471400000000001
21,0,15.0,103,65,69.9,8.6,0,0,5.0,0,0,0,0,38,3.15
79,1,28.5,148,74,119.7,3.2,0,0,6.6,0,0,1,1,74,22.515
79,1,35.64,164,83,116.4,7.1,1,0,6.2,1,1,1,1,81,28.1556
41,0,37.22,148,93,103.9,2.0,0,0,6.5,0,0,1,1,55,15.2602
72,1,20.06,125,72,114.0,3.3,0,0,8.8,1,0,0,1,53,14.4432
26,0,26.16,115,71,105.2,2.5,0,1,4.9,0,0,0,0,44,6.8016
20,0,33.56,113,80,91.5,5.3,0,0,8.1,0,0,0,0,33,6.712000000000001
48,0,19.19,122,86,69.0,14.15,0,0,6.6,0,0,0,0,36,9.211200000000002
57,0,33.78,141,84,103.5,6.0,1,0,7.5,0,0,0,1,57,19.2546
53,0,33.88,145,89,114.3,6.7,1,0,6.2,1,0,0,0,56,17.956400000000002
41,0,15.51,120,70,86.6,1.5,0,0,8.1,1,0,1,0,50,6.3591
23,1,15.0,101,72,118.7,3.9,0,0,6.6,1,0,0,0,29,3.45
83,0,24.48,142,77,112.9,6.3,0,1,5.6,1,0,1,0,65,20.3184
21,1,32.24,139,78,77.6,7.0,0,1,7.0,0,0,0,0,61,6.7704
23,1,17.99,113,70,102.7,2.7,0,0,6.8,0,0,0,0,43,4.1377
68,0,15.0,132,74,97.6,5.4,0,1,6.3,1,0,0,0,58,10.2
79,1,27.17,143,76,109.2,4.5,1,0,7.1,0,0,0,1,67,21.4643
74,0,30.47,152,77,134.7,4.5,0,1,6.1,0,1,0,1,75,22.5478
83,1,22.85,149,84,99.2,7.4,0,0,6.6,0,0,1,1,65,18.965500000000002
25,1,23.33,103,71,101.3,4.4,0,0,7.9,0,0,0,0,32,5.8325
43,0,30.43,141,86,132.5,5.9,0,0,7.9,1,1,0,0,55,13.0849
68,1,21.75,147,74,118.4,4.4,1,0,7.1,0,0,0,1,73,14.79
62,1,22.19,124,85,90.4,8.6,1,0,6.9,0,0,0,0,39,13.7578
61,1,28.41,137,73,107.6,3.6,0,0,8.7,0,0,0,1,64,17.3301
22,1,29.06,125,77,98.0,4.6,0,0,8.5,0,0,0,1,48,6.393199999999999
43,0,25.5,127,74,108.7,5.4,0,0,7.1,1,0,0,1,53,10.965
36,1,35.41,121,86,114.0,4.3,0,0,4.5,0,1,0,0,35,12.747599999999998
37,0,31.15,124,72,97.4,3.7,0,0,8.0,0,0,0,0,52,11.5255
29,0,24.76,105,72,105.0,2.5,0,0,6.9,0,1,0,0,33,7.180400000000001
64,0,19.31,129,66,101.8,8.7,0,0,6.6,0,0,0,0,63,12.3584
18,0,32.55,118,75,86.2,6.7,0,0,6.7,0,0,0,0,43,5.859
31,1,32.75,122,77,104.1,5.1,0,0,8.6,1,0,0,0,45,10.1525
81,1,26.23,143,91,125.8,2.5,0,0,7.6,0,0,1,1,52,21.2463
55,1,28.41,145,89,97.2,3.5,1,1,7.4,0,0,1,1,56,15.625499999999999
54,0,30.87,119,89,108.3,14.15,0,0,6.7,1,0,1,0,30,16.6698
28,1,36.1,132,80,120.6,7.0,0,0,8.5,1,0,0,0,52,10.108
20,1,31.95,139,73,105.6,2.2,0,0,6.9,0,0,0,0,66,6.39
50,0,29.38,127,78,85.1,4.7,0,0,9.0,0,0,0,0,49,14.69
23,0,32.19,120,74,112.3,3.6,0,0,7.2,0,0,0,0,46,7.403699999999999
67,1,33.48,145,86,122.0,6.8,1,0,8.5,0,0,1,1,59,22.4316
27,1,28.37,123,82,104.6,8.3,0,0,6.2,0,0,0,0,41,7.6599
22,1,32.12,123,76,93.6,6.3,0,0,6.8,0,0,0,0,47,7.0664
40,1,22.88,121,68,80.3,7.6,0,1,9.4,0,0,1,0,53,9.152
27,0,32.8,128,70,86.9,2.3,0,0,8.8,1,0,0,0,58,8.856
61,0,22.93,115,68,101.3,5.9,0,1,8.7,1,0,1,0,47,13.9873
19,1,20.95,113,67,69.6,7.8,1,0,7.3,0,0,0,0,46,3.9805
30,0,26.05,121,81,85.7,4.9,1,1,8.3,0,0,0,0,40,7.815
57,1,19.02,138,77,86.4,5.3,1,1,9.3,0,0,1,1,61,10.841399999999998
19,1,23.34,116,74,98.0,2.8,0,1,8.7,0,0,0,0,42,4.4346
82,1,29.0,148,90,102.0,7.6,0,0,7.0,0,0,0,1,58,23.78
80,1,28.41,135,78,129.5,2.1,0,0,8.8,1,0,1,1,57,22.728
34,0,30.51,122,86,83.5,6.8,0,1,6.7,0,0,0,1,36,10.373400000000002
26,1,30.6,120,81,122.3,5.1,1,0,5.6,0,0,0,1,39,7.956
32,1,28.97,132,82,83.2,9.4,1,0,6.5,0,0,0,0,50,9.2704
41,1,21.86,116,74,81.9,3.0,0,0,6.9,1,0,0,0,42,8.9626
55,1,32.15,145,95,131.1,5.6,1,1,7.6,1,1,1,1,50,17.6825
52,0,26.16,144,74,90.4,6.4,0,0,7.6,1,1,0,0,70,13.6032
66,1,28.19,133,80,119.3,4.9,0,0,6.1,0,0,0,0,53,18.605400000000003
79,1,27.4,143,83,120.0,3.3,0,0,5.8,1,0,1,1,60,21.646
77,0,35.93,148,82,115.7,3.1,0,0,7.3,1,0,1,1,66,27.6661
67,1,19.87,127,77,112.5,3.8,0,0,4.9,0,0,0,0,50,13.312899999999999
26,1,24.81,119,74,84.9,1.1,0,0,8.2,0,1,0,0,45,6.4506
51,1,29.88,145,81,115.0,1.0,0,0,7.0,1,0,0,1,64,15.2388
52,0,26.93,138,88,123.4,5.4,0,1,5.6,1,0,0,0,50,14.003599999999999
18,1,23.99,117,69,116.4,3.3,0,0,7.1,1,0,0,0,48,4.3182
57,1,15.68,137,74,96.2,4.1,0,0,7.7,0,0,1,0,63,8.9376
81,1,25.14,144,78,139.1,7.5,0,0,7.5,1,0,1,0,66,20.363400000000002
39,0,28.9,143,78,92.4,6.0,1,0,8.6,0,0,0,1,65,11.270999999999999
77,0,29.95,135,92,122.8,1.6,0,0,7.7,0,0,0,1,43,23.061500000000002
81,1,25.83,131,77,105.3,0.7,0,0,7.4,1,0,0,1,54,20.9223
28,1,27.83,123,73,98.3,6.9,0,1,6.9,1,0,0,0,50,7.7924
31,0,20.17,134,77,105.2,1.3,1,0,6.3,1,0,1,1,57,6.252700000000001
77,0,29.06,145,83,131.3,1.9,0,1,6.8,1,1,1,0,62,22.376199999999997
47,0,26.85,140,78,102.8,2.2,0,0,8.5,1,0,0,0,62,12.6195
52,1,27.76,129,77,133.6,9.2,0,0,6.4,0,0,0,0,52,14.4352
54,0,25.53,126,77,113.1,5.2,0,0,10.0,1,0,0,1,49,13.786200000000001
22,0,28.03,118,80,104.2,6.0,0,0,6.3,1,0,0,0,38,6.166600000000001
43,0,30.48,128,82,106.8,0.5,0,0,8.5,0,0,0,0,46,13.1064
79,1,28.28,150,79,119.1,0.9,0,0,8.9,0,1,0,0,71,22.3412
21,0,16.23,119,59,86.5,6.9,0,0,5.4,0,0,0,0,60,3.4082999999999997
59,0,28.4,129,85,116.4,1.3,0,0,8.4,1,1,0,0,44,16.756
35,1,24.55,114,70,119.2,10.7,0,1,6.8,1,0,0,0,44,8.5925
57,0,22.69,126,75,117.9,2.4,0,0,5.4,1,0,0,0,51,12.933300000000001
56,0,34.63,132,89,103.3,2.2,0,0,5.4,0,1,1,0,43,19.3928
31,1,21.39,129,71,97.4,2.2,1,0,8.2,1,0,0,0,58,6.6309000000000005
49,0,22.05,135,71,99.3,3.8,0,1,8.6,1,0,0,1,64,10.8045
68,1,15.0,132,80,82.9,10.3,1,0,7.1,0,0,0,0,52,10.2
55,0,35.15,136,85,133.2,2.9,0,0,9.0,0,1,0,0,51,19.3325
40,1,31.97,138,82,103.1,5.3,1,0,5.2,0,0,0,1,56,12.788
80,0,24.87,154,83,103.3,6.5,0,0,7.3,1,1,1,1,71,19.896
32,1,30.35,105,69,104.8,9.3,0,0,7.8,1,0,0,0,36,9.712
42,0,15.0,118,72,119.2,6.8,0,0,7.8,1,0,0,0,46,6.3
34,0,29.56,132,81,99.3,4.8,1,0,5.1,0,0,0,0,51,10.0504
83,1,21.83,146,83,108.0,1.0,0,1,7.8,0,0,0,1,63,18.1189
70,1,36.51,142,82,136.2,3.8,0,1,7.0,1,1,1,1,60,25.557
68,0,28.93,133,79,88.8,0.9,0,0,7.7,0,0,0,0,54,19.6724
56,1,27.56,140,75,82.9,1.6,0,0,5.8,0,0,1,0,65,15.433599999999998
68,0,22.04,140,68,84.5,3.3,0,1,8.7,0,0,0,0,72,14.9872
23,1,22.08,116,66,105.2,4.9,0,0,7.7,0,0,0,0,50,5.078399999999999
84,0,30.24,137,93,115.0,2.5,0,0,7.5,1,1,1,1,44,25.4016
24,1,21.99,105,62,100.9,10.8,0,0,8.2,1,0,0,0,43,5.2776
68,0,21.76,142,72,95.2,4.7,0,0,8.1,0,0,0,1,70,14.796800000000001
59,0,34.96,131,92,107.1,7.4,0,1,8.1,1,0,0,1,39,20.6264
81,0,28.47,135,82,109.3,0.8,0,0,7.5,0,0,0,1,53,23.060699999999997
32,0,20.44,112,71,78.9,5.3,0,1,7.3,0,0,0,0,41,6.540800000000001
46,1,30.0,131,86,79.7,10.9,0,1,6.7,1,0,0,0,45,13.8
50,1,25.18,127,82,101.0,7.9,0,0,6.4,0,0,0,0,45,12.59
44,1,16.56,129,76,95.8,4.8,0,0,7.0,0,0,0,0,53,7.2863999999999995
53,0,23.91,119,68,92.2,4.3,0,1,8.1,1,0,0,0,51,12.6723
46,0,20.72,129,71,95.0,2.9,0,0,8.2,0,0,0,0,58,9.531199999999998
55,1,28.28,135,77,110.0,2.1,0,0,4.5,0,0,0,0,58,15.554
74,1,23.0,144,74,107.7,1.9,0,0,8.0,0,0,1,0,70,17.02
44,0,27.33,122,76,128.9,0.9,0,0,5.3,1,0,1,0,46,12.0252
72,1,30.66,143,79,127.5,2.3,0,0,6.8,0,1,0,1,64,22.0752
50,1,40.49,154,102,119.3,2.8,0,0,8.1,0,0,1,1,52,20.245
83,1,38.28,152,87,132.3,4.7,0,1,6.6,1,1,1,1,65,31.7724
27,0,28.09,129,72,113.3,2.2,0,1,6.6,1,0,0,0,57,7.5843
22,0,26.49,114,75,80.2,4.8,1,0,6.6,0,0,0,0,39,5.8278
55,0,23.35,128,85,76.9,8.1,1,0,7.3,0,0,1,1,43,12.8425
30,1,17.27,123,73,89.8,5.2,0,1,6.0,0,0,0,1,50,5.181
48,0,15.0,126,72,79.4,5.4,0,0,7.7,0,0,0,0,54,7.2
64,0,21.91,151,68,113.0,4.6,0,0,8.3,0,0,1,0,83,14.0224
69,1,36.3,134,99,95.7,9.5,0,0,9.2,0,0,0,1,35,25.046999999999997
73,0,36.1,144,75,113.1,4.6,0,0,6.7,0,0,1,1,69,26.353
32,0,27.22,128,75,109.2,2.1,0,1,8.7,0,0,0,0,53,8.7104
46,1,29.5,140,86,101.8,5.2,1,1,7.1,0,0,0,1,54,13.57
25,1,23.29,107,83,102.2,4.5,0,0,6.7,1,0,0,0,24,5.8225
22,1,26.63,120,68,95.8,8.0,1,0,7.3,0,0,0,0,52,5.8586
46,0,22.3,119,75,92.8,5.0,0,0,7.2,0,0,0,0,44,10.258
64,1,22.29,138,84,104.9,5.1,0,0,7.4,1,0,0,0,54,14.2656
62,1,30.35,140,74,106.1,3.2,0,0,5.4,0,1,0,1,66,18.817
19,0,23.29,110,71,72.5,3.5,0,1,7.2,0,0,0,0,39,4.4251
44,1,29.65,135,80,142.4,2.7,1,0,6.4,1,1,0,0,55,13.046
53,0,25.95,123,87,86.8,4.2,0,0,9.1,0,0,0,1,36,13.753499999999999
53,0,35.02,140,84,127.6,4.0,0,0,6.2,0,0,0,1,56,18.5606
43,0,30.0,141,91,116.3,3.7,0,1,6.4,1,0,1,1,50,12.9
60,0,28.22,140,74,96.6,7.0,0,0,6.5,0,0,0,0,66,16.932
44,0,18.5,125,75,119.2,5.0,0,0,6.8,1,0,0,0,50,8.14
37,1,23.96,119,73,87.1,3.4,0,0,7.8,1,0,0,0,46,8.8652
28,0,26.51,127,73,72.7,5.1,0,0,6.3,0,0,0,0,54,7.4228000000000005
55,1,27.12,146,86,101.2,14.15,1,0,7.8,1,0,0,1,60,14.916000000000002
23,1,30.65,120,88,113.6,13.8,0,1,6.0,1,0,0,0,32,7.049499999999999
40,0,27.99,131,76,109.6,2.4,0,1,8.1,0,0,0,1,55,11.196
64,0,20.81,130,74,105.8,4.2,0,0,8.4,1,0,0,0,56,13.318399999999999
63,1,30.23,161,86,99.7,2.8,0,0,5.6,0,1,0,1,75,19.0449
29,1,24.12,113,79,74.0,3.6,0,1,6.6,0,0,0,0,34,6.994800000000001
30,0,23.04,117,65,78.5,4.8,0,0,8.0,0,0,0,0,52,6.911999999999999
79,0,20.4,135,73,82.9,7.2,0,0,6.2,0,0,0,0,62,16.116
77,1,24.76,148,88,111.0,4.4,1,1,7.7,0,0,1,1,60,19.0652
60,0,23.57,140,69,110.3,1.8,0,0,6.3,0,0,0,0,71,14.142000000000001
22,1,33.53,119,76,108.8,8.0,0,0,7.8,1,0,0,0,43,7.376600000000001
54,1,25.25,123,71,89.3,5.3,0,0,7.5,0,0,0,0,52,13.635
48,0,29.89,131,79,97.2,3.5,0,0,8.2,0,0,0,1,52,14.3472
26,0,16.34,119,69,110.2,4.3,0,0,7.4,0,0,0,0,50,4.2484
68,0,31.12,156,70,108.4,4.0,0,1,8.1,1,1,0,1,86,21.1616
46,1,30.52,125,86,66.1,7.0,0,0,7.4,0,0,0,1,39,14.039200000000001
57,0,18.36,116,79,119.4,4.3,0,1,7.4,1,0,0,0,37,10.4652
58,0,21.74,120,73,97.6,4.4,0,0,9.3,1,0,0,0,47,12.609199999999998
28,1,22.95,131,82,70.1,3.1,0,1,6.7,0,0,0,0,49,6.426
40,0,25.62,117,71,102.3,5.9,0,0,7.1,0,0,1,0,46,10.248
18,0,22.71,125,67,94.7,4.0,0,0,6.6,0,0,0,0,58,4.0878000000000005
63,1,25.38,123,77,114.6,3.5,0,0,6.8,0,0,0,0,46,15.989399999999998
38,0,30.59,137,85,120.6,3.5,1,0,6.8,0,0,1,1,52,11.6242
53,1,23.56,156,82,111.0,7.2,1,1,7.4,0,0,0,1,74,12.486799999999999
71,1,28.52,156,96,104.0,3.1,0,1,6.9,0,0,1,1,60,20.249200000000002
74,0,27.82,119,84,125.6,2.8,0,0,7.8,0,0,0,0,35,20.586799999999997
18,0,15.0,110,71,88.8,9.0,0,1,6.9,0,0,0,0,39,2.7
80,0,22.11,134,69,91.9,1.4,0,0,7.9,1,0,1,0,65,17.688
71,1,32.52,133,83,112.5,5.2,0,1,8.0,0,0,1,1,50,23.0892
72,0,21.61,129,67,98.6,4.1,0,0,7.0,0,0,0,0,62,15.5592
57,1,20.59,127,81,114.3,4.5,0,1,5.3,1,0,0,1,46,11.736299999999998
32,1,32.81,125,79,86.2,4.0,0,0,7.6,0,0,0,0,46,10.4992
38,0,27.69,125,81,98.4,4.3,0,0,7.6,0,0,0,0,44,10.5222
64,1,35.25,147,95,121.9,6.9,1,1,6.4,0,0,1,1,52,22.56
70,0,24.1,146,80,126.0,1.3,0,1,6.0,1,1,1,1,66,16.87
26,1,33.77,125,82,97.6,2.6,0,0,6.8,0,0,0,0,43,8.7802
69,1,21.64,131,74,110.3,4.0,0,0,6.8,0,0,0,0,57,14.931600000000001
74,0,15.0,134,83,87.0,6.1,0,1,7.1,0,0,0,0,51,11.1
43,0,30.7,109,70,98.8,7.4,0,0,7.1,0,0,0,0,39,13.200999999999999
58,1,30.12,143,75,93.5,2.3,0,0,7.1,0,0,0,1,68,17.4696
52,1,30.7,132,86,119.1,1.8,0,1,4.6,1,0,1,0,46,15.963999999999999
80,1,25.6,147,89,103.6,3.3,1,0,8.2,0,0,1,1,58,20.48
42,0,35.31,142,82,102.7,1.5,0,0,5.9,0,1,0,1,60,14.8302
55,0,31.82,145,86,113.1,5.1,0,1,6.6,0,0,1,1,59,17.500999999999998
19,0,31.58,137,82,96.0,1.9,0,0,5.8,1,0,0,0,55,6.0001999999999995
24,1,27.51,118,78,100.6,4.5,0,0,9.6,1,0,0,0,40,6.6024
51,0,18.99,122,70,91.2,2.4,0,1,7.4,1,0,0,0,52,9.684899999999999
34,0,27.19,129,74,98.7,1.3,0,1,6.8,1,0,1,0,55,9.2446
60,1,28.88,140,78,114.7,1.9,1,0,5.8,0,0,1,1,62,17.328
76,1,38.59,152,92,126.0,3.7,0,0,7.6,1,1,1,1,60,29.328400000000002
68,0,28.34,152,87,116.0,1.9,1,1,6.9,0,0,1,1,65,19.2712
71,0,20.73,139,71,105.2,7.7,1,0,7.2,0,0,0,1,68,14.7183
41,1,29.51,132,78,105.1,3.6,0,0,8.2,1,0,0,0,54,12.0991
42,0,34.09,142,84,124.8,4.5,0,0,5.4,1,1,0,1,58,14.317800000000002
69,0,36.71,149,84,127.3,2.6,0,0,7.9,0,1,0,1,65,25.329900000000002
50,0,26.18,133,84,88.6,3.0,1,0,5.8,0,0,0,0,49,13.09
66,1,25.64,151,84,115.2,6.3,1,1,7.9,1,1,1,1,67,16.9224
46,1,18.61,141,76,94.6,2.3,1,0,7.6,0,1,0,1,65,8.560599999999999
80,0,23.3,136,84,112.8,3.2,0,0,4.5,1,0,1,0,52,18.64
39,0,29.31,129,84,126.6,2.3,0,1,7.2,1,0,0,1,45,11.4309
43,1,17.96,129,72,103.2,2.2,0,1,6.1,1,1,1,0,57,7.722800000000001
45,1,38.68,147,92,96.5,8.9,1,1,8.3,0,1,1,1,55,17.406
66,1,24.73,130,75,118.7,3.7,0,0,7.4,0,0,0,0,55,16.3218
66,1,27.5,152,80,117.4,0.9,1,0,5.8,0,0,1,0,72,18.15
37,1,28.78,139,70,102.6,3.0,1,0,6.5,1,0,0,0,69,10.648600000000002
80,1,33.35,175,91,145.1,3.9,0,1,8.5,1,1,1,1,84,26.68
78,0,28.35,142,80,100.8,11.5,0,0,6.7,0,0,0,1,62,22.113000000000003
66,0,20.6,149,80,120.4,2.6,0,1,6.2,1,0,0,1,69,13.596000000000002
18,0,29.25,130,73,99.8,0.8,0,0,8.8,1,1,1,0,57,5.265
30,1,33.34,133,76,95.3,4.5,0,0,7.4,1,0,1,0,57,10.002
68,1,21.61,139,80,92.2,6.0,0,1,7.0,0,0,0,1,59,14.6948
73,1,31.44,145,84,114.5,1.2,0,0,6.1,0,0,1,0,61,22.9512
79,0,28.27,144,91,115.4,3.4,0,0,5.9,0,1,1,1,53,22.333299999999998
49,0,27.35,146,77,91.2,2.9,0,0,8.4,0,0,0,0,69,13.4015
47,0,23.09,139,68,83.6,3.1,0,0,6.4,1,0,1,0,71,10.8523
46,0,25.51,132,90,94.8,2.2,0,0,6.7,0,0,0,0,42,11.7346
66,1,29.34,140,76,119.1,1.7,0,0,7.7,1,0,0,1,64,19.3644
62,1,24.34,125,82,126.9,1.7,0,0,8.2,1,0,1,0,43,15.0908
47,0,21.12,109,79,81.2,7.5,0,0,6.8,0,0,0,0,30,9.926400000000001
33,0,20.88,118,76,98.5,4.2,0,0,6.2,1,0,0,0,42,6.8904
57,1,28.43,121,72,116.0,8.8,0,0,5.3,0,0,0,0,49,16.2051
36,0,29.64,141,71,121.9,4.6,1,0,9.3,1,0,1,0,70,10.670399999999999
35,1,26.41,111,69,86.5,14.15,0,1,8.0,0,0,0,0,42,9.243500000000001
18,0,37.33,109,83,110.5,2.4,0,0,7.8,1,0,0,1,26,6.719399999999999
64,0,16.94,132,73,113.8,7.1,0,0,5.2,0,0,0,0,59,10.841600000000001
83,0,29.0,139,86,124.2,2.0,0,0,6.6,1,1,1,0,53,24.07
55,0,16.12,123,75,106.9,4.8,1,1,7.4,1,0,0,0,48,8.866
68,1,26.2,135,75,97.8,3.2,0,0,6.6,0,1,0,0,60,17.816
80,0,28.25,144,90,114.2,2.8,0,0,6.1,0,0,0,1,54,22.6
21,0,25.78,103,88,65.0,4.4,0,0,5.7,0,0,0,0,15,5.4138
18,0,15.48,129,73,78.7,6.0,1,0,7.1,0,0,0,0,56,2.7864
25,0,26.25,117,74,100.7,3.1,0,1,6.7,1,0,0,0,43,6.5625
46,0,26.82,141,69,98.7,3.3,0,0,6.6,0,0,0,0,72,12.337200000000001
72,1,32.01,143,83,147.8,3.4,0,0,6.5,1,1,1,1,60,23.047199999999997
20,1,18.52,108,64,118.9,2.7,0,0,7.5,1,0,0,0,44,3.7039999999999997
49,1,35.16,136,85,106.0,2.7,0,1,5.5,0,0,0,1,51,17.2284
27,0,15.0,109,74,86.5,5.2,0,0,8.1,0,0,0,0,35,4.05
51,0,19.28,123,76,125.4,3.7,0,1,5.8,1,0,0,0,47,9.8328
72,0,27.82,132,84,93.2,3.7,0,0,7.7,0,0,0,0,48,20.0304
49,0,28.6,126,81,102.8,3.7,0,1,4.4,0,0,0,0,45,14.014000000000001
67,1,35.57,167,94,122.5,11.0,1,1,7.2,0,0,1,1,73,23.8319
24,1,27.92,130,68,87.1,10.6,0,0,6.7,1,0,0,0,62,6.7008
25,1,26.21,120,74,92.3,2.2,0,0,8.2,0,0,0,0,46,6.5525
82,0,29.38,142,77,113.4,4.2,0,0,6.5,0,0,0,1,65,24.0916
74,0,15.0,130,82,103.9,2.0,0,0,7.7,0,0,0,1,48,11.1
84,1,20.96,147,71,107.9,3.6,0,0,7.2,0,0,1,0,76,17.6064
76,0,19.98,136,78,115.7,6.1,1,0,6.2,0,0,1,1,58,15.184800000000001
71,0,32.32,154,90,112.9,7.1,0,0,6.4,1,1,1,0,64,22.9472
84,1,34.34,158,81,132.7,2.2,0,0,6.9,0,0,1,1,77,28.845600000000005
68,1,37.62,136,87,112.7,8.8,0,0,8.3,1,0,0,1,49,25.581599999999998
25,1,30.1,133,73,101.5,2.0,0,1,7.6,0,0,0,1,60,7.525
51,0,31.97,139,77,103.0,4.5,0,0,6.4,0,0,0,1,62,16.3047
52,0,27.34,135,84,121.3,4.4,0,1,7.1,0,0,1,0,51,14.216800000000001
49,0,23.9,131,80,114.5,5.6,0,0,5.6,1,0,1,1,51,11.710999999999999
63,1,20.54,124,76,106.6,9.4,0,0,6.4,1,0,1,0,48,12.940199999999999
33,0,20.02,121,58,109.3,0.9,0,0,7.1,0,0,0,0,63,6.606599999999999
54,1,18.85,146,69,107.3,7.7,1,0,5.8,0,0,0,0,77,10.179
71,1,31.04,149,82,96.9,7.7,0,0,6.7,1,0,0,1,67,22.038400000000003
31,1,24.42,116,69,108.1,1.2,0,0,8.7,0,0,0,0,47,7.570200000000001
72,0,22.6,132,77,114.0,5.3,0,0,6.2,0,0,1,0,55,16.272000000000002
65,0,15.04,127,70,107.1,4.9,0,0,8.4,0,0,0,0,57,9.776
24,1,21.5,114,69,83.4,1.3,0,0,6.1,0,0,0,0,45,5.16
24,1,25.13,97,81,107.9,1.5,0,0,5.0,0,0,0,0,16,6.0312
50,1,17.89,137,80,103.3,6.5,0,0,7.7,0,0,0,0,57,8.945
40,0,42.23,143,83,128.0,3.9,0,0,5.1,0,0,0,1,60,16.892
36,1,19.03,117,80,91.8,3.1,0,0,7.2,0,0,0,0,37,6.8508000000000004
36,1,33.49,137,79,131.0,4.0,1,0,6.3,1,0,0,1,58,12.056400000000002
53,0,26.1,132,85,111.2,7.4,1,1,8.6,0,0,0,1,47,13.833000000000002
46,1,23.51,124,76,78.1,1.7,0,0,8.1,0,0,0,0,48,10.8146
77,1,25.35,127,71,117.0,4.6,0,0,7.7,0,0,0,1,56,19.5195
19,0,26.88,106,78,84.8,3.7,0,0,7.2,1,0,0,0,28,5.1072
18,0,28.11,116,71,83.2,7.8,0,1,7.6,0,0,0,0,45,5.0598
64,1,21.1,140,62,126.3,2.9,0,0,8.4,1,0,0,1,78,13.504000000000001
37,0,30.04,138,74,113.1,2.8,1,0,5.7,0,0,0,1,64,11.1148
28,1,25.18,116,74,121.5,2.9,0,1,5.8,1,0,0,0,42,7.0504
19,1,19.08,100,69,95.0,1.3,0,0,7.2,0,0,0,0,31,3.6252
84,1,24.32,139,69,98.5,3.5,0,1,7.2,0,0,1,0,70,20.428800000000003
29,1,35.03,136,69,86.7,2.7,0,1,8.9,1,0,0,0,67,10.1587
37,0,28.07,126,69,106.9,5.2,0,0,7.9,0,0,0,0,57,10.3859
22,0,26.83,118,70,109.2,7.3,0,0,6.1,1,0,0,0,48,5.9026
54,1,24.49,127,74,102.3,5.0,0,0,6.9,0,0,0,0,53,13.224599999999999
55,0,24.95,124,77,80.9,7.8,0,0,7.2,0,0,0,0,47,13.7225
26,1,28.08,149,87,113.5,2.9,1,1,5.1,1,0,1,0,62,7.300799999999999
70,1,25.26,144,84,115.6,4.5,0,0,6.7,1,0,0,1,60,17.682000000000002
61,0,29.43,130,73,124.1,10.0,0,1,6.3,1,0,0,0,57,17.9523
41,0,28.67,145,77,104.5,5.4,1,0,6.2,0,0,1,0,68,11.7547
47,1,19.88,137,80,112.4,5.7,1,0,5.7,1,0,1,0,57,9.343599999999999
76,1,29.86,160,79,105.1,14.15,0,1,6.8,0,0,0,1,81,22.6936
31,0,21.26,111,66,80.2,12.3,1,0,9.3,0,0,0,0,45,6.5906
26,1,21.02,105,58,82.4,5.9,0,1,5.5,0,0,0,0,47,5.465199999999999
57,1,26.65,128,84,94.4,5.3,0,0,6.2,1,0,1,0,44,15.1905
83,1,28.3,142,82,107.9,2.5,1,0,8.3,0,0,1,1,60,23.489
42,0,30.37,119,79,115.7,1.0,0,0,8.4,1,0,0,1,40,12.7554
39,0,15.0,114,79,103.6,2.9,1,0,5.2,0,0,1,0,35,5.85
21,1,31.38,114,86,108.8,3.2,0,1,6.6,0,0,0,0,28,6.5898
43,1,29.19,122,73,81.4,3.5,0,0,7.5,0,0,0,0,49,12.5517
75,0,22.59,122,72,99.5,6.4,0,0,7.5,0,0,1,0,50,16.9425
46,1,25.43,125,79,81.1,8.8,0,0,6.7,0,0,0,1,46,11.697799999999999
54,1,27.95,129,80,107.6,6.4,0,0,8.3,0,0,0,1,49,15.093
35,0,15.0,123,80,94.4,4.2,1,1,7.8,0,0,0,0,43,5.25
59,1,19.54,145,77,95.1,6.1,1,0,6.6,0,0,0,0,68,11.528599999999999
58,1,33.54,133,77,109.1,4.3,0,0,5.5,0,0,0,0,56,19.4532
55,0,23.31,121,74,81.4,1.8,0,1,8.4,0,0,0,0,47,12.8205
51,0,26.3,117,70,99.8,3.7,0,0,10.0,0,0,0,0,47,13.413
34,1,26.12,125,74,97.2,2.4,0,0,6.5,0,0,0,0,51,8.8808
54,0,30.94,139,78,107.2,2.3,0,0,8.8,0,0,0,0,61,16.7076
42,0,24.44,113,76,91.3,5.4,0,0,7.4,0,0,0,0,37,10.264800000000001
44,1,24.93,134,77,113.2,2.4,1,0,7.4,0,0,1,0,57,10.9692
74,1,27.91,148,87,93.2,7.4,0,0,9.3,1,1,1,1,61,20.6534
48,1,31.71,139,92,103.3,3.3,0,1,8.9,0,0,1,1,47,15.220799999999999
23,1,33.55,124,79,135.2,6.8,0,0,5.9,1,1,0,0,45,7.7165
57,0,24.95,135,82,109.8,3.8,0,0,7.4,1,0,1,1,53,14.221499999999999
29,0,23.95,129,74,120.8,2.3,1,0,8.1,1,0,0,1,55,6.945499999999999
70,0,25.95,139,76,101.6,5.8,1,1,6.5,1,0,1,1,63,18.165
27,0,34.54,128,91,99.6,5.2,0,0,8.1,0,0,0,0,37,9.3258
62,1,31.31,162,92,125.4,10.3,1,0,5.7,1,1,1,1,70,19.4122
34,1,24.02,117,82,121.7,2.8,1,0,6.8,0,0,0,0,35,8.1668
43,0,17.44,132,80,79.8,3.3,0,1,8.9,0,0,0,0,52,7.499200000000001
79,0,33.22,156,97,128.2,1.7,0,1,7.6,0,1,1,1,59,26.2438
63,0,33.87,131,86,112.1,4.6,0,0,8.0,0,0,0,0,45,21.3381
81,1,20.36,141,83,108.3,5.2,1,0,7.3,1,1,0,1,58,16.4916
19,0,24.22,115,69,81.7,2.4,0,0,6.8,0,0,0,0,46,4.6018
71,0,31.88,136,81,115.9,2.4,0,0,8.3,0,0,1,0,55,22.6348
82,1,29.04,146,79,117.3,6.8,0,0,9.2,0,0,1,1,67,23.812799999999996
68,0,15.23,150,83,109.7,0.6,0,0,8.1,1,0,1,1,67,10.3564
70,0,20.26,133,82,106.1,0.8,0,0,6.8,0,0,0,1,51,14.182
53,1,30.17,146,81,120.1,4.3,1,0,9.1,0,0,0,1,65,15.9901
43,0,28.25,126,77,120.1,4.8,0,0,8.0,1,0,0,0,49,12.1475
46,1,30.66,125,77,109.9,10.1,0,0,6.0,0,0,0,0,48,14.103599999999998
38,0,31.33,128,78,108.2,3.0,0,1,7.2,1,0,0,1,50,11.9054
28,0,28.2,118,71,100.0,5.2,0,0,7.3,1,0,0,0,47,7.896
57,0,29.24,138,89,105.1,6.0,0,0,7.6,0,0,0,0,49,16.6668
28,1,23.5,113,66,98.2,2.9,0,0,5.7,0,0,0,0,47,6.58
53,1,27.46,131,71,99.8,6.5,0,0,6.6,0,0,0,0,60,14.5538
76,1,28.62,146,80,107.0,6.1,1,0,7.3,0,1,0,1,66,21.751199999999997
56,1,36.69,149,74,134.8,0.5,0,0,6.3,1,1,0,1,75,20.5464
71,1,22.02,139,85,87.8,3.1,1,0,6.8,0,0,1,1,54,15.6342
72,0,31.0,125,86,116.8,3.8,0,0,8.9,1,1,0,1,39,22.32
41,0,26.13,117,71,95.2,5.0,0,0,6.5,0,0,0,0,46,10.713299999999998
39,0,31.12,122,86,104.1,1.5,0,0,7.8,1,0,1,1,36,12.136800000000001
73,0,26.1,141,88,109.2,1.6,0,0,7.9,0,1,0,1,53,19.053
50,0,33.63,139,89,100.1,2.5,0,1,6.3,0,0,0,1,50,16.815
53,0,22.49,127,79,123.1,1.4,0,0,6.6,0,0,0,0,48,11.9197
37,0,27.62,143,66,82.9,6.2,0,0,7.5,0,0,0,0,77,10.2194
79,0,29.35,150,81,105.5,2.0,0,0,7.7,0,0,1,1,69,23.186500000000002
43,0,22.85,120,83,106.2,3.9,0,1,6.2,0,0,0,1,37,9.8255
83,1,28.57,152,81,108.6,0.7,0,0,8.1,0,0,0,0,71,23.7131
57,1,32.64,142,83,95.0,2.2,0,0,8.1,0,1,0,1,59,18.6048
34,0,26.41,132,85,72.9,3.4,1,0,7.3,0,0,0,1,47,8.9794
18,0,31.15,122,84,103.6,10.5,0,1,6.5,1,0,0,0,38,5.606999999999999
78,0,22.89,142,68,118.8,1.9,0,0,7.9,1,1,1,1,74,17.854200000000002
60,1,20.44,119,79,96.7,8.5,0,0,7.0,1,0,0,0,40,12.264000000000001
59,0,30.83,131,79,105.9,8.9,0,0,7.7,1,0,1,1,52,18.1897
42,1,23.56,117,68,94.2,4.5,0,0,8.9,1,0,0,0,49,9.895199999999999
56,0,17.08,131,79,97.7,7.0,0,0,7.7,0,1,0,1,52,9.564799999999998
52,0,22.39,142,78,104.3,1.0,0,1,6.4,0,0,0,0,64,11.6428
20,0,34.62,128,75,94.0,2.3,0,0,5.5,0,0,0,0,53,6.9239999999999995
61,0,32.95,134,78,111.6,7.6,0,0,7.4,0,0,0,0,56,20.099500000000003
68,1,20.3,142,73,92.0,3.2,0,0,7.4,0,0,0,0,69,13.804
29,0,18.32,108,74,89.3,4.4,0,1,5.9,0,0,0,0,34,5.312799999999999
36,1,24.43,135,70,113.2,2.7,0,0,5.4,0,0,1,0,65,8.7948
61,1,32.83,123,73,124.4,3.4,0,0,7.0,0,0,0,1,50,20.0263
76,1,25.66,150,83,113.9,4.2,1,1,6.3,1,0,0,1,67,19.5016
66,0,25.71,140,82,122.9,4.7,0,0,8.8,0,0,1,1,58,16.968600000000002
78,0,23.24,143,83,88.4,8.0,0,1,6.4,0,0,0,1,60,18.1272
34,0,25.23,118,80,105.2,3.9,1,0,6.2,0,0,0,0,38,8.5782
74,0,31.71,160,77,111.7,1.1,0,1,7.1,0,0,0,1,83,23.4654
72,1,27.29,140,77,89.7,3.0,0,1,6.5,0,0,1,0,63,19.648799999999998
64,0,25.63,135,65,110.0,7.9,0,0,6.1,0,0,0,0,70,16.4032
29,1,30.57,136,85,99.2,6.2,1,0,7.8,0,0,0,1,51,8.8653
79,0,27.22,145,71,98.9,3.1,0,0,7.9,0,0,1,0,74,21.503800000000002
25,1,32.31,121,69,82.5,2.7,0,0,7.9,0,0,0,1,52,8.0775
38,0,22.86,118,74,99.6,2.8,0,1,7.9,0,0,0,0,44,8.6868
42,0,28.38,114,79,88.0,1.6,0,0,9.1,0,0,0,0,35,11.9196
29,1,31.95,129,86,106.7,4.8,0,1,5.6,1,0,0,0,43,9.2655
32,0,35.81,131,85,105.2,8.7,0,0,6.7,0,0,0,1,46,11.459200000000001
76,1,20.46,142,66,107.9,2.6,0,1,6.5,0,0,0,1,76,15.5496
43,0,25.79,112,80,97.6,2.1,0,0,7.3,0,0,0,0,32,11.0897
43,0,19.17,114,77,107.0,4.3,0,1,4.9,0,0,0,0,37,8.2431
64,1,21.18,125,78,82.5,2.6,0,0,7.3,1,0,0,0,47,13.5552
49,1,26.91,129,80,102.5,3.7,0,0,6.9,0,0,0,0,49,13.185899999999998
27,0,15.04,123,62,87.8,10.0,0,1,7.9,0,0,0,0,61,4.0607999999999995
33,1,29.23,126,70,110.3,7.5,0,0,9.6,0,0,0,0,56,9.645900000000001
34,1,30.03,141,85,97.7,1.3,0,0,7.1,1,0,0,0,56,10.2102
40,1,26.36,133,78,108.0,3.1,0,1,6.8,1,1,0,1,55,10.544
43,0,21.93,120,68,94.9,4.9,0,0,7.0,1,0,0,0,52,9.4299
24,0,25.39,119,67,99.6,4.8,0,0,7.2,0,0,0,0,52,6.0936
31,1,39.08,144,75,118.9,2.1,1,0,7.1,1,1,1,0,69,12.1148
24,1,23.78,113,72,75.1,4.5,0,0,7.1,0,0,0,0,41,5.7072
26,0,22.23,104,80,79.6,10.9,0,1,7.7,1,0,0,0,24,5.7798
65,0,15.0,120,75,79.9,10.2,0,0,8.1,1,0,0,0,45,9.75
76,0,32.85,142,87,122.3,4.2,0,0,7.0,1,0,1,1,55,24.965999999999998
56,1,19.61,110,76,88.8,4.5,0,0,7.2,0,0,0,0,34,10.981599999999998
35,0,27.31,125,74,91.4,4.2,0,1,8.0,1,0,0,0,51,9.558499999999999
76,0,39.02,154,85,126.4,3.4,0,0,8.0,0,1,1,1,69,29.655200000000004
34,0,28.94,142,83,98.5,4.0,1,1,8.2,0,0,0,1,59,9.8396
31,1,28.88,121,77,111.4,1.1,1,0,9.2,1,0,0,1,44,8.9528
48,0,24.91,130,68,86.2,7.4,0,0,9.8,0,0,0,0,62,11.956800000000001
41,0,28.62,113,87,89.6,2.9,0,1,10.0,0,0,0,1,26,11.734200000000001
77,1,27.24,131,82,110.2,3.3,0,1,7.0,0,0,1,1,49,20.974800000000002
62,1,29.93,151,89,114.7,4.5,0,0,7.7,0,0,0,1,62,18.5566
20,0,15.0,115,68,93.8,3.4,0,1,7.0,0,0,0,0,47,3.0
54,0,29.0,136,83,112.4,2.7,0,1,6.8,0,0,0,1,53,15.66
60,1,29.31,143,83,108.9,5.7,0,1,8.1,1,1,1,1,60,17.586
57,1,41.57,163,98,128.8,0.9,1,0,6.7,0,1,1,1,65,23.694900000000004
72,1,26.78,141,86,96.0,4.2,0,0,8.0,0,0,0,1,55,19.2816
56,1,28.09,142,89,91.9,8.5,1,1,6.7,1,0,1,0,53,15.7304
32,1,29.1,139,81,102.9,2.5,0,1,5.7,0,1,0,1,58,9.312000000000001
21,1,29.26,127,70,118.2,1.9,0,0,6.9,0,0,0,0,57,6.1446000000000005
42,0,19.64,126,73,83.9,3.7,1,0,7.9,0,0,0,0,53,8.2488
30,0,31.55,148,89,111.0,5.9,0,0,6.6,0,0,1,1,59,9.465
50,0,21.48,127,65,113.2,6.3,0,1,7.5,1,0,1,0,62,10.74
33,0,29.16,109,70,106.3,2.8,0,0,5.9,0,0,0,0,39,9.6228
59,1,21.82,123,74,85.9,9.4,0,0,6.1,0,0,0,1,49,12.873800000000001
83,0,25.51,155,78,85.0,4.9,1,0,8.3,0,0,1,1,77,21.173299999999998
72,1,24.07,152,70,113.6,2.7,0,1,6.4,0,0,0,1,82,17.3304
59,0,25.36,133,74,97.0,3.5,0,0,8.2,1,0,0,0,59,14.9624
51,0,26.32,134,82,103.6,5.3,0,0,6.7,0,0,0,0,52,13.4232
47,1,28.96,137,81,94.1,5.4,0,1,6.9,0,0,1,1,56,13.611200000000002
30,0,26.24,119,71,112.8,3.8,0,0,8.1,1,0,0,0,48,7.871999999999999
30,0,31.87,129,88,109.9,3.2,0,0,9.8,0,0,0,1,41,9.561
35,0,23.71,115,70,75.3,5.9,0,0,6.7,1,0,0,0,45,8.2985
49,1,29.29,129,86,93.1,5.9,1,0,9.4,0,0,0,0,43,14.3521
56,0,21.97,117,72,86.1,3.4,0,0,6.9,0,0,0,0,45,12.303199999999999
63,1,37.14,144,77,107.7,4.6,0,0,7.0,0,0,0,1,67,23.398200000000003
46,0,29.32,138,84,112.1,3.7,0,0,10.0,1,1,1,0,54,13.4872
79,1,22.76,136,67,100.8,2.3,0,0,7.0,1,0,0,0,69,17.980400000000003
79,0,36.86,158,91,145.9,2.5,0,0,7.1,1,1,1,1,67,29.1194
74,1,29.81,133,80,113.0,2.7,0,0,7.9,0,0,0,0,53,22.0594
33,1,22.78,119,81,80.4,4.0,1,0,7.3,0,0,0,0,38,7.5174
73,1,26.04,148,87,106.5,4.3,1,0,7.8,0,0,1,0,61,19.0092
27,1,20.2,113,72,113.1,2.1,0,1,6.8,1,0,0,0,41,5.454
47,1,20.2,124,66,80.2,3.9,0,0,7.0,0,0,0,0,58,9.494
42,1,33.81,139,84,93.2,7.0,0,0,7.3,0,0,0,0,55,14.2002
22,0,21.59,108,66,104.0,5.2,0,0,6.5,0,0,0,0,42,4.7498000000000005
82,1,19.04,146,84,122.4,6.1,1,1,9.0,0,0,0,1,62,15.6128
66,0,30.49,137,77,103.3,2.1,0,0,7.1,0,0,1,1,60,20.1234
20,0,36.43,122,85,94.7,5.6,0,1,7.9,0,0,0,0,37,7.2860000000000005
62,0,33.51,138,85,110.0,8.0,0,1,8.3,0,0,0,0,53,20.7762
31,0,40.09,146,85,103.0,6.7,0,1,7.7,0,0,0,1,61,12.427900000000001
47,0,40.85,149,104,132.3,2.5,0,0,5.8,1,1,1,1,45,19.1995
35,1,21.58,122,84,77.8,3.8,1,0,8.2,0,0,1,0,38,7.553
79,0,24.99,138,72,115.9,5.8,0,0,7.5,1,0,0,1,66,19.742099999999997
54,0,17.69,131,67,124.9,1.8,0,0,7.4,1,0,0,0,64,9.552600000000002
42,1,20.06,118,66,89.1,6.3,0,0,6.1,0,0,0,0,52,8.4252
65,0,33.02,141,83,80.5,3.7,0,1,7.8,0,0,0,0,58,21.463
82,1,28.41,129,76,113.3,1.4,0,0,5.9,0,0,1,1,53,23.2962
70,1,35.25,166,86,120.1,0.5,0,1,5.6,0,0,1,1,80,24.675
32,1,21.78,105,72,79.1,4.5,0,0,7.2,0,0,0,0,33,6.969600000000001
66,1,23.62,142,74,97.2,4.5,0,0,7.5,0,0,0,0,68,15.5892
29,0,30.24,129,78,67.2,5.4,0,1,6.3,0,0,0,0,51,8.769599999999999
76,0,32.93,145,87,116.6,5.2,0,0,6.6,0,1,0,1,58,25.026799999999998
54,0,17.32,126,78,93.9,6.3,0,0,8.3,0,0,0,0,48,9.3528
78,1,25.41,156,86,105.7,2.8,0,1,8.4,1,0,1,1,70,19.8198
60,0,29.12,141,78,99.2,2.6,0,0,7.6,0,0,0,0,63,17.472
56,0,31.34,149,83,96.3,7.1,1,0,8.2,0,0,0,0,66,17.5504
73,0,32.49,148,91,105.9,1.6,0,0,8.1,0,0,0,1,57,23.7177
80,1,26.37,158,76,112.0,1.7,0,0,5.9,0,0,1,1,82,21.096
63,0,19.63,131,70,110.2,7.9,0,0,7.3,0,0,1,0,61,12.366899999999998
28,1,15.63,112,73,96.2,4.2,0,1,7.0,0,1,0,0,39,4.3764
79,0,25.74,138,77,95.4,8.0,0,0,7.4,0,0,0,1,61,20.3346
42,0,25.12,118,65,63.3,2.9,0,0,5.0,0,0,0,0,53,10.5504
69,0,22.18,143,74,98.7,4.0,0,0,7.3,0,0,1,0,69,15.304200000000002
21,1,31.98,134,72,85.1,4.5,0,0,7.9,0,0,1,0,62,6.715800000000001
76,1,20.14,135,71,94.5,5.6,0,0,6.4,1,0,1,1,64,15.306400000000002
37,0,22.96,121,64,106.4,2.9,1,0,7.4,0,0,0,0,57,8.4952
80,0,33.57,150,76,116.5,6.6,0,1,8.6,0,0,1,1,74,26.855999999999998
71,1,22.31,149,84,129.1,3.0,1,0,5.5,1,0,1,1,65,15.8401
74,0,28.67,137,84,110.3,2.7,0,0,6.7,0,0,1,0,53,21.215799999999998
58,0,26.74,147,79,122.1,2.6,1,0,7.1,1,1,1,0,68,15.509199999999998
20,0,28.21,110,72,86.8,10.9,0,0,5.3,0,0,0,0,38,5.642
23,0,31.91,127,77,114.7,6.3,1,0,7.6,1,0,0,1,50,7.3393
22,0,28.69,117,71,106.3,2.2,0,0,6.2,0,1,0,0,46,6.311800000000001
22,0,18.76,110,73,74.1,5.9,0,1,5.2,0,0,0,0,37,4.1272
71,0,19.74,142,70,105.6,6.1,0,1,7.2,0,0,0,0,72,14.0154
64,1,28.51,140,79,89.5,6.3,0,0,10.0,0,0,0,0,61,18.2464
66,0,21.47,121,74,122.3,2.6,0,0,5.9,1,0,0,0,47,14.1702
26,1,32.34,117,68,108.3,7.6,0,0,7.9,0,0,0,0,49,8.408400000000002
37,0,28.59,124,74,108.0,2.8,0,1,6.7,1,0,0,0,50,10.578299999999999
78,1,16.85,151,82,102.9,1.9,1,0,8.6,0,0,1,1,69,13.143000000000002
52,0,37.76,147,85,111.5,5.5,0,0,7.1,0,0,0,1,62,19.6352
67,1,24.68,140,77,112.1,0.3,0,0,5.3,1,0,0,0,63,16.5356
79,0,25.59,147,86,119.8,2.5,0,0,8.9,1,0,0,1,61,20.216099999999997
34,1,29.25,128,80,71.1,11.0,0,1,7.3,0,0,0,1,48,9.945
20,0,26.3,108,70,91.1,12.3,0,0,6.4,1,0,0,0,38,5.26
49,0,32.38,143,78,117.7,3.1,0,0,8.2,1,1,1,0,65,15.866200000000001
30,1,20.9,101,73,82.3,11.1,0,0,7.4,1,0,0,0,28,6.27
31,1,33.45,143,90,115.0,3.4,0,1,7.3,1,0,0,1,53,10.3695
28,0,30.75,126,75,106.3,6.7,0,0,4.9,1,0,0,0,51,8.61
73,1,22.31,118,64,87.4,12.7,0,0,5.6,0,0,0,0,54,16.286299999999997
84,0,28.26,157,81,134.1,6.0,0,1,7.5,1,0,1,1,76,23.738400000000002
46,0,33.83,139,84,107.3,2.0,0,1,6.5,0,0,0,1,55,15.561799999999998
26,1,29.83,127,78,91.3,3.8,0,1,8.5,0,0,0,0,49,7.755799999999999
84,0,27.65,149,81,111.0,3.0,0,0,5.4,0,0,1,1,68,23.226
42,1,30.41,129,84,84.5,0.5,0,1,6.5,1,0,0,0,45,12.7722
59,0,30.9,126,86,117.9,3.0,0,0,7.1,0,1,0,0,40,18.230999999999998
26,1,23.87,111,76,100.1,1.9,0,0,7.2,1,0,0,0,35,6.2062
57,1,27.71,130,79,97.8,1.4,0,0,8.1,0,0,0,0,51,15.7947
42,1,31.72,123,74,100.9,8.6,0,0,8.4,0,0,0,0,49,13.3224
22,1,27.57,117,72,94.1,2.4,0,0,7.0,0,0,0,0,45,6.0653999999999995
28,0,22.64,108,68,87.9,3.9,0,0,6.6,0,0,0,0,40,6.339200000000001
76,1,28.42,148,76,118.5,7.5,0,0,6.4,1,0,1,0,72,21.5992
55,0,24.54,131,77,93.4,3.3,0,0,8.3,0,0,0,0,54,13.497
22,1,30.18,112,77,116.6,4.7,0,0,8.0,1,0,0,0,35,6.639600000000001
65,1,35.08,147,72,124.8,4.7,0,0,6.0,0,1,1,1,75,22.802
35,0,30.73,132,73,125.6,2.2,0,0,7.0,1,1,0,1,59,10.7555
54,1,22.02,122,78,117.1,2.5,0,0,7.1,1,0,0,0,44,11.890799999999999
77,0,28.55,142,88,113.4,8.4,0,0,7.1,0,0,0,1,54,21.9835
65,0,15.0,136,70,88.0,4.0,0,1,8.1,0,0,0,0,66,9.75
45,0,26.22,147,67,99.8,3.5,0,1,6.8,0,0,0,1,80,11.799
57,1,32.25,136,86,110.0,8.3,0,1,8.2,0,0,0,1,50,18.3825
62,0,29.13,131,80,89.5,3.6,0,0,6.1,0,0,1,1,51,18.0606
79,1,27.44,160,82,132.9,7.1,1,0,6.8,1,0,1,0,78,21.6776
75,0,39.15,143,91,129.1,8.2,0,0,6.7,1,1,1,0,52,29.3625
84,1,16.91,146,75,102.8,2.2,0,1,6.9,0,0,0,0,71,14.2044
73,0,18.21,136,68,133.6,2.7,0,0,8.2,1,1,0,0,68,13.293300000000002
57,1,29.6,140,84,122.2,3.5,1,0,8.2,0,1,1,1,56,16.872
57,0,32.01,157,89,107.8,0.7,1,0,8.4,0,0,1,1,68,18.2457
50,1,32.25,138,100,116.0,6.3,1,1,5.9,0,1,1,1,38,16.125
23,0,23.48,100,76,83.8,3.1,0,1,6.2,0,0,0,0,24,5.400399999999999
36,1,21.9,108,74,85.9,0.8,0,1,5.9,0,0,0,0,34,7.8839999999999995
57,0,21.05,129,67,93.3,3.9,0,0,7.8,0,0,0,0,62,11.998500000000002
76,1,28.67,155,80,128.1,6.8,0,0,8.0,1,0,0,0,75,21.7892
76,0,21.1,138,72,82.7,3.2,0,1,6.7,1,0,1,1,66,16.036
65,1,33.26,146,83,123.5,3.7,0,0,7.4,0,0,0,1,63,21.619
58,0,26.67,131,89,96.8,4.9,0,0,6.7,0,0,0,0,42,15.468600000000002
30,0,22.72,123,75,93.9,8.0,1,0,6.3,0,0,0,0,48,6.815999999999999
62,0,22.74,121,70,90.3,2.5,0,0,7.2,0,0,0,0,51,14.098799999999999
70,0,17.91,145,91,100.0,7.3,1,0,6.0,1,0,1,1,54,12.537
59,0,22.19,130,76,90.7,1.1,0,0,4.8,0,0,0,0,54,13.0921
80,1,23.59,141,77,86.6,10.2,0,0,7.6,0,0,0,0,64,18.872
44,1,29.17,127,84,107.5,9.6,0,1,6.1,0,0,0,0,43,12.8348
55,1,26.22,145,85,92.9,5.2,1,1,6.9,1,0,1,1,60,14.421
77,0,21.81,139,87,91.1,4.8,0,0,5.8,0,0,1,0,52,16.793699999999998
24,0,19.69,114,74,95.0,5.1,0,0,8.1,1,0,0,0,40,4.725600000000001
22,1,25.43,122,80,113.4,5.9,0,0,7.9,0,0,0,0,42,5.594600000000001
62,0,15.0,137,72,113.5,3.4,0,1,7.9,1,0,1,0,65,9.3
75,1,24.96,132,81,99.9,1.9,0,0,5.6,0,0,0,0,51,18.72
48,0,33.27,124,82,91.8,3.3,0,0,9.4,1,0,0,0,42,15.9696
40,1,25.64,132,76,108.1,4.0,0,0,7.4,0,0,0,0,56,10.255999999999998
59,0,27.72,140,83,106.8,4.9,0,0,7.6,0,0,0,1,57,16.3548
27,1,27.02,120,78,84.5,5.3,0,1,5.5,0,0,0,0,42,7.2954
49,0,18.77,125,73,99.2,3.5,0,1,7.2,0,0,0,0,52,9.1973
70,1,36.99,151,86,149.7,2.5,0,0,7.1,1,1,1,1,65,25.893
47,0,24.44,131,84,89.2,10.2,0,0,5.5,1,0,0,0,47,11.4868
56,1,26.78,132,73,97.1,9.7,0,0,6.4,1,0,0,0,59,14.9968
48,1,23.0,128,84,76.1,7.0,0,0,8.8,0,0,0,0,44,11.04
19,0,33.4,119,69,102.5,4.7,0,0,6.3,0,0,0,0,50,6.346
29,0,18.34,108,73,116.0,2.5,0,0,6.9,1,0,0,0,35,5.3186
56,0,34.35,155,94,125.3,0.5,1,0,6.5,1,0,1,1,61,19.236
83,0,25.04,145,64,113.0,8.8,0,0,7.6,0,0,0,1,81,20.783199999999997
30,0,23.71,127,70,94.1,5.7,0,1,8.1,1,0,0,0,57,7.113
63,0,23.16,133,64,96.1,4.9,0,0,8.0,1,0,0,0,69,14.5908
44,0,37.29,119,87,126.2,2.9,0,0,7.2,0,0,0,1,32,16.4076
34,1,17.49,111,73,83.3,14.15,0,1,8.3,0,0,0,0,38,5.9466
77,1,23.7,150,90,116.6,1.8,1,0,6.2,0,0,1,1,60,18.249
81,0,19.31,131,84,135.7,6.5,1,0,6.9,1,0,1,1,47,15.6411
52,1,16.29,122,73,83.1,1.7,1,0,6.8,0,0,0,0,49,8.470799999999999
47,1,34.37,129,99,102.6,4.7,0,0,8.4,0,0,0,1,30,16.1539
80,1,26.64,129,70,106.7,5.0,0,0,4.9,1,0,1,0,59,21.311999999999998
45,0,20.07,125,76,94.5,2.6,0,0,5.5,1,0,0,0,49,9.0315
77,0,31.61,146,88,144.8,3.3,0,0,5.4,1,1,1,1,58,24.339699999999997
54,1,24.48,129,87,100.3,5.6,1,0,7.0,0,0,0,1,42,13.2192
39,1,23.05,112,81,102.4,1.8,0,0,6.8,1,0,0,0,31,8.9895
37,0,30.14,123,77,119.4,3.6,0,0,5.2,0,0,0,0,46,11.151800000000001
81,1,24.35,144,83,100.3,3.7,0,0,7.9,0,0,0,0,61,19.7235
34,0,21.22,113,82,91.9,3.5,1,1,8.0,0,0,0,0,31,7.2148
29,0,30.83,114,75,110.3,4.5,0,0,7.2,0,0,0,0,39,8.9407
39,1,25.98,117,69,111.3,3.5,0,0,5.6,1,1,1,0,48,10.132200000000001
34,1,31.13,124,79,109.2,5.5,0,1,10.0,0,1,0,0,45,10.584200000000001
27,0,24.46,105,63,73.7,6.2,0,0,8.0,0,0,0,0,42,6.6042000000000005
82,1,32.71,157,82,125.2,2.0,0,0,8.4,0,1,0,1,75,26.822200000000002
39,1,26.88,124,75,85.0,4.9,1,0,6.0,0,0,0,0,49,10.4832
67,1,32.94,147,95,123.7,2.9,0,0,6.1,0,0,1,0,52,22.0698
31,1,32.75,130,91,100.8,5.5,1,0,5.8,0,0,0,1,39,10.1525
81,0,33.97,148,92,127.3,5.5,0,0,6.6,0,0,1,1,56,27.515699999999995
64,0,27.2,119,80,100.4,3.6,0,0,6.7,0,0,0,0,39,17.408
46,0,29.02,133,83,114.3,4.1,1,0,6.8,0,0,1,0,50,13.349200000000002
53,1,25.46,133,87,79.2,4.1,1,1,8.1,0,1,0,1,46,13.4938
69,1,21.59,118,78,107.2,6.6,0,0,8.0,1,0,0,0,40,14.8971
24,0,38.42,140,80,110.5,6.4,0,0,8.0,0,1,0,1,60,9.2208
46,0,22.44,137,77,83.5,4.4,0,0,8.5,0,0,0,0,60,10.3224
28,0,32.05,135,88,94.7,7.5,0,0,7.4,0,0,1,1,47,8.973999999999998
50,0,31.01,143,90,109.0,0.5,0,0,9.2,0,0,0,0,53,15.505
23,1,27.85,129,80,102.3,2.2,1,1,7.2,1,0,0,1,49,6.405500000000001
49,1,25.9,118,70,104.1,5.5,0,0,7.6,1,0,0,0,48,12.690999999999999
68,0,25.96,150,92,124.0,5.7,1,0,6.1,1,0,1,1,58,17.6528
75,1,22.99,136,73,101.0,2.1,0,0,6.2,1,0,0,0,63,17.242499999999996
43,1,27.35,131,79,110.7,5.8,0,0,7.4,0,0,0,0,52,11.7605
63,1,19.95,127,71,92.2,8.6,0,0,7.0,0,0,0,0,56,12.568499999999998
46,0,31.13,125,71,111.8,4.7,0,0,8.7,0,0,0,0,54,14.3198
21,0,25.47,118,84,105.6,3.7,0,1,6.0,1,0,0,0,34,5.3487
30,0,21.22,98,69,80.8,8.9,0,0,5.7,0,0,0,0,29,6.365999999999999
56,1,19.4,128,67,83.4,0.7,1,0,7.4,0,0,0,1,61,10.863999999999999
32,1,26.03,142,72,96.3,3.8,1,0,6.5,0,0,1,0,70,8.329600000000001
46,1,26.24,120,65,95.5,3.7,0,0,7.1,0,0,0,0,55,12.0704
46,0,23.8,127,70,121.3,4.8,0,0,7.5,0,0,0,0,57,10.948
49,0,29.71,122,79,82.7,4.6,0,0,7.5,0,0,0,1,43,14.5579
19,0,28.82,119,83,100.5,3.4,0,0,6.5,0,0,0,0,36,5.4758000000000004
64,1,27.13,122,86,97.3,5.0,1,0,6.6,0,0,0,0,36,17.3632
39,0,21.43,113,76,95.4,7.1,0,1,8.2,0,0,0,0,37,8.3577
44,0,22.51,121,73,106.1,5.0,0,0,7.1,0,0,0,0,48,9.9044
84,1,18.7,149,77,118.3,2.8,0,0,7.7,0,0,0,1,72,15.708
73,1,25.69,141,93,93.7,7.0,0,0,7.0,0,0,0,0,48,18.753700000000002
38,1,30.05,139,76,140.3,3.4,0,0,6.9,1,0,0,0,63,11.419
64,0,19.78,128,78,103.2,4.0,0,0,6.3,0,0,0,0,50,12.6592
76,1,23.55,135,70,105.5,2.9,0,0,7.8,0,0,0,0,65,17.898
23,0,26.49,114,72,80.7,3.9,0,0,7.4,0,0,0,0,42,6.0927
36,1,30.04,134,81,104.8,7.7,1,0,6.0,0,0,0,0,53,10.814400000000001
74,0,18.23,138,76,127.6,12.1,0,1,8.1,1,0,0,0,62,13.4902
20,0,39.68,126,78,114.9,3.6,0,0,5.4,0,0,0,0,48,7.936
18,1,31.17,123,84,97.4,7.6,0,1,8.3,1,0,0,0,39,5.610600000000001
75,1,23.33,130,72,114.5,3.9,0,0,6.3,0,0,0,0,58,17.4975
55,1,20.59,131,83,105.1,4.0,0,1,7.4,0,0,0,1,48,11.3245
32,0,28.45,111,73,85.8,14.15,0,0,7.1,1,0,0,0,38,9.104
51,0,29.54,129,72,91.6,2.8,0,0,6.0,0,0,1,1,57,15.0654
78,1,21.06,153,74,112.7,0.9,0,0,6.7,0,0,1,1,79,16.4268
52,1,20.34,130,74,87.6,6.2,0,0,8.6,1,1,0,0,56,10.5768
81,1,21.62,154,74,106.6,4.2,0,0,8.0,0,0,0,1,80,17.5122
42,1,27.17,123,77,109.5,5.8,0,0,8.5,0,0,0,0,46,11.4114
41,0,27.25,119,72,105.7,8.7,0,0,6.2,0,0,0,0,47,11.1725
29,1,39.35,133,88,127.2,3.2,0,0,6.3,1,1,0,0,45,11.4115
35,0,15.0,112,69,105.8,3.0,0,0,6.8,1,0,0,0,43,5.25
32,0,22.9,127,76,104.3,5.9,1,0,7.0,0,0,0,0,51,7.327999999999999
44,0,23.73,122,75,104.7,1.4,0,0,6.2,1,0,0,0,47,10.441200000000002
77,0,29.62,145,78,99.6,2.0,0,0,7.1,0,0,0,1,67,22.8074
63,1,29.85,144,95,103.8,1.9,1,0,7.5,0,0,1,1,49,18.805500000000002
34,1,25.64,128,78,81.6,4.2,1,0,8.3,0,0,0,0,50,8.7176
70,1,35.56,142,86,115.9,5.9,0,0,7.2,1,1,0,0,56,24.892000000000003
25,0,20.33,114,72,87.2,4.7,1,1,7.5,1,0,0,0,42,5.0825
44,0,22.76,125,84,116.9,1.4,1,1,6.2,0,0,0,1,41,10.0144
63,0,19.17,128,83,113.1,1.5,0,1,5.3,0,0,1,1,45,12.0771
67,1,25.95,138,80,125.2,3.3,0,0,8.4,1,0,1,0,58,17.386499999999998
20,0,24.88,103,73,86.0,2.2,0,1,7.2,1,0,0,0,30,4.976
81,1,31.36,147,84,115.4,2.3,0,0,8.1,1,1,1,1,63,25.4016
61,0,37.55,158,90,95.9,9.1,0,0,6.7,0,0,0,1,68,22.905499999999996
70,0,35.45,155,85,115.3,4.2,0,0,5.8,1,0,1,1,70,24.815
41,1,19.71,137,75,125.1,5.9,1,0,5.6,1,1,0,1,62,8.0811
77,1,27.11,135,77,121.1,2.8,0,0,6.1,1,0,1,0,58,20.874699999999997
20,0,31.29,129,74,97.9,9.4,0,0,6.1,0,0,0,0,55,6.257999999999999
37,1,30.68,144,78,121.3,2.4,0,0,7.7,1,0,1,1,66,11.351600000000001
63,1,40.22,137,78,112.4,14.0,0,1,7.0,1,1,0,0,59,25.3386
32,1,25.53,133,68,111.4,1.6,0,1,8.1,0,0,0,0,65,8.1696
42,1,27.25,113,78,112.1,2.9,0,0,6.8,1,0,1,0,35,11.445
34,1,39.8,125,82,116.9,0.7,0,0,8.6,1,0,1,1,43,13.531999999999998
26,0,29.24,111,65,99.9,10.5,0,0,7.8,0,0,0,0,46,7.6024
55,1,23.34,122,72,103.2,2.5,1,0,7.0,1,1,0,0,50,12.837
65,0,21.15,129,79,91.4,6.1,0,0,6.4,0,0,0,0,50,13.7475
77,1,28.01,136,76,110.7,3.7,0,1,8.8,0,1,0,1,60,21.5677
80,0,32.99,138,82,107.5,4.8,0,0,6.6,0,1,1,0,56,26.392000000000003
19,0,32.91,102,74,92.2,8.8,0,0,7.8,0,0,0,0,28,6.2528999999999995
28,1,21.74,117,72,87.6,4.2,0,0,8.0,1,0,0,0,45,6.087199999999999
81,0,27.4,141,80,122.4,0.8,0,0,8.5,0,0,1,0,61,22.194000000000003
38,0,24.19,126,82,103.8,5.2,0,0,6.1,1,0,0,0,44,9.1922
35,1,25.94,133,75,88.6,5.5,0,1,9.8,0,0,0,1,58,9.079
81,1,32.05,148,89,96.5,2.2,0,1,9.1,0,0,1,1,59,25.960499999999996
55,1,26.51,139,78,106.8,3.6,0,0,7.7,0,0,1,0,61,14.580500000000002
49,0,30.58,135,87,115.6,1.0,0,0,5.6,0,0,1,1,48,14.984199999999998
28,1,30.76,112,71,93.6,5.7,0,0,8.0,0,0,0,0,41,8.6128
62,0,23.26,119,67,78.2,14.15,0,1,8.0,0,0,0,0,52,14.4212
50,0,33.93,137,89,137.5,2.9,0,0,5.7,1,1,0,1,48,16.965
58,1,20.45,131,72,107.3,3.5,0,0,6.9,1,0,0,1,59,11.860999999999999
25,1,19.47,111,65,96.6,5.7,0,0,8.4,1,0,0,0,46,4.8675
28,0,24.03,120,69,72.8,3.2,0,0,4.7,1,0,0,0,51,6.728400000000001
68,1,21.14,124,81,84.8,2.3,0,1,7.5,0,0,0,0,43,14.3752
58,0,30.31,142,79,121.4,4.0,0,1,7.4,0,0,0,1,63,17.5798
34,0,41.67,138,75,115.2,3.3,0,0,5.9,0,0,0,1,63,14.1678
63,0,33.34,145,84,111.5,2.8,0,1,7.7,1,0,0,0,61,21.0042
49,1,22.06,124,70,101.4,6.0,0,0,7.1,0,0,0,0,54,10.809399999999998
71,1,21.01,130,76,96.1,6.4,0,0,7.1,0,0,0,0,54,14.9171
37,1,32.47,125,82,106.3,4.0,0,0,7.5,0,0,0,1,43,12.0139
50,1,19.93,125,72,103.4,3.1,0,1,7.0,0,0,0,0,53,9.965
57,1,21.09,130,79,88.1,2.1,1,1,6.9,0,0,0,1,51,12.021299999999998
49,0,28.94,142,76,105.9,3.6,1,0,6.7,0,0,0,1,66,14.180600000000002
19,0,23.66,99,70,80.6,7.4,0,0,7.3,0,0,0,0,29,4.4954
50,0,27.49,123,76,91.1,4.1,0,0,6.3,0,0,0,0,47,13.745
47,1,24.88,125,74,96.1,13.6,1,0,9.4,0,0,0,0,51,11.693599999999998
50,1,26.64,126,93,89.2,2.5,0,0,6.1,0,0,0,1,33,13.32
43,0,31.87,134,70,94.8,2.3,0,0,7.7,0,0,0,0,64,13.7041
39,0,30.4,141,86,113.0,3.1,1,0,6.0,1,0,1,1,55,11.856
83,0,32.12,141,89,126.7,4.1,0,0,10.0,0,1,0,1,52,26.659599999999998
55,1,30.51,131,82,126.6,2.7,0,1,6.3,1,0,1,0,49,16.780500000000004
63,0,30.91,145,82,104.9,4.5,1,0,9.1,0,0,1,1,63,19.4733
32,0,26.79,121,64,85.1,4.2,1,0,6.5,0,0,0,0,57,8.572799999999999
61,1,18.36,140,70,98.0,7.1,1,0,8.0,0,0,0,1,70,11.1996
66,1,26.18,146,96,105.0,2.7,1,0,7.1,0,0,1,1,50,17.2788
78,0,28.63,152,83,91.2,2.6,0,0,7.5,0,0,1,1,69,22.3314
84,0,27.23,136,81,143.1,4.3,0,0,7.6,1,1,0,1,55,22.8732
23,1,29.24,130,77,104.0,7.0,1,0,7.9,1,0,0,0,53,6.7252
26,0,38.75,129,85,92.3,3.2,0,1,7.8,0,0,0,1,44,10.075
23,1,23.89,118,79,107.1,2.1,0,1,7.0,0,0,0,0,39,5.4947
49,1,24.45,151,90,96.1,2.0,0,1,7.2,1,0,1,1,61,11.9805
58,0,33.81,156,88,117.8,11.2,0,1,7.2,0,0,1,1,68,19.6098
25,0,27.52,128,69,116.1,2.0,0,0,7.1,1,0,1,0,59,6.88
67,0,29.44,123,76,105.6,6.4,0,0,7.0,1,0,1,0,47,19.724800000000002
79,0,23.37,151,84,114.2,1.8,0,0,7.6,1,0,0,0,67,18.4623
79,1,22.55,136,82,114.2,5.0,0,0,6.7,0,0,1,0,54,17.8145
24,1,19.8,117,58,74.2,6.5,0,0,8.2,0,0,0,0,59,4.752000000000001
21,0,27.8,109,66,90.5,6.1,0,0,8.6,1,1,0,0,43,5.838000000000001
23,0,21.12,115,61,71.7,1.1,0,0,6.8,0,0,0,1,54,4.857600000000001
75,0,20.41,142,75,92.5,4.8,0,0,7.7,0,0,0,0,67,15.3075
39,0,30.63,132,75,108.2,4.9,0,0,6.7,0,0,0,0,57,11.945699999999999
43,1,23.12,123,76,100.6,9.4,1,0,6.4,0,0,0,1,47,9.941600000000001
20,0,19.84,114,72,112.1,3.1,0,1,6.5,1,0,0,0,42,3.968
58,1,19.24,116,65,132.1,4.4,0,0,6.3,1,1,0,0,51,11.159199999999998
77,0,32.09,146,94,120.8,1.3,0,0,5.4,1,1,0,1,52,24.709300000000002
31,1,26.18,108,75,85.3,8.9,0,0,9.6,1,0,0,0,33,8.1158
29,1,24.48,113,70,65.2,4.6,0,0,7.0,0,0,0,1,43,7.0992
29,0,27.79,115,72,92.6,8.1,0,0,7.4,0,0,0,0,43,8.059099999999999
30,0,27.24,114,76,101.3,4.9,0,1,6.5,0,0,0,0,38,8.171999999999999
42,0,23.73,114,73,105.0,5.3,0,0,6.8,0,0,0,0,41,9.9666
62,0,24.86,125,72,125.0,3.5,0,0,5.7,0,0,0,0,53,15.4132
36,1,31.04,140,84,114.0,4.0,0,1,8.0,0,0,0,1,56,11.1744
72,1,31.58,151,89,116.6,3.2,0,0,6.6,0,1,1,1,62,22.737599999999997
62,1,21.94,127,74,90.8,2.9,0,0,9.2,1,0,0,0,53,13.6028
25,1,34.22,140,77,119.1,2.9,1,0,6.6,1,0,0,1,63,8.555
70,0,38.45,152,90,114.6,2.2,0,1,7.6,0,1,1,1,62,26.915
72,1,25.11,125,76,106.3,3.5,0,0,6.0,0,0,1,0,49,18.0792
49,1,24.97,124,78,117.7,2.2,0,0,7.1,1,0,0,1,46,12.2353
68,0,21.59,129,78,111.8,9.5,0,1,5.2,1,0,0,0,51,14.681199999999999
61,0,22.92,130,65,126.5,4.3,0,1,5.9,1,0,1,0,65,13.981200000000001
35,1,28.68,136,82,91.8,3.8,0,0,8.6,0,0,0,0,54,10.038
39,0,40.24,131,86,117.3,1.8,0,1,8.7,0,1,1,1,45,15.693600000000002
54,0,31.02,137,87,112.1,0.8,0,1,7.3,0,0,0,1,50,16.750799999999998
73,1,24.87,143,72,118.6,6.6,0,0,7.2,0,0,0,1,71,18.1551
76,1,24.34,141,78,104.6,3.6,1,0,8.1,0,0,1,1,63,18.4984
20,0,22.95,123,76,74.6,10.2,1,0,7.4,1,0,0,1,47,4.59
45,0,32.95,127,98,121.4,0.8,0,0,6.3,0,1,0,0,29,14.827500000000002
52,1,25.39,126,70,111.0,9.4,0,0,8.0,1,0,0,0,56,13.2028
78,1,29.43,134,86,119.8,6.0,0,0,7.8,0,0,1,0,48,22.9554
71,0,25.43,146,93,107.9,3.9,0,1,8.7,0,0,0,1,53,18.0553
80,1,39.08,156,82,146.6,0.6,0,1,8.4,0,1,0,1,74,31.263999999999996
24,1,23.7,108,70,67.9,7.3,0,0,5.1,0,0,0,0,38,5.688
66,1,22.72,127,72,135.2,3.7,0,0,6.1,1,1,0,0,55,14.9952
48,0,24.01,122,73,83.0,7.4,0,0,10.0,0,0,0,0,49,11.5248
75,0,29.26,150,68,117.6,5.7,0,0,6.7,1,0,1,0,82,21.945
78,1,35.12,159,94,131.4,3.5,1,0,7.1,1,1,1,1,65,27.393599999999996
41,0,29.27,130,75,106.6,10.1,0,0,7.0,1,0,0,0,55,12.0007
37,1,30.9,132,89,100.6,6.8,0,1,6.8,0,1,1,0,43,11.433
54,0,30.09,142,89,112.1,2.4,0,1,9.3,0,0,0,1,53,16.2486
21,0,17.14,106,64,87.7,4.0,0,0,7.3,0,0,0,0,42,3.5994
37,0,26.71,137,84,79.6,1.2,0,0,6.0,0,0,0,1,53,9.8827
77,0,24.96,151,82,102.6,4.2,0,0,6.8,1,1,1,1,69,19.2192
41,1,25.98,114,73,86.2,3.0,0,0,8.2,0,0,0,0,41,10.651800000000001
67,0,22.03,148,82,113.1,7.8,0,1,6.3,1,0,0,1,66,14.7601
66,1,31.84,154,98,117.9,5.6,0,1,7.9,1,1,1,1,56,21.014400000000002
68,1,27.08,131,89,129.4,3.7,0,1,6.5,1,1,1,1,42,18.414399999999997
53,0,27.05,132,74,109.6,3.4,0,0,6.9,0,0,0,0,58,14.336500000000001
83,1,25.95,131,83,86.5,7.1,0,0,8.6,0,0,0,1,48,21.5385
51,0,23.15,113,78,66.2,8.5,0,0,8.0,0,0,0,0,35,11.806499999999998
53,1,16.46,132,77,89.2,5.2,0,1,7.8,1,0,0,1,55,8.7238
23,1,28.38,125,75,89.1,3.4,0,1,6.1,0,0,0,0,50,6.5274
56,0,27.46,141,76,112.0,2.8,1,1,8.3,0,0,0,1,65,15.3776
59,0,29.9,133,71,113.4,2.3,0,0,6.1,0,0,1,1,62,17.641
75,1,27.22,149,65,116.3,3.8,0,0,6.9,0,0,1,0,84,20.415
29,1,20.54,120,66,79.1,2.7,0,0,7.4,0,0,0,0,54,5.9566
20,0,22.19,121,68,91.9,5.5,0,1,8.6,0,0,0,0,53,4.438
35,1,34.57,119,74,126.7,5.6,0,0,7.5,1,0,0,0,45,12.0995
57,0,28.65,133,84,85.5,6.4,0,1,7.5,0,0,1,1,49,16.3305
38,1,31.46,132,75,109.2,4.6,0,0,6.4,1,0,0,0,57,11.9548
32,0,32.13,115,84,99.9,0.9,0,0,8.4,1,0,0,0,31,10.281600000000001
43,1,21.09,114,75,99.8,1.3,0,0,7.3,0,1,0,0,39,9.0687
25,0,24.83,126,75,99.3,3.3,0,0,5.3,1,0,0,0,51,6.2075
59,1,30.75,122,72,102.6,1.4,0,0,9.9,0,0,0,0,50,18.1425
61,1,22.07,133,79,128.6,10.1,1,0,6.2,1,1,0,0,54,13.4627
31,1,24.43,113,60,101.4,5.9,0,0,5.6,1,1,0,0,53,7.573300000000001
19,1,23.79,103,82,102.7,6.9,0,0,6.7,1,0,0,0,21,4.5201
54,1,22.52,116,65,81.3,5.5,0,0,8.5,0,0,0,0,51,12.1608
55,1,26.05,138,78,95.1,4.8,1,0,9.7,0,0,1,1,60,14.3275
58,1,23.98,120,72,94.5,2.3,0,0,7.4,1,0,0,0,48,13.908399999999999
79,1,24.49,150,84,104.7,3.6,1,0,7.9,0,0,1,1,66,19.347099999999998
77,1,28.36,160,89,112.7,1.9,1,0,6.7,1,0,1,1,71,21.8372
31,1,32.59,137,75,101.9,6.9,1,1,8.7,1,0,0,1,62,10.1029
19,0,31.23,125,74,94.9,2.3,0,0,6.5,0,0,0,0,51,5.9337
34,1,27.82,124,78,94.0,3.4,0,0,8.1,0,0,0,0,46,9.4588
45,0,36.31,145,85,92.4,5.9,0,0,9.7,0,0,0,1,60,16.3395
83,1,30.62,169,76,134.9,8.0,0,0,8.3,1,1,0,1,93,25.4146
52,1,31.47,135,93,96.1,6.3,0,0,7.5,0,0,1,0,42,16.3644
22,1,25.85,117,79,107.0,4.9,0,0,6.5,0,0,0,0,38,5.687
82,0,24.56,138,83,103.9,3.7,0,0,6.8,0,1,1,0,55,20.1392
57,0,28.98,131,74,94.8,4.1,0,0,5.2,0,0,0,1,57,16.518600000000003
73,1,32.06,140,84,123.3,2.6,0,0,7.6,0,0,0,0,56,23.4038
53,0,27.81,123,82,123.6,3.5,0,0,7.5,0,0,0,0,41,14.739299999999998
62,0,23.13,137,80,103.5,5.6,0,0,5.8,0,0,0,0,57,14.3406
40,1,19.36,106,77,104.5,4.8,0,0,7.5,0,0,0,0,29,7.744
64,1,17.63,107,67,98.7,8.3,0,0,6.9,1,0,0,0,40,11.283199999999999
48,0,27.05,120,72,122.5,4.2,0,1,5.8,0,0,0,0,48,12.984000000000002
28,1,31.53,140,84,99.5,4.8,1,1,6.5,0,0,0,0,56,8.8284
27,0,15.0,129,69,86.4,5.5,0,1,5.9,1,0,0,0,60,4.05
84,1,23.28,147,71,90.8,5.9,0,0,6.9,1,1,0,1,76,19.5552
31,0,22.33,120,65,99.3,1.6,0,1,7.3,0,0,0,0,55,6.922299999999999
27,1,29.0,124,77,104.4,5.8,0,1,6.2,1,0,0,0,47,7.83
18,0,22.93,107,68,93.6,6.4,0,0,5.3,0,0,0,0,39,4.1274
22,1,19.66,99,77,81.7,5.5,0,0,7.9,0,0,0,0,22,4.3252
37,0,23.27,128,78,87.0,4.3,0,0,6.0,0,0,0,0,50,8.6099
25,1,22.36,123,66,87.9,4.0,0,1,7.8,1,0,0,0,57,5.59
60,0,26.88,114,85,114.6,9.3,0,0,7.0,0,0,0,0,29,16.128
18,0,25.55,102,71,91.0,5.7,0,0,7.7,0,0,0,0,31,4.599
74,1,29.37,152,80,121.4,3.1,1,0,6.9,0,0,1,1,72,21.733800000000002
81,0,26.76,154,89,112.7,3.5,0,0,8.6,0,0,1,1,65,21.6756
45,0,32.69,134,71,88.5,3.8,0,0,9.7,0,0,0,0,63,14.7105
54,0,24.2,131,88,97.7,5.0,1,0,7.6,0,0,0,0,43,13.068
64,0,30.4,127,75,129.9,2.7,0,0,5.0,0,1,0,1,52,19.456
54,0,28.64,130,71,109.1,2.7,0,0,8.2,1,0,0,0,59,15.4656
66,0,25.09,130,73,126.0,1.9,0,0,6.4,0,0,0,0,57,16.5594
61,0,30.79,154,75,105.6,1.5,0,0,4.1,0,0,0,1,79,18.7819
73,1,22.15,125,81,125.2,1.5,1,0,6.8,0,1,1,0,44,16.1695
45,1,33.99,138,88,126.7,2.0,0,0,8.5,1,1,0,0,50,15.295500000000002
23,0,22.3,108,72,89.8,7.1,0,0,8.2,1,0,0,0,36,5.129
78,1,19.02,138,83,128.8,1.3,0,1,6.7,1,0,1,1,55,14.8356
37,1,18.57,116,71,91.4,3.3,0,0,9.1,0,0,0,0,45,6.870900000000001
19,0,27.33,119,70,78.3,1.4,0,0,6.2,0,0,0,0,49,5.192699999999999
54,0,23.53,113,71,96.0,10.3,0,0,9.3,0,1,0,0,42,12.7062
37,1,27.85,121,70,105.2,7.6,0,0,6.5,1,0,0,0,51,10.3045
43,0,20.4,108,68,108.1,4.7,0,0,6.7,0,0,0,0,40,8.771999999999998
46,0,29.62,140,91,111.8,3.8,0,0,5.0,0,0,0,1,49,13.6252
18,0,27.87,122,76,101.3,2.9,1,0,6.7,1,0,0,0,46,5.0166
52,1,24.15,120,75,99.9,2.5,0,0,7.6,0,0,0,0,45,12.558
76,0,30.42,142,84,123.7,1.1,0,1,6.9,1,1,1,1,58,23.1192
50,1,30.14,134,87,100.1,3.4,1,0,5.3,1,0,1,0,47,15.07
68,1,27.33,124,66,86.5,6.8,0,0,7.4,0,0,0,0,58,18.5844
29,1,31.95,145,89,93.0,4.0,0,0,7.1,0,0,0,1,56,9.2655
37,1,33.24,135,81,99.1,1.2,1,0,7.2,0,0,0,0,54,12.298800000000002
70,0,22.23,144,79,92.4,1.6,0,0,7.9,0,0,1,0,65,15.561000000000002
60,1,33.37,140,96,115.1,3.0,0,0,7.1,0,0,1,1,44,20.022
67,0,21.59,143,77,120.7,4.7,0,0,7.3,1,0,0,0,66,14.4653
46,0,31.27,125,88,88.0,6.1,0,1,8.7,0,0,0,0,37,14.3842
74,0,32.29,154,81,100.3,9.5,0,0,6.4,1,0,1,1,73,23.8946
56,0,25.79,139,89,99.3,9.3,1,1,8.1,1,0,1,1,50,14.4424
73,0,26.49,155,80,148.8,2.0,0,0,7.3,1,1,1,1,75,19.337699999999998
60,0,25.07,128,78,103.4,3.9,0,0,6.5,0,0,0,1,50,15.042
67,0,22.02,139,77,91.5,5.1,1,0,8.7,0,0,1,1,62,14.7534
40,1,23.1,119,71,96.7,3.1,0,0,6.4,1,0,0,0,48,9.24
61,0,29.68,137,87,120.9,1.0,0,0,7.8,1,0,1,1,50,18.1048
55,1,31.76,139,78,132.8,9.0,0,0,5.9,1,1,1,1,61,17.468000000000004
40,0,26.72,123,74,114.6,2.2,0,0,5.8,1,0,0,0,49,10.687999999999999
62,0,20.94,125,81,87.5,2.9,0,0,8.1,0,0,0,0,44,12.9828
69,0,20.15,141,73,109.4,4.5,0,0,4.8,0,0,1,0,68,13.9035
67,0,26.18,120,75,122.3,2.3,0,0,5.6,0,1,0,0,45,17.540599999999998
25,1,23.74,123,78,98.3,6.5,0,0,8.7,0,0,0,0,45,5.935
18,0,33.68,120,95,103.2,1.9,0,1,9.6,0,0,0,0,25,6.0624
25,1,22.73,110,71,73.1,2.4,0,1,8.5,0,0,0,0,39,5.6825
46,1,30.26,140,83,108.6,3.7,0,0,5.8,0,0,0,1,57,13.9196
22,0,23.2,115,77,87.3,2.9,0,0,7.7,0,0,0,1,38,5.104
64,1,25.16,131,90,84.9,5.0,1,1,5.5,0,0,1,0,41,16.1024
51,0,27.8,144,86,109.6,5.4,1,0,6.8,1,1,1,1,58,14.177999999999999
82,1,29.81,149,79,121.9,3.8,1,0,6.4,1,0,1,1,70,24.444200000000002
72,1,29.25,139,87,130.7,1.7,1,1,8.6,1,1,0,1,52,21.06
60,0,23.55,113,73,112.8,5.7,0,0,7.0,0,0,0,0,40,14.13
47,0,27.38,136,76,78.3,8.5,0,0,4.6,0,0,0,1,60,12.868599999999999
34,0,24.63,107,65,110.0,6.4,0,0,7.7,1,0,0,0,42,8.3742
43,0,18.5,126,68,99.9,3.5,0,0,6.7,0,0,0,0,58,7.955
25,1,28.13,109,73,93.7,2.4,0,0,6.6,0,0,0,0,36,7.0325
64,0,34.12,150,80,115.9,4.4,1,0,8.6,0,0,1,1,70,21.836799999999997
63,0,35.76,128,76,103.7,7.3,0,0,7.2,0,1,0,0,52,22.528799999999997
50,0,28.64,135,79,90.0,8.3,0,0,5.6,0,0,1,0,56,14.32
18,1,28.26,115,79,112.7,8.2,0,0,6.5,0,0,0,0,36,5.0868
36,0,15.0,119,74,76.0,6.6,0,0,6.5,0,0,0,0,45,5.4
48,1,42.62,147,89,115.3,1.8,0,0,6.9,0,0,0,1,58,20.4576
31,1,35.1,121,77,107.3,3.1,0,1,6.2,1,0,0,0,44,10.881000000000002
70,1,31.2,156,82,102.9,7.3,1,0,7.2,0,0,1,1,74,21.84
65,1,27.22,122,80,116.8,3.6,0,0,7.6,0,0,0,0,42,17.692999999999998
79,0,15.0,124,75,115.9,4.2,0,1,7.7,1,1,0,0,49,11.85
83,0,27.86,165,81,137.0,3.5,1,0,7.4,1,1,1,1,84,23.123800000000003
81,1,26.98,140,90,103.6,2.7,0,1,7.2,0,0,1,1,50,21.8538
80,1,18.63,134,79,73.7,7.2,0,0,7.6,0,0,0,1,55,14.903999999999998
50,1,29.4,110,84,114.8,2.8,0,0,8.6,0,0,0,0,26,14.7
58,0,33.97,155,90,133.4,1.9,0,1,5.2,1,1,1,1,65,19.7026
65,0,28.78,136,79,123.3,2.8,0,0,6.5,1,0,1,1,57,18.707
30,1,28.76,109,78,96.6,5.0,0,1,7.4,0,0,0,0,31,8.628
48,0,29.13,131,67,119.3,1.9,0,0,6.9,1,0,1,1,64,13.9824
21,0,24.93,104,73,107.9,5.8,0,0,6.2,0,0,0,0,31,5.2353
36,0,31.2,132,77,89.4,2.1,0,1,4.8,0,0,0,1,55,11.232000000000001
30,1,35.64,136,84,109.7,2.2,0,1,8.1,1,1,0,0,52,10.692
40,0,27.04,124,76,89.4,3.9,0,1,7.9,0,0,0,0,48,10.815999999999999
18,0,22.42,102,66,96.2,3.8,0,0,5.8,0,0,0,0,36,4.0356000000000005
71,1,18.76,116,75,101.7,14.15,0,0,9.1,1,0,0,0,41,13.319600000000001
32,0,29.71,122,76,98.1,3.0,0,0,7.3,0,0,0,0,46,9.507200000000001
82,1,30.36,140,75,125.6,4.3,0,0,6.4,0,0,1,1,65,24.8952
32,1,28.91,120,82,105.0,7.3,1,0,5.7,0,0,0,0,38,9.2512
38,0,25.43,124,85,71.9,3.7,1,1,6.3,0,0,1,1,39,9.663400000000001
36,1,28.41,137,76,109.4,1.7,0,1,6.8,0,0,0,1,61,10.2276
77,1,23.69,136,79,86.2,11.0,0,0,7.1,0,0,0,0,57,18.241300000000003
50,0,22.68,144,79,119.6,1.5,0,0,7.4,1,0,0,0,65,11.34
66,0,21.02,145,81,112.7,4.4,1,0,7.4,1,1,0,1,64,13.873199999999999
52,1,21.08,139,76,86.5,2.2,1,0,7.8,0,0,1,1,63,10.961599999999999
61,0,29.88,152,82,103.7,4.2,1,0,6.6,0,0,1,1,70,18.226799999999997
28,1,25.24,98,77,90.8,1.6,0,0,7.6,0,0,0,0,21,7.067199999999999
83,1,22.85,146,79,119.6,4.5,0,1,6.2,0,0,1,0,67,18.965500000000002
63,0,18.9,130,79,106.1,5.3,0,0,7.3,0,0,0,0,51,11.906999999999998
26,1,30.69,120,72,116.7,10.7,0,0,6.7,1,0,0,0,48,7.979400000000001
20,0,33.0,114,74,97.4,6.9,0,0,7.6,1,0,0,0,40,6.6
43,1,20.86,129,65,90.7,6.6,0,0,6.3,0,0,0,0,64,8.9698
65,0,26.08,132,73,96.5,2.5,0,0,5.9,0,0,0,0,59,16.951999999999998
83,1,21.39,144,80,104.9,4.6,0,0,6.9,0,0,0,1,64,17.753700000000002
45,1,25.98,135,78,83.3,3.1,1,1,6.7,0,1,0,0,57,11.690999999999999
43,1,30.33,132,73,69.7,12.6,0,1,7.2,0,0,0,0,59,13.041899999999998
42,1,36.19,137,92,114.9,4.9,1,1,6.2,0,1,1,1,45,15.1998
29,1,24.21,116,78,93.7,1.2,0,0,6.0,1,0,0,0,38,7.0209
22,0,30.86,122,81,92.6,5.2,0,0,6.0,1,0,0,0,41,6.789199999999999
65,1,31.0,132,94,114.9,4.1,0,0,5.5,1,0,1,1,38,20.15
54,1,25.92,135,79,108.7,4.4,1,0,8.7,1,0,0,1,56,13.9968
61,1,33.53,137,79,145.3,2.8,0,0,6.8,0,1,0,0,58,20.453300000000002
32,1,24.9,114,75,86.0,2.5,0,0,7.6,0,1,0,0,39,7.968
60,0,29.33,142,90,96.2,6.4,1,0,9.2,0,0,1,1,52,17.598
65,0,23.47,124,76,138.7,2.2,0,0,5.3,0,1,0,1,48,15.2555
63,0,29.88,122,93,106.5,2.3,0,1,6.7,1,1,0,0,29,18.824399999999997
60,1,29.3,127,79,102.5,7.2,0,0,8.8,0,0,1,1,48,17.58
38,0,33.69,150,75,129.0,2.9,1,0,6.8,1,0,1,1,75,12.802199999999997
40,1,37.45,149,93,116.6,4.0,1,1,8.4,1,0,1,1,56,14.98
64,0,32.11,122,88,111.3,3.6,0,0,4.2,1,0,0,0,34,20.5504
32,0,30.69,121,85,95.2,0.9,0,0,6.9,1,0,0,0,36,9.8208
42,0,24.53,126,87,100.4,1.8,1,0,4.8,0,0,1,0,39,10.3026
53,0,15.0,126,71,91.4,1.7,0,0,7.3,0,0,0,0,55,7.95
68,1,34.33,149,79,114.0,7.3,0,0,7.2,0,1,1,0,70,23.3444
32,0,37.57,142,79,102.2,8.1,0,0,5.8,1,0,1,1,63,12.0224
38,0,28.62,142,88,84.3,2.5,1,0,7.1,0,0,1,0,54,10.875599999999999
30,0,20.96,121,76,60.0,4.7,0,0,7.9,0,0,0,0,45,6.288
36,1,34.79,130,82,106.6,5.7,0,0,7.9,0,0,1,1,48,12.5244
51,1,33.21,153,89,113.2,4.8,0,1,8.0,0,0,1,1,64,16.9371
69,0,15.0,135,91,98.0,10.4,1,0,9.0,0,0,0,1,44,10.35
44,1,27.61,136,72,102.4,4.3,1,0,8.3,1,0,0,0,64,12.148399999999999
46,0,28.21,125,84,102.0,5.7,0,0,6.2,0,0,1,0,41,12.976600000000001
45,0,17.49,125,79,112.5,1.5,1,0,7.1,0,0,0,0,46,7.8705
52,1,20.54,136,75,88.0,3.0,0,0,7.5,0,0,0,0,61,10.6808
25,0,33.13,117,77,96.4,5.2,0,0,6.6,0,0,0,0,40,8.2825
33,1,27.2,122,81,106.0,2.9,0,1,6.5,0,0,0,0,41,8.976
53,0,21.29,123,67,115.6,6.4,0,0,7.9,1,1,0,0,56,11.2837
47,1,22.92,129,67,126.4,8.0,0,0,5.6,1,0,1,0,62,10.7724
35,0,19.83,122,70,88.6,3.4,0,0,6.3,0,0,0,0,52,6.940499999999999
19,1,27.24,116,79,123.1,3.6,0,0,8.4,1,0,0,0,37,5.175599999999999
66,1,31.16,139,82,137.5,5.8,0,0,6.6,1,1,1,1,57,20.5656
21,0,33.62,130,84,115.7,2.4,0,0,7.4,0,0,0,1,46,7.0602
24,0,22.93,117,75,73.8,5.2,0,0,7.8,0,0,0,0,42,5.5032
56,0,24.75,126,77,82.3,2.8,0,0,8.1,0,0,0,0,49,13.86
30,1,29.71,117,81,83.1,2.7,0,0,6.5,0,0,0,0,36,8.913
48,0,32.33,146,77,109.2,2.4,0,0,7.3,0,0,1,1,69,15.5184
80,0,28.95,143,83,112.5,2.2,0,0,5.9,0,0,1,0,60,23.16
73,1,34.15,155,86,108.7,6.4,0,0,7.2,1,0,1,1,69,24.929499999999997
59,0,37.34,156,87,133.6,2.1,0,1,5.7,0,1,1,1,69,22.030600000000003
78,1,17.35,143,78,108.6,3.3,0,1,6.8,1,0,1,1,65,13.533000000000001
59,0,35.61,134,81,105.7,4.4,0,0,7.4,0,1,0,1,53,21.0099
73,0,34.33,134,84,117.4,7.7,0,1,5.8,0,0,0,0,50,25.060899999999997
53,1,19.98,134,79,85.5,2.7,0,1,8.1,0,0,0,0,55,10.589400000000001
24,1,29.49,131,79,106.3,2.7,0,0,6.3,1,1,0,0,52,7.0776
71,0,30.49,150,82,136.6,1.5,0,0,6.2,0,1,0,1,68,21.6479
18,0,20.48,119,65,107.1,4.0,0,0,5.8,1,0,0,0,54,3.6864
61,0,26.45,134,82,114.1,1.6,1,0,7.7,0,0,0,1,52,16.1345
62,0,27.71,136,79,119.9,2.1,0,0,8.4,0,0,1,0,57,17.1802
64,0,20.54,145,81,87.3,1.8,0,1,6.8,0,0,0,1,64,13.1456
30,0,24.83,108,70,100.1,3.9,0,0,5.5,0,0,0,0,38,7.449
39,1,34.93,136,73,96.8,4.4,0,0,5.8,0,0,0,0,63,13.6227
38,1,36.56,132,83,114.6,2.1,0,0,6.7,0,1,0,1,49,13.892800000000001
26,0,20.4,122,78,81.7,2.7,0,1,6.4,0,0,0,0,44,5.303999999999999
43,0,15.0,117,68,96.9,5.4,0,0,5.4,0,0,0,0,49,6.45
26,0,33.98,118,77,128.7,6.1,0,0,7.4,1,1,0,0,41,8.8348
32,1,37.37,150,93,109.7,0.6,1,1,6.7,0,0,1,1,57,11.9584
27,1,31.89,144,85,113.7,3.8,1,1,7.9,1,0,1,1,59,8.6103
59,1,25.14,155,81,99.5,1.1,1,1,7.3,1,0,1,1,74,14.8326
41,1,20.51,128,70,95.9,5.3,0,1,7.2,0,0,0,0,58,8.4091
66,1,30.38,141,88,104.1,4.4,0,0,6.8,0,0,1,0,53,20.0508
43,0,32.92,140,85,128.5,3.4,0,1,7.2,1,1,0,1,55,14.155600000000002
54,0,22.97,112,78,119.7,11.3,0,0,8.7,1,0,0,0,34,12.403799999999999
67,1,28.4,136,82,113.5,4.8,0,0,4.9,1,0,1,1,54,19.028
41,0,24.28,133,90,115.4,1.7,1,1,7.4,0,0,1,0,43,9.9548
36,1,31.17,133,77,101.6,1.8,0,0,6.9,0,0,0,1,56,11.221200000000001
77,1,15.0,129,70,111.4,3.2,0,1,6.2,0,1,0,0,59,11.55
56,1,29.1,130,86,72.4,6.3,0,0,7.7,0,0,0,1,44,16.296000000000003
35,0,24.68,127,82,98.3,4.6,0,1,6.6,0,0,0,0,45,8.638
36,1,37.43,124,77,114.1,2.5,0,0,5.6,1,1,1,0,47,13.4748
53,1,28.61,126,76,98.0,2.3,0,0,6.0,0,0,0,0,50,15.1633
72,1,30.9,141,82,119.4,3.4,0,0,7.6,0,0,1,1,59,22.247999999999998
64,1,21.33,122,63,99.0,10.7,0,0,7.3,0,0,0,0,59,13.6512
66,1,25.52,131,80,97.7,5.4,1,0,5.4,0,0,1,1,51,16.8432
50,0,29.09,135,77,134.7,5.3,0,1,5.1,0,1,0,0,58,14.545
38,0,24.72,133,74,77.0,5.2,1,0,6.7,0,0,1,0,59,9.3936
39,0,25.39,128,69,86.9,3.0,0,0,4.0,1,0,1,0,59,9.9021
65,0,28.33,133,78,105.2,2.0,0,0,8.7,0,0,0,0,55,18.414499999999997
54,1,16.86,151,81,98.8,3.9,1,1,6.9,0,0,1,1,70,9.1044
32,1,23.76,123,73,88.8,3.7,0,1,7.9,0,0,0,1,50,7.6032
52,0,31.38,137,79,111.4,6.4,0,1,8.0,0,1,1,1,58,16.3176
49,0,24.52,128,79,86.6,6.4,0,1,6.0,0,0,0,1,49,12.014800000000001
28,0,40.35,138,94,111.7,2.4,0,1,7.3,0,0,0,1,44,11.298
27,1,27.33,142,85,98.3,1.5,1,0,7.3,0,0,0,0,57,7.379099999999999
74,0,16.06,133,71,122.7,7.2,0,0,6.9,0,0,0,1,62,11.884399999999998
42,0,29.37,138,81,102.9,2.6,0,0,5.8,1,0,1,1,57,12.3354
19,0,20.68,112,78,103.6,6.7,0,1,7.9,0,0,0,0,34,3.9292000000000002
81,0,28.77,171,84,128.9,3.0,0,1,6.5,0,0,1,1,87,23.3037
52,1,23.52,130,76,83.0,1.3,1,0,6.1,0,0,0,1,54,12.2304
24,0,23.9,122,84,96.9,2.5,0,1,8.1,1,1,0,0,38,5.735999999999999
35,0,32.8,130,84,114.2,4.9,1,1,6.5,1,0,0,1,46,11.48
84,0,17.62,138,83,137.7,4.5,0,0,6.8,0,1,1,1,55,14.800800000000002
59,0,23.99,139,72,85.2,1.2,0,0,7.6,0,0,0,0,67,14.154099999999998
56,1,23.34,118,84,90.8,5.9,0,0,7.4,0,0,0,0,34,13.0704
58,0,34.55,140,95,105.2,3.5,0,1,5.6,1,0,1,1,45,20.038999999999998
41,0,24.78,122,77,122.3,5.4,0,1,5.5,0,0,0,0,45,10.1598
77,1,21.34,146,80,116.0,5.3,0,0,7.5,0,0,0,1,66,16.4318
63,0,28.14,136,81,104.9,4.7,0,1,7.2,1,1,1,1,55,17.7282
36,1,21.61,115,70,100.5,2.1,0,0,6.9,0,0,0,0,45,7.7796
59,0,22.45,132,82,114.0,4.7,1,0,5.6,0,0,0,1,50,13.2455
49,0,30.8,144,80,100.8,5.2,0,1,7.1,1,0,1,1,64,15.092
56,1,15.0,132,87,107.4,2.6,0,1,7.4,1,1,0,1,45,8.4
53,1,21.21,135,77,101.6,5.5,1,0,4.0,0,0,0,1,58,11.2413
53,1,22.87,141,77,100.1,4.8,0,1,6.6,1,0,0,1,64,12.121100000000002
20,0,35.76,127,85,122.4,3.4,0,0,7.2,1,0,1,0,42,7.151999999999999
25,0,29.38,109,74,123.1,5.4,0,0,7.2,1,0,0,0,35,7.345
58,0,26.62,130,76,111.9,1.0,0,0,9.2,0,1,0,0,54,15.4396
30,1,26.2,110,71,76.8,1.8,0,0,8.2,0,0,0,0,39,7.86
66,1,27.52,128,81,78.3,8.4,0,0,7.5,0,0,0,1,47,18.1632
77,0,28.22,158,85,114.0,3.8,0,1,8.1,1,0,0,1,73,21.729400000000002
19,1,27.53,104,72,102.9,2.8,0,0,7.3,0,0,0,0,32,5.230700000000001
77,1,38.09,160,96,132.3,1.5,0,0,7.7,0,1,0,1,64,29.329300000000003
22,0,24.25,119,76,81.7,10.3,0,1,8.4,0,0,0,0,43,5.335
61,1,27.81,136,70,100.5,7.6,0,0,5.3,0,0,0,0,66,16.9641
44,0,27.02,128,81,108.6,8.5,0,1,9.2,1,0,0,0,47,11.888799999999998
49,0,32.25,141,90,99.5,1.1,1,1,6.9,0,0,1,1,51,15.8025
38,1,22.78,125,75,110.7,5.1,0,1,8.2,1,0,0,0,50,8.656400000000001
25,0,24.67,123,87,63.2,3.2,0,0,7.6,0,0,0,0,36,6.1675
67,0,18.03,121,73,122.8,10.1,0,0,7.5,0,0,0,0,48,12.0801
84,1,32.52,140,80,118.1,11.2,0,0,8.4,1,0,0,1,60,27.316800000000004
61,1,17.97,126,76,102.6,2.0,0,0,7.3,0,1,0,0,50,10.961699999999999
75,1,29.93,148,85,126.8,4.2,0,1,8.3,0,0,1,1,63,22.4475
20,1,36.55,128,73,112.4,1.3,0,0,7.4,1,0,0,1,55,7.31
19,0,37.97,123,87,111.2,9.1,0,0,6.1,0,0,0,0,36,7.2143
61,1,25.03,146,85,107.1,4.6,1,0,5.9,0,0,1,0,61,15.268300000000002
19,1,24.79,113,76,85.8,2.7,1,0,7.6,1,0,0,0,37,4.7101
52,0,26.37,111,77,114.0,4.1,0,0,6.3,0,0,1,0,34,13.7124
47,1,32.02,124,71,113.7,6.3,0,0,7.7,0,0,0,0,53,15.0494
25,0,26.03,124,70,75.5,6.0,0,0,6.1,0,0,0,0,54,6.5075
39,0,25.21,137,72,110.7,0.7,0,1,8.4,0,0,0,0,65,9.831900000000001
61,1,33.02,139,89,110.9,2.2,0,1,8.8,0,1,0,1,50,20.142200000000003
75,1,27.05,149,85,113.0,1.1,1,0,7.8,0,0,1,1,64,20.2875
53,0,25.91,132,74,135.3,3.1,0,0,6.9,1,1,0,1,58,13.7323
48,0,21.72,106,80,98.2,2.4,0,0,7.0,0,1,0,0,26,10.4256
64,1,32.76,131,88,131.2,0.5,0,0,7.5,1,1,0,0,43,20.9664
72,0,28.23,148,71,117.7,8.4,0,0,9.2,0,0,0,0,77,20.325599999999998
79,0,26.73,139,77,112.5,3.0,0,0,7.4,0,0,0,0,62,21.1167
47,1,16.0,135,78,94.4,1.1,0,0,8.1,0,0,0,0,57,7.52
72,1,32.34,164,90,134.1,4.7,0,0,6.2,1,1,1,1,74,23.284800000000004
33,1,20.22,120,66,124.0,3.2,0,1,7.1,1,1,0,0,54,6.6726
29,1,29.42,143,83,99.5,4.1,0,0,8.8,1,0,0,1,60,8.5318
34,1,22.28,114,67,95.1,4.3,0,0,9.1,0,0,0,0,47,7.5752
33,1,20.58,116,65,95.2,4.0,0,0,5.9,0,0,0,0,51,6.791399999999999
29,0,32.18,116,86,120.1,1.6,0,0,7.1,0,1,0,1,30,9.3322
25,1,27.39,131,76,82.8,6.6,0,0,8.3,0,0,0,0,55,6.8475
20,0,27.04,97,78,101.8,2.1,0,0,8.4,1,0,0,0,19,5.4079999999999995
33,0,38.11,157,89,106.3,5.6,0,0,6.9,0,0,0,1,68,12.576299999999998
47,0,38.02,156,97,149.7,2.4,1,1,7.1,1,1,1,1,59,17.8694
40,1,25.37,123,73,84.9,6.6,0,0,6.5,1,0,0,0,50,10.148000000000001
22,0,19.22,113,71,74.9,9.8,0,1,5.4,0,0,0,0,42,4.2284
82,0,35.0,144,75,117.4,3.9,0,0,6.9,1,0,1,1,69,28.7
47,1,19.0,112,66,92.4,4.8,0,0,7.6,0,0,0,0,46,8.93
38,1,29.56,139,80,96.2,1.9,0,1,5.4,1,0,0,1,59,11.2328
39,1,25.25,123,74,120.0,1.3,0,1,10.0,1,1,0,0,49,9.8475
49,0,27.24,130,82,116.0,4.3,0,1,7.1,0,0,0,0,48,13.3476
50,0,33.91,145,90,105.0,4.6,1,0,9.0,0,0,0,1,55,16.955
33,1,22.24,108,70,95.3,10.4,0,0,7.8,1,1,0,0,38,7.3392
55,0,23.27,120,76,107.0,4.4,0,0,8.5,0,0,0,0,44,12.798499999999999
31,1,31.2,120,66,120.3,13.1,0,1,5.8,1,0,0,0,54,9.671999999999999
53,0,37.18,140,86,133.9,4.5,0,0,8.0,0,1,0,1,54,19.7054
40,1,41.15,134,83,106.8,8.4,0,0,6.4,0,0,0,1,51,16.46
83,0,18.39,155,76,97.5,3.8,0,1,7.2,1,0,1,1,79,15.263700000000002
19,0,24.37,111,77,75.0,4.3,0,0,7.8,0,0,0,0,34,4.6303
82,1,20.82,136,85,104.8,9.9,0,1,7.3,0,0,1,0,51,17.072400000000002
84,0,31.71,134,92,109.0,11.0,0,0,6.7,1,0,0,0,42,26.6364
69,0,27.15,138,87,105.0,3.1,0,0,7.2,0,0,0,0,51,18.7335
79,1,31.89,153,100,106.7,3.4,0,0,8.0,0,0,0,1,53,25.1931
40,0,24.51,123,84,102.8,2.9,0,0,6.9,0,0,0,1,39,9.804
43,0,30.86,137,87,96.5,2.9,0,0,7.5,1,0,0,0,50,13.2698
72,0,25.76,146,72,95.0,3.6,0,0,7.0,0,0,0,1,74,18.5472
23,0,27.62,122,70,111.7,1.2,0,0,5.8,1,0,0,0,52,6.3526
52,0,23.46,132,72,83.4,2.7,0,1,8.8,0,0,0,0,60,12.199200000000001
39,1,34.69,125,83,129.5,9.2,0,0,8.0,0,0,0,1,42,13.529099999999998
60,1,19.48,123,70,108.1,6.6,1,0,6.7,0,0,0,0,53,11.687999999999999
32,0,26.14,112,74,113.2,2.8,0,0,6.1,1,0,1,0,38,8.3648
77,0,37.13,160,86,111.4,2.4,0,0,6.5,0,1,1,1,74,28.590100000000003
29,1,34.2,138,88,103.5,2.2,0,1,7.7,0,0,0,0,50,9.918000000000001
66,1,21.91,121,83,111.5,3.3,0,0,7.3,0,0,0,0,38,14.4606
59,0,22.2,125,74,118.7,3.8,0,0,8.2,0,0,0,0,51,13.097999999999999
55,1,29.78,146,88,130.9,5.4,0,1,5.9,0,1,1,1,58,16.379
62,1,30.57,150,75,93.1,3.9,0,1,7.4,0,0,0,1,75,18.9534
52,0,33.7,138,83,106.6,3.2,0,1,6.9,0,0,0,1,55,17.524
47,0,18.63,124,71,94.8,3.8,0,0,6.5,1,0,0,0,53,8.756099999999998
47,0,34.43,124,83,127.3,5.2,0,1,8.8,0,1,1,0,41,16.182100000000002
23,1,21.57,121,76,93.7,3.5,0,0,6.7,0,0,0,0,45,4.9611
84,1,34.54,150,91,118.0,8.1,0,1,7.1,0,1,1,1,59,29.0136
24,1,17.43,112,74,95.6,4.5,0,0,5.1,0,0,0,0,38,4.1832
69,0,20.34,128,70,115.9,5.3,0,0,8.6,0,0,0,0,58,14.034600000000001
31,1,36.78,131,97,112.4,5.8,0,1,6.1,0,0,1,1,34,11.401800000000001
32,1,37.1,139,81,115.9,2.7,0,0,5.4,1,0,0,0,58,11.872
38,1,27.38,105,84,91.7,3.9,0,0,8.1,0,0,0,0,21,10.4044
52,0,24.89,129,75,105.8,2.4,0,0,8.3,0,0,0,0,54,12.9428
83,1,26.71,144,81,124.5,3.6,0,1,7.8,0,0,1,1,63,22.169300000000003
19,0,29.21,119,78,94.3,9.3,0,0,5.2,1,0,0,0,41,5.5499
52,1,29.73,146,81,86.5,1.8,0,0,7.5,0,0,0,1,65,15.4596
37,1,25.09,127,68,104.5,3.7,0,0,4.0,0,0,0,0,59,9.2833
27,0,15.57,108,75,93.0,1.1,0,1,5.7,0,0,0,0,33,4.2039
42,1,23.65,119,88,96.2,1.7,0,0,6.7,1,0,0,0,31,9.933
83,0,17.78,136,71,115.6,1.9,0,0,8.3,0,0,0,0,65,14.7574
42,1,31.24,140,84,111.2,1.5,0,0,7.4,0,0,1,0,56,13.1208
71,0,28.94,155,84,97.3,1.7,1,0,8.6,0,0,1,1,71,20.547400000000003
50,1,26.15,125,75,126.4,2.0,0,1,6.4,1,0,1,0,50,13.075
53,1,25.35,133,81,116.8,4.8,1,0,5.8,0,0,1,0,52,13.435500000000001
31,0,38.2,149,88,118.4,0.6,0,0,7.0,1,1,1,1,61,11.842
82,1,33.45,150,95,136.0,4.2,1,1,6.7,1,1,1,1,55,27.429000000000002
71,0,27.99,145,79,115.2,2.6,0,1,7.3,0,0,0,0,66,19.8729
69,0,23.68,141,76,84.0,2.9,0,1,7.7,0,0,0,1,65,16.3392
20,1,34.28,130,89,93.6,5.1,1,0,8.2,0,0,0,0,41,6.856
58,1,27.44,132,80,118.8,3.0,0,0,7.3,0,0,0,0,52,15.9152
23,1,23.04,103,68,68.0,4.4,0,0,7.4,0,0,0,0,35,5.2992
42,1,23.37,117,62,89.3,3.2,0,0,6.8,0,0,0,1,55,9.8154
30,1,30.64,134,76,101.1,3.5,0,0,7.4,0,0,0,0,58,9.192
25,1,32.32,117,82,97.1,0.9,0,0,9.2,0,0,0,0,35,8.08
38,1,30.49,134,91,104.0,7.4,1,1,6.7,1,0,0,1,43,11.586199999999998
42,0,30.61,140,74,116.2,1.8,0,0,7.0,0,0,0,0,66,12.8562
62,0,25.04,143,67,74.8,1.5,0,0,8.4,0,0,0,0,76,15.5248
77,0,23.64,137,74,101.1,14.15,0,0,9.3,0,0,0,0,63,18.2028
29,1,27.66,115,85,117.8,3.0,0,0,6.0,1,0,0,0,30,8.0214
49,1,26.32,136,75,101.8,4.6,0,1,6.1,0,0,1,1,61,12.8968
30,1,21.0,121,71,92.3,3.3,0,0,6.1,0,0,0,0,50,6.3
48,0,26.61,128,80,107.6,4.0,1,0,5.0,1,1,1,1,48,12.7728
37,1,30.8,118,87,106.9,5.8,0,0,7.2,0,0,0,0,31,11.396
35,0,24.54,112,79,68.5,5.3,0,0,9.0,0,0,0,0,33,8.589
77,1,36.01,136,84,142.5,6.5,0,0,8.2,1,1,1,0,52,27.7277
80,0,19.54,147,70,106.5,4.2,0,1,7.0,0,0,0,1,77,15.631999999999998
23,0,22.02,122,69,90.1,5.5,0,0,8.4,0,0,0,0,53,5.0645999999999995
49,1,23.48,131,80,94.9,4.0,0,0,9.3,0,0,0,1,51,11.5052
60,1,31.57,148,95,136.7,2.4,0,1,7.2,1,1,1,1,53,18.942
19,0,28.03,118,72,92.2,1.1,0,1,7.1,1,0,0,1,46,5.3257
77,0,21.66,138,66,99.2,1.8,0,0,6.3,0,0,1,0,72,16.6782
40,0,15.94,122,80,103.5,8.7,0,1,8.0,0,0,0,0,42,6.376
48,0,19.92,117,77,79.7,4.0,0,0,8.8,0,0,0,0,40,9.5616
22,0,16.63,118,73,100.4,3.3,0,0,8.3,0,0,0,0,45,3.6585999999999994
51,1,31.87,148,73,113.5,4.6,0,0,6.0,1,0,0,1,75,16.253700000000002
27,1,20.66,120,68,105.0,5.7,0,1,8.0,1,0,0,0,52,5.578200000000001
19,0,30.75,116,84,90.3,7.9,0,0,6.2,0,0,0,0,32,5.8425
28,1,29.95,124,81,79.3,1.2,0,0,4.8,1,0,0,0,43,8.386000000000001
67,0,33.71,143,76,109.7,12.1,0,0,7.2,0,0,0,0,67,22.585700000000003
48,0,22.65,114,64,84.0,8.9,0,0,8.4,0,0,0,0,50,10.871999999999998
73,0,29.15,147,86,115.0,0.7,0,0,6.4,1,0,1,0,61,21.2795
26,1,27.51,119,76,88.0,1.7,1,1,6.5,0,0,0,0,43,7.1526
38,0,27.52,123,75,109.6,5.6,0,1,7.9,0,0,0,1,48,10.4576
45,0,26.69,118,81,87.2,2.4,0,0,7.2,0,0,0,0,37,12.0105
79,0,31.68,141,90,118.4,3.6,0,0,7.0,0,0,0,1,51,25.027199999999997
24,0,31.05,128,79,91.7,1.9,1,0,6.3,0,0,0,0,49,7.452000000000001
33,0,26.79,126,76,93.4,3.3,0,0,8.1,1,0,0,0,50,8.8407
21,1,24.14,120,69,104.5,2.0,0,0,6.8,0,0,0,0,51,5.0694
21,1,23.47,116,70,82.3,3.7,1,0,6.6,0,0,0,1,46,4.9287
57,1,27.01,144,81,102.0,3.6,0,1,7.5,0,0,1,0,63,15.395700000000001
34,0,28.09,119,99,112.5,6.2,0,1,5.7,1,0,0,1,20,9.5506
69,0,26.27,148,83,95.7,4.3,0,0,6.9,0,0,0,0,65,18.1263
69,0,19.31,139,76,116.1,0.9,0,0,7.4,1,0,0,0,63,13.323899999999998
53,0,25.03,140,84,85.7,1.8,0,1,7.7,0,0,0,0,56,13.265900000000002
55,1,23.74,125,83,85.6,0.9,0,0,7.5,0,0,0,0,42,13.056999999999999
67,0,26.89,140,79,105.9,2.3,0,0,5.9,1,1,0,0,61,18.0163
80,0,41.51,153,95,127.6,2.0,0,0,5.3,0,1,1,1,58,33.208
80,1,29.29,162,84,119.2,8.1,1,1,6.9,0,0,1,1,78,23.432
79,0,34.12,136,85,129.3,1.9,0,0,5.6,1,1,1,1,51,26.9548
24,1,22.83,113,80,88.9,3.4,0,0,9.4,0,0,0,0,33,5.4792
44,0,26.93,117,70,100.6,9.9,0,0,5.2,1,0,0,1,47,11.849200000000002
31,1,33.93,139,72,122.3,6.5,0,0,7.7,0,0,0,1,67,10.5183
22,0,17.63,96,65,116.8,4.7,0,0,6.5,1,0,0,0,31,3.8785999999999996
72,1,25.45,149,78,134.1,2.5,0,0,8.9,1,1,0,1,71,18.323999999999998
19,0,30.4,131,79,93.8,3.5,0,1,7.6,0,0,0,0,52,5.776
79,1,26.38,144,86,98.6,3.7,1,0,8.4,0,0,0,1,58,20.8402
38,0,23.51,126,82,71.8,11.2,1,1,6.3,0,0,0,1,44,8.933800000000002
38,1,23.83,131,76,123.4,3.8,0,0,5.8,1,0,0,0,55,9.055399999999999
27,0,28.63,110,77,102.3,4.4,0,0,6.1,1,0,0,0,33,7.7301
75,0,17.69,125,69,114.2,3.3,0,0,5.6,0,0,0,0,56,13.2675
56,1,27.52,131,85,103.5,2.1,0,1,7.0,0,0,0,1,46,15.4112
22,1,31.01,136,65,96.1,1.2,0,1,5.7,0,0,0,0,71,6.8222000000000005
82,0,24.7,146,71,115.6,5.0,0,0,6.9,1,1,1,1,75,20.253999999999998
30,1,17.75,112,76,86.8,7.7,0,0,6.6,1,0,0,0,36,5.325
70,0,23.83,142,69,108.3,4.2,0,0,8.7,0,0,1,1,73,16.680999999999997
62,1,26.08,123,75,109.1,10.8,0,0,6.6,1,0,0,1,48,16.1696
49,1,20.56,128,83,97.7,7.7,0,0,7.5,0,0,0,0,45,10.074399999999999
53,0,26.98,130,82,107.9,3.7,0,0,7.6,1,0,0,0,48,14.2994
77,1,27.8,151,100,116.2,1.4,0,1,7.4,0,0,1,1,51,21.406
28,1,33.78,137,67,119.1,2.5,0,1,6.4,1,1,1,0,70,9.458400000000001
80,0,25.84,137,80,115.8,2.8,0,0,7.2,1,0,1,0,57,20.671999999999997
38,1,27.45,134,76,95.9,2.5,1,1,8.4,0,0,1,1,58,10.431
69,0,23.6,128,82,94.2,3.1,0,0,7.9,1,0,0,1,46,16.284000000000002
72,1,24.03,144,71,119.2,3.5,0,0,8.3,0,0,0,0,73,17.3016
43,1,30.88,128,66,106.2,0.3,0,0,6.3,1,0,0,0,62,13.2784
51,0,25.44,122,86,96.1,5.9,0,0,8.5,1,1,0,1,36,12.974400000000001
69,1,31.59,161,85,107.1,4.4,1,1,6.8,0,0,1,1,76,21.7971
69,1,26.53,144,84,101.2,4.4,0,1,8.3,0,0,0,0,60,18.3057
46,1,20.17,124,64,116.5,3.9,0,0,8.5,1,1,0,0,60,9.2782
55,0,22.78,113,71,103.0,5.1,0,0,5.4,0,1,0,0,42,12.529000000000002
59,0,40.83,164,88,105.8,1.2,1,0,7.3,0,0,1,1,76,24.089699999999997
38,1,26.22,128,76,113.6,7.5,0,0,5.9,1,0,0,0,52,9.9636
59,0,17.43,129,75,90.3,11.5,0,0,6.8,0,0,0,0,54,10.2837
30,0,20.2,117,64,118.3,1.8,0,0,8.4,1,0,0,0,53,6.06
81,1,22.67,131,73,108.7,5.1,0,0,5.7,0,0,1,1,58,18.362700000000004
34,0,21.62,120,69,110.2,2.4,0,0,7.2,0,0,0,0,51,7.3508000000000004
26,1,20.42,121,66,97.3,5.5,0,1,7.6,0,0,0,0,55,5.309200000000001
58,1,35.28,138,83,131.6,5.8,0,0,8.9,0,0,0,1,55,20.4624
18,1,30.66,103,82,102.2,0.2,0,0,5.5,1,0,0,0,21,5.5188
19,0,25.64,116,63,108.7,1.8,0,0,7.4,1,0,0,0,53,4.8716
77,0,23.39,139,83,122.2,5.8,0,0,6.8,0,0,0,0,56,18.0103
65,0,25.86,139,75,105.1,3.4,0,0,7.8,1,0,0,0,64,16.808999999999997
46,1,37.13,123,85,114.2,8.5,0,1,7.0,1,1,0,1,38,17.0798
27,0,21.78,110,65,93.8,4.8,0,1,7.4,1,1,0,0,45,5.8806
75,1,17.65,129,77,109.7,4.1,0,0,7.2,1,0,0,0,52,13.2375
77,1,30.67,149,74,102.9,7.5,0,0,8.1,0,0,1,0,75,23.6159
38,1,32.65,139,79,116.6,3.8,0,0,8.2,0,0,0,1,60,12.407
45,0,35.22,145,86,123.3,5.1,1,0,6.5,1,0,1,1,59,15.848999999999998
51,0,24.76,122,70,126.8,2.5,0,0,5.4,1,0,0,0,52,12.6276
25,1,24.82,117,76,105.8,9.9,0,0,7.5,0,0,0,1,41,6.205
76,0,38.47,165,100,121.4,1.8,1,1,6.7,1,1,1,1,65,29.237199999999998
66,0,30.25,148,73,105.1,3.4,0,0,6.5,0,0,1,1,75,19.965
34,0,26.31,120,80,90.1,2.3,0,1,7.7,0,0,0,0,40,8.9454
77,1,29.72,147,82,112.2,1.0,0,1,10.0,0,0,0,1,65,22.8844
62,1,24.27,140,77,112.5,2.4,1,0,6.3,0,1,1,1,63,15.0474
49,1,28.55,126,77,123.4,7.4,0,0,6.6,1,1,0,0,49,13.9895
61,1,28.45,139,76,102.9,4.7,0,1,6.0,0,0,0,1,63,17.3545
82,0,31.64,157,78,111.3,6.4,0,0,6.6,0,1,0,1,79,25.9448
25,1,21.09,118,67,94.1,8.2,0,0,4.0,0,0,0,0,51,5.2725
60,0,28.86,137,83,92.5,5.4,1,0,7.4,0,0,1,1,54,17.316
18,1,20.03,123,78,89.0,3.7,1,1,5.3,0,0,1,0,45,3.6054000000000004
68,0,37.68,144,94,136.2,3.6,0,1,6.7,1,1,1,1,50,25.6224
41,0,24.37,133,68,81.3,2.3,0,0,7.3,0,0,0,0,65,9.991700000000002
41,1,17.2,113,79,145.2,6.8,0,0,6.2,1,0,0,0,34,7.052
34,0,42.91,142,101,104.5,5.4,1,0,8.5,0,0,0,1,41,14.589399999999998
22,1,23.78,106,74,88.0,7.2,0,0,6.9,1,0,0,0,32,5.231600000000001
37,0,27.35,117,76,100.1,4.9,0,0,6.2,0,0,0,0,41,10.1195
38,0,16.97,132,61,98.6,4.4,0,0,7.1,0,0,0,1,71,6.448599999999999
75,0,26.49,137,76,122.4,7.5,0,0,9.3,0,0,1,0,61,19.867499999999996
48,1,36.5,150,97,99.4,5.5,0,1,6.5,1,0,0,1,53,17.52
28,0,30.89,106,82,99.1,2.1,0,0,5.4,0,0,0,0,24,8.6492
69,1,16.94,141,71,96.6,5.2,0,0,7.2,0,0,0,0,70,11.688600000000001
32,0,22.37,96,71,81.9,3.8,0,0,7.3,0,0,0,0,25,7.1584
24,0,32.13,119,80,102.2,3.6,0,0,7.7,0,0,0,0,39,7.711200000000002
45,0,30.49,138,79,82.6,6.2,0,0,4.7,0,0,0,0,59,13.7205
68,1,23.98,133,71,86.0,9.3,0,0,9.7,0,0,0,0,62,16.3064
75,1,29.1,158,77,100.9,4.5,0,0,6.3,1,0,0,1,81,21.825
22,0,19.85,108,72,90.3,2.6,0,0,9.6,1,0,0,0,36,4.367000000000001
22,1,19.22,110,72,70.3,12.1,0,1,6.1,0,0,0,0,38,4.2284
25,1,15.0,107,76,98.6,8.0,0,0,5.4,1,0,0,0,31,3.75
81,0,32.17,149,69,136.5,2.8,0,0,7.8,0,0,0,1,80,26.0577
27,1,26.19,110,78,128.2,3.8,0,0,6.3,0,1,0,0,32,7.0713
55,0,26.82,135,69,125.6,1.7,0,0,7.8,0,0,1,0,66,14.751
25,1,15.0,111,62,106.1,2.9,0,0,8.0,1,0,0,0,49,3.75
42,1,26.51,134,79,109.9,4.9,0,0,5.5,1,0,0,1,55,11.1342
83,0,30.0,161,79,146.5,10.1,0,0,6.9,1,1,0,1,82,24.9
67,0,15.0,140,66,101.1,1.9,0,0,7.7,0,0,0,0,74,10.05
84,1,27.06,128,79,110.1,4.4,0,0,8.5,0,1,1,0,49,22.7304
66,1,26.41,129,80,119.8,1.3,0,0,6.2,1,0,1,0,49,17.4306
53,1,24.1,138,73,85.2,12.1,1,0,6.5,0,0,0,1,65,12.773000000000001
58,0,34.38,133,85,125.6,4.8,0,0,7.4,0,1,1,0,48,19.9404
79,0,32.99,147,84,127.7,3.8,0,0,6.2,0,0,0,1,63,26.0621
27,0,46.04,136,82,132.8,2.1,0,1,6.6,1,0,0,1,54,12.4308
38,0,19.77,117,69,105.1,1.6,0,0,5.8,1,0,0,0,48,7.5126
53,1,29.29,128,71,119.4,3.6,0,0,6.5,0,0,0,1,57,15.523699999999998
29,1,35.5,124,79,116.1,3.0,0,0,8.1,1,1,0,0,45,10.295
19,1,22.79,108,67,75.1,7.8,0,0,8.1,1,0,0,0,41,4.3301
30,0,36.61,132,81,109.6,2.0,0,1,6.0,0,0,0,0,51,10.982999999999999
70,1,28.92,138,85,100.7,5.8,0,0,10.0,0,0,0,1,53,20.244
49,1,16.67,125,81,84.8,5.2,0,0,8.1,0,0,0,0,44,8.1683
33,1,19.34,123,73,97.7,0.9,0,1,6.7,0,0,0,0,50,6.3822
49,1,23.43,135,78,137.2,2.4,1,1,6.4,1,1,0,0,57,11.480699999999999
49,1,26.29,126,63,122.4,6.8,0,0,7.4,1,0,0,0,63,12.882100000000001
28,1,33.98,133,80,93.2,4.9,0,0,7.0,0,0,0,0,53,9.5144
27,0,26.28,114,78,110.9,6.9,0,0,6.4,1,0,0,0,36,7.095600000000001
32,0,33.76,132,99,108.8,1.2,1,1,6.1,0,0,0,1,33,10.803199999999999
34,1,27.43,127,70,101.8,1.1,1,1,6.6,0,0,0,1,57,9.3262
57,0,26.87,130,79,105.1,13.6,0,1,8.3,1,0,0,0,51,15.315900000000001
35,0,25.11,139,77,89.2,4.7,1,0,8.2,0,0,0,0,62,8.7885
72,0,32.5,154,84,125.9,4.5,0,1,9.1,0,0,0,1,70,23.4
42,1,27.55,133,74,112.7,0.7,1,0,8.1,0,0,0,1,59,11.571000000000002
76,1,22.55,123,82,113.5,1.1,1,0,7.7,0,0,0,1,41,17.137999999999998
39,0,28.73,123,71,111.6,5.6,0,0,7.9,0,0,0,0,52,11.2047
47,1,24.15,121,57,104.3,5.4,0,0,6.7,0,0,0,0,64,11.3505
61,1,23.83,133,73,93.6,1.9,0,0,7.4,0,0,1,0,60,14.536299999999999
49,0,33.66,141,78,113.6,1.1,0,0,7.1,0,0,0,1,63,16.493399999999998
68,0,25.88,145,91,110.3,4.3,0,0,6.9,0,0,1,1,54,17.598399999999998
63,1,39.18,144,88,107.0,5.3,0,1,6.2,0,0,1,1,56,24.683400000000002
38,0,31.06,140,87,108.9,4.1,1,0,6.9,0,0,1,1,53,11.8028
49,1,22.36,122,75,106.7,8.0,0,1,7.0,1,0,0,0,47,10.956399999999999
56,1,21.96,123,75,103.5,3.7,0,0,6.7,0,0,0,0,48,12.2976
29,0,19.6,122,74,87.4,1.3,1,0,8.1,1,0,0,1,48,5.684000000000001
64,1,30.31,144,86,110.6,1.4,0,1,6.7,0,1,0,1,58,19.3984
35,0,21.83,116,74,101.0,3.0,0,0,6.0,0,0,0,0,42,7.640499999999999
38,0,15.0,100,74,109.5,3.7,0,0,6.1,1,0,0,0,26,5.7
30,0,17.22,130,75,85.6,2.8,0,1,6.8,0,0,0,0,55,5.1659999999999995
38,0,20.4,129,73,90.2,5.9,0,1,6.1,0,0,0,0,56,7.751999999999999
25,1,28.75,118,80,88.3,4.1,0,0,7.2,0,0,0,0,38,7.1875
63,1,26.32,138,81,95.0,8.2,0,1,7.8,1,0,0,0,57,16.5816
24,1,32.27,148,83,91.2,4.4,1,0,6.1,0,0,0,0,65,7.744800000000001
40,0,21.54,117,71,91.3,8.7,0,0,8.2,0,0,0,0,46,8.616
39,1,24.92,114,74,86.8,0.8,0,1,5.6,0,0,0,0,40,9.718800000000002
39,1,36.93,147,88,115.0,3.6,0,0,7.3,0,0,0,0,59,14.4027
46,1,24.82,126,72,116.4,2.3,1,0,5.5,0,0,0,0,54,11.417200000000001
30,1,28.1,113,78,108.0,3.2,0,0,8.7,0,0,0,0,35,8.43
19,0,22.99,94,67,96.3,7.9,0,0,7.4,1,0,0,0,27,4.368099999999999
46,0,25.49,126,76,115.6,5.1,0,0,8.2,1,0,0,0,50,11.7254
69,0,29.56,143,84,108.4,2.1,0,0,7.9,0,0,0,1,59,20.3964
44,1,30.61,132,71,123.0,10.8,0,1,9.2,1,0,0,0,61,13.468399999999999
67,1,27.49,136,83,100.5,9.5,0,1,6.9,0,0,0,0,53,18.4183
40,0,25.29,133,74,112.9,1.5,1,0,8.0,1,0,1,0,59,10.116
61,0,27.56,128,80,133.0,3.4,0,0,6.7,0,1,1,1,48,16.8116
39,0,22.53,117,62,97.1,14.15,0,0,6.1,1,0,0,0,55,8.786700000000002
60,1,25.55,132,72,80.8,10.4,0,1,7.3,0,0,0,1,60,15.33
54,0,28.73,148,76,107.6,1.5,0,0,8.5,1,0,0,0,72,15.5142
78,0,32.52,155,76,130.3,5.2,0,1,6.7,1,0,1,1,79,25.365600000000004
73,0,21.51,136,73,98.7,9.5,0,0,6.3,0,0,0,1,63,15.702300000000001
20,1,25.77,121,76,64.1,4.5,0,0,6.5,0,0,0,0,45,5.154
80,1,20.97,133,79,109.3,8.3,0,1,5.9,1,0,0,1,54,16.776
36,1,24.22,116,81,86.4,3.5,0,0,6.6,0,0,0,0,35,8.719199999999999
40,0,32.6,145,79,69.7,5.8,0,0,5.9,1,0,0,1,66,13.04
46,0,23.69,115,74,111.3,8.4,0,0,7.4,1,0,0,0,41,10.8974
47,0,26.24,136,74,112.0,2.1,1,0,7.8,1,0,0,0,62,12.332799999999999
56,0,19.63,117,67,101.1,2.8,0,0,8.9,0,0,0,0,50,10.992799999999999
42,0,23.55,117,70,87.7,4.9,0,0,7.7,0,0,0,0,47,9.891
25,0,17.82,112,66,101.9,7.9,0,0,6.7,1,0,0,0,46,4.455
75,1,28.42,152,77,117.2,5.3,1,0,5.9,0,0,1,1,75,21.315
33,0,28.93,129,67,102.4,2.4,0,0,7.3,0,0,0,0,62,9.546899999999999
18,0,28.75,124,72,85.9,4.7,0,0,6.0,0,0,0,1,52,5.175
22,1,29.13,127,75,107.5,3.3,0,1,8.4,1,0,0,0,52,6.4086
20,1,28.76,122,84,103.2,3.8,0,0,6.6,0,0,0,0,38,5.752000000000001
82,1,17.95,139,78,98.5,5.1,1,0,8.6,1,0,1,1,61,14.719
21,1,22.23,109,73,63.4,1.9,0,0,7.3,0,0,0,0,36,4.6682999999999995
81,0,15.0,123,83,110.3,3.8,0,0,6.4,0,0,0,1,40,12.15
27,1,24.11,117,71,97.3,9.8,0,0,7.5,1,0,0,0,46,6.5097000000000005
38,1,21.75,124,60,81.3,5.3,0,0,6.9,0,0,0,0,64,8.265
63,0,26.58,148,82,119.1,3.0,0,1,6.6,0,0,1,1,66,16.7454
44,0,41.06,136,89,111.0,12.8,0,0,8.2,1,1,0,1,47,18.0664
83,0,31.34,136,89,108.9,7.4,0,0,7.1,0,1,0,0,47,26.012199999999996
58,0,35.67,140,84,115.9,5.5,0,0,6.6,0,1,0,1,56,20.6886
30,0,31.56,127,79,85.0,2.8,0,0,8.6,0,0,0,0,48,9.468
26,0,26.22,119,73,104.4,2.4,1,0,8.3,0,0,0,0,46,6.817200000000001
53,0,26.74,122,72,116.3,3.0,0,0,6.1,1,0,0,0,50,14.1722
75,0,31.81,142,83,113.3,4.9,0,0,6.7,0,0,0,1,59,23.8575
71,0,28.24,154,77,113.4,3.1,1,0,6.4,0,0,0,0,77,20.0504
29,0,25.13,121,67,77.4,7.6,0,1,10.0,0,0,0,0,54,7.2877
31,0,35.07,129,71,105.2,2.2,0,1,7.1,0,0,0,1,58,10.8717
51,1,29.38,134,66,95.9,10.8,0,0,7.2,0,0,0,0,68,14.983799999999999
70,0,18.53,137,74,115.2,3.8,0,0,6.6,0,0,0,1,63,12.971000000000002
37,1,25.75,106,72,97.5,4.0,0,0,5.9,1,0,0,0,34,9.5275
33,1,27.09,110,88,104.9,4.7,0,0,8.5,1,0,0,0,22,8.9397
73,1,24.45,147,80,138.1,6.3,0,1,7.2,1,1,1,1,67,17.848499999999998
75,1,24.57,148,70,117.3,1.1,0,1,8.7,0,0,0,1,78,18.4275
21,0,24.38,118,68,102.4,7.4,0,0,7.0,0,0,0,0,50,5.1198
21,0,16.45,108,62,96.0,4.9,0,1,6.7,1,0,0,0,46,3.4545
37,1,15.42,117,67,114.0,4.8,0,0,5.9,0,0,0,0,50,5.7054
27,0,23.01,104,82,89.2,7.1,0,0,6.6,1,0,0,0,22,6.212700000000001
41,1,24.48,111,68,105.4,5.9,0,0,7.1,1,0,0,0,43,10.036800000000001
43,1,19.03,111,81,117.7,6.0,0,0,7.8,0,0,0,0,30,8.1829
54,0,20.86,127,74,100.4,2.4,0,0,7.7,0,0,0,1,53,11.2644
71,0,25.33,140,73,88.5,0.9,0,0,7.4,0,1,0,0,67,17.984299999999998
38,1,32.78,142,85,106.4,3.8,0,1,7.0,0,0,0,1,57,12.4564
55,0,32.4,142,79,107.5,6.1,0,1,7.9,1,0,0,0,63,17.82
63,0,32.59,143,84,153.4,2.0,0,0,7.7,1,1,1,1,59,20.5317
21,1,20.94,99,70,108.8,5.2,0,0,8.3,1,0,0,0,29,4.3974
77,1,25.51,133,66,104.8,1.9,1,0,7.7,0,0,1,0,67,19.6427
74,0,33.97,139,76,122.9,5.3,0,0,9.5,1,0,0,0,63,25.1378
62,0,16.56,129,71,130.9,4.1,0,0,6.6,1,0,0,1,58,10.2672
37,1,24.14,130,65,107.9,7.8,0,0,7.4,1,0,0,0,65,8.9318
34,1,28.09,109,72,91.3,14.15,1,0,10.0,1,0,0,0,37,9.5506
21,1,16.91,102,76,65.2,2.4,0,0,6.7,0,0,0,0,26,3.5511
31,1,29.29,117,75,94.3,3.1,0,1,8.8,0,0,0,1,42,9.0799
20,0,35.77,120,77,103.6,4.7,0,0,6.9,0,0,0,1,43,7.154000000000001
75,0,33.9,158,89,130.2,3.8,0,0,7.0,0,1,1,1,69,25.425
72,1,25.77,136,67,110.9,5.2,0,0,7.0,0,0,0,0,69,18.5544
21,1,31.52,116,85,90.4,4.7,0,0,7.0,0,0,0,0,31,6.619199999999999
41,0,16.85,126,83,70.5,2.8,1,0,8.2,0,0,0,0,43,6.9085
51,0,28.41,138,82,114.9,4.5,0,0,8.0,0,0,0,0,56,14.4891
47,1,25.03,137,74,115.4,4.0,0,0,6.1,1,0,1,0,63,11.764100000000001
36,0,25.93,129,74,89.8,4.4,0,0,7.3,0,0,0,0,55,9.3348
48,1,27.4,143,79,69.4,4.7,1,0,8.3,0,0,0,1,64,13.151999999999997
77,0,29.05,144,86,97.1,3.8,0,0,5.1,0,0,0,1,58,22.368499999999997
77,0,18.38,129,82,113.0,0.7,0,1,7.2,0,0,0,1,47,14.1526
36,0,21.11,112,76,86.6,7.0,0,0,7.4,1,0,0,0,36,7.599600000000001
66,1,25.31,151,75,121.5,1.4,0,1,8.1,0,1,0,1,76,16.7046
80,1,16.48,141,66,85.3,8.2,0,0,7.5,0,0,1,0,75,13.184000000000001
39,1,27.6,140,79,132.1,3.2,1,1,7.4,1,0,0,1,61,10.764000000000001
41,1,31.63,141,83,80.5,4.7,0,1,6.8,0,0,0,1,58,12.9683
47,0,34.87,132,83,103.9,1.5,0,1,7.4,1,0,1,0,49,16.3889
75,0,27.36,133,74,109.9,4.3,0,1,7.4,1,1,1,1,59,20.52
48,1,37.74,141,84,118.2,6.8,0,0,9.0,1,1,1,0,57,18.1152
81,1,26.6,138,80,121.4,1.7,0,0,6.2,0,1,1,1,58,21.546
36,1,19.51,110,73,74.5,0.7,0,0,5.9,0,0,0,0,37,7.0236
65,1,26.48,146,78,129.7,2.1,0,0,6.4,0,0,1,1,68,17.212
62,0,25.61,134,83,102.6,2.9,0,0,6.7,0,0,0,0,51,15.8782
72,0,29.79,138,84,130.9,2.1,0,0,7.4,0,0,0,0,54,21.448800000000002
72,1,28.37,139,85,103.1,6.6,0,1,8.3,0,0,0,0,54,20.4264
35,0,27.96,131,80,104.5,3.4,0,0,7.3,0,0,0,1,51,9.786
80,0,32.41,136,93,102.9,2.2,0,1,6.5,0,0,1,0,43,25.927999999999997
64,1,24.31,116,88,116.4,3.5,0,0,5.6,1,0,0,0,28,15.558399999999999
74,0,29.92,154,75,132.8,3.6,0,0,7.1,1,1,0,1,79,22.1408
62,1,28.43,124,74,122.9,4.4,0,1,8.5,0,1,0,1,50,17.6266
50,0,27.46,134,81,128.6,3.3,1,0,6.7,1,1,0,1,53,13.73
34,1,26.42,124,70,94.9,2.3,0,1,7.2,1,0,0,0,54,8.982800000000001
21,1,19.43,104,76,97.0,3.1,0,0,8.3,0,0,0,1,28,4.080299999999999
37,1,25.33,117,70,90.6,3.4,0,0,5.4,0,0,0,0,47,9.3721
64,0,25.7,133,81,117.7,3.9,0,1,7.0,0,0,1,1,52,16.448
32,0,22.61,116,68,81.6,6.7,0,0,7.7,1,0,0,0,48,7.2352
64,0,18.92,119,80,104.5,5.5,0,0,6.7,0,0,0,0,39,12.1088
26,0,23.57,116,68,107.4,10.0,0,1,7.2,1,0,0,0,48,6.1282000000000005
33,1,24.05,116,69,100.1,5.8,0,0,7.5,1,0,0,0,47,7.9365
78,0,19.03,115,75,108.0,6.7,0,0,7.5,1,0,0,0,40,14.8434
27,0,19.02,126,65,93.3,3.4,0,0,8.8,0,0,0,0,61,5.1354
67,0,15.0,131,85,121.1,0.5,0,1,6.9,0,0,0,0,46,10.05
20,1,28.51,111,73,87.2,1.3,0,0,7.5,0,0,0,0,38,5.702000000000001
68,0,32.47,168,87,123.8,0.3,1,0,7.1,0,1,1,1,81,22.0796
36,1,26.89,115,76,85.0,8.4,0,0,9.1,0,0,0,0,39,9.680399999999999
59,1,24.45,131,67,106.4,2.1,0,0,7.4,1,0,1,0,64,14.4255
52,1,18.74,141,68,90.0,2.7,1,0,7.7,1,0,0,0,73,9.7448
63,1,15.0,123,77,114.4,10.3,0,1,7.8,0,0,0,0,46,9.45
43,0,26.61,113,85,89.3,3.6,0,0,6.4,0,0,0,1,28,11.4423
81,1,30.37,140,85,118.0,1.1,0,0,7.6,1,0,1,1,55,24.599700000000002
54,1,21.97,120,69,103.1,7.5,0,0,8.3,1,0,1,0,51,11.8638
66,1,32.92,150,73,113.6,5.8,0,0,4.6,0,1,0,1,77,21.727200000000003
38,1,22.8,122,79,82.9,4.2,0,0,6.2,1,0,0,0,43,8.664
81,0,33.09,160,83,102.1,8.7,1,1,8.8,0,0,1,1,77,26.802900000000005
22,0,22.27,121,79,84.8,2.7,0,0,4.8,0,0,0,0,42,4.8994
21,1,15.0,102,56,87.7,3.9,0,0,8.8,0,0,0,0,46,3.15
56,1,30.43,121,90,121.2,4.0,0,0,6.6,1,0,1,0,31,17.0408
52,0,21.45,125,76,94.2,6.0,1,0,7.3,0,0,0,0,49,11.153999999999998
18,0,17.85,112,66,82.9,3.7,0,0,8.0,1,0,0,0,46,3.213
41,0,29.59,123,85,83.6,5.1,1,0,7.7,0,0,0,0,38,12.1319
74,1,21.64,114,69,96.4,8.9,0,0,7.1,0,0,0,0,45,16.0136
58,1,18.61,123,80,92.8,3.1,0,0,6.8,0,0,0,0,43,10.7938
71,1,34.41,141,90,117.9,3.3,0,0,6.6,0,0,1,1,51,24.431099999999997
63,0,25.61,147,76,106.0,5.9,0,1,5.4,0,0,1,1,71,16.1343
77,0,18.48,122,75,100.5,1.8,0,0,8.0,0,0,0,0,47,14.2296
77,0,24.11,121,74,108.3,3.4,0,0,7.9,0,0,1,0,47,18.564700000000002
74,0,39.17,141,94,113.0,1.2,0,0,6.2,0,0,0,0,47,28.985799999999998
48,1,27.45,135,90,101.1,8.0,1,0,6.9,0,0,0,1,45,13.175999999999998
41,0,23.08,126,78,117.7,7.5,1,1,5.4,1,0,0,0,48,9.4628
53,1,29.71,138,74,94.4,4.8,1,0,7.9,0,0,1,0,64,15.746300000000002
47,1,24.16,127,76,113.6,3.1,1,0,6.7,0,0,1,0,51,11.3552
41,1,23.85,124,89,98.6,3.2,1,0,6.3,1,0,0,0,35,9.778500000000001
47,0,22.99,124,75,93.5,2.6,1,1,8.0,0,0,1,0,49,10.805299999999999
24,0,31.75,115,87,75.8,2.9,0,0,7.3,0,0,0,0,28,7.62
52,0,27.93,126,67,98.3,1.8,0,1,7.9,0,1,0,0,59,14.523599999999998
72,1,35.05,148,78,114.6,6.5,0,0,6.3,0,0,0,0,70,25.236
31,1,28.58,109,73,99.3,13.5,0,0,5.3,0,0,0,0,36,8.8598
27,0,35.66,126,88,90.2,4.2,0,0,6.3,0,0,0,0,38,9.6282
33,0,30.57,141,71,106.4,4.4,1,0,6.9,0,0,0,0,70,10.0881
71,1,25.29,125,64,107.5,4.4,0,0,7.2,0,0,0,1,61,17.9559
61,1,26.01,133,60,98.2,1.8,0,0,6.3,0,0,0,1,73,15.866100000000001
62,1,37.4,144,90,132.5,3.6,0,0,6.4,0,1,0,0,54,23.188
73,0,34.36,148,88,125.0,2.8,0,1,8.2,0,0,0,1,60,25.0828
74,0,35.77,163,93,147.1,1.9,1,0,6.8,1,1,1,1,70,26.4698
38,0,20.96,123,70,71.2,9.9,0,0,9.4,0,0,0,0,53,7.9648
67,0,15.92,130,82,88.7,6.0,0,0,6.7,0,0,0,0,48,10.666400000000001
50,1,21.91,133,70,77.5,3.2,0,0,7.2,1,0,0,0,63,10.955
24,0,27.76,112,66,88.8,3.2,0,0,7.8,1,0,0,0,46,6.6624
32,0,23.06,134,68,90.5,6.9,0,0,6.6,0,0,0,0,66,7.3792
49,1,26.96,135,78,90.1,1.2,0,1,4.7,0,0,0,1,57,13.2104
37,0,24.18,119,72,90.5,3.8,1,0,8.7,1,0,0,0,47,8.9466
32,1,16.56,123,73,91.8,7.2,1,0,6.9,1,0,0,0,50,5.2992
65,0,29.29,141,75,93.6,5.3,0,1,6.7,0,0,0,0,66,19.0385
38,1,26.98,128,73,101.6,3.2,0,1,7.0,0,0,0,0,55,10.2524
59,0,34.51,158,94,125.4,0.8,0,1,8.1,1,0,1,1,64,20.3609
43,1,27.73,131,85,116.6,4.0,0,1,7.6,0,0,0,0,46,11.923900000000001
31,0,31.34,140,96,113.5,1.3,1,1,5.8,0,0,1,1,44,9.715399999999999
74,0,22.05,136,69,117.0,2.9,0,0,7.1,0,0,0,0,67,16.317
54,1,28.81,128,80,88.7,2.9,0,0,7.1,1,0,1,0,48,15.5574
75,0,31.49,138,90,110.5,1.6,0,0,6.2,1,0,0,1,48,23.6175
38,0,30.03,133,71,86.6,3.5,0,0,5.8,0,0,0,0,62,11.4114
20,1,25.49,119,65,78.3,3.6,1,0,6.1,0,0,0,0,54,5.098
54,1,28.83,134,84,97.8,9.0,0,0,6.5,0,0,1,0,50,15.5682
66,0,30.41,146,75,101.0,8.5,0,0,6.1,0,0,0,0,71,20.0706
36,0,33.77,124,75,107.8,1.7,0,1,7.9,0,0,0,1,49,12.1572
29,0,23.55,104,70,71.4,9.3,0,0,8.8,0,1,0,0,34,6.8295
78,0,20.32,144,73,107.6,4.5,0,0,7.3,0,0,0,1,71,15.8496
58,1,21.98,119,78,101.7,2.7,0,1,6.8,1,0,0,0,41,12.748399999999998
50,1,27.64,131,77,104.4,3.0,0,0,5.8,0,0,0,0,54,13.82
67,0,26.83,151,81,126.3,2.9,1,0,6.4,0,0,1,1,70,17.9761
50,1,30.44,133,78,126.5,4.2,0,1,7.6,1,0,1,0,55,15.22
41,1,31.62,121,80,118.8,3.5,0,0,8.3,0,0,0,0,41,12.9642
78,1,15.87,133,68,126.5,1.1,0,1,6.0,0,0,1,0,65,12.378599999999999
78,0,24.01,156,81,88.2,4.4,1,0,8.3,0,0,1,1,75,18.727800000000002
45,0,28.03,144,82,112.1,2.4,0,1,6.2,0,1,1,0,62,12.613500000000002
75,1,33.27,147,92,137.5,2.1,0,0,8.1,1,1,1,1,55,24.952500000000004
60,0,26.49,144,80,101.3,5.5,0,1,5.9,0,0,0,1,64,15.893999999999998
58,0,34.72,140,83,110.9,2.5,0,0,7.9,1,1,1,1,57,20.1376
56,0,30.0,123,65,85.3,9.8,0,0,6.3,1,0,1,1,58,16.8
66,0,29.01,144,80,110.4,6.6,0,0,9.5,0,0,1,1,64,19.1466
34,1,26.16,115,75,90.5,4.6,0,1,7.4,0,0,0,0,40,8.894400000000001
82,1,26.66,153,79,118.5,7.3,1,0,5.9,0,0,1,0,74,21.8612
22,0,28.72,118,77,114.0,6.8,0,0,7.0,1,0,0,0,41,6.3184
19,0,25.67,107,66,79.9,3.1,0,0,7.5,0,0,0,0,41,4.8773
39,1,33.25,138,97,89.3,1.6,1,1,6.8,1,0,1,1,41,12.9675
74,0,31.9,151,86,120.4,2.4,0,1,7.3,0,1,1,0,65,23.605999999999998
83,1,33.75,142,90,147.4,2.6,0,0,5.8,0,1,1,0,52,28.0125
33,1,20.77,115,58,73.7,3.2,0,1,6.9,0,0,0,0,57,6.8541
68,0,20.58,121,73,95.7,2.2,0,0,5.4,0,0,0,0,48,13.994399999999999
56,1,29.63,126,80,115.1,1.7,0,0,6.8,0,1,0,0,46,16.5928
57,1,26.33,129,84,119.6,2.3,0,1,9.3,0,0,0,1,45,15.008099999999999
55,0,28.3,118,73,83.0,8.7,0,0,7.4,0,0,0,0,45,15.565
77,0,20.32,145,75,114.1,2.8,0,0,5.8,0,0,0,1,70,15.646400000000002
76,1,18.34,133,74,106.4,9.5,0,0,6.7,0,0,0,0,59,13.9384
27,0,28.15,133,63,105.1,0.6,0,0,6.6,0,0,0,0,70,7.600499999999999
81,1,22.39,131,83,100.7,7.2,0,0,9.0,0,0,1,0,48,18.135900000000003
80,1,30.94,159,89,128.2,2.0,0,1,5.9,1,1,1,1,70,24.752000000000002
66,0,23.23,133,76,124.4,7.7,0,1,6.7,0,0,1,1,57,15.331800000000001
81,0,21.65,128,83,91.4,12.8,1,0,5.9,0,0,0,1,45,17.5365
49,0,15.0,122,67,91.6,3.8,0,0,8.5,0,0,0,0,55,7.35
24,0,34.04,112,83,94.7,2.3,0,0,5.1,0,0,0,0,29,8.1696
38,1,30.85,127,75,124.7,10.1,0,0,6.0,0,1,0,0,52,11.722999999999999
37,1,18.12,139,75,90.6,1.8,1,1,7.3,1,0,0,0,64,6.704400000000001
43,1,15.21,124,87,110.8,7.9,0,1,8.4,1,0,0,0,37,6.540300000000001
32,0,23.34,120,78,101.8,3.0,0,0,8.2,1,0,0,0,42,7.4688
31,1,32.29,143,85,92.4,2.9,1,0,8.1,0,0,0,1,58,10.0099
44,1,23.74,109,80,103.3,6.2,0,0,7.4,1,0,0,0,29,10.445599999999999
57,1,25.6,129,75,130.7,5.8,0,0,7.2,1,1,0,0,54,14.592
75,0,32.55,146,84,120.8,1.7,1,0,8.5,0,1,1,1,62,24.4125
45,1,21.07,129,65,97.7,2.8,0,0,8.6,0,0,0,0,64,9.4815
43,1,22.84,128,75,113.3,8.9,1,0,6.7,0,0,0,0,53,9.8212
80,0,28.07,130,74,136.9,6.0,0,1,6.7,1,1,1,0,56,22.456
83,1,25.17,143,90,146.5,6.3,0,1,5.6,1,1,1,0,53,20.8911
42,0,21.71,125,71,112.1,11.6,0,1,7.4,1,0,1,0,54,9.1182
20,0,30.9,129,70,104.8,2.2,0,1,7.4,0,0,0,0,59,6.18
61,1,29.8,161,83,109.7,2.3,0,0,5.8,0,0,0,1,78,18.178
59,0,31.63,133,79,115.8,3.3,0,0,7.7,1,1,1,1,54,18.6617
23,1,25.91,117,72,104.7,5.1,0,1,6.0,0,0,0,0,45,5.9593
56,1,16.59,124,77,88.7,13.0,0,0,6.9,1,0,0,0,47,9.2904
69,0,26.86,137,79,100.1,2.0,0,0,8.3,0,1,0,0,58,18.5334
40,0,20.0,120,65,87.3,3.6,0,1,8.6,1,0,0,0,55,8.0
67,1,15.04,140,81,88.1,3.5,0,1,5.9,0,0,1,0,59,10.076799999999999
60,1,25.21,127,70,91.4,6.9,0,0,6.4,0,1,0,0,57,15.126000000000001
36,1,27.39,109,71,84.4,2.5,0,1,8.1,0,0,0,0,38,9.8604
68,1,36.07,156,91,115.6,3.9,1,0,7.7,0,1,1,1,65,24.527600000000003
28,0,19.81,117,74,87.1,8.9,0,0,7.8,0,0,0,0,43,5.546799999999999
29,0,30.73,124,68,121.9,4.8,0,0,4.0,1,1,0,0,56,8.9117
25,1,17.53,117,70,99.6,4.5,0,0,5.8,0,0,1,0,47,4.3825
41,1,34.17,127,82,109.2,9.6,0,1,7.7,1,1,0,0,45,14.0097
58,0,22.74,152,78,92.8,2.7,1,1,8.8,0,0,0,0,74,13.189199999999998
53,1,24.86,134,84,81.2,7.8,1,0,6.4,0,0,0,1,50,13.175799999999999
72,1,24.93,143,71,115.6,7.2,0,1,7.1,1,0,0,0,72,17.9496
26,1,31.2,114,76,116.0,3.1,0,1,5.9,1,0,0,0,38,8.112
64,0,18.39,123,80,111.0,6.9,0,0,8.8,1,0,0,0,43,11.7696
32,1,25.77,120,82,105.3,3.7,0,1,5.9,0,0,0,0,38,8.2464
65,1,23.08,146,84,97.7,2.4,1,0,8.1,1,0,1,1,62,15.001999999999999
59,1,39.55,148,90,146.3,3.2,0,0,6.0,1,1,1,1,58,23.3345
77,1,20.51,125,83,121.5,6.6,0,0,4.5,1,0,0,1,42,15.792700000000002
29,1,15.0,107,67,120.1,4.3,0,0,7.5,1,0,0,0,40,4.35
19,1,36.63,121,81,98.2,1.7,0,1,7.0,0,0,0,1,40,6.959700000000001
24,1,29.65,123,72,104.5,3.8,0,0,7.7,0,0,0,0,51,7.115999999999999
20,0,22.23,118,55,60.6,8.7,0,0,7.3,0,0,0,0,63,4.446000000000001
20,0,26.61,124,73,119.3,4.8,0,0,6.0,1,0,0,0,51,5.322
44,1,22.15,122,70,79.5,8.4,0,0,6.8,1,0,0,0,52,9.745999999999999
57,0,15.45,114,80,109.5,4.1,0,0,8.4,0,0,0,0,34,8.8065
50,0,25.85,131,69,118.3,4.3,0,1,7.9,0,0,0,0,62,12.925
18,0,25.81,134,82,106.4,1.8,0,1,7.7,1,0,0,0,52,4.6457999999999995
25,0,28.77,124,63,110.9,2.6,0,0,9.4,0,1,0,1,61,7.1925
49,0,21.16,138,81,76.8,1.1,0,0,7.7,0,0,0,0,57,10.3684
65,0,22.31,139,72,97.5,4.5,0,0,8.2,0,0,0,1,67,14.501499999999998
21,1,24.62,99,60,76.4,7.5,0,0,5.4,1,0,0,0,39,5.1701999999999995
36,1,21.11,114,60,78.6,1.9,0,0,8.2,0,0,0,0,54,7.599600000000001
49,1,33.39,133,80,103.4,5.7,0,0,7.5,0,0,1,0,53,16.3611
26,0,31.72,128,80,88.7,4.0,1,0,7.9,0,0,0,0,48,8.2472
29,1,23.81,113,74,72.8,4.8,0,0,7.3,0,0,0,0,39,6.9049000000000005
28,1,29.9,135,75,77.4,3.0,0,1,8.0,0,0,0,0,60,8.372
63,1,19.62,129,81,85.9,7.1,0,0,7.4,1,0,0,0,48,12.360600000000002
33,0,24.12,107,83,75.1,3.5,0,1,7.3,0,0,0,0,24,7.9596
18,0,35.29,121,87,88.6,1.6,1,0,9.1,1,0,0,0,34,6.3522
80,1,30.55,154,88,95.8,1.3,0,1,7.5,0,0,1,1,66,24.44
38,1,28.48,110,71,122.2,3.5,0,1,8.9,1,1,0,0,39,10.8224
47,1,24.72,123,71,82.2,4.0,0,1,7.7,0,0,0,0,52,11.6184
30,1,26.56,129,78,80.8,5.7,1,0,8.7,0,0,0,0,51,7.968
51,0,18.28,109,75,83.8,4.5,0,0,7.2,0,1,0,0,34,9.3228
21,1,24.92,115,62,102.5,9.1,0,1,6.5,0,0,0,0,53,5.2332
45,0,28.98,134,85,113.6,1.3,1,0,6.5,0,0,1,1,49,13.040999999999999
76,1,26.65,125,73,110.3,4.5,0,1,6.8,0,0,1,1,52,20.253999999999998
44,1,26.65,108,68,114.8,4.4,0,1,4.9,0,0,0,0,40,11.725999999999999
42,1,23.0,128,77,120.4,2.0,0,1,6.1,1,0,0,0,51,9.66
20,0,21.54,123,79,79.2,5.1,0,1,8.3,0,0,0,0,44,4.308
42,0,21.0,105,66,85.4,2.4,0,0,8.1,0,0,0,0,39,8.82
37,1,25.34,124,62,97.8,7.1,0,0,7.5,0,0,0,0,62,9.3758
51,1,31.06,133,78,131.3,11.3,0,1,9.3,0,0,0,0,55,15.8406
43,1,21.82,110,76,84.3,5.4,0,0,6.4,0,0,0,0,34,9.3826
22,1,27.04,127,65,85.7,2.8,0,1,7.6,0,0,0,0,62,5.9488
78,0,26.89,151,90,112.3,3.9,1,1,7.9,1,0,1,1,61,20.9742
26,1,32.19,133,68,101.5,1.2,0,1,6.9,0,0,0,0,65,8.369399999999999
67,1,26.88,130,81,132.9,9.0,0,0,6.6,1,0,0,0,49,18.0096
23,1,18.17,107,71,71.1,5.9,0,0,7.0,0,0,0,0,36,4.1791
77,0,39.12,146,92,127.8,7.5,0,1,6.6,0,1,1,1,54,30.1224
61,1,32.44,126,77,107.1,10.1,0,0,9.5,1,0,0,0,49,19.7884
28,0,29.6,122,81,88.3,4.0,0,0,7.0,0,0,0,0,41,8.288
83,1,23.46,137,83,94.1,0.8,0,1,7.7,0,0,1,1,54,19.4718
64,1,24.95,133,73,158.3,7.2,0,0,6.7,1,1,0,0,60,15.968
20,0,18.55,119,75,79.2,3.1,1,1,9.3,0,0,0,1,44,3.71
47,0,24.86,135,79,100.1,5.8,0,0,7.1,0,0,0,0,56,11.6842
38,1,27.82,136,71,103.5,3.3,1,0,5.7,0,1,0,0,65,10.5716
45,1,26.65,129,74,110.9,6.3,0,0,6.2,0,0,1,0,55,11.9925
79,0,36.96,154,92,135.5,3.5,0,0,8.1,1,1,1,1,62,29.198400000000003
50,0,30.69,143,83,93.9,3.7,0,0,7.3,1,0,1,0,60,15.345
52,1,32.45,146,90,101.4,3.5,0,1,8.2,0,0,1,0,56,16.874000000000002
69,1,29.93,137,84,116.4,8.9,0,0,8.3,1,0,0,1,53,20.6517
51,0,27.74,129,91,99.5,7.7,0,0,6.8,0,0,0,0,38,14.1474
58,1,29.44,132,77,106.0,7.5,0,0,7.1,0,0,1,0,55,17.0752
68,0,15.29,126,80,90.5,3.6,0,0,6.7,1,0,0,0,46,10.3972
64,0,25.29,139,82,97.8,4.2,0,1,7.6,0,0,1,0,57,16.1856
75,0,18.69,126,80,127.4,3.5,0,0,5.6,0,0,0,0,46,14.0175
74,1,19.96,108,80,114.8,7.1,0,0,7.0,0,0,0,0,28,14.7704
40,0,33.72,123,90,117.6,2.5,0,0,6.7,1,0,0,1,33,13.488
65,1,20.56,121,79,112.9,3.9,0,1,7.3,1,0,0,0,42,13.363999999999999
39,0,19.12,117,83,89.8,2.1,0,1,6.8,0,0,0,0,34,7.4568
34,1,29.06,125,73,87.5,7.5,0,0,7.6,0,0,0,0,52,9.8804
28,1,26.4,121,90,96.5,2.8,1,1,8.5,0,0,1,1,31,7.3919999999999995
32,1,29.39,124,81,106.9,5.3,1,0,8.6,0,0,1,1,43,9.4048
52,1,36.98,145,90,118.4,0.5,0,1,6.8,1,0,0,1,55,19.229599999999998
50,1,30.12,132,68,112.1,2.6,0,0,8.3,1,0,0,1,64,15.06
33,1,17.81,113,81,96.4,3.5,0,1,4.5,1,0,0,0,32,5.877299999999999
51,0,32.21,135,90,97.2,3.4,1,0,7.8,0,0,1,0,45,16.4271
83,0,25.52,139,77,107.7,8.2,0,0,5.7,0,0,1,1,62,21.1816
57,1,27.77,129,86,94.6,2.5,0,1,8.3,0,0,0,1,43,15.828899999999999
45,0,17.21,129,77,110.1,1.4,0,1,8.5,1,0,1,0,52,7.7445
64,0,29.72,131,76,120.6,8.6,0,0,7.9,1,0,1,1,55,19.020799999999998
56,1,19.25,123,72,101.4,5.0,0,1,6.8,1,1,0,0,51,10.78
37,0,29.9,134,80,97.3,7.7,1,1,6.1,0,0,0,0,54,11.062999999999999
18,1,22.61,110,74,97.1,1.0,1,0,7.2,0,0,0,0,36,4.0698
80,0,30.99,139,86,139.3,5.2,0,0,6.9,0,1,0,1,53,24.791999999999998
84,1,19.29,124,74,103.0,11.1,0,0,7.2,0,0,0,0,50,16.203599999999998
21,1,17.75,108,62,85.0,3.9,0,0,7.4,0,0,0,0,46,3.7275
75,1,23.66,130,80,127.8,3.8,0,0,8.4,0,0,1,0,50,17.745
42,0,28.34,131,88,89.6,3.0,0,1,6.3,0,0,1,1,43,11.9028
64,1,20.16,135,79,88.6,4.1,0,1,5.8,0,0,0,0,56,12.9024
55,1,27.98,121,76,79.2,3.3,0,0,7.1,0,0,0,1,45,15.389000000000001
32,1,31.87,133,75,105.4,3.6,0,0,7.0,0,0,0,0,58,10.1984
80,1,19.12,149,80,88.7,3.9,1,0,7.3,0,0,1,0,69,15.296000000000001
38,0,27.99,114,77,75.5,9.6,0,1,7.5,0,0,0,0,37,10.636199999999999
74,1,29.93,139,80,105.4,3.0,0,1,7.2,1,0,0,0,59,22.148200000000003
70,1,25.68,143,78,121.0,4.9,0,1,6.2,0,0,1,1,65,17.976
63,0,26.32,148,70,86.6,4.1,0,0,7.4,1,1,0,1,78,16.5816
31,1,18.63,116,73,67.2,2.6,0,1,8.8,0,0,0,0,43,5.7753
34,1,29.34,121,72,109.3,12.6,0,0,7.1,0,0,0,0,49,9.9756
56,1,27.16,124,67,78.5,4.4,0,0,7.4,0,0,0,0,57,15.2096
26,0,27.67,108,79,94.2,4.5,0,0,8.5,0,0,0,0,29,7.1942
23,1,38.78,128,79,109.8,5.2,0,0,6.1,0,0,0,0,49,8.919400000000001
40,1,25.6,119,84,88.6,3.9,0,1,7.0,1,0,0,0,35,10.24
76,1,28.67,146,78,128.2,3.7,0,0,8.3,0,0,0,1,68,21.7892
63,1,34.27,135,82,96.9,3.8,0,0,8.0,0,1,0,1,53,21.590100000000003
55,1,26.52,142,89,109.0,2.5,1,1,8.0,1,0,0,1,53,14.585999999999999
31,1,22.64,120,64,130.6,2.1,0,0,4.6,1,1,0,0,56,7.018400000000001
79,1,29.11,145,76,104.0,0.3,0,0,6.4,0,0,1,1,69,22.9969
52,0,22.83,121,64,103.5,2.9,0,0,5.5,1,0,0,0,57,11.871599999999999
36,0,33.76,134,78,110.2,3.3,0,0,8.7,0,0,0,0,56,12.153599999999999
47,0,29.79,138,71,93.9,4.5,0,0,7.7,0,0,0,0,67,14.001299999999999
42,0,21.81,107,76,99.3,5.6,0,0,7.1,1,0,0,0,31,9.1602
57,0,19.57,144,80,99.9,1.5,0,1,6.3,0,0,0,0,64,11.1549
31,0,27.71,130,85,94.8,1.3,0,0,6.8,0,0,0,0,45,8.5901
43,1,28.28,122,75,88.9,5.6,0,0,9.5,1,0,0,0,47,12.1604
39,0,19.58,117,70,85.6,9.3,0,0,7.1,1,0,0,0,47,7.636199999999999
65,0,31.36,150,80,138.0,6.6,0,0,6.5,1,1,0,1,70,20.384
68,0,30.66,145,81,110.9,3.5,0,1,5.8,0,0,0,0,64,20.8488
20,1,28.78,120,84,115.8,2.1,1,0,9.2,1,0,0,0,36,5.756
59,0,31.2,126,81,122.8,3.7,0,0,7.1,1,1,0,0,45,18.408
36,0,21.06,113,69,112.6,1.3,0,0,6.8,1,0,0,0,44,7.5816
45,0,21.4,107,58,106.7,13.4,0,0,5.7,1,0,0,0,49,9.629999999999999
62,1,25.29,128,84,103.3,2.5,0,0,6.1,0,0,0,0,44,15.6798
80,1,23.12,145,82,101.4,4.9,0,1,8.4,0,0,0,1,63,18.496000000000002
36,1,29.71,122,72,111.8,1.7,0,0,5.4,0,0,0,0,50,10.695599999999999
64,0,31.47,156,84,117.8,6.5,0,0,5.7,0,0,1,1,72,20.1408
31,1,22.72,106,75,113.5,5.9,0,0,6.7,1,0,0,0,31,7.0432
55,1,21.77,123,70,102.7,2.9,0,0,7.7,1,0,0,1,53,11.9735
70,0,31.76,137,93,148.4,3.2,0,0,7.3,1,1,1,1,44,22.232000000000003
78,0,21.1,149,83,97.2,3.1,1,0,6.6,0,0,0,1,66,16.458000000000002
53,0,25.14,130,72,103.4,2.6,0,0,6.5,0,0,0,0,58,13.324200000000001
57,1,20.94,143,72,96.2,7.3,0,1,6.4,0,0,1,1,71,11.935800000000002
47,0,23.37,121,74,96.8,4.3,0,1,7.0,0,0,0,0,47,10.9839
26,0,18.06,113,77,88.8,4.6,0,1,6.2,1,0,0,0,36,4.6956
81,0,34.24,146,85,131.2,5.9,0,0,7.4,1,1,0,1,61,27.7344
50,1,32.67,148,89,81.6,5.5,0,0,8.5,0,0,0,0,59,16.335
69,1,22.12,122,68,112.6,2.4,0,0,8.3,1,0,1,0,54,15.2628
31,1,29.49,131,97,100.7,9.9,1,1,5.4,0,0,0,1,34,9.1419
70,1,18.47,131,76,102.1,4.6,0,1,6.0,0,0,0,0,55,12.928999999999998
76,1,30.41,150,78,100.7,4.2,1,0,7.7,0,1,1,0,72,23.1116
58,0,21.67,133,75,83.6,3.7,0,0,7.3,0,0,0,0,58,12.568600000000002
25,0,33.86,128,80,125.6,2.8,0,0,7.4,1,0,0,0,48,8.465
19,1,29.76,138,67,99.0,1.8,0,1,8.8,1,1,0,0,71,5.654400000000001
58,1,24.68,133,78,124.9,4.3,0,1,9.6,0,0,0,0,55,14.314400000000001
72,1,24.43,118,76,108.7,6.5,0,0,8.0,0,0,0,0,42,17.5896
33,0,27.64,128,79,99.6,6.3,1,0,5.5,0,0,0,0,49,9.1212
79,0,21.44,143,79,94.8,4.1,0,1,6.9,0,0,1,1,64,16.9376
65,0,33.32,137,83,104.5,11.5,0,0,8.7,1,0,1,0,54,21.658
47,1,28.57,124,65,96.2,7.5,0,0,9.1,0,0,0,0,59,13.4279
29,1,32.39,120,82,94.6,2.4,0,0,6.9,0,0,0,0,38,9.3931
52,1,15.0,144,78,103.2,3.0,1,0,7.7,0,0,0,1,66,7.8
28,1,26.89,124,81,99.0,3.3,1,0,7.9,0,0,0,1,43,7.5292
81,0,28.24,135,74,92.3,2.3,0,0,8.1,0,0,0,0,61,22.8744
67,0,26.78,150,78,119.0,3.7,1,0,8.4,1,0,0,1,72,17.9426
38,0,26.93,124,72,101.9,1.5,0,0,4.2,1,0,0,0,52,10.2334
65,1,24.94,134,74,87.2,6.7,0,0,7.9,0,0,0,0,60,16.211000000000002
37,0,39.89,135,76,126.5,5.3,0,1,7.0,0,0,0,1,59,14.759300000000001
84,1,28.21,149,85,118.4,4.2,0,0,7.3,0,0,0,1,64,23.696399999999997
61,1,27.51,145,78,99.1,2.9,0,0,6.1,0,0,1,1,67,16.781100000000002
50,0,32.23,128,85,93.2,3.8,0,0,6.2,0,1,1,0,43,16.115
78,0,23.56,150,77,129.1,3.0,0,1,6.8,1,1,1,1,73,18.3768
26,0,19.33,105,63,100.7,14.15,0,0,7.8,1,0,0,0,42,5.025799999999999
52,1,32.06,135,74,100.2,2.1,0,0,5.6,0,1,0,0,61,16.671200000000002
82,0,24.87,142,73,107.7,2.2,0,0,7.2,0,1,1,1,69,20.3934
25,0,34.69,134,82,121.0,2.5,1,0,8.9,0,0,0,1,52,8.6725
62,1,34.33,154,80,114.5,2.8,0,1,9.5,0,0,1,1,74,21.2846
64,1,15.0,138,69,76.0,12.6,0,1,7.2,0,0,0,0,69,9.6
57,1,27.22,142,78,97.7,3.2,0,1,6.8,0,0,1,0,64,15.5154
71,1,33.04,158,87,122.9,2.1,1,0,6.7,0,0,1,1,71,23.4584
63,1,16.62,143,83,121.0,5.6,0,0,7.9,1,0,0,0,60,10.470600000000001
64,1,28.92,150,87,118.9,1.4,0,0,7.8,0,1,0,1,63,18.5088
32,0,30.62,129,78,109.4,2.8,0,1,6.8,0,0,0,0,51,9.7984
36,0,26.48,111,72,95.8,1.5,0,0,6.3,0,0,0,0,39,9.5328
43,1,26.52,136,77,113.2,2.1,0,1,5.8,0,0,0,1,59,11.403599999999999
69,1,33.75,145,73,129.3,0.3,0,0,6.9,0,1,1,1,72,23.2875
39,1,18.13,116,65,95.4,6.3,0,1,8.4,0,0,0,0,51,7.0706999999999995
38,1,31.62,110,78,113.2,7.1,0,0,6.3,1,0,0,0,32,12.0156
68,1,29.46,150,73,126.5,3.7,0,1,6.6,1,0,1,0,77,20.032799999999998
55,0,34.35,152,81,115.1,3.5,0,1,7.0,1,1,0,1,71,18.8925
37,0,21.3,131,78,85.7,3.3,1,0,6.2,0,0,0,0,53,7.881
46,0,35.36,149,95,101.1,4.4,1,1,9.3,1,0,0,1,54,16.2656
68,1,18.75,131,87,102.2,5.4,0,1,7.7,1,0,0,1,44,12.75
21,0,24.88,108,77,63.5,8.5,0,0,8.0,0,0,0,0,31,5.2248
72,0,20.05,128,79,92.5,4.4,0,0,5.9,0,0,0,0,49,14.436000000000002
45,0,31.0,133,76,86.8,3.0,0,0,6.8,0,0,0,0,57,13.95
21,0,22.38,107,63,84.3,7.6,1,1,7.9,0,0,0,0,44,4.6998
39,0,33.38,139,79,121.6,1.4,1,0,7.5,1,0,0,1,60,13.018200000000002
62,0,17.01,125,77,93.8,10.8,0,0,10.0,0,0,0,0,48,10.5462
84,1,24.22,144,86,120.4,3.8,0,0,7.9,1,0,1,0,58,20.3448
83,0,37.16,158,91,139.2,5.2,0,1,6.4,0,1,1,1,67,30.842799999999997
51,0,22.39,136,67,102.5,6.6,0,0,7.2,1,0,0,0,69,11.4189
72,1,32.94,161,80,85.6,6.9,0,0,7.6,0,0,1,1,81,23.7168
18,1,30.84,105,71,82.9,8.4,0,0,8.3,1,0,0,0,34,5.5512
55,0,19.22,141,84,93.0,2.8,1,0,4.4,0,0,1,1,57,10.571
23,0,28.03,126,70,114.5,3.1,1,0,6.2,1,0,1,0,56,6.4469
42,1,35.67,144,78,120.7,3.4,0,1,7.5,0,1,0,1,66,14.9814
34,0,24.42,114,70,87.0,4.6,0,0,4.6,0,0,0,0,44,8.302800000000001
78,0,22.8,136,71,82.8,3.9,0,1,8.5,0,0,0,1,65,17.784000000000002
29,0,28.71,123,82,96.1,6.0,0,0,7.3,1,0,0,1,41,8.3259
23,0,25.55,116,65,87.5,3.2,0,0,7.0,1,0,0,0,51,5.8765
44,1,18.12,123,67,115.2,1.8,0,0,5.6,1,0,0,0,56,7.972800000000001
25,1,25.51,110,83,105.1,1.0,0,0,8.9,0,0,0,0,27,6.3775
82,1,23.99,151,80,87.9,9.3,0,0,5.7,0,0,0,1,71,19.671799999999998
74,1,26.02,155,87,104.5,0.9,1,1,8.4,0,0,0,1,68,19.2548
57,0,15.0,121,71,79.2,4.0,0,0,9.6,0,0,0,0,50,8.55
31,1,28.91,120,70,76.2,4.8,0,0,9.1,0,0,0,0,50,8.9621
52,0,17.32,121,72,104.6,3.7,0,1,7.4,1,0,0,0,49,9.0064
65,0,31.13,139,66,125.6,13.6,0,0,6.9,1,0,1,1,73,20.2345
73,1,33.02,163,98,104.3,10.2,0,1,8.2,1,0,1,1,65,24.1046
66,1,15.28,129,72,102.5,1.3,0,0,7.0,0,0,0,0,57,10.0848
30,0,34.31,149,78,86.3,4.6,0,1,7.5,0,0,1,1,71,10.293000000000001
78,1,26.12,149,82,110.0,3.1,0,0,5.8,0,0,1,1,67,20.3736
66,0,33.05,148,96,123.2,2.8,0,1,8.1,1,0,0,1,52,21.813
63,0,32.2,148,80,116.7,1.3,1,0,6.4,0,0,1,1,68,20.286
79,0,18.42,129,73,114.6,3.8,0,0,8.7,1,0,1,0,56,14.5518
25,1,21.85,114,70,108.9,5.5,0,0,5.7,0,0,0,0,44,5.4625
60,1,36.16,147,82,129.5,0.8,0,0,6.6,0,0,0,1,65,21.695999999999998
37,1,19.6,134,71,113.2,3.4,1,0,6.9,1,0,1,0,63,7.252000000000001
56,0,28.89,133,80,109.1,0.5,0,0,6.5,1,1,1,0,53,16.1784
66,0,22.42,107,80,99.6,9.0,0,0,6.5,1,0,0,0,27,14.7972
81,1,21.56,137,77,113.2,6.7,0,0,7.2,0,0,0,0,60,17.4636
79,0,26.69,132,76,114.9,5.4,0,0,6.4,0,0,0,0,56,21.0851
71,0,39.51,158,92,111.8,5.2,0,0,6.3,0,0,0,1,66,28.0521
26,1,31.25,124,74,114.5,7.6,0,0,6.8,1,0,0,0,50,8.125
54,1,20.69,127,69,112.7,3.4,0,0,8.1,0,0,0,0,58,11.1726
66,0,27.93,140,82,116.6,2.9,0,0,8.5,1,1,0,1,58,18.433799999999998
58,0,16.02,126,71,129.0,8.5,0,0,6.4,1,0,0,0,55,9.291599999999999
34,0,15.0,112,69,96.0,4.4,0,0,7.4,1,0,0,0,43,5.1
38,1,27.78,147,79,107.9,7.4,1,1,7.5,0,0,0,0,68,10.556400000000002
68,1,30.95,151,91,131.2,4.6,1,1,8.7,0,0,1,1,60,21.046
76,1,35.85,143,93,108.8,3.3,0,0,9.4,1,0,1,1,50,27.246
56,0,28.96,131,78,121.1,2.0,0,0,4.6,1,1,0,0,53,16.2176
72,0,26.84,141,85,117.1,5.1,1,0,5.1,1,0,1,1,56,19.3248
58,1,24.83,128,74,98.5,1.2,0,0,7.0,0,0,1,0,54,14.401399999999999
56,1,29.86,135,79,123.1,4.7,0,0,5.8,1,0,0,1,56,16.7216
30,1,19.75,128,75,82.9,1.7,1,0,6.2,0,0,0,0,53,5.925
81,0,22.87,129,74,132.8,8.1,0,0,5.5,0,0,0,0,55,18.5247
28,1,19.95,100,67,70.4,14.15,0,1,7.4,0,0,0,0,33,5.586
36,1,23.76,116,74,94.0,4.2,1,0,6.7,0,0,0,0,42,8.5536
28,1,22.6,123,66,104.0,8.0,0,0,8.3,0,0,0,0,57,6.328
63,1,22.2,115,76,87.1,6.3,0,0,6.9,0,0,0,0,39,13.985999999999999
62,0,23.09,133,89,98.4,1.6,0,0,7.2,0,0,0,0,44,14.3158
18,0,28.02,122,78,87.5,2.9,0,1,8.9,0,0,0,1,44,5.0436000000000005
57,0,34.16,166,88,111.2,3.9,1,0,7.4,0,0,1,1,78,19.4712
36,1,28.47,117,70,111.3,4.4,0,0,7.2,0,0,0,0,47,10.2492
78,1,23.48,151,87,124.9,3.8,0,0,5.8,1,0,1,1,64,18.3144
29,1,29.34,123,73,106.5,5.2,1,0,7.2,1,0,0,0,50,8.5086
78,0,27.44,143,78,104.8,10.6,0,0,6.5,1,0,0,0,65,21.403200000000002
50,1,27.78,130,84,107.4,1.5,0,1,7.2,0,0,0,1,46,13.89
62,1,26.67,155,93,140.5,3.7,1,1,5.5,0,1,1,1,62,16.535400000000003
25,0,36.81,120,85,95.8,12.2,0,0,6.8,1,0,0,0,35,9.2025
42,1,27.37,132,78,101.4,3.8,0,1,5.8,0,0,0,0,54,11.4954
63,0,23.54,138,71,78.5,2.2,0,1,8.9,0,0,0,1,67,14.8302
47,0,22.29,120,73,91.7,5.5,0,1,8.2,0,0,0,0,47,10.476299999999998
64,0,32.03,135,78,114.2,2.8,0,0,7.1,0,0,0,1,57,20.499200000000002
66,1,19.92,133,72,83.1,8.3,0,0,7.2,1,0,0,1,61,13.1472
64,1,34.67,139,78,127.0,6.3,0,1,7.1,1,0,1,0,61,22.1888
35,0,15.68,130,68,98.4,0.7,0,0,8.4,1,0,0,0,62,5.4879999999999995
83,1,33.91,141,99,137.4,2.5,0,1,6.5,1,1,1,1,42,28.1453
50,1,31.42,124,95,100.8,7.9,0,1,10.0,1,1,0,0,29,15.71
53,1,24.25,123,81,96.9,3.5,0,1,6.9,0,0,0,1,42,12.8525
36,0,22.45,133,90,119.9,3.9,1,1,5.3,0,0,0,0,43,8.081999999999999
45,1,33.95,132,78,85.6,8.5,0,0,7.3,0,0,1,0,54,15.277500000000002
57,1,37.24,124,90,110.5,8.4,0,0,7.3,0,0,0,0,34,21.226800000000004
32,0,23.24,111,74,96.3,3.0,0,0,6.6,1,0,0,0,37,7.4368
58,0,30.17,140,80,94.0,2.9,0,0,6.0,0,0,0,1,60,17.4986
56,1,32.48,131,86,116.2,2.2,0,0,5.3,1,1,1,0,45,18.1888
19,0,30.3,109,84,102.8,8.4,0,0,6.4,1,0,0,0,25,5.757000000000001
80,1,27.12,146,86,113.5,7.8,0,0,7.6,0,0,0,1,60,21.695999999999998
46,0,24.54,118,78,136.0,1.1,0,0,8.1,1,0,0,0,40,11.2884
83,1,28.41,142,89,129.6,7.5,0,1,9.2,1,0,1,1,53,23.5803
68,0,15.0,125,65,106.4,3.0,0,0,9.1,1,0,1,0,60,10.2
27,0,34.58,113,62,102.6,8.3,0,0,5.8,1,0,0,0,51,9.336599999999999
31,0,16.9,116,81,80.4,0.6,0,0,5.6,0,0,0,0,35,5.239
68,1,21.94,133,80,92.9,4.6,0,1,6.2,1,1,0,0,53,14.9192
56,1,24.84,136,78,79.3,3.5,1,0,7.3,0,0,0,0,58,13.9104
45,0,21.01,113,63,106.6,6.8,0,0,6.2,1,0,0,0,50,9.454500000000001
20,0,20.26,112,72,93.9,2.4,0,1,7.0,1,0,0,0,40,4.0520000000000005
44,1,34.97,133,84,108.9,7.4,0,1,6.9,0,0,0,1,49,15.3868
19,0,37.22,122,85,90.8,7.4,0,1,7.6,1,0,0,0,37,7.0718
55,1,35.78,146,93,122.0,6.4,0,1,7.2,1,1,0,1,53,19.679000000000002
20,0,31.65,109,75,95.1,1.2,0,0,8.0,0,0,0,0,34,6.33
33,1,41.09,121,89,137.2,2.7,0,0,6.8,1,1,0,1,32,13.5597
57,1,25.26,136,67,112.6,7.1,0,0,8.1,1,0,0,0,69,14.398200000000001
19,1,24.7,125,67,101.1,4.5,0,0,5.1,0,0,0,0,58,4.6930000000000005
58,1,26.87,134,86,103.3,2.8,1,0,6.7,1,0,0,0,48,15.5846
29,0,35.09,129,86,108.7,2.3,0,0,7.6,0,0,0,1,43,10.176100000000002
52,0,30.2,141,85,123.5,1.4,1,0,6.9,1,1,1,1,56,15.703999999999999
82,1,36.82,147,76,112.3,4.0,0,0,5.2,0,0,1,1,71,30.192400000000003
72,1,27.18,141,90,84.6,12.7,1,0,5.8,0,0,1,1,51,19.5696
62,1,18.11,122,86,111.9,3.1,0,1,6.2,1,0,1,0,36,11.2282
79,1,22.9,129,75,99.9,5.4,0,0,6.0,0,0,1,1,54,18.090999999999998
66,1,32.74,142,86,110.7,4.0,0,1,7.1,0,1,1,1,56,21.608400000000003
42,0,23.93,130,71,105.5,2.2,0,1,5.8,0,0,1,1,59,10.0506
40,0,27.35,128,88,105.2,7.6,1,0,8.2,0,0,1,0,40,10.94
41,0,28.23,130,76,92.8,6.6,0,0,6.3,0,0,0,0,54,11.574300000000001
55,0,37.29,138,82,123.0,6.7,0,1,6.0,0,0,0,0,56,20.5095
45,1,31.9,129,85,104.6,3.6,0,0,8.2,0,0,0,1,44,14.355
38,0,30.76,121,77,98.4,7.2,0,0,7.0,0,0,0,1,44,11.6888
71,0,27.72,140,74,107.0,5.3,0,1,6.1,0,0,1,0,66,19.6812
35,0,21.98,114,66,85.2,8.3,0,0,7.7,0,0,0,0,48,7.6930000000000005
53,0,28.21,133,81,105.2,4.3,0,0,6.1,0,0,1,0,52,14.951300000000002
62,0,39.42,145,84,132.6,1.9,0,1,7.6,0,0,0,1,61,24.4404
70,1,29.78,145,75,107.2,2.8,0,0,6.7,0,0,0,1,70,20.846
47,0,23.6,134,68,147.1,4.2,0,0,5.0,1,1,1,0,66,11.092
77,1,24.37,146,81,120.3,3.0,0,1,6.6,0,0,1,1,65,18.7649
49,1,35.03,144,95,114.4,3.6,1,1,9.5,0,0,0,1,49,17.1647
84,1,23.71,139,79,121.7,11.8,0,0,9.0,0,0,0,0,60,19.9164
84,0,25.64,162,81,101.8,4.9,1,1,8.0,0,0,1,1,81,21.5376
45,0,20.18,127,72,101.5,4.9,0,0,9.0,1,0,0,0,55,9.081
61,0,25.19,133,76,109.1,4.3,0,1,7.2,0,0,0,1,57,15.365900000000002
58,0,29.54,137,73,100.8,1.4,0,0,7.6,0,0,0,1,64,17.1332
80,1,25.08,155,80,107.1,4.9,1,0,7.0,0,0,0,1,75,20.064
40,1,26.94,133,77,109.2,4.2,0,0,6.1,1,0,0,0,56,10.776000000000002
65,1,20.11,117,77,90.6,3.5,0,0,6.0,0,0,0,0,40,13.071499999999999
49,0,23.57,129,63,82.6,1.9,0,0,7.9,0,0,0,0,66,11.5493
74,1,39.17,158,98,110.8,4.7,0,1,5.4,1,0,1,1,60,28.985799999999998
50,0,26.02,129,78,113.9,4.1,0,0,6.5,0,0,0,0,51,13.01
41,1,28.9,133,74,96.9,1.5,0,0,8.1,1,0,0,0,59,11.848999999999998
56,1,22.15,116,60,76.9,7.7,0,0,9.0,0,0,0,0,56,12.403999999999998
51,0,27.1,143,91,88.6,3.8,0,0,8.2,0,0,0,1,52,13.821000000000002
73,0,25.23,148,92,103.8,1.2,1,1,6.1,0,0,1,1,56,18.4179
45,1,33.18,158,92,107.5,4.9,1,0,7.2,0,0,0,1,66,14.931
54,0,32.91,139,89,111.9,2.8,0,0,6.3,0,0,1,0,50,17.7714
24,0,33.52,116,80,128.2,1.6,0,1,7.1,1,0,0,1,36,8.0448
54,0,27.27,129,81,98.8,2.3,0,0,8.3,0,0,0,0,48,14.7258
73,0,38.63,160,89,147.9,6.0,0,0,5.9,1,1,1,1,71,28.199900000000003
82,1,31.46,148,89,112.1,2.6,0,0,6.9,0,0,1,1,59,25.797200000000004
82,1,18.51,143,82,138.4,2.4,0,0,4.5,1,1,1,1,61,15.178200000000002
64,1,35.75,145,86,108.9,5.6,0,1,6.6,1,0,1,0,59,22.88
37,0,26.77,129,65,61.1,8.5,0,0,7.2,0,0,0,0,64,9.9049
36,1,33.4,127,75,114.1,8.2,0,0,6.1,0,0,0,0,52,12.024
46,1,20.69,128,60,118.3,4.4,0,0,5.0,1,1,0,0,68,9.5174
77,0,26.39,139,85,135.0,3.4,1,0,6.3,0,1,1,0,54,20.3203
35,0,31.15,123,82,116.0,4.9,0,0,5.6,1,0,0,0,41,10.9025
52,1,28.22,128,77,96.3,3.4,0,0,10.0,1,0,0,0,51,14.6744
60,0,25.93,130,85,112.1,1.5,0,0,6.9,0,1,0,0,45,15.558
28,0,15.0,116,81,111.4,4.0,0,0,8.2,1,0,0,0,35,4.2
66,0,22.51,130,66,95.2,5.7,0,0,5.9,0,0,0,0,64,14.8566
55,0,21.13,112,72,117.8,4.2,0,0,6.0,0,0,0,0,40,11.6215
81,0,16.0,125,79,96.6,7.0,0,0,5.7,0,0,0,0,46,12.96
25,0,22.69,111,76,67.7,1.2,0,0,7.4,0,0,0,0,35,5.6725
51,1,37.58,143,83,109.0,8.5,0,0,6.2,0,0,0,1,60,19.1658
65,0,33.51,149,90,122.4,6.3,1,1,7.2,0,0,0,1,59,21.7815
73,1,21.96,129,77,126.3,8.8,0,0,7.1,1,0,1,0,52,16.030800000000003
82,0,23.39,136,68,113.5,6.9,0,0,7.6,0,0,0,0,68,19.1798
48,1,23.4,137,75,92.4,4.9,0,0,6.4,0,0,0,1,62,11.231999999999998
21,1,31.19,116,73,89.7,5.3,0,0,6.6,0,0,0,0,43,6.5499
67,1,29.15,132,86,108.2,6.1,0,0,9.4,0,0,0,0,46,19.5305
47,1,22.67,116,80,82.7,3.2,1,0,5.7,0,0,0,0,36,10.6549
76,1,23.34,138,79,117.3,2.1,0,0,7.2,0,0,0,0,59,17.7384
84,1,33.07,157,89,142.9,2.4,0,0,7.2,1,1,0,1,68,27.7788
62,0,35.64,151,87,108.9,3.3,0,1,6.6,0,0,0,0,64,22.096799999999998
21,0,21.6,105,66,96.3,3.9,0,0,5.4,1,0,0,0,39,4.5360000000000005
43,1,26.12,131,77,86.4,9.0,0,0,6.1,0,0,1,0,54,11.2316
44,0,27.54,128,80,108.0,3.9,0,0,6.5,1,1,0,1,48,12.1176
63,1,25.7,137,72,104.5,2.0,0,0,6.6,0,0,0,1,65,16.191
81,1,33.36,156,85,135.3,3.4,1,0,6.0,0,1,1,1,71,27.0216
68,0,25.92,141,80,103.5,4.5,0,0,6.7,1,0,1,0,61,17.625600000000002
67,1,37.87,169,93,127.5,6.2,1,1,7.3,1,1,1,1,76,25.3729
23,0,33.77,138,82,100.1,1.9,0,0,5.6,0,1,1,0,56,7.7671
76,0,22.82,144,78,120.8,1.9,1,1,6.9,1,0,1,1,66,17.3432
32,1,27.19,134,73,90.5,7.5,0,0,7.0,1,0,0,0,61,8.700800000000001
47,0,21.14,120,71,104.2,2.9,0,1,6.9,0,0,1,0,49,9.9358
59,1,24.53,133,76,110.3,3.5,0,0,8.3,0,1,1,0,57,14.4727
54,1,31.85,151,83,100.7,5.0,1,0,8.3,0,0,1,1,68,17.199
59,0,28.23,141,84,101.0,4.8,0,0,7.6,0,0,0,1,57,16.6557
52,1,39.05,128,94,112.8,2.6,0,1,8.0,0,0,0,1,34,20.305999999999997
23,1,19.71,104,77,96.8,5.0,0,1,7.6,0,0,0,0,27,4.5333000000000006
35,0,26.61,126,79,106.0,4.7,0,0,7.6,0,0,0,1,47,9.3135
46,0,23.87,122,81,91.4,7.4,0,1,6.0,0,0,0,0,41,10.9802
76,1,24.97,129,81,98.7,4.4,0,0,7.0,0,0,0,0,48,18.977199999999996
64,1,27.04,138,73,95.1,4.3,0,1,8.6,0,0,0,0,65,17.3056
34,0,22.87,119,75,88.7,7.9,0,0,6.7,0,1,0,0,44,7.7758
39,0,32.36,124,84,121.9,2.8,0,0,6.9,0,0,0,0,40,12.6204
54,1,36.96,142,87,109.2,2.3,1,0,8.3,0,0,0,1,55,19.9584
66,1,15.0,121,69,109.1,5.5,0,0,7.0,1,0,1,0,52,9.9
30,0,34.88,135,93,104.5,2.8,0,1,7.0,1,0,0,0,42,10.464
51,1,41.4,139,79,125.2,1.8,0,1,7.1,0,1,0,1,60,21.114
70,0,27.9,144,77,109.7,3.9,0,0,6.7,0,0,0,1,67,19.53
68,1,23.26,123,73,113.9,6.7,0,0,7.4,1,1,0,0,50,15.8168
20,0,23.48,127,63,69.6,8.1,0,0,6.6,0,0,0,0,64,4.696000000000001
59,0,25.01,123,76,118.8,6.4,0,1,6.4,0,1,0,0,47,14.755900000000002
49,0,29.3,136,84,84.2,4.2,1,0,7.8,0,0,1,1,52,14.357000000000001
68,1,24.32,122,75,135.0,4.6,0,0,6.1,0,1,0,0,47,16.5376
63,1,26.34,119,84,96.5,5.1,0,0,8.7,0,0,0,0,35,16.5942
38,1,21.26,113,67,121.1,6.5,1,0,5.3,1,0,0,0,46,8.078800000000001
61,1,24.15,131,77,121.2,3.5,0,1,4.7,0,0,0,0,54,14.731499999999999
28,0,24.41,121,80,101.0,2.5,0,1,6.7,1,0,0,0,41,6.8348
18,1,26.59,108,69,104.1,3.2,0,0,7.4,0,0,0,0,39,4.7862
80,0,18.36,144,79,90.1,2.3,0,1,5.5,0,0,1,1,65,14.687999999999999
41,1,24.89,128,87,101.7,3.1,0,0,7.4,0,0,0,0,41,10.2049
30,0,25.56,124,81,112.9,9.3,1,1,7.1,1,0,0,0,43,7.667999999999999
28,0,27.87,108,69,86.8,2.1,0,0,8.2,0,0,0,0,39,7.8036
68,1,34.91,149,80,119.7,2.0,0,0,7.0,0,0,0,1,69,23.738799999999998
34,1,26.21,115,81,107.1,1.7,1,1,6.9,0,0,0,0,34,8.9114
41,1,19.74,121,80,91.1,1.4,0,0,7.6,0,0,0,0,41,8.093399999999999
36,1,27.57,127,75,116.6,5.6,0,0,7.4,0,0,0,0,52,9.9252
54,0,22.69,132,64,86.7,2.2,1,0,6.9,0,0,0,0,68,12.2526
25,1,22.54,132,82,86.1,1.7,1,1,5.7,0,0,0,0,50,5.635
45,0,25.08,120,81,88.1,5.5,1,0,7.5,0,0,0,0,39,11.286
22,1,23.79,114,70,95.2,2.2,0,0,8.2,1,0,0,0,44,5.2338
34,1,20.62,117,57,101.1,9.5,0,0,5.4,1,0,0,0,60,7.010800000000001
53,0,23.99,125,80,97.5,5.8,0,0,5.9,0,0,0,0,45,12.7147
36,0,29.44,127,78,92.6,4.8,0,0,6.3,0,0,0,0,49,10.598400000000002
81,0,27.04,141,86,102.1,1.0,0,0,7.9,0,0,1,1,55,21.902399999999997
28,0,21.04,114,67,95.2,6.0,0,0,7.4,1,0,0,0,47,5.8912
71,0,21.81,135,69,124.6,1.2,0,0,5.9,0,1,1,1,66,15.4851
62,0,27.51,146,82,100.5,2.9,1,0,7.2,0,0,0,1,64,17.0562
64,0,21.07,144,92,99.8,4.3,0,1,6.4,1,0,1,1,52,13.4848
29,1,21.6,118,74,89.3,1.5,0,1,6.6,0,0,0,0,44,6.264000000000001
38,1,23.49,131,73,100.2,3.0,1,0,6.3,0,0,0,0,58,8.9262
28,0,21.16,106,67,78.0,6.6,0,0,6.2,0,0,0,0,39,5.9248
22,0,27.38,121,83,84.0,4.1,0,1,5.4,0,0,0,0,38,6.0236
73,0,25.02,133,73,148.9,3.7,0,0,7.7,1,1,0,0,60,18.2646
37,1,34.94,140,75,107.1,4.6,0,1,9.6,0,0,0,1,65,12.9278
58,1,20.06,141,66,107.6,4.1,0,0,7.0,0,0,0,1,75,11.6348
63,1,33.47,139,80,108.4,8.3,0,1,7.5,0,0,0,1,59,21.086100000000002
29,1,28.18,136,74,113.5,6.9,1,1,7.4,1,0,1,1,62,8.1722
34,1,35.45,145,88,116.0,1.9,1,0,7.6,0,0,0,1,57,12.053000000000003
36,1,34.66,139,94,99.5,4.7,1,0,6.0,1,0,1,1,45,12.477599999999997
43,0,24.32,117,71,95.4,1.5,0,0,6.8,0,0,0,0,46,10.4576
65,1,18.63,120,74,105.9,3.1,0,0,6.6,0,0,0,1,46,12.1095
69,1,25.94,134,72,110.6,3.9,0,0,7.8,1,1,0,0,62,17.898600000000002
72,1,15.34,125,75,114.4,11.9,0,0,7.2,1,0,0,0,50,11.0448
50,1,30.63,127,84,99.8,4.3,1,0,8.1,1,1,1,0,43,15.315
79,0,27.68,144,95,104.4,1.1,0,0,7.4,0,0,1,1,49,21.867199999999997
40,1,23.33,119,76,102.1,3.9,0,1,8.4,0,0,0,0,43,9.331999999999999
32,0,24.19,122,81,74.4,5.7,0,0,8.0,0,0,0,0,41,7.7408
44,0,20.87,115,70,105.4,7.2,0,0,7.0,1,0,0,0,45,9.1828
81,0,26.61,135,86,126.0,2.6,0,0,5.4,1,0,0,0,49,21.5541
68,1,21.05,133,70,109.8,6.6,0,1,7.7,0,0,0,0,63,14.314
70,1,26.58,148,75,108.8,2.5,1,0,8.3,0,0,0,1,73,18.605999999999998
68,1,28.85,137,84,114.8,10.4,0,0,7.1,1,1,0,0,53,19.618000000000002
64,1,30.57,143,79,98.6,2.4,0,0,7.0,0,0,0,1,64,19.5648
21,0,29.38,115,82,109.3,1.3,0,0,6.9,0,0,0,0,33,6.1698
24,1,25.07,106,63,93.7,2.1,0,0,6.9,1,0,0,0,43,6.016800000000001
52,1,29.38,125,100,112.4,2.3,0,1,7.1,0,0,0,1,25,15.2776
65,1,27.58,142,84,97.2,4.2,0,0,8.2,0,0,0,1,58,17.927
62,0,27.54,119,84,109.0,6.1,0,0,6.7,1,1,1,0,35,17.0748
36,1,20.85,125,59,80.7,5.2,0,0,7.7,0,0,0,0,66,7.506
80,1,19.56,138,80,98.7,4.1,0,1,7.6,0,0,0,0,58,15.648
55,1,28.3,134,76,129.0,2.0,0,0,7.3,0,0,0,0,58,15.565
84,1,29.62,154,95,117.6,5.1,0,1,8.5,0,0,0,1,59,24.8808
76,1,23.2,140,70,114.6,4.8,0,0,5.7,0,0,0,0,70,17.632
30,1,33.61,123,91,108.6,8.0,0,0,5.6,1,0,1,0,32,10.083
64,1,39.64,160,72,131.8,3.9,0,0,6.3,1,1,1,1,88,25.369600000000002
78,1,36.97,152,89,125.0,2.8,0,0,6.6,0,1,1,1,63,28.836599999999997
48,0,25.25,142,81,106.4,5.6,0,1,7.6,1,1,1,0,61,12.12
39,1,24.29,126,69,91.6,2.9,0,0,6.8,0,0,0,0,57,9.473099999999999
60,1,31.36,137,84,82.5,2.9,0,0,6.5,0,0,0,1,53,18.816
84,1,30.74,152,80,127.1,0.9,0,0,8.6,0,1,1,1,72,25.8216
71,0,20.34,137,74,85.0,8.2,0,0,6.8,1,0,0,0,63,14.441400000000002
27,0,25.4,119,68,101.0,2.1,0,1,7.4,1,0,0,0,51,6.858
59,0,30.64,145,84,105.5,3.8,1,0,6.9,0,0,0,1,61,18.0776
81,1,21.6,138,75,120.3,1.2,0,0,9.0,0,0,0,0,63,17.496000000000002
38,1,22.48,125,68,82.9,2.6,0,0,7.6,1,0,1,1,57,8.5424
83,0,23.36,151,80,97.0,2.9,0,0,7.8,0,0,1,1,71,19.3888
58,0,24.48,114,74,109.8,6.5,0,0,6.6,1,0,0,0,40,14.1984
41,0,17.7,116,75,76.7,14.15,0,0,8.8,0,0,0,0,41,7.257
52,0,30.82,127,84,99.0,5.3,0,0,7.8,0,0,1,1,43,16.026400000000002
73,0,22.54,139,74,105.6,9.2,0,1,6.1,0,0,0,1,65,16.4542
47,0,27.97,122,80,110.3,3.3,0,0,7.3,0,0,0,1,42,13.1459
74,0,27.35,143,78,115.6,6.8,0,0,8.9,1,1,0,1,65,20.239
64,0,20.93,126,71,74.6,7.8,0,0,8.7,0,0,1,1,55,13.395199999999999
52,0,16.56,114,74,92.6,1.3,0,1,4.6,0,0,0,0,40,8.611199999999998
36,1,27.32,115,77,119.7,3.5,0,1,6.8,0,0,0,0,38,9.8352
25,0,24.27,113,85,81.5,3.8,1,0,6.9,0,0,0,0,28,6.0675
43,0,29.44,133,70,117.5,4.1,0,0,7.0,0,0,0,0,63,12.6592
47,0,31.51,129,87,107.3,5.3,0,0,5.8,0,1,0,1,42,14.8097
24,0,15.0,109,62,96.9,4.1,0,1,7.2,0,0,0,0,47,3.6
84,0,25.46,146,80,104.2,4.9,0,1,6.4,1,1,1,1,66,21.3864
82,0,32.84,148,85,96.7,8.3,0,0,8.5,0,0,0,0,63,26.928800000000003
53,1,35.14,146,76,105.9,5.8,0,0,6.7,0,1,0,1,70,18.624200000000002
42,1,16.17,111,76,99.1,2.1,1,0,5.1,1,0,1,0,35,6.791400000000001
54,1,33.48,146,77,112.6,3.5,0,0,8.3,1,0,1,1,69,18.0792
18,1,20.94,121,72,82.8,1.6,0,0,5.9,0,0,0,0,49,3.7692
32,0,30.89,111,77,87.0,6.8,0,0,8.1,0,0,0,0,34,9.8848
54,1,23.62,127,76,123.2,5.8,0,1,5.5,0,0,0,0,51,12.7548
30,0,31.13,121,80,88.9,3.7,0,1,5.7,0,0,1,1,41,9.339
25,1,24.7,126,72,88.8,4.3,0,1,5.2,1,0,0,0,54,6.175
22,0,18.46,108,76,79.8,1.9,0,0,7.2,1,0,0,1,32,4.0612
77,1,23.43,144,72,104.2,4.6,0,0,8.8,0,0,0,0,72,18.0411
18,1,29.93,126,76,97.1,6.1,0,0,5.2,0,0,0,0,50,5.3874
53,0,24.35,125,66,103.0,4.7,0,0,6.1,0,0,1,0,59,12.905500000000002
52,1,20.58,127,72,72.1,2.8,0,0,8.4,0,0,0,0,55,10.7016
83,0,19.43,139,74,83.8,6.1,0,1,8.7,0,0,0,1,65,16.1269
80,1,22.11,138,72,102.3,6.4,0,1,7.4,0,0,0,1,66,17.688
40,1,22.06,123,71,86.5,5.5,1,0,6.5,1,0,0,0,52,8.824
26,0,30.13,134,83,80.6,9.1,0,1,7.6,0,0,0,0,51,7.8338
51,0,24.51,125,76,102.1,6.1,0,0,7.1,0,0,0,1,49,12.5001
63,0,25.07,135,78,113.8,2.6,0,0,7.9,0,1,0,0,57,15.7941
21,1,25.76,98,70,106.2,4.7,0,0,7.0,0,0,0,0,28,5.4096
47,0,29.93,119,78,94.4,7.4,0,0,6.4,1,0,0,0,41,14.0671
20,1,30.5,123,69,100.2,3.1,0,1,5.9,1,0,1,0,54,6.1
31,1,23.74,110,76,83.6,5.9,0,0,6.2,0,0,0,0,34,7.359399999999999
77,0,25.27,144,79,138.0,2.5,0,1,7.3,1,1,0,1,65,19.4579
62,1,30.53,129,71,115.1,3.7,0,1,6.0,1,1,1,1,58,18.928600000000003
51,1,22.76,136,67,113.7,6.6,0,0,8.1,1,0,0,0,69,11.6076
62,0,23.62,133,80,121.7,6.4,0,1,6.0,0,0,0,1,53,14.644400000000001
78,0,30.51,148,90,135.3,8.8,0,0,6.8,0,0,1,1,58,23.797800000000002
33,1,23.47,125,76,109.7,2.5,1,0,4.2,0,0,0,0,49,7.7451
83,0,28.24,141,83,129.3,1.4,0,1,7.1,0,1,1,1,58,23.4392
57,0,17.64,142,82,103.5,7.1,0,1,7.6,1,0,0,0,60,10.0548
34,0,30.19,126,72,99.0,10.5,0,0,7.9,0,0,0,0,54,10.2646
51,1,25.64,119,90,126.3,1.7,0,0,7.3,1,0,0,0,29,13.076400000000001
33,1,29.16,129,75,111.3,5.0,0,1,7.1,0,0,0,1,54,9.6228
77,1,33.29,136,78,107.5,0.7,0,0,7.1,0,0,1,0,58,25.6333
83,0,24.86,156,70,95.9,5.7,0,0,6.4,0,0,0,0,86,20.6338
83,1,17.9,156,74,100.0,8.2,1,0,7.4,0,0,1,1,82,14.856999999999998
30,1,24.7,125,67,98.2,2.0,0,0,9.0,0,0,0,0,58,7.41
73,0,33.84,144,69,122.5,4.0,0,0,8.1,1,0,1,1,75,24.703200000000002
48,0,27.79,144,68,136.8,2.6,0,0,7.5,1,1,1,1,76,13.3392
51,1,20.63,124,69,92.4,2.9,0,0,7.0,0,0,0,0,55,10.521299999999998
56,1,25.68,153,73,113.9,3.0,1,0,7.1,1,0,1,1,80,14.380799999999999
84,1,29.63,150,87,117.9,4.6,1,0,8.3,0,1,0,0,63,24.889200000000002
25,1,26.07,118,77,86.0,3.0,0,1,8.1,0,0,0,0,41,6.5175
72,1,25.91,141,82,104.7,4.8,1,0,8.1,0,0,0,1,59,18.6552
44,0,22.66,118,76,99.1,5.8,0,0,9.0,0,0,0,0,42,9.9704
70,1,23.13,141,70,101.1,4.2,0,0,7.8,0,0,0,0,71,16.191
56,1,28.09,121,77,106.3,5.1,0,1,9.0,1,0,1,0,44,15.7304
82,1,29.66,145,84,112.3,6.5,0,0,10.0,1,0,1,1,61,24.321199999999997
34,0,25.79,119,70,87.1,8.6,0,1,5.4,1,0,0,0,49,8.7686
47,1,23.94,137,84,77.6,5.9,1,1,7.2,0,0,1,1,53,11.251800000000001
70,1,31.19,138,82,122.9,1.7,0,1,6.2,1,1,1,1,56,21.833000000000002
30,0,24.34,115,79,77.3,5.1,0,0,7.0,0,0,0,0,36,7.3020000000000005
38,0,28.48,136,67,93.5,2.2,0,0,9.2,0,0,0,0,69,10.8224
36,1,29.89,132,90,99.2,3.7,1,0,8.8,1,0,0,0,42,10.760399999999999
70,0,19.47,131,85,121.3,0.8,0,0,7.5,1,0,0,0,46,13.628999999999998
36,1,27.61,126,87,89.1,3.7,1,0,7.6,0,0,0,0,39,9.9396
74,1,15.0,126,82,97.5,1.6,0,0,6.4,0,0,0,1,44,11.1
42,0,26.21,120,80,107.3,2.4,0,0,8.5,0,0,0,0,40,11.008199999999999
48,1,30.16,127,88,92.5,8.3,1,0,6.5,0,0,0,0,39,14.4768
72,1,28.75,128,80,101.8,3.6,0,0,7.8,0,0,0,0,48,20.7
40,0,31.44,144,90,105.9,1.0,1,1,6.4,0,0,1,1,54,12.576
49,0,28.83,123,79,94.7,5.0,0,0,6.4,0,0,0,0,44,14.126699999999998
79,1,23.65,142,85,112.0,2.7,0,0,8.3,0,1,1,1,57,18.6835
27,0,17.87,108,79,63.2,3.9,0,1,6.7,0,0,0,0,29,4.8249
71,0,27.46,129,79,107.5,7.8,0,1,7.4,0,0,0,0,50,19.4966
69,0,29.58,153,96,118.4,4.3,1,1,6.7,1,0,1,1,57,20.4102
37,0,16.61,124,68,97.1,5.0,1,0,7.5,0,0,0,0,56,6.1457
49,0,29.14,131,68,103.6,2.5,1,1,7.1,0,0,1,0,63,14.2786
31,1,27.31,124,83,88.4,4.0,0,0,7.4,0,0,0,0,41,8.4661
67,1,24.68,140,75,114.9,5.7,0,0,7.5,0,0,1,1,65,16.5356
45,0,29.35,132,87,113.6,5.2,0,1,8.7,0,0,0,1,45,13.2075
70,0,25.2,143,99,123.3,1.1,1,0,6.5,0,1,1,1,44,17.64
41,1,24.83,126,74,104.2,1.7,1,0,10.0,1,0,0,0,52,10.180299999999999
39,0,19.43,123,76,88.2,4.1,1,0,6.6,0,0,0,0,47,7.5777
47,1,29.15,124,77,119.6,6.4,0,0,6.4,1,0,0,0,47,13.7005
80,1,19.22,143,84,91.8,3.0,1,0,6.9,0,0,1,0,59,15.376
21,1,22.83,124,70,84.9,5.8,1,0,7.8,0,0,0,0,54,4.7943
76,0,29.44,132,71,113.0,5.1,0,0,6.0,0,0,0,0,61,22.3744
25,0,25.83,103,74,122.5,5.9,0,1,8.3,1,0,0,0,29,6.4575
29,0,36.71,150,80,105.3,1.3,0,1,6.9,0,0,0,1,70,10.6459
48,0,30.24,137,84,103.6,9.7,0,0,4.5,0,0,0,0,53,14.5152
51,0,31.16,133,80,104.0,3.0,0,0,8.2,0,0,0,0,53,15.8916
66,1,31.75,143,87,104.4,2.5,0,1,6.7,1,0,1,1,56,20.955
74,1,25.4,130,78,142.0,3.2,0,0,6.5,1,1,1,0,52,18.796
43,1,23.72,128,76,104.5,4.0,0,1,7.9,0,0,0,1,52,10.199599999999998
35,1,19.76,119,68,107.6,2.1,0,0,7.0,1,0,0,0,51,6.916
55,0,18.37,135,76,112.7,1.8,0,1,6.2,0,0,0,0,59,10.1035
67,1,33.45,159,83,113.3,2.9,0,0,6.5,0,0,1,1,76,22.4115
25,0,23.19,121,83,97.4,1.3,0,1,5.7,1,0,0,0,38,5.7975
58,0,31.98,145,85,125.9,1.6,1,0,7.3,1,1,0,1,60,18.5484
23,1,18.26,110,77,91.7,3.5,0,0,8.0,0,0,0,0,33,4.1998
61,1,25.74,132,71,96.1,3.6,0,0,9.1,0,0,1,0,61,15.7014
81,1,34.15,157,88,123.1,3.2,0,1,5.4,0,0,1,1,69,27.6615
46,0,28.34,133,79,87.3,2.1,0,0,7.4,1,0,0,0,54,13.0364
45,0,28.5,140,74,102.3,2.6,0,0,6.7,0,0,0,1,66,12.825
28,0,23.4,123,81,102.6,3.0,0,1,7.6,1,0,0,0,42,6.552
82,0,21.56,123,83,114.8,2.7,0,0,7.2,0,1,0,0,40,17.679199999999998
36,0,26.54,137,76,101.3,1.7,0,0,5.8,0,0,0,1,61,9.5544
26,1,20.27,118,74,78.5,8.6,0,0,6.6,0,0,0,0,44,5.2702
44,1,26.18,113,81,96.0,1.2,0,0,7.4,0,0,0,0,32,11.519200000000001
51,0,32.49,148,83,120.4,1.9,0,1,6.8,0,0,1,1,65,16.5699
61,1,19.45,122,82,137.7,1.7,0,0,5.1,1,1,0,1,40,11.8645
32,0,30.52,125,74,93.1,5.2,0,0,6.7,0,0,0,0,51,9.766399999999999
68,1,32.58,139,78,99.3,6.5,0,0,7.9,0,0,1,1,61,22.1544
30,0,25.29,119,75,93.9,4.2,0,0,8.0,1,0,0,0,44,7.587
66,1,26.99,130,78,101.4,1.6,0,0,8.2,0,0,0,0,52,17.813399999999998
73,1,24.02,129,86,94.2,1.4,1,0,7.0,0,1,0,1,43,17.5346
68,1,25.0,142,83,98.1,4.2,0,1,6.5,1,0,1,0,59,17.0
54,0,31.55,158,71,119.9,2.0,0,1,7.5,1,0,1,1,87,17.037
34,1,31.0,142,73,122.0,2.0,0,0,6.9,0,1,1,0,69,10.54
75,0,29.08,146,81,120.5,3.9,0,0,5.6,1,1,1,1,65,21.81
46,0,30.33,139,83,102.8,2.4,0,0,6.0,0,0,0,1,56,13.951799999999999
50,0,27.96,126,68,124.5,6.6,0,1,7.8,1,0,0,0,58,13.98
77,1,19.68,124,73,93.9,6.9,0,0,6.8,0,0,0,1,51,15.153599999999999
72,1,32.97,135,79,134.5,7.6,0,0,6.0,0,1,1,0,56,23.738400000000002
27,0,21.62,100,71,101.3,5.1,0,0,6.2,0,0,0,0,29,5.8374
64,1,26.22,155,72,95.2,4.1,0,1,7.5,0,1,1,1,83,16.7808
40,1,31.75,117,77,112.2,4.3,0,1,5.1,0,0,0,0,40,12.7
38,0,18.67,115,81,111.0,6.0,0,0,7.0,1,0,0,0,34,7.094600000000001
30,0,30.42,124,72,104.8,10.3,1,0,7.6,1,0,0,0,52,9.126
50,0,19.89,123,78,97.6,9.1,0,1,8.2,1,0,0,0,45,9.945
41,1,30.25,132,78,111.3,2.9,0,0,7.1,0,0,0,0,54,12.4025
28,0,33.78,140,75,119.4,3.3,0,0,5.0,1,0,0,0,65,9.458400000000001
34,1,22.52,103,76,91.6,5.4,0,0,7.7,1,0,0,0,27,7.6568
64,0,21.77,135,70,102.0,13.7,0,0,7.5,0,0,0,0,65,13.9328
42,0,27.24,126,65,88.6,1.9,0,0,8.7,0,0,0,1,61,11.4408
38,0,21.59,117,68,104.2,3.4,0,0,8.8,0,0,0,0,49,8.2042
29,0,15.0,128,69,90.3,2.4,0,0,7.2,0,0,0,0,59,4.35
54,0,26.65,119,77,124.8,7.8,0,1,6.0,1,1,0,0,42,14.390999999999998
59,0,28.74,130,77,80.5,2.3,0,0,7.7,0,0,0,0,53,16.956599999999998
34,1,24.89,115,60,73.8,1.6,0,0,8.2,0,0,0,0,55,8.4626
65,0,27.46,151,75,131.0,2.8,0,0,7.2,1,0,1,1,76,17.849
45,1,32.88,129,77,115.9,2.7,0,0,6.9,0,0,0,0,52,14.796000000000001
58,1,24.72,132,69,84.6,6.1,0,0,8.9,0,0,0,0,63,14.3376
64,1,25.49,126,84,124.7,0.8,0,0,6.1,0,0,0,0,42,16.313599999999997
35,1,26.69,126,74,90.1,7.0,0,0,6.6,0,0,0,0,52,9.341500000000002
30,1,24.98,118,74,81.7,7.0,0,0,7.6,0,0,0,0,44,7.494
30,0,24.98,113,74,111.8,2.1,0,0,6.8,1,0,0,0,39,7.494
48,1,36.71,131,89,111.9,1.5,0,0,7.4,0,0,1,1,42,17.6208
19,1,27.53,112,77,91.1,3.4,0,0,8.2,0,0,0,0,35,5.230700000000001
33,1,25.08,104,83,93.0,1.4,0,0,5.8,0,0,0,0,21,8.2764
26,1,34.83,134,86,99.9,5.6,1,0,6.5,0,0,0,1,48,9.0558
55,1,33.1,135,88,119.6,0.7,0,1,8.9,1,0,1,1,47,18.205
71,0,30.42,156,76,111.8,3.5,0,1,7.4,0,0,1,1,80,21.598200000000002
73,1,23.26,133,91,104.0,3.1,0,0,7.0,1,0,0,1,42,16.9798
62,0,42.65,161,97,131.5,3.8,1,1,6.6,0,1,1,1,64,26.442999999999998
51,0,17.72,110,74,95.1,1.0,0,0,8.0,0,0,0,0,36,9.037199999999999
26,1,16.47,117,81,79.3,8.7,1,0,6.2,0,0,0,0,36,4.2822
25,0,29.02,121,72,92.4,2.8,0,0,8.1,0,0,0,0,49,7.255
24,0,24.73,118,77,78.4,6.2,0,1,6.6,1,0,0,0,41,5.9352
53,1,15.0,145,74,73.3,3.0,0,1,6.1,0,0,1,1,71,7.95
35,1,25.98,140,77,110.5,3.6,0,1,5.8,1,0,0,1,63,9.093
20,1,27.26,109,64,103.5,4.7,0,1,7.0,0,0,0,0,45,5.452000000000001
45,1,25.82,130,77,83.7,4.4,0,0,7.1,0,0,0,0,53,11.619000000000002
61,1,28.55,131,92,95.2,1.3,0,0,6.1,0,0,0,1,39,17.415499999999998
38,0,24.08,110,76,89.8,14.15,1,0,6.3,0,0,0,0,34,9.1504
45,1,26.0,121,74,88.3,8.8,0,0,4.9,0,0,0,0,47,11.7
71,0,34.39,132,84,109.3,1.6,0,1,6.7,0,0,1,1,48,24.416900000000002
71,0,32.36,161,90,120.0,2.7,0,1,9.8,1,0,1,1,71,22.9756
82,1,25.59,133,68,127.4,5.4,0,1,4.7,1,0,1,0,65,20.983800000000002
38,1,29.98,125,75,121.9,8.8,0,0,7.5,1,0,0,0,50,11.3924
30,0,31.87,116,83,98.8,3.3,0,0,7.5,0,0,0,0,33,9.561
74,0,21.36,134,76,105.9,3.0,0,1,6.6,0,1,1,1,58,15.806399999999998
66,1,28.72,137,76,121.9,3.8,0,0,7.3,0,0,0,1,61,18.9552
71,1,27.71,158,81,109.6,1.9,1,0,6.3,0,1,1,1,77,19.6741
27,1,30.61,121,93,111.0,4.2,1,0,6.3,0,0,0,0,28,8.2647
70,0,21.32,134,89,84.1,3.7,1,0,7.8,0,0,0,1,45,14.924000000000001
61,1,26.6,131,77,116.9,1.4,0,0,4.4,1,1,1,1,54,16.226000000000003
64,0,22.42,124,80,129.2,5.1,0,1,6.6,1,1,0,1,44,14.3488
70,0,28.73,138,68,102.5,6.8,0,1,7.5,1,0,0,0,70,20.111
63,1,22.01,134,70,98.1,4.4,0,1,6.8,1,1,1,0,64,13.8663
30,1,23.64,119,73,80.5,2.6,0,1,8.4,1,0,0,1,46,7.0920000000000005
54,0,27.51,138,78,104.8,2.2,0,1,7.2,0,0,1,1,60,14.855400000000001
41,0,21.35,120,64,79.0,7.7,0,0,7.3,1,0,0,0,56,8.7535
19,1,17.43,111,61,84.5,8.4,0,0,7.5,0,0,0,0,50,3.3117
31,0,32.83,128,87,109.3,6.3,1,0,6.1,0,0,0,0,41,10.177299999999999
27,0,23.07,117,82,86.5,11.7,1,0,7.6,0,0,0,0,35,6.228899999999999
52,0,18.68,118,81,88.6,3.6,0,0,9.0,0,0,0,0,37,9.7136
42,0,20.37,114,72,101.8,2.2,0,0,5.0,1,0,0,0,42,8.5554
20,0,26.22,102,76,111.4,2.0,0,0,6.0,1,0,0,0,26,5.244
34,1,35.95,130,86,114.3,5.0,0,0,7.5,0,0,0,0,44,12.223000000000003
29,1,25.99,125,69,96.1,4.5,0,0,6.8,0,0,0,0,56,7.537099999999999
71,1,30.18,136,73,87.5,4.3,0,0,7.0,0,0,0,0,63,21.4278
41,1,24.57,135,74,83.1,1.3,0,0,7.3,0,0,0,0,61,10.0737
46,1,27.88,122,69,100.1,10.2,1,0,5.7,0,0,1,0,53,12.8248
60,1,25.6,144,71,102.9,8.4,0,0,6.2,1,1,1,1,73,15.36
42,1,30.11,116,82,104.2,3.4,0,0,7.4,0,0,0,0,34,12.646199999999999
77,0,20.23,133,78,96.3,5.1,0,0,6.5,1,0,1,0,55,15.5771
82,1,27.24,140,79,104.6,1.1,1,1,5.5,0,0,1,1,61,22.336799999999997
45,0,27.69,132,74,120.4,1.4,0,1,6.5,0,0,1,0,58,12.4605
33,1,29.1,141,76,98.0,0.3,0,1,7.3,0,0,1,0,65,9.603000000000002
64,1,18.99,120,75,104.7,6.0,0,0,8.9,0,0,0,0,45,12.153599999999999
75,1,24.04,147,77,100.7,3.5,0,1,6.7,0,0,1,0,70,18.03
44,1,30.29,131,91,105.3,4.7,1,0,7.3,1,0,0,0,40,13.3276
70,0,28.11,145,78,90.3,3.2,0,0,5.9,0,0,0,1,67,19.677
59,0,36.86,146,78,113.0,4.7,0,1,4.8,0,0,1,1,68,21.7474
76,0,23.73,131,78,104.8,0.3,0,0,5.9,0,0,1,0,53,18.0348
64,0,15.27,123,79,89.3,9.6,0,1,6.9,0,0,0,0,44,9.7728
51,0,24.1,126,75,85.7,4.6,0,0,7.8,0,0,0,1,51,12.291000000000002
54,0,15.0,121,68,101.3,9.3,0,0,6.3,1,0,0,0,53,8.1
23,0,30.87,117,79,103.8,2.4,0,0,7.0,0,0,0,0,38,7.1001
24,1,26.78,110,71,79.9,3.4,1,0,7.5,0,0,0,0,39,6.4272
42,0,29.11,125,86,85.7,2.3,0,0,4.6,0,0,0,0,39,12.226199999999999
50,0,30.03,133,83,102.5,7.8,0,0,8.0,1,1,0,0,50,15.015
72,0,32.83,151,89,110.9,2.3,0,1,6.2,0,0,1,1,62,23.6376
75,1,15.0,124,87,99.4,7.4,0,0,7.8,1,0,0,0,37,11.25
24,0,15.0,112,64,90.5,10.3,0,1,7.8,0,0,0,0,48,3.6
74,1,22.42,118,75,97.3,2.4,0,0,8.4,0,0,0,0,43,16.5908
29,0,25.04,110,80,84.4,13.6,0,0,7.4,0,0,0,0,30,7.2616
33,1,27.96,106,72,88.7,3.9,0,0,7.6,0,0,0,0,34,9.2268
60,1,27.52,147,77,99.7,0.7,0,0,8.5,0,0,1,1,70,16.512
24,0,27.82,123,93,69.3,2.8,0,0,6.1,0,0,0,0,30,6.676800000000001
68,0,17.73,125,68,92.4,5.8,0,0,7.3,0,0,0,1,57,12.056400000000002
49,0,22.19,122,84,119.2,4.8,0,0,7.1,1,0,0,0,38,10.8731
25,1,24.93,118,84,95.0,3.6,1,0,8.7,0,0,0,0,34,6.2325
62,0,25.93,141,85,83.0,7.3,0,0,6.5,0,0,0,1,56,16.0766
76,1,23.9,132,79,102.7,2.5,0,0,8.1,0,0,0,0,53,18.163999999999998
21,1,28.28,122,68,98.2,2.4,0,0,7.1,0,0,0,0,54,5.9388
84,1,20.18,136,77,133.2,1.3,0,0,6.4,0,0,1,1,59,16.9512
46,0,24.0,122,77,88.9,4.3,0,0,8.4,0,0,0,0,45,11.04
46,0,29.72,116,79,108.7,6.1,0,1,6.8,0,0,0,0,37,13.671199999999999
45,1,27.99,145,80,93.8,3.2,1,1,6.3,0,0,1,0,65,12.5955
61,1,24.63,144,89,82.7,5.1,0,0,6.2,0,0,0,1,55,15.024299999999998
21,1,24.77,113,74,89.8,5.7,0,0,8.2,0,0,0,0,39,5.2017
26,1,24.04,128,78,80.8,3.4,1,0,7.5,1,0,0,1,50,6.2504
22,1,24.86,115,75,72.0,6.7,0,1,6.1,0,0,0,0,40,5.4692
73,1,23.88,127,70,93.9,2.7,0,0,7.3,1,1,0,0,57,17.4324
67,1,24.69,136,70,106.0,4.3,0,0,7.2,0,0,0,0,66,16.5423
32,0,28.52,113,84,95.4,9.5,0,0,7.9,1,0,0,0,29,9.1264
49,1,28.39,127,76,101.9,4.9,0,0,8.4,1,0,0,0,51,13.911100000000001
45,0,19.19,113,77,100.3,4.8,0,1,6.3,0,0,0,0,36,8.6355
39,0,37.19,124,82,127.9,5.9,0,0,5.9,0,0,0,0,42,14.5041
34,1,23.65,122,75,88.0,5.0,0,0,8.3,1,0,0,0,47,8.040999999999999
76,0,29.52,144,76,124.2,7.3,0,0,7.2,0,1,0,1,68,22.4352
74,0,20.58,133,84,103.7,3.1,0,0,7.6,0,0,1,0,49,15.229199999999999
43,0,35.28,128,82,91.7,3.4,0,1,6.7,0,0,0,1,46,15.170399999999999
42,1,29.92,129,78,92.9,4.2,1,1,6.7,0,0,1,1,51,12.566400000000002
27,1,29.02,122,75,94.0,4.0,0,0,5.8,1,0,0,1,47,7.8354
62,1,25.76,132,73,86.6,3.8,0,0,8.2,0,1,0,1,59,15.971200000000001
28,0,16.13,117,65,92.9,5.5,0,0,7.2,0,0,0,0,52,4.5164
70,0,36.44,152,86,150.7,2.9,0,0,7.9,0,1,1,1,66,25.507999999999996
45,0,31.75,131,78,90.8,2.4,0,0,7.7,0,0,0,0,53,14.2875
82,0,24.94,150,82,117.2,5.4,0,0,6.6,0,0,1,0,68,20.4508
66,1,29.58,139,87,105.9,3.3,1,0,8.0,0,0,1,1,52,19.5228
64,0,19.2,132,74,98.6,4.5,0,0,7.6,0,0,0,0,58,12.288
69,0,15.74,121,67,83.7,14.15,0,0,7.7,0,0,0,0,54,10.8606
71,0,26.9,140,86,112.9,14.15,0,0,5.5,0,0,0,0,54,19.099
77,0,22.17,140,67,119.3,9.5,0,0,4.8,1,0,1,0,73,17.0709
74,0,24.0,130,77,107.7,7.0,0,1,5.3,0,0,1,1,53,17.76
64,1,26.49,128,84,78.5,11.7,0,0,9.2,0,0,0,0,44,16.953599999999998
48,1,19.91,107,67,101.1,4.3,0,1,6.5,1,0,0,0,40,9.5568
63,1,26.33,142,81,120.8,3.8,0,1,5.9,0,0,0,1,61,16.5879
43,1,20.4,101,75,88.9,8.8,0,0,8.8,0,0,0,0,26,8.771999999999998
22,0,32.67,122,77,117.0,1.7,0,0,7.6,1,1,0,0,45,7.1874
69,1,26.22,143,76,125.2,3.9,0,0,6.1,1,0,1,0,67,18.0918
71,1,29.86,133,90,131.9,1.1,0,0,5.2,1,1,1,1,43,21.200599999999998
50,0,16.52,118,81,104.1,5.7,0,0,7.2,0,0,0,0,37,8.26
67,1,30.22,147,77,109.0,3.9,0,1,6.5,1,0,1,1,70,20.2474
55,1,35.48,132,82,109.7,6.4,0,0,7.8,0,0,0,0,50,19.514
44,0,27.48,132,60,94.8,11.7,0,0,8.4,1,0,0,1,72,12.0912
32,1,29.83,128,76,112.7,2.4,0,0,8.0,1,1,0,0,52,9.5456
78,1,25.42,129,79,97.3,3.7,0,0,6.6,0,0,0,0,50,19.827600000000004
38,1,28.98,137,81,91.3,1.0,1,0,7.0,0,0,1,0,56,11.0124
63,1,36.09,135,88,120.9,5.9,0,0,8.2,1,0,0,1,47,22.7367
23,0,39.83,139,83,111.7,2.7,0,0,6.5,0,0,0,1,56,9.1609
55,0,28.64,136,87,110.8,3.4,0,0,6.9,0,0,0,0,49,15.752
79,1,20.89,142,75,114.8,6.2,0,1,9.4,1,0,1,1,67,16.5031
79,1,30.42,143,88,118.3,7.3,0,0,6.1,0,0,1,0,55,24.031800000000004
63,1,19.62,129,73,113.2,3.5,0,0,7.9,1,0,1,0,56,12.360600000000002
30,0,23.18,125,77,88.8,2.6,0,1,7.2,1,0,0,0,48,6.954
20,0,23.84,110,78,86.8,3.1,0,0,7.0,1,0,0,0,32,4.768
23,0,38.64,141,85,102.9,2.5,0,0,7.1,0,0,0,1,56,8.8872
25,0,35.09,136,78,110.1,2.9,0,1,5.1,0,0,0,1,58,8.7725
61,0,33.89,138,83,116.7,5.0,0,0,7.8,1,0,1,0,55,20.6729
50,0,31.56,119,79,109.3,5.0,0,0,6.2,0,0,0,0,40,15.78
67,0,21.53,131,83,123.8,6.6,0,0,7.2,0,0,0,0,48,14.4251
28,0,28.17,114,73,109.8,4.3,0,0,6.5,1,0,0,0,41,7.8876
45,0,37.46,156,96,116.3,3.9,0,0,6.7,0,0,1,1,60,16.857
58,1,29.4,128,71,104.4,0.6,0,0,6.4,1,0,1,0,57,17.052
33,1,32.77,137,84,113.9,3.1,0,1,6.8,0,0,1,1,53,10.814100000000002
65,0,17.46,141,80,107.9,6.3,0,1,5.6,0,0,0,0,61,11.349
73,1,30.99,149,76,123.9,3.3,0,0,9.4,0,0,1,1,73,22.6227
81,1,20.68,140,84,111.8,3.4,0,1,6.8,0,0,0,1,56,16.750799999999998
76,1,25.52,156,89,122.4,2.5,1,0,9.0,1,1,1,1,67,19.3952
79,0,35.05,155,97,125.4,7.0,0,0,6.7,0,1,1,1,58,27.6895
28,0,28.81,116,84,90.4,5.1,1,0,6.8,0,0,0,0,32,8.066799999999999
35,1,31.53,143,85,97.3,4.0,1,0,6.0,0,0,1,0,58,11.035499999999999
36,0,25.73,123,82,86.3,8.7,0,0,8.0,0,0,0,0,41,9.2628
72,1,15.63,131,82,106.5,2.1,1,0,6.1,0,0,1,0,49,11.2536
43,1,21.38,118,66,89.6,4.9,0,1,6.0,1,0,1,0,52,9.193399999999999
23,1,30.75,128,77,89.7,4.7,0,1,7.1,1,0,1,0,51,7.0725
21,0,28.74,134,77,101.3,1.2,0,0,7.1,0,0,0,0,57,6.035399999999999
46,0,36.44,147,87,95.7,5.4,1,0,6.3,1,0,0,0,60,16.7624
76,0,27.53,147,90,106.9,4.6,1,0,7.5,0,0,1,1,57,20.922800000000002
34,1,21.62,115,74,122.8,3.7,1,0,4.7,1,0,0,0,41,7.3508000000000004
60,0,26.65,135,66,95.3,1.1,0,0,6.4,0,0,1,0,69,15.99
83,1,32.59,136,84,161.2,0.8,0,0,5.5,1,1,1,0,52,27.0497
51,0,16.61,128,70,118.9,1.4,0,1,6.9,1,0,0,1,58,8.4711
25,0,28.8,107,77,86.0,4.1,0,0,8.6,1,0,0,0,30,7.2
30,0,19.49,125,69,85.1,2.2,0,0,4.8,0,0,0,1,56,5.8469999999999995
25,1,27.74,120,76,83.4,2.2,0,1,7.5,0,0,0,0,44,6.935
82,1,31.01,134,88,122.4,7.8,1,0,6.6,0,1,1,1,46,25.4282
60,0,30.0,152,96,122.8,4.9,1,0,6.4,0,0,1,1,56,18.0
56,1,34.57,143,91,103.6,5.2,0,0,8.0,0,0,1,0,52,19.3592
76,1,28.25,130,83,100.1,3.4,0,0,4.9,0,1,0,0,47,21.47
61,1,29.78,141,81,114.7,0.5,0,1,6.0,0,0,0,1,60,18.1658
26,1,29.98,131,81,90.2,1.3,1,0,5.8,0,1,0,0,50,7.7948
54,0,21.18,116,71,102.9,4.0,0,0,5.2,0,0,0,0,45,11.4372
53,0,26.06,131,68,101.3,2.5,0,0,7.5,0,0,0,0,63,13.811799999999998
45,1,15.0,124,75,99.3,5.0,1,0,7.0,0,0,0,0,49,6.75
59,0,28.99,137,78,103.2,3.3,0,0,7.6,0,0,0,0,59,17.1041
60,0,15.0,114,77,106.6,6.2,0,1,7.7,1,0,0,0,37,9.0
59,0,31.72,128,85,108.7,2.7,0,0,8.2,0,0,1,1,43,18.7148
83,1,36.39,165,101,143.2,1.4,1,0,7.5,1,1,1,1,64,30.203699999999998
72,0,29.69,144,76,101.8,12.2,0,1,6.6,0,0,0,1,68,21.376800000000003
65,1,30.59,134,84,128.6,4.6,0,0,7.6,1,1,1,0,50,19.883499999999998
39,0,33.79,126,76,115.9,7.7,0,0,6.8,1,0,0,0,50,13.178099999999999
44,1,24.28,115,70,105.3,7.6,0,0,8.2,0,0,0,0,45,10.683200000000001
84,0,19.42,126,75,121.0,8.3,0,0,8.2,0,0,1,0,51,16.312800000000003
30,1,26.3,102,71,98.0,3.7,0,0,6.1,0,0,0,1,31,7.89
62,1,22.38,149,70,102.4,1.1,0,1,5.4,0,0,1,0,79,13.875599999999999
27,1,27.25,112,85,91.2,4.0,0,0,6.2,0,0,0,0,27,7.3575
26,0,28.28,111,74,104.8,8.1,0,0,8.6,1,0,0,0,37,7.352799999999999
71,1,24.03,151,73,113.5,2.1,0,1,9.5,0,0,0,0,78,17.061300000000003
44,0,22.66,126,78,91.2,5.4,0,1,5.2,1,0,0,0,48,9.9704
51,0,15.0,119,69,82.9,7.0,0,1,8.2,0,0,0,0,50,7.65
18,1,25.82,118,74,81.0,7.2,0,0,6.2,0,0,0,0,44,4.6476
49,1,24.27,109,72,86.8,3.8,0,0,6.5,0,0,0,0,37,11.8923
84,1,24.68,153,73,115.9,3.2,0,0,8.5,0,1,0,1,80,20.731199999999998
37,1,31.04,143,83,101.1,4.1,1,0,7.5,1,0,1,1,60,11.4848
52,0,38.2,141,96,133.0,3.0,0,1,8.3,1,1,1,1,45,19.864
34,1,24.73,136,67,110.1,3.3,0,0,6.7,1,1,0,0,69,8.4082
35,0,29.04,128,77,113.4,4.2,0,0,8.3,1,0,0,0,51,10.164
62,1,28.27,137,81,97.4,7.1,0,0,6.8,0,0,0,0,56,17.5274
70,1,33.38,135,73,102.6,3.6,0,0,7.1,0,1,0,1,62,23.366000000000003
82,0,21.51,152,72,127.8,8.7,0,0,7.7,1,0,0,0,80,17.6382
18,0,21.34,107,67,96.7,4.4,0,0,6.7,0,0,0,0,40,3.8412
75,1,22.02,137,76,98.5,5.0,0,1,9.3,0,0,0,0,61,16.515
43,0,15.0,120,82,87.9,2.5,0,1,6.1,0,0,0,0,38,6.45
37,0,26.53,126,84,110.8,4.1,0,0,7.9,1,0,0,0,42,9.8161
27,0,20.69,115,65,82.4,2.4,0,0,6.6,0,0,0,0,50,5.5863
76,1,28.26,149,71,144.4,3.7,0,0,8.0,1,1,0,0,78,21.477600000000002
58,0,15.0,124,86,98.6,3.9,0,0,7.3,1,0,0,0,38,8.7
22,0,26.47,118,70,73.1,3.1,0,1,8.0,0,0,0,1,48,5.8233999999999995
82,0,25.31,146,77,126.1,8.7,0,0,6.1,0,0,0,0,69,20.7542
34,0,23.64,120,65,89.3,4.8,0,0,7.2,0,0,0,0,55,8.0376
39,1,32.59,120,81,92.7,6.1,0,0,6.8,0,0,0,0,39,12.710100000000002
58,1,22.13,133,78,96.7,2.3,1,0,6.3,1,0,1,0,55,12.8354
28,0,28.56,119,84,104.5,1.4,0,0,6.7,0,0,1,0,35,7.9967999999999995
73,1,23.14,142,69,109.7,5.5,0,0,6.8,1,0,0,1,73,16.8922
68,1,36.42,144,91,99.7,2.4,0,1,7.2,0,1,1,0,53,24.7656
38,1,26.01,124,80,108.9,7.1,0,0,6.7,1,0,0,0,44,9.8838
43,1,30.72,126,86,98.5,4.6,0,0,6.0,0,0,0,0,40,13.2096
36,0,30.34,138,86,94.9,4.0,1,1,8.1,1,0,1,0,52,10.9224
77,0,33.44,159,86,126.1,4.5,0,0,7.0,0,1,1,1,73,25.748799999999996
64,0,27.65,132,79,119.7,4.0,0,0,6.7,1,1,0,1,53,17.695999999999998
43,0,19.16,117,74,89.0,7.6,0,0,6.9,0,0,0,0,43,8.2388
57,1,29.37,127,76,95.2,3.2,0,0,7.2,0,0,0,0,51,16.7409
22,0,28.41,118,87,97.4,3.6,0,0,5.4,0,0,0,0,31,6.2501999999999995
38,0,15.0,107,70,97.8,5.5,0,0,4.0,0,0,0,0,37,5.7
21,0,17.1,121,79,84.4,3.7,0,0,8.9,0,0,0,0,42,3.591
40,1,30.89,139,71,110.8,3.7,0,0,6.9,1,0,0,0,68,12.356
32,1,35.04,141,78,86.5,2.0,0,0,7.2,0,0,0,1,63,11.2128
25,1,26.32,109,77,79.5,4.9,0,0,8.1,0,0,0,0,32,6.58
58,0,31.49,126,73,119.6,3.1,0,0,6.1,0,0,0,0,53,18.2642
36,1,27.43,138,73,102.3,8.8,0,0,5.9,1,0,0,0,65,9.8748
63,0,27.01,135,65,106.9,1.2,0,0,7.5,0,0,0,0,70,17.0163
45,0,25.97,130,77,103.1,3.6,0,0,7.5,0,0,0,0,53,11.686499999999999
32,0,27.27,119,64,89.7,1.8,0,0,6.8,0,0,0,0,55,8.7264
54,1,29.05,133,79,105.9,14.15,0,1,7.2,1,0,0,0,54,15.687000000000001
18,1,24.47,115,73,95.7,4.9,0,0,7.7,0,0,0,0,42,4.404599999999999
84,1,34.03,165,98,136.1,2.9,1,0,4.7,0,1,1,1,67,28.5852
41,1,21.0,127,84,108.9,1.4,1,0,6.6,0,0,1,0,43,8.61
44,0,36.67,140,90,110.7,2.1,0,0,7.0,0,0,0,1,50,16.1348
57,0,25.55,121,84,121.3,6.6,0,0,4.5,0,0,0,0,37,14.563500000000001
80,0,26.5,124,75,120.2,7.0,0,0,6.7,0,0,1,0,49,21.2
78,1,23.16,122,87,139.6,3.1,0,0,6.8,1,1,1,0,35,18.0648
53,1,29.17,121,83,102.0,3.4,0,0,5.3,0,0,0,0,38,15.4601
41,1,24.62,121,65,97.2,1.2,0,0,9.5,0,0,0,0,56,10.0942
41,1,24.04,123,71,111.8,4.2,0,0,7.0,0,0,0,0,52,9.8564
21,1,30.36,133,73,72.0,8.9,0,0,9.3,0,0,0,1,60,6.3755999999999995
84,1,33.53,132,95,116.5,8.5,0,0,5.3,0,0,0,1,37,28.1652
51,1,20.76,129,72,86.1,8.8,1,0,5.9,0,0,0,0,57,10.5876
74,1,31.59,151,83,97.0,5.9,0,1,5.3,0,0,1,1,68,23.3766
66,1,34.04,145,78,131.4,4.9,0,0,7.7,1,1,0,1,67,22.4664
70,1,16.56,128,70,93.7,3.0,0,0,7.7,0,0,0,1,58,11.591999999999999
40,1,21.89,108,77,109.2,4.9,0,1,7.7,0,0,0,0,31,8.756
70,0,33.9,148,83,114.7,7.9,0,0,5.7,0,1,1,1,65,23.73
79,0,28.96,140,74,123.9,4.0,0,0,8.8,0,0,0,1,66,22.878400000000003
58,0,36.71,143,87,144.4,3.1,0,1,8.9,1,1,0,1,56,21.2918
74,0,25.77,143,84,143.3,5.0,1,0,8.6,1,1,0,1,59,19.0698
77,1,23.75,134,84,99.8,9.6,0,1,6.0,0,0,1,0,50,18.2875
71,0,34.7,159,91,145.8,3.3,0,1,8.8,0,1,1,1,68,24.637000000000004
74,0,21.95,120,72,88.4,4.8,0,0,8.0,0,0,1,0,48,16.243
27,0,25.38,115,78,69.3,4.0,0,0,6.9,0,0,0,0,37,6.8526
57,1,30.05,139,80,118.7,2.5,0,0,6.0,1,0,0,0,59,17.128500000000003
24,0,30.62,123,72,132.7,2.7,0,1,7.0,0,0,0,0,51,7.3488
55,0,22.17,116,77,98.2,3.8,1,0,8.4,0,0,0,0,39,12.193500000000002
78,0,28.31,146,87,114.1,2.8,0,0,7.8,0,0,1,1,59,22.081799999999998
20,0,25.11,129,68,110.4,4.6,0,1,6.4,1,0,0,0,61,5.022
68,1,17.04,126,70,110.5,3.7,0,0,7.1,0,0,0,0,56,11.587200000000001
64,0,24.13,131,55,113.5,2.6,0,1,5.8,0,0,0,0,76,15.4432
55,1,17.32,122,83,100.9,5.9,0,0,7.1,0,0,0,0,39,9.526
53,1,22.98,129,80,90.7,8.6,0,1,5.2,0,0,0,0,49,12.179400000000001
58,1,19.83,146,76,96.1,1.0,0,1,6.5,0,0,0,0,70,11.501399999999999
30,0,31.29,130,81,90.9,3.2,0,0,8.6,0,0,0,0,49,9.386999999999999
75,0,28.54,147,77,113.6,3.0,0,0,9.2,0,0,0,1,70,21.405
67,0,35.72,136,88,108.6,4.4,0,1,6.7,0,0,1,1,48,23.932399999999998
47,0,21.45,117,68,77.5,3.8,0,1,7.8,0,0,0,0,49,10.0815
79,1,27.51,144,84,112.8,3.0,0,0,10.0,0,1,1,1,60,21.7329
42,0,20.4,115,73,98.6,7.9,0,1,9.5,1,0,0,0,42,8.568
44,0,23.14,131,86,86.4,4.8,0,0,6.7,0,0,0,0,45,10.181600000000001
68,1,24.48,153,78,93.2,1.4,1,1,5.8,0,0,1,1,75,16.6464
74,1,38.25,150,93,121.2,5.0,1,0,7.1,0,1,1,1,57,28.305
64,0,28.91,146,66,104.9,3.2,0,1,9.6,0,1,1,0,80,18.5024
56,0,26.06,121,62,93.7,8.0,0,0,5.9,0,0,0,0,59,14.593599999999999
33,0,33.06,124,91,99.3,3.1,0,0,4.9,0,0,0,0,33,10.9098
39,1,30.7,129,80,138.4,3.3,1,0,7.8,1,1,0,1,49,11.972999999999999
71,1,26.47,164,80,106.5,2.0,1,0,7.3,1,0,1,1,84,18.793699999999998
38,1,30.72,137,79,123.2,3.1,1,0,7.3,0,0,0,1,58,11.673599999999999
33,1,25.03,131,68,91.1,4.5,0,0,7.1,0,0,0,0,63,8.2599
76,1,44.12,158,91,132.9,2.7,0,0,7.0,0,1,1,1,67,33.5312
48,0,33.88,130,88,131.3,1.7,0,0,5.8,0,0,1,1,42,16.262400000000003
59,0,24.44,138,70,100.0,3.5,0,0,7.6,0,0,0,0,68,14.4196
49,1,31.2,141,87,95.5,4.3,1,0,7.1,0,1,1,1,54,15.288
76,1,29.98,143,83,104.6,0.9,0,1,9.5,0,0,0,1,60,22.7848
51,0,28.44,142,88,113.8,3.0,0,0,6.8,0,0,0,1,54,14.5044
26,1,29.79,124,83,94.9,4.3,0,0,7.3,0,0,0,1,41,7.7454
28,1,22.09,119,59,105.5,2.4,0,0,5.4,1,0,0,0,60,6.1852
27,0,24.28,110,63,93.4,14.15,0,0,5.8,0,0,0,0,47,6.555600000000001
34,1,36.42,125,74,121.3,8.2,0,1,7.9,1,0,0,0,51,12.3828
65,0,27.98,139,80,95.5,9.6,0,1,9.4,0,0,0,1,59,18.187
69,0,22.74,139,70,108.2,4.3,0,0,7.4,0,1,0,0,69,15.6906
42,0,25.99,112,72,101.1,7.2,0,0,6.8,0,0,0,0,40,10.915799999999999
38,1,23.7,118,75,117.2,2.4,0,0,5.2,1,0,0,0,43,9.006
82,1,32.01,155,83,115.1,2.7,0,1,7.3,1,0,1,1,72,26.248199999999997
80,0,23.55,140,92,104.1,1.6,0,1,8.6,1,0,0,0,48,18.84
68,1,27.06,128,65,113.6,4.1,0,0,6.4,1,1,1,0,63,18.4008
53,1,22.96,124,68,95.2,2.7,0,0,6.4,1,0,0,0,56,12.168800000000001
83,1,39.61,149,82,127.7,7.3,0,0,6.0,1,1,1,1,67,32.8763
32,0,30.45,123,76,95.1,6.7,0,0,8.2,1,0,0,1,47,9.744
56,1,30.22,130,86,74.1,3.8,0,1,7.1,0,0,1,1,44,16.923199999999998
18,0,30.85,136,92,98.8,5.3,1,1,6.7,1,0,0,0,44,5.553000000000001
40,0,24.51,115,88,100.4,3.3,0,0,7.9,0,0,0,0,27,9.804
56,0,35.62,132,85,113.2,2.6,0,1,6.3,1,0,0,0,47,19.9472
74,0,26.41,139,76,126.7,2.8,0,1,5.8,0,0,1,1,63,19.5434
51,1,37.08,148,90,96.7,5.1,0,1,7.4,0,1,0,1,58,18.9108
58,0,24.92,129,68,96.7,2.9,0,1,6.9,1,0,0,0,61,14.453600000000002
30,0,30.95,127,75,93.2,5.3,0,0,7.2,0,0,0,1,52,9.285
23,1,27.77,125,80,108.9,3.8,0,0,8.7,1,0,0,0,45,6.3871
69,1,28.35,140,79,105.3,4.6,0,1,7.8,0,0,0,1,61,19.561500000000002
20,1,17.11,110,67,60.0,3.1,0,1,5.8,0,0,0,0,43,3.4219999999999997
80,0,21.1,141,90,108.0,0.8,0,1,7.0,1,0,1,1,51,16.88
66,1,35.56,142,85,131.5,7.9,0,0,6.7,0,0,0,0,57,23.4696
64,0,19.32,137,72,97.7,3.1,0,0,6.7,1,0,0,0,65,12.3648
72,1,31.97,152,90,116.9,3.8,0,0,5.8,0,0,1,1,62,23.0184
81,1,41.88,158,98,130.3,4.6,0,0,6.7,1,1,1,1,60,33.9228
82,1,30.01,147,73,126.3,4.4,0,0,6.3,1,0,1,0,74,24.6082
84,0,39.14,157,85,118.1,1.3,0,0,6.6,0,0,1,1,72,32.8776
32,0,30.81,116,67,88.5,8.1,0,0,7.1,1,0,0,0,49,9.8592
49,0,28.32,136,82,109.8,5.1,0,1,6.7,0,0,1,0,54,13.876800000000001
35,0,28.97,141,80,108.9,2.9,0,0,5.2,1,0,0,0,61,10.1395
60,0,25.77,138,74,133.6,5.2,0,0,6.5,1,1,1,1,64,15.462
52,1,25.59,133,89,89.1,4.1,0,0,6.4,0,0,1,1,44,13.3068
75,0,23.75,138,81,120.3,3.1,0,1,7.8,0,0,0,1,57,17.8125
50,1,29.25,123,83,109.8,2.5,0,0,7.5,0,0,0,1,40,14.625
31,0,39.56,129,72,141.1,5.0,0,0,7.9,1,1,0,0,57,12.263600000000002
51,0,35.06,135,77,101.8,5.5,0,0,7.4,0,0,0,1,58,17.8806
78,1,27.99,142,80,102.7,8.2,0,0,7.2,0,0,1,1,62,21.832199999999997
21,1,30.36,123,74,74.4,4.8,0,0,7.1,0,0,0,0,49,6.3755999999999995
76,0,26.3,143,73,99.3,7.3,0,0,8.3,0,0,0,0,70,19.988
46,0,35.04,134,84,88.2,10.9,1,0,8.7,0,0,0,1,50,16.118399999999998
23,1,17.33,114,79,102.4,1.5,0,1,7.5,0,0,0,0,35,3.9858999999999996
66,0,38.0,139,89,125.5,5.7,0,0,7.7,0,1,0,1,50,25.08
57,0,23.64,130,73,94.6,6.7,0,1,5.8,1,0,0,1,57,13.4748
82,1,24.57,147,83,119.0,2.0,0,0,6.8,1,1,0,1,64,20.1474
44,0,19.71,123,71,64.8,3.6,1,0,6.9,0,0,0,0,52,8.6724
23,0,27.7,117,79,90.3,2.6,1,0,6.5,0,0,0,1,38,6.371
30,1,22.85,94,79,79.3,4.4,0,0,9.0,1,0,0,0,15,6.855
81,1,33.55,156,99,127.7,2.4,0,1,7.3,1,1,0,1,57,27.175499999999996
79,0,30.72,162,94,111.3,3.4,1,1,6.9,1,0,1,1,68,24.268800000000002
36,1,22.78,132,71,85.0,2.5,1,1,5.6,0,0,0,0,61,8.200800000000001
60,0,21.71,125,68,91.5,1.1,0,0,7.9,0,0,1,0,57,13.026000000000002
37,1,23.08,114,73,94.7,3.7,0,0,7.7,0,0,0,0,41,8.5396
61,1,21.32,134,71,107.0,10.6,0,0,6.3,1,0,1,0,63,13.0052
40,0,25.18,137,72,117.8,4.9,0,0,6.5,0,0,0,1,65,10.072000000000001
19,0,21.92,125,72,68.2,3.5,1,0,6.5,0,0,0,0,53,4.1648000000000005
39,0,33.58,130,72,102.4,7.4,0,1,7.4,0,0,0,0,58,13.0962
74,1,23.91,162,79,115.5,3.2,1,0,6.6,0,0,1,1,83,17.6934
24,1,30.14,118,83,84.9,3.0,0,0,5.9,0,0,0,1,35,7.2336
73,0,30.19,141,73,124.4,5.0,0,0,9.2,0,1,1,0,68,22.0387
84,0,16.05,138,79,112.3,4.2,0,0,7.3,0,0,1,0,59,13.482000000000001
33,0,30.94,116,72,109.1,4.9,0,1,5.7,0,0,0,0,44,10.2102
68,0,16.9,132,76,120.0,7.6,0,0,5.7,1,0,0,0,56,11.491999999999997
29,0,21.96,110,66,66.1,6.6,0,0,7.9,0,0,0,0,44,6.3684
70,1,30.67,151,81,102.9,7.1,0,0,5.9,1,1,1,1,70,21.469
22,1,27.52,106,72,93.3,6.8,0,0,6.4,0,0,0,0,34,6.054399999999999
44,1,24.83,129,76,78.5,9.8,0,0,5.7,0,0,0,1,53,10.9252
29,1,16.46,122,72,87.3,4.0,1,0,6.3,0,0,0,0,50,4.7734000000000005
34,1,32.39,143,91,110.5,11.1,1,1,7.9,0,0,0,1,52,11.012599999999999
23,1,29.32,117,78,91.5,9.9,0,0,7.1,0,0,0,0,39,6.7436
22,1,21.83,106,63,71.9,3.5,0,0,6.4,0,0,0,0,43,4.8026
74,0,21.22,135,77,109.5,8.0,0,0,5.3,0,0,0,1,58,15.7028
45,0,32.76,145,92,121.9,6.3,1,0,5.8,1,0,1,0,53,14.741999999999997
76,0,28.54,140,73,129.8,0.9,0,0,6.5,1,0,0,0,67,21.6904
50,1,18.91,117,68,89.9,4.0,0,0,7.1,0,0,0,0,49,9.455
79,1,22.56,140,78,133.9,2.1,0,0,7.6,1,0,1,0,62,17.822400000000002
67,0,38.15,148,81,108.4,4.3,0,1,5.8,0,0,1,1,67,25.560499999999998
36,1,32.61,114,84,122.1,2.8,0,0,7.5,1,0,0,0,30,11.739600000000001
83,1,26.8,136,76,113.3,6.6,0,0,7.4,0,0,0,0,60,22.244
64,0,26.93,125,73,107.8,3.5,0,0,7.3,0,0,1,0,52,17.2352
56,0,15.0,133,72,83.1,2.4,0,0,4.9,0,0,0,0,61,8.4
50,0,34.38,135,80,102.1,4.0,0,0,7.2,0,0,0,0,55,17.19
30,0,24.18,117,72,80.1,6.6,0,0,6.7,1,0,0,0,45,7.254
71,1,22.11,125,78,102.5,7.0,0,1,6.9,0,0,0,0,47,15.6981
24,1,31.15,123,77,105.8,2.9,0,0,9.0,1,0,0,0,46,7.475999999999999
31,1,23.15,113,73,79.8,4.0,0,0,5.3,0,0,0,0,40,7.1765
36,1,16.23,113,74,108.0,0.4,0,0,9.3,0,0,0,0,39,5.8427999999999995
71,1,29.18,132,71,119.2,6.9,0,0,4.3,1,0,0,0,61,20.7178
37,1,18.01,121,70,117.3,2.3,0,1,6.8,1,0,0,0,51,6.6637
46,1,26.46,124,74,118.5,2.3,0,0,7.7,1,0,0,0,50,12.171600000000002
41,1,28.64,140,92,98.4,0.5,1,0,5.9,0,0,1,1,48,11.7424
80,1,25.19,144,81,125.2,1.6,0,0,7.4,0,0,1,1,63,20.152
74,0,25.21,134,87,121.7,1.6,0,0,6.3,0,0,0,0,47,18.6554
25,1,35.8,135,77,101.9,3.7,0,0,7.4,0,0,0,0,58,8.95
79,0,35.88,157,84,124.4,4.7,1,0,6.9,0,0,1,1,73,28.3452
46,1,21.48,122,73,92.8,5.0,0,0,6.9,0,0,0,0,49,9.8808
34,0,23.35,119,74,95.0,7.1,0,1,8.7,1,0,0,0,45,7.939000000000001
83,0,23.67,135,78,110.0,1.1,0,0,8.2,0,0,1,0,57,19.6461
23,1,26.62,112,71,74.5,5.4,1,0,6.4,0,0,0,0,41,6.1226
75,0,26.32,137,78,96.8,2.7,0,0,7.8,0,0,1,1,59,19.74
45,0,36.76,147,62,111.3,5.0,0,0,7.3,0,0,0,1,85,16.541999999999998
79,0,25.72,131,76,108.5,5.1,0,1,6.2,0,0,1,1,55,20.3188
58,1,20.82,124,77,79.5,4.9,1,0,6.7,0,0,0,0,47,12.0756
58,1,23.39,131,73,128.7,1.9,0,1,8.1,1,1,0,0,58,13.566200000000002
66,1,28.97,148,86,138.2,4.6,0,1,6.1,1,1,1,1,62,19.1202
66,1,25.31,125,73,129.4,2.1,0,0,6.7,1,0,1,0,52,16.7046
20,0,28.62,115,76,90.0,3.2,0,0,8.1,0,0,0,0,39,5.724
27,0,25.38,123,73,82.4,5.9,0,0,8.2,0,0,0,0,50,6.8526
52,0,31.0,140,73,97.3,5.8,0,0,7.3,0,0,1,0,67,16.12
19,1,26.29,100,71,94.2,7.0,0,0,6.3,0,0,0,0,29,4.9951
41,1,19.74,121,70,78.8,1.7,0,1,7.7,0,0,0,0,51,8.093399999999999
55,0,24.79,137,80,115.8,8.2,1,0,5.2,1,0,1,0,57,13.634500000000001
39,0,39.63,132,96,106.5,4.7,0,0,5.9,0,0,0,1,36,15.455700000000002
43,0,33.97,137,82,104.4,2.9,0,0,8.6,0,0,0,1,55,14.6071
60,1,20.06,126,67,93.8,2.6,0,1,8.5,1,0,1,0,59,12.036
72,0,37.11,148,97,125.3,1.4,0,0,6.3,0,1,1,1,51,26.7192
56,0,27.6,131,80,105.8,1.0,0,0,5.6,0,0,0,1,51,15.456000000000001
46,0,23.97,130,87,94.1,1.7,0,0,5.7,1,0,1,0,43,11.0262
37,1,25.17,126,75,94.5,3.3,0,1,6.3,0,0,0,0,51,9.3129
58,1,27.13,142,77,87.1,6.8,0,0,7.3,1,0,1,0,65,15.7354
71,0,33.09,155,90,112.9,3.2,0,0,6.2,0,0,1,1,65,23.493900000000004
37,1,27.9,123,70,116.5,11.0,0,1,6.7,1,0,0,0,53,10.323
36,1,28.73,126,84,92.5,3.7,0,1,6.7,0,0,1,0,42,10.3428
83,1,33.83,161,94,113.5,0.9,0,0,8.0,0,0,0,1,67,28.078899999999997
47,0,24.49,120,81,99.6,8.9,1,1,6.1,0,0,0,0,39,11.510299999999999
70,1,28.55,154,91,115.1,6.2,1,0,7.0,0,0,0,1,63,19.985
51,0,29.35,120,83,111.9,4.1,0,0,9.5,1,1,0,0,37,14.9685
39,0,27.58,131,74,84.5,1.2,0,1,7.0,0,0,0,0,57,10.7562
84,1,29.69,143,92,110.2,3.7,0,0,7.0,1,0,1,1,51,24.9396
23,0,22.79,129,80,104.5,6.1,1,1,6.7,0,0,0,0,49,5.2417
44,0,32.48,117,82,130.0,7.3,0,0,7.2,1,0,0,0,35,14.291199999999998
27,0,23.59,109,79,86.1,2.7,0,0,7.1,0,0,0,0,30,6.369299999999999
65,0,29.44,146,77,98.3,7.4,0,1,7.5,0,0,1,0,69,19.136000000000003
76,0,28.02,146,82,110.1,1.8,0,0,8.8,1,0,0,1,64,21.2952
76,0,22.82,145,84,95.6,2.0,0,0,6.6,1,0,1,1,61,17.3432
19,1,36.21,118,90,101.9,6.3,0,0,6.7,1,0,0,0,28,6.8799
46,1,36.76,123,93,93.7,3.5,0,0,8.8,0,0,0,1,30,16.909599999999998
82,0,21.46,121,59,114.0,3.6,0,0,6.6,1,0,1,0,62,17.5972
43,1,31.44,151,86,117.1,3.6,1,1,6.8,0,0,1,1,65,13.519200000000001
27,1,26.09,114,63,108.1,6.0,0,0,7.2,1,0,0,0,51,7.0443
70,0,22.89,140,84,90.5,3.6,0,0,6.5,0,0,1,1,56,16.023
76,0,28.94,134,82,88.1,7.9,0,0,7.3,0,0,1,0,52,21.9944
39,1,31.64,134,85,119.8,2.5,1,1,5.8,1,1,1,1,49,12.3396
68,1,27.73,126,81,130.9,2.0,0,0,5.1,1,0,0,1,45,18.8564
65,0,24.69,144,80,91.3,6.2,0,0,5.6,1,0,1,1,64,16.0485
38,0,34.51,142,80,126.0,5.1,0,1,8.4,1,0,1,1,62,13.1138
39,1,34.72,144,80,108.1,1.7,0,0,9.3,1,0,0,1,64,13.540799999999999
47,1,22.84,120,79,101.8,1.7,0,0,5.3,0,0,1,0,41,10.7348
42,0,27.33,123,74,100.9,2.6,0,0,7.2,1,0,0,0,49,11.478599999999998
45,1,17.64,133,71,95.0,1.1,0,0,7.9,0,0,0,0,62,7.938000000000001
82,0,31.64,151,93,143.4,2.8,1,0,6.1,0,0,1,1,58,25.9448
62,0,34.5,145,84,135.2,1.6,0,0,7.8,1,1,1,1,61,21.39
24,0,29.06,123,69,95.7,5.4,0,0,7.8,1,0,0,0,54,6.974399999999999
66,1,20.79,125,76,95.8,5.0,0,1,7.2,1,0,0,0,49,13.7214
26,0,36.17,135,78,111.2,10.0,0,0,8.1,0,1,0,0,57,9.404200000000001
53,0,38.58,156,90,125.4,2.0,0,0,7.0,0,0,0,1,66,20.447400000000002
18,1,24.3,106,64,107.3,3.7,0,0,8.3,1,1,0,0,42,4.3740000000000006
27,1,29.38,123,88,100.7,0.7,0,0,7.4,0,0,0,0,35,7.9326
53,0,31.54,127,78,99.8,6.1,0,0,7.8,1,0,0,0,49,16.7162
63,0,31.37,137,73,105.4,3.6,0,0,8.9,1,1,0,1,64,19.7631
49,1,27.08,134,70,119.5,2.9,0,0,6.7,1,0,0,0,64,13.269199999999998
49,1,37.23,138,88,120.3,5.4,1,0,6.4,1,0,1,0,50,18.2427
23,0,17.72,123,75,75.0,6.5,1,1,7.2,0,0,0,0,48,4.0756
65,1,17.8,138,66,91.0,5.0,0,0,6.0,0,0,0,0,72,11.57
55,0,26.71,117,71,103.2,5.8,0,0,5.0,0,0,0,0,46,14.6905
34,1,36.91,117,86,135.2,4.0,0,0,5.2,1,1,0,1,31,12.549399999999999
44,0,33.53,140,69,98.8,7.6,0,0,8.0,0,0,0,0,71,14.753200000000001
71,1,18.14,137,81,116.2,0.6,0,0,6.5,1,0,1,0,56,12.8794
67,0,43.29,152,97,138.5,2.2,0,1,5.3,0,1,1,1,55,29.004299999999997
52,1,30.02,145,86,134.1,4.2,1,0,6.5,1,1,1,1,59,15.6104
42,1,20.12,117,65,92.9,5.9,0,0,6.1,0,0,0,0,52,8.4504
45,0,26.27,116,78,112.5,7.0,0,0,5.9,0,0,0,0,38,11.8215
32,1,32.41,132,71,120.1,2.3,0,0,6.6,1,0,0,0,61,10.371199999999998
21,0,34.06,145,75,102.2,7.8,0,0,8.3,1,1,0,0,70,7.1526
44,1,26.42,130,80,84.1,9.8,1,0,7.6,0,0,0,0,50,11.6248
43,1,29.83,138,90,98.2,3.7,0,0,6.8,1,0,0,1,48,12.826899999999998
36,1,26.08,119,73,81.0,7.3,0,0,7.4,0,0,0,0,46,9.388799999999998
34,1,26.42,138,78,92.4,1.5,0,1,7.8,0,0,0,1,60,8.982800000000001
60,1,31.0,128,81,108.1,3.9,0,0,7.5,0,0,1,1,47,18.6
58,0,35.16,154,89,129.9,9.4,1,0,7.5,1,0,1,1,65,20.392799999999998
59,0,20.2,123,79,99.2,10.8,0,0,6.7,0,0,0,0,44,11.918
67,1,25.45,146,70,116.3,4.9,0,0,9.2,1,0,0,0,76,17.051499999999997
57,0,23.31,125,76,106.3,7.8,0,1,6.9,0,0,0,1,49,13.286699999999998
56,1,20.95,122,70,112.7,4.4,0,0,7.5,0,0,0,0,52,11.732000000000001
40,1,20.66,117,75,98.7,3.8,0,0,6.4,0,0,0,0,42,8.264
69,0,26.94,138,77,135.6,4.9,0,0,7.9,1,1,0,1,61,18.5886
64,0,20.58,135,72,92.7,5.1,0,0,8.2,1,0,0,0,63,13.171199999999999
80,0,20.38,127,80,124.0,1.6,0,0,7.6,0,0,0,0,47,16.304
60,1,25.76,119,63,82.5,4.3,0,0,8.2,0,0,0,0,56,15.456000000000001
65,0,21.12,151,81,97.2,0.6,0,1,8.2,0,0,0,1,70,13.728
51,0,29.75,129,83,107.4,2.6,1,0,8.1,1,0,1,1,46,15.1725
57,1,24.02,121,76,71.1,4.2,0,0,7.0,0,0,0,0,45,13.691399999999998
78,1,19.87,152,72,118.9,3.3,1,0,7.8,0,0,1,1,80,15.498600000000001
67,1,40.29,135,89,121.9,3.3,0,1,6.8,0,0,0,1,46,26.9943
84,1,15.0,151,84,130.7,3.1,0,1,7.2,1,0,0,0,67,12.6
79,1,31.77,146,90,106.7,3.5,0,0,6.6,0,0,1,1,56,25.0983
75,0,28.81,127,91,120.7,6.0,0,0,5.6,0,0,1,0,36,21.6075
50,1,23.99,119,79,95.4,5.4,0,1,7.9,1,0,0,0,40,11.995
33,0,21.54,121,68,89.0,3.5,0,0,6.3,0,0,0,0,53,7.108199999999999
65,1,36.82,150,96,144.5,3.7,0,1,7.8,1,1,1,1,54,23.933000000000003
27,1,39.12,131,76,95.2,6.2,0,1,8.1,0,0,0,0,55,10.5624
55,1,25.1,133,68,125.9,3.3,0,0,6.9,0,0,0,0,65,13.805
36,0,24.26,109,68,69.0,5.9,0,1,8.4,0,0,0,0,41,8.733600000000001
53,0,33.35,147,81,114.6,3.1,1,0,6.7,0,0,1,0,66,17.675500000000003
76,1,25.37,146,84,95.7,1.9,0,1,6.7,0,0,1,1,62,19.281200000000002
80,0,30.18,155,98,105.5,2.3,1,1,6.7,0,0,1,1,57,24.144000000000002
63,1,30.04,136,81,113.6,3.9,0,1,6.8,0,0,1,0,55,18.9252
20,1,27.02,109,75,87.8,11.7,0,1,6.8,0,0,0,0,34,5.404
82,1,27.76,151,86,95.0,1.7,0,0,6.9,0,0,1,1,65,22.7632
25,1,28.94,132,78,69.9,6.3,1,1,9.9,0,0,0,1,54,7.235
68,1,20.49,140,67,83.5,4.0,0,0,6.1,0,0,0,0,73,13.9332
23,0,22.86,104,68,75.5,7.0,0,0,8.5,0,0,0,0,36,5.2578
56,0,28.11,152,76,90.5,3.5,0,0,7.0,0,0,1,0,76,15.741599999999998
77,1,24.17,143,68,90.8,1.3,0,0,6.7,0,0,0,1,75,18.6109
45,1,42.91,153,96,103.4,2.9,0,0,7.8,0,0,1,1,57,19.3095
71,1,27.57,167,81,94.3,0.3,1,0,7.7,0,0,1,1,86,19.5747
54,1,16.72,128,71,90.4,2.9,0,0,6.3,0,0,0,0,57,9.028799999999999
26,0,15.0,103,64,96.9,7.5,0,0,8.8,1,0,0,0,39,3.9
73,0,31.56,150,83,135.2,1.6,0,0,6.0,0,1,1,1,67,23.038800000000002
76,0,27.62,141,85,121.9,6.0,0,1,7.5,0,0,1,1,56,20.9912
19,1,35.16,134,75,111.0,3.4,0,0,6.2,1,0,0,0,59,6.6804
78,0,23.06,141,93,116.9,5.6,0,1,6.2,1,0,1,1,48,17.9868
75,0,26.1,125,89,96.5,6.0,0,0,8.2,0,0,1,0,36,19.575
77,1,28.42,147,75,117.0,1.7,0,1,6.9,0,0,0,1,72,21.8834
57,0,25.9,138,70,124.0,2.9,0,0,7.9,1,0,0,1,68,14.763
53,1,25.42,143,82,107.1,2.0,0,1,6.3,1,0,1,1,61,13.4726
54,0,31.01,139,79,113.8,1.2,0,1,5.2,1,0,0,1,60,16.745400000000004
35,0,21.96,121,76,87.5,4.9,0,0,7.7,0,0,0,0,45,7.686
80,0,29.91,154,84,106.8,5.4,0,1,7.6,0,0,0,1,70,23.928
39,1,37.41,124,78,112.4,3.9,0,0,6.6,0,0,0,0,46,14.589899999999998
28,0,36.4,126,75,119.6,5.1,0,0,7.6,1,0,1,0,51,10.192
75,0,16.33,152,80,118.0,3.1,1,1,6.7,0,0,1,0,72,12.247499999999997
74,0,23.96,126,83,140.1,3.0,0,1,8.8,1,1,1,0,43,17.7304
21,0,28.49,126,68,100.9,3.9,0,1,8.4,1,0,0,0,58,5.9829
24,1,34.21,132,69,80.8,7.4,0,0,6.5,0,0,0,1,63,8.2104
78,0,28.02,156,79,99.7,8.7,0,0,7.0,0,0,1,0,77,21.8556
71,1,34.22,134,86,123.2,3.8,0,0,9.0,1,1,1,0,48,24.2962
18,0,22.92,107,79,72.9,3.1,0,0,7.6,0,0,0,0,28,4.1256
72,1,28.71,140,73,120.9,6.1,0,0,7.4,1,1,1,0,67,20.6712
20,1,28.86,117,73,76.9,6.9,0,0,7.8,1,0,0,0,44,5.772
55,1,34.42,143,96,83.1,4.2,0,1,8.7,0,0,0,1,47,18.931
18,1,32.07,119,87,80.9,10.9,0,1,6.4,0,0,0,0,32,5.7726
55,0,30.8,129,89,112.8,3.2,0,0,8.2,1,0,1,1,40,16.94
46,1,31.73,144,83,108.3,3.2,1,0,7.1,0,0,1,0,61,14.595799999999999
22,0,19.78,128,56,88.2,3.5,0,0,8.2,0,0,0,0,72,4.3516
38,0,25.81,137,74,103.3,8.0,0,0,6.5,0,0,0,0,63,9.8078
84,1,20.97,144,78,134.5,3.3,0,0,8.2,1,1,1,1,66,17.6148
64,0,23.01,127,69,84.1,3.6,0,0,6.0,0,0,0,0,58,14.726400000000002
52,1,25.79,122,82,118.8,0.4,0,0,5.4,1,0,0,0,40,13.4108
18,0,15.0,118,75,69.9,2.4,0,0,7.7,0,0,0,0,43,2.7
29,1,26.0,127,83,105.4,1.7,1,0,8.1,0,0,0,1,44,7.54
77,1,22.26,132,78,122.7,3.0,0,0,7.3,0,0,0,0,54,17.140200000000004
44,1,20.67,124,76,79.7,4.0,1,0,9.2,0,0,0,0,48,9.0948
73,1,27.36,137,79,107.4,3.3,0,1,6.8,1,0,1,1,58,19.9728
40,1,24.55,124,74,94.3,6.1,1,0,8.5,1,0,0,0,50,9.82
42,1,28.78,121,72,100.5,8.9,0,0,6.1,0,1,0,0,49,12.0876
38,0,23.04,133,67,78.9,3.6,0,1,7.3,0,0,0,1,66,8.7552
78,1,25.78,130,84,126.7,1.8,0,0,8.3,1,1,0,0,46,20.108400000000003
80,0,41.06,150,98,137.3,4.8,0,0,8.6,0,1,1,0,52,32.848
69,0,30.41,146,74,108.2,2.0,0,1,6.4,0,0,1,1,72,20.9829
42,0,21.89,124,72,104.7,2.3,0,1,5.6,0,0,0,0,52,9.1938
72,0,33.99,141,84,114.1,8.0,0,1,7.2,1,0,1,1,57,24.472800000000003
63,1,35.78,139,82,120.2,0.2,0,1,8.0,0,0,1,1,57,22.5414
49,1,30.27,121,86,114.6,4.7,0,0,5.6,0,0,0,0,35,14.8323
72,1,22.26,127,73,108.1,5.2,0,0,8.0,0,0,1,0,54,16.0272
22,1,32.79,114,70,87.0,2.1,0,1,9.7,0,0,0,0,44,7.2138
53,0,23.45,116,70,80.4,3.6,0,0,5.3,0,0,0,0,46,12.4285
66,0,34.63,127,87,142.1,1.2,0,0,4.2,1,1,1,1,40,22.855800000000002
75,0,25.4,131,85,132.8,2.3,0,1,5.2,1,1,1,1,46,19.05
56,1,25.18,131,71,102.8,1.2,0,1,8.8,0,0,0,0,60,14.1008
78,0,29.84,143,83,111.9,9.8,0,1,6.5,0,1,1,1,60,23.275199999999998
26,1,34.98,142,84,85.9,11.2,1,1,6.3,0,0,0,0,58,9.0948
23,1,40.54,143,85,89.0,5.5,0,0,6.4,0,0,0,1,58,9.3242
52,1,26.96,137,75,92.6,12.9,0,0,7.6,0,0,0,0,62,14.019200000000001
56,1,24.42,116,70,106.2,10.2,0,0,8.4,1,0,0,0,46,13.6752
39,1,22.04,104,73,91.0,4.9,0,0,8.4,0,0,0,0,31,8.5956
58,0,18.21,129,81,106.6,1.4,1,1,8.2,1,0,1,1,48,10.5618
22,0,20.96,107,69,80.5,5.3,0,0,6.9,0,0,0,0,38,4.6112
59,1,28.17,148,83,125.2,2.3,1,1,7.0,0,0,1,0,65,16.6203
84,1,32.92,146,73,110.5,6.4,1,0,5.9,1,0,1,1,73,27.652800000000003
47,1,21.56,109,72,78.0,7.6,0,1,8.7,0,0,0,0,37,10.133199999999999
74,0,31.37,150,83,108.6,4.4,0,0,7.7,0,0,1,1,67,23.213800000000003
46,1,21.8,122,69,102.0,4.4,0,0,7.2,0,0,0,0,53,10.028
54,0,22.51,113,69,104.7,7.9,0,1,5.8,1,0,0,0,44,12.155400000000002
30,0,20.6,119,75,107.6,4.5,0,1,4.6,0,0,0,0,44,6.18
49,0,34.52,148,92,139.2,5.9,1,1,5.8,0,1,1,1,56,16.914800000000003
63,0,36.12,151,85,107.2,8.5,0,0,7.7,1,0,0,1,66,22.7556
40,0,22.57,127,80,100.0,8.8,0,0,6.3,0,0,0,0,47,9.027999999999999
62,0,22.11,153,78,99.1,3.3,1,0,8.8,0,0,1,1,75,13.7082
34,1,30.41,133,79,134.6,2.8,0,0,5.7,0,1,1,1,54,10.339400000000001
83,1,36.82,170,88,108.9,4.4,0,0,7.1,0,0,1,1,82,30.5606
23,1,36.16,133,84,112.3,1.6,0,0,7.4,0,0,0,1,49,8.316799999999999
35,0,24.57,128,79,99.5,4.3,1,0,4.8,1,0,0,0,49,8.5995
39,1,25.74,128,57,95.7,5.5,0,0,8.2,0,0,0,0,71,10.038599999999999
50,0,19.66,128,66,100.0,11.1,0,0,6.8,0,0,0,0,62,9.83
47,0,24.5,124,67,79.1,3.0,0,0,4.0,0,0,0,0,57,11.515
49,1,27.36,115,77,124.5,3.3,0,0,6.7,0,0,0,0,38,13.406399999999998
59,0,18.97,123,66,108.1,5.7,0,1,8.3,0,0,0,0,57,11.1923
27,1,23.64,110,65,87.8,2.3,0,1,6.0,0,0,0,0,45,6.3828
53,1,28.09,141,73,78.0,9.2,0,0,5.4,0,0,1,1,68,14.8877
51,1,17.98,138,73,111.1,2.7,0,0,5.3,0,0,0,1,65,9.1698
45,1,29.52,115,72,86.6,14.15,0,0,6.7,0,0,0,0,43,13.284
28,1,32.72,109,81,95.1,4.0,0,0,8.0,0,0,0,0,28,9.1616
56,0,30.11,132,81,112.8,3.3,0,0,7.5,0,0,0,0,51,16.8616
64,1,23.92,132,72,92.1,6.7,0,0,4.9,0,0,0,1,60,15.308800000000002
36,0,33.6,139,72,106.6,5.6,0,1,6.4,0,0,0,0,67,12.096000000000002
32,1,34.85,129,73,94.3,5.1,0,0,7.8,0,0,0,0,56,11.152000000000001
45,1,28.64,138,74,118.0,3.7,0,1,5.9,1,0,1,1,64,12.888
41,0,27.66,117,75,94.8,1.6,0,0,6.6,0,0,0,0,42,11.3406
26,1,23.21,127,73,102.6,6.6,1,1,5.4,1,0,0,0,54,6.0346
64,0,24.44,122,78,113.5,0.2,0,0,7.0,1,0,1,0,44,15.6416
50,0,33.02,127,77,108.2,1.3,0,0,7.4,0,0,1,0,50,16.51
79,1,37.53,145,82,135.7,6.8,0,0,9.0,0,1,0,1,63,29.648699999999998
36,0,24.39,120,80,96.6,1.6,0,0,7.2,1,0,0,0,40,8.7804
84,0,25.81,145,74,127.9,3.3,0,1,7.4,0,0,1,1,71,21.6804
57,0,23.05,126,80,94.0,8.5,1,0,7.3,0,0,0,0,46,13.1385
64,1,24.3,150,84,115.1,1.5,0,1,6.6,1,0,1,0,66,15.552
82,0,19.5,136,85,91.3,5.5,0,1,7.2,1,0,0,0,51,15.99
46,0,29.29,125,83,92.8,3.4,0,0,9.0,0,0,1,1,42,13.4734
67,1,19.44,129,82,137.7,7.4,0,1,6.7,1,0,0,0,47,13.0248
30,0,23.62,113,65,93.7,2.2,0,0,5.8,0,0,0,0,48,7.086
18,0,26.45,116,72,92.1,2.4,0,0,7.7,1,0,0,0,44,4.760999999999999
51,1,19.18,132,74,84.6,3.5,1,0,5.8,0,0,0,1,58,9.781799999999999
65,1,22.31,129,77,113.8,1.6,0,0,8.1,0,0,0,0,52,14.501499999999998
65,1,20.27,141,74,104.9,3.5,0,0,5.7,1,1,0,0,67,13.1755
66,0,33.18,151,90,91.5,3.5,1,0,9.0,0,0,1,1,61,21.8988
81,1,35.06,148,83,127.6,6.0,0,0,7.4,0,0,0,1,65,28.398600000000002
78,1,22.22,137,76,127.5,3.3,0,0,6.5,0,0,0,1,61,17.331599999999998
46,0,42.83,144,88,124.1,0.6,0,1,7.7,0,1,1,1,56,19.7018
56,0,21.38,119,74,126.7,4.4,0,0,7.6,1,0,0,1,45,11.9728
43,1,24.35,133,68,71.7,1.6,0,0,7.6,0,0,1,0,65,10.4705
34,0,29.66,117,83,85.1,8.6,1,1,7.1,0,0,0,0,34,10.0844
30,1,30.21,133,80,98.7,2.4,1,1,6.8,0,0,0,1,53,9.063
43,1,24.95,116,70,120.6,3.9,0,0,8.6,0,0,0,0,46,10.728499999999999
66,1,33.15,142,84,114.1,1.2,0,0,6.8,0,0,1,1,58,21.879
84,1,33.75,159,95,92.6,4.7,0,1,6.6,0,0,1,1,64,28.35
24,0,26.76,110,76,107.3,1.5,0,0,7.6,0,0,0,0,34,6.4224
75,0,25.93,123,74,106.6,5.9,0,0,7.4,0,0,0,0,49,19.4475
66,1,23.26,126,84,111.8,4.4,0,0,5.9,0,0,0,0,42,15.351600000000001
70,1,20.77,149,79,144.4,2.5,0,1,8.8,1,0,1,0,70,14.538999999999998
82,1,22.16,146,79,129.7,1.5,0,1,5.6,0,0,0,1,67,18.171200000000002
79,1,29.96,143,78,117.5,5.2,0,0,5.6,1,0,0,1,65,23.668400000000002
34,1,26.8,118,69,100.2,2.0,0,0,9.1,1,0,0,0,49,9.112
60,0,25.38,136,81,96.9,6.0,0,1,7.0,0,0,0,0,55,15.228
42,1,23.49,100,72,95.5,14.15,0,0,7.3,1,0,0,0,28,9.8658
20,0,23.61,110,72,95.3,1.7,1,0,6.5,0,0,0,1,38,4.7219999999999995
46,0,26.54,131,64,123.7,4.9,0,0,6.8,1,0,0,0,67,12.2084
49,0,26.08,134,78,83.7,9.8,0,1,8.3,0,0,0,0,56,12.779199999999998
43,1,26.79,132,69,95.8,8.6,0,0,7.8,0,0,0,0,63,11.5197
33,1,24.22,111,67,80.3,0.4,0,0,7.7,1,0,0,0,44,7.9925999999999995
42,0,22.91,123,69,99.8,2.5,0,0,5.8,1,0,0,0,54,9.6222
71,0,26.85,140,88,108.3,4.4,0,0,6.9,0,0,0,1,52,19.0635
45,1,30.57,129,78,105.0,2.5,0,0,7.9,0,0,0,0,51,13.7565
73,1,23.85,136,83,107.8,4.8,0,0,5.0,1,0,0,0,53,17.410500000000003
82,1,15.0,125,72,103.2,3.8,0,0,6.1,0,0,0,0,53,12.3
58,1,18.87,114,80,101.6,5.7,0,0,7.9,0,0,0,0,34,10.944600000000001
68,1,33.03,141,82,98.2,3.6,0,1,5.9,0,0,1,1,59,22.4604
46,0,32.56,120,78,107.2,5.8,0,1,6.4,1,1,0,0,42,14.977600000000002
36,0,30.55,115,84,102.9,5.7,0,0,8.2,1,0,0,0,31,10.998
83,0,29.77,152,85,125.4,3.1,1,1,7.6,1,1,1,1,67,24.7091
58,1,32.7,128,85,103.9,2.4,0,0,7.9,0,0,0,1,43,18.966
62,0,24.81,138,75,119.5,3.2,0,1,7.6,1,0,1,1,63,15.382200000000001
32,1,27.61,129,77,81.5,3.6,0,0,7.6,0,0,0,0,52,8.8352
20,0,22.32,90,55,97.0,5.5,0,0,7.2,1,0,0,0,35,4.4639999999999995
28,0,25.78,102,73,94.1,3.1,0,0,5.7,0,0,0,0,29,7.2184
70,0,37.8,153,85,111.6,1.2,0,1,6.7,0,0,1,1,68,26.46
63,0,22.01,134,72,119.5,5.9,0,0,6.8,1,1,0,1,62,13.8663
47,0,20.04,127,73,92.0,3.1,0,1,5.4,0,0,0,0,54,9.4188
74,1,25.68,131,77,104.2,6.7,0,0,6.5,0,0,1,1,54,19.0032
35,0,24.48,122,72,111.8,3.4,0,0,6.7,0,0,0,1,50,8.568000000000001
68,1,28.34,147,78,111.9,4.2,0,0,8.7,1,0,1,1,69,19.2712
65,0,31.4,143,74,116.6,4.0,0,1,5.1,0,0,0,1,69,20.41
83,1,24.63,136,73,106.7,9.1,1,0,7.2,0,0,0,1,63,20.442899999999998
25,1,39.02,136,82,137.4,2.9,0,0,7.5,0,1,1,0,54,9.755
39,1,33.94,143,86,104.2,1.2,1,0,7.9,0,0,0,1,57,13.2366
23,0,22.37,106,69,96.2,6.0,0,0,8.3,0,0,0,0,37,5.1451
74,0,26.34,135,74,96.9,3.4,0,0,5.8,1,0,1,1,61,19.491600000000002
53,1,29.86,150,93,135.1,5.8,1,1,6.6,1,1,0,1,57,15.8258
74,0,21.99,134,73,115.4,1.6,0,0,7.8,0,1,0,0,61,16.2726
66,1,15.0,127,68,111.8,14.15,0,1,6.7,1,0,0,0,59,9.9
62,0,37.99,132,96,100.3,4.5,0,0,7.3,0,0,1,1,36,23.553800000000003
83,1,20.38,147,66,103.0,6.4,0,1,8.4,0,0,0,0,81,16.915399999999998
62,0,31.74,136,84,112.8,1.9,1,0,8.1,0,0,1,0,52,19.6788
37,1,30.86,120,79,111.3,5.0,0,0,7.7,0,0,0,0,41,11.418199999999999
81,1,22.07,139,79,130.5,8.1,1,0,8.4,1,1,1,1,60,17.8767
84,0,38.17,164,96,132.1,2.1,1,0,6.2,1,1,1,1,68,32.0628
20,0,27.17,125,71,92.1,9.6,0,0,6.8,1,0,0,0,54,5.434000000000001
71,0,27.6,143,77,88.0,2.1,1,0,7.2,1,0,1,0,66,19.596
81,1,17.88,129,77,97.9,1.8,0,1,6.1,0,0,1,0,52,14.4828
57,0,15.0,144,82,75.9,1.0,1,1,8.5,0,0,1,1,62,8.55
76,0,25.39,150,83,95.3,14.15,1,1,7.8,0,0,0,1,67,19.296400000000002
72,1,34.32,160,87,133.1,2.7,0,0,7.6,1,1,1,1,73,24.7104
79,0,16.0,137,80,94.0,9.3,1,0,5.6,0,0,1,1,57,12.64
21,0,27.64,119,75,112.3,4.8,0,0,5.8,1,1,0,0,44,5.8044
77,0,27.27,139,80,121.2,2.3,0,0,5.9,1,1,1,0,59,20.9979
47,1,34.0,127,86,103.7,6.7,0,0,4.4,0,1,1,0,41,15.98
19,1,32.7,126,77,103.3,7.2,0,0,7.2,0,0,0,0,49,6.213000000000001
79,0,27.61,130,82,137.5,2.1,0,0,4.5,0,1,1,0,48,21.8119
66,1,26.26,131,77,103.5,2.6,0,1,6.8,0,0,0,0,54,17.3316
26,0,22.62,115,68,100.9,1.8,0,0,8.6,1,0,0,0,47,5.8812
48,0,20.16,122,75,76.4,14.15,0,0,7.3,0,0,0,0,47,9.6768
78,1,23.17,133,84,79.5,8.1,0,0,6.4,0,0,1,0,49,18.0726
65,0,20.38,127,77,95.7,2.5,0,0,6.9,1,0,0,0,50,13.247
42,1,26.19,125,79,93.0,2.5,0,1,8.1,0,0,0,1,46,10.9998
53,1,26.6,138,75,95.3,3.1,0,0,7.4,0,0,0,0,63,14.098000000000003
25,1,25.21,114,73,70.7,3.7,0,0,6.1,0,0,0,0,41,6.3025
75,0,27.43,145,72,105.2,8.1,0,1,7.2,0,0,0,0,73,20.5725
62,0,24.14,116,81,93.6,2.0,0,0,7.0,1,0,0,0,35,14.966800000000001
79,1,31.68,155,86,123.3,2.1,0,0,5.7,0,1,0,1,69,25.027199999999997
56,0,28.13,140,69,93.1,8.2,0,0,8.2,0,0,0,1,71,15.7528
75,1,23.99,150,94,115.7,5.8,1,0,4.3,0,0,1,1,56,17.992499999999996
81,0,20.03,130,75,120.6,5.1,0,0,7.1,0,0,0,0,55,16.2243
61,0,26.33,141,64,106.3,3.2,0,0,6.9,0,0,0,0,77,16.0613
46,0,33.42,146,84,106.4,5.0,1,0,6.3,1,0,1,1,62,15.373200000000002
76,1,30.22,159,80,132.1,2.7,0,0,6.1,0,1,1,1,79,22.9672
26,1,31.2,117,76,101.6,3.7,0,0,9.7,1,0,0,0,41,8.112
23,0,31.0,135,78,98.7,3.1,1,0,6.4,0,1,0,0,57,7.13
46,1,33.85,122,81,78.4,1.4,0,1,6.6,0,0,0,0,41,15.571000000000002
75,0,31.8,147,83,132.1,2.5,0,1,7.4,1,1,1,1,64,23.85
34,0,27.66,120,85,109.3,7.6,0,0,6.6,0,0,0,0,35,9.4044
33,1,24.44,128,80,93.0,4.7,0,0,6.2,0,0,0,0,48,8.0652
20,1,31.88,120,83,82.7,0.9,0,1,6.3,0,0,0,0,37,6.376
38,0,15.0,136,61,104.0,4.1,0,1,6.7,1,0,0,0,75,5.7
81,0,34.15,150,89,124.3,5.0,0,0,8.2,0,0,0,1,61,27.6615
53,1,30.8,135,82,109.9,7.8,0,0,7.2,0,0,0,0,53,16.324
79,1,36.3,146,95,111.5,2.2,1,0,8.8,0,1,1,1,51,28.677
59,1,20.31,135,87,83.9,2.6,1,1,8.4,0,0,0,1,48,11.982899999999999
59,0,33.54,146,71,100.3,4.3,0,0,8.3,0,0,0,1,75,19.7886
78,1,30.65,141,85,124.7,7.0,0,0,7.4,1,0,1,1,56,23.906999999999996
30,0,23.28,129,92,100.6,1.2,1,0,7.3,1,0,0,0,37,6.984000000000001
28,1,26.01,124,82,94.7,3.6,0,1,7.8,0,0,0,0,42,7.282800000000001
71,0,25.6,126,71,114.4,2.3,0,0,8.1,0,0,1,0,55,18.176000000000002
33,0,24.68,120,74,103.2,6.9,0,0,5.7,0,0,0,0,46,8.1444
25,0,18.98,109,60,96.0,1.6,0,0,7.7,0,0,0,0,49,4.745
76,1,33.61,148,97,148.5,1.2,0,1,6.7,1,1,1,1,51,25.5436
74,1,21.31,135,83,104.6,1.3,0,0,6.9,0,0,1,1,52,15.769399999999997
57,0,20.71,121,76,93.8,7.8,0,1,7.4,0,0,0,0,45,11.8047
76,1,33.76,155,85,115.5,3.3,0,1,5.3,0,1,1,1,70,25.6576
19,1,18.66,107,79,61.5,2.1,1,0,8.8,0,0,0,0,28,3.5454000000000003
27,0,25.04,115,66,102.3,2.9,0,1,6.7,0,0,0,0,49,6.7608
61,1,21.03,132,79,122.7,4.1,0,0,6.5,1,0,1,1,53,12.828300000000002
28,1,36.29,117,78,104.6,1.7,0,0,7.7,0,0,0,0,39,10.161200000000001
19,0,33.43,110,75,102.2,9.3,0,0,7.5,0,0,0,0,35,6.351699999999999
67,0,22.03,132,79,106.8,5.9,0,1,5.8,0,0,1,0,53,14.7601
29,0,21.02,120,75,102.5,2.0,0,0,8.8,1,0,0,0,45,6.0958000000000006
40,0,31.25,137,87,106.0,1.5,0,0,5.8,0,0,0,1,50,12.5
35,0,29.31,121,85,92.3,4.7,0,0,6.9,0,0,0,0,36,10.2585
79,1,24.75,143,70,103.2,5.0,0,0,5.3,0,0,0,1,73,19.5525
79,1,24.21,160,88,118.7,3.5,1,1,9.5,0,0,1,1,72,19.1259
55,0,25.44,134,84,106.8,4.5,1,1,7.7,0,0,1,1,50,13.992
84,1,32.03,143,81,115.8,3.5,0,1,6.6,0,1,1,1,62,26.9052
55,1,35.91,144,95,103.5,1.5,1,0,7.0,0,0,1,1,49,19.7505
84,1,37.37,156,99,119.7,3.6,0,0,5.9,0,1,1,1,57,31.3908
78,0,22.54,150,75,104.9,1.4,0,1,8.1,0,0,1,1,75,17.5812
18,1,27.14,108,84,118.6,3.3,1,1,5.4,1,1,0,0,24,4.8852
62,1,34.59,151,86,107.1,6.9,0,1,7.8,0,0,1,0,65,21.445800000000006
45,1,21.75,129,82,60.0,4.7,1,0,6.0,0,0,0,1,47,9.7875
38,0,22.84,116,78,86.4,2.1,0,1,8.6,0,0,1,0,38,8.6792
30,0,31.42,124,84,113.5,4.9,0,0,6.4,1,0,0,0,40,9.426
44,1,24.08,121,79,112.9,2.5,0,0,7.2,1,0,0,0,42,10.5952
24,0,18.24,116,77,92.8,3.2,1,0,8.9,1,0,0,0,39,4.3776
39,1,22.0,113,60,80.8,9.9,0,1,7.6,0,0,0,0,53,8.58
70,1,32.54,153,94,120.6,3.5,0,1,7.7,1,0,1,1,59,22.778
21,0,28.24,96,78,92.0,5.2,0,0,7.1,0,0,0,0,18,5.9304
40,1,17.74,135,73,94.5,5.1,0,0,6.6,0,0,0,0,62,7.095999999999999
50,0,23.27,133,63,109.6,1.8,0,1,7.4,0,1,0,0,70,11.635
45,0,37.37,139,82,134.9,3.0,0,0,7.2,0,1,0,1,57,16.816499999999998
25,1,26.4,116,73,92.0,5.5,0,0,7.8,0,0,0,0,43,6.6
18,1,25.39,109,79,89.9,3.2,0,0,8.7,0,0,0,0,30,4.5702
54,0,26.85,132,89,99.6,0.9,0,1,6.8,0,0,0,0,43,14.499
80,1,27.99,125,92,110.8,5.5,0,1,6.5,1,1,0,1,33,22.392
39,0,24.53,106,81,81.8,6.0,0,0,6.2,0,0,0,0,25,9.5667
38,0,34.58,137,84,112.2,4.7,0,0,7.4,0,0,0,0,53,13.1404
52,0,24.07,129,75,87.8,2.5,0,0,8.1,1,0,1,0,54,12.5164
22,0,32.56,114,85,122.1,3.4,0,0,6.7,0,1,0,0,29,7.163200000000001
77,1,37.37,134,90,136.7,3.8,0,0,7.6,0,1,0,1,44,28.7749
63,1,28.99,135,67,140.7,2.7,0,0,6.5,1,1,0,1,68,18.2637
67,1,20.72,136,71,89.4,3.0,1,0,7.6,0,0,0,0,65,13.8824
65,1,27.89,145,78,77.7,3.7,0,0,6.4,0,0,1,0,67,18.128500000000003
23,0,23.53,132,76,88.2,3.7,0,1,7.6,1,0,0,0,56,5.4119
73,0,32.01,153,78,111.6,6.4,0,0,6.7,0,0,1,1,75,23.3673
76,1,28.0,155,89,134.6,2.6,1,1,4.8,1,1,1,1,66,21.28
46,1,26.11,119,64,110.2,4.0,0,1,7.3,0,0,1,1,55,12.0106
35,1,20.95,111,74,100.2,3.1,0,1,7.5,0,0,0,0,37,7.3325
19,0,16.01,117,63,74.7,3.9,0,0,6.6,0,0,0,0,54,3.0419000000000005
25,0,22.09,104,66,103.6,3.3,0,0,5.2,1,0,0,0,38,5.5225
71,0,30.58,129,74,110.1,3.3,0,0,7.7,0,0,0,0,55,21.711799999999997
55,0,33.66,142,76,116.0,5.5,0,0,6.9,1,0,0,0,66,18.512999999999998
65,0,25.0,116,81,108.3,5.9,0,0,6.9,0,0,0,0,35,16.25
44,1,21.32,126,70,98.0,3.8,0,0,7.2,1,1,0,0,56,9.3808
37,0,27.9,122,73,101.9,2.3,0,0,8.1,0,0,0,0,49,10.323
29,1,30.79,124,81,100.1,2.7,0,0,6.0,0,0,0,1,43,8.9291
60,1,31.31,132,76,107.3,3.9,1,0,6.0,1,1,0,0,56,18.785999999999998
78,0,27.93,131,81,86.1,6.5,0,0,7.9,0,0,0,0,50,21.7854
48,1,38.81,153,83,113.0,1.6,1,1,8.7,0,1,1,1,70,18.628800000000002
78,0,34.16,142,86,126.9,6.2,0,0,8.2,1,1,1,0,56,26.644799999999996
84,1,19.71,145,84,106.1,1.6,0,1,6.9,1,1,0,0,61,16.5564
52,1,18.29,136,73,106.7,8.1,1,0,6.4,0,0,0,0,63,9.5108
32,1,20.24,122,68,107.8,1.9,0,0,8.5,0,0,0,0,54,6.4768
33,1,33.58,116,71,101.3,8.5,0,0,8.5,0,0,0,0,45,11.081399999999999
30,0,16.89,113,86,108.5,1.0,0,0,6.7,1,0,0,0,27,5.067
52,1,29.45,140,77,88.3,6.8,0,0,8.1,1,0,0,0,63,15.313999999999998
76,1,25.81,131,84,98.8,0.7,0,1,8.3,0,0,0,0,47,19.6156
38,1,19.58,117,73,91.4,2.9,0,1,5.8,0,0,0,0,44,7.4403999999999995
71,1,28.24,134,70,109.5,6.3,0,0,5.8,0,0,0,0,64,20.0504
47,1,25.78,118,76,86.7,5.1,0,0,7.1,0,0,0,0,42,12.1166
65,1,31.48,147,77,147.1,2.9,0,0,5.4,1,1,1,0,70,20.462
52,0,17.36,110,75,99.8,2.8,0,0,6.5,1,0,1,0,35,9.0272
55,0,21.62,127,78,107.7,5.1,1,0,7.1,1,0,0,0,49,11.891000000000002
48,1,21.73,124,73,90.6,3.7,0,1,6.8,1,0,0,1,51,10.430399999999999
41,1,30.64,143,84,102.7,8.7,1,1,5.1,0,0,0,0,59,12.5624
66,1,25.42,131,86,76.3,6.2,0,0,7.8,0,0,0,1,45,16.7772
49,0,33.65,142,84,119.7,4.7,1,1,6.6,0,0,1,0,58,16.4885
72,0,24.49,142,69,125.7,2.5,0,0,5.1,0,0,0,1,73,17.6328
75,1,28.08,138,89,92.3,11.5,0,0,7.5,0,0,1,0,49,21.06
20,1,35.41,133,75,99.3,4.8,0,1,7.2,0,0,0,1,58,7.081999999999999
27,1,16.52,104,66,68.8,4.9,1,0,7.9,0,0,0,0,38,4.4604
42,0,26.97,121,80,101.8,6.3,0,0,7.1,1,0,0,0,41,11.3274
78,0,26.62,142,70,131.0,5.6,0,0,7.2,1,0,0,0,72,20.7636
46,0,22.23,127,77,83.8,8.5,0,1,7.4,1,0,0,0,50,10.2258
36,0,25.85,109,72,101.3,5.0,0,0,6.3,0,0,0,0,37,9.306000000000001
60,1,28.61,163,81,114.3,4.6,1,1,7.2,0,1,1,1,82,17.166
83,0,22.47,128,67,131.6,2.4,0,0,8.0,0,0,0,0,61,18.6501
78,0,27.12,140,81,75.2,2.2,0,1,8.4,0,0,1,1,59,21.1536
60,0,20.89,127,77,78.7,2.1,0,1,9.1,0,0,0,0,50,12.534
42,0,25.62,125,74,108.8,1.5,0,0,7.8,0,0,0,0,51,10.760399999999999
37,1,32.19,132,85,110.0,10.1,0,0,5.9,0,0,0,0,47,11.9103
65,0,32.46,132,84,104.2,6.9,0,0,7.9,0,0,0,0,48,21.099
41,0,33.6,148,84,109.1,2.9,1,0,6.9,0,0,0,1,64,13.776000000000002
28,1,26.21,123,81,70.3,2.4,0,1,8.7,0,0,0,0,42,7.3388
72,0,24.91,138,81,102.1,8.1,0,1,6.0,0,0,1,0,57,17.9352
45,1,31.08,121,81,114.9,6.7,0,0,8.5,0,0,0,0,40,13.985999999999999
80,0,33.57,150,85,96.6,7.6,0,0,8.9,0,0,0,1,65,26.855999999999998
76,1,27.28,157,84,119.6,1.9,0,0,7.7,0,0,0,1,73,20.7328
22,0,35.57,124,82,113.5,8.7,0,0,8.8,0,1,0,0,42,7.825399999999999
68,0,30.92,137,92,124.6,2.5,0,0,8.6,0,0,1,1,45,21.0256
38,1,23.49,130,72,107.9,2.0,0,1,7.1,0,0,0,0,58,8.9262
29,0,24.19,107,76,75.9,5.0,0,0,5.6,0,0,0,0,31,7.0151
67,1,26.57,132,81,109.0,8.7,1,0,6.2,0,0,0,1,51,17.8019
21,0,17.69,93,56,79.9,6.8,0,0,5.6,1,0,0,0,37,3.7149
59,1,23.59,136,81,88.9,2.9,0,0,8.0,0,0,0,0,55,13.918099999999999
55,1,33.42,134,78,97.9,2.9,0,1,6.4,0,0,0,0,56,18.381
42,0,34.6,127,82,129.0,5.3,0,0,6.6,0,0,0,0,45,14.532
31,0,28.46,122,80,125.1,4.3,0,1,7.7,1,0,0,0,42,8.8226
49,1,29.44,126,77,103.1,4.5,0,0,7.6,0,0,0,0,49,14.425600000000001
28,1,25.0,117,72,88.3,9.7,0,0,6.6,0,0,0,0,45,7.0
78,0,23.09,149,78,92.8,6.1,0,0,7.6,0,0,0,1,71,18.0102
35,0,30.11,124,64,96.1,3.7,0,0,9.0,0,0,0,0,60,10.538499999999999
44,0,24.25,124,77,113.9,5.6,0,1,8.3,0,0,0,0,47,10.67
72,0,36.6,144,93,118.2,7.4,0,1,7.0,0,0,0,0,51,26.352000000000004
71,1,29.17,124,76,109.4,1.2,0,0,8.1,0,0,0,1,48,20.710700000000003
38,1,29.38,117,81,108.2,6.5,0,0,5.6,1,0,0,0,36,11.1644
61,1,20.65,119,72,98.5,6.2,0,1,6.8,1,0,0,0,47,12.596499999999999
22,0,15.0,117,76,79.2,2.2,0,1,6.9,1,0,0,0,41,3.3
58,0,29.38,133,80,135.7,6.4,0,1,7.6,1,1,1,0,53,17.040399999999998
76,1,23.92,143,76,101.8,2.4,0,0,5.3,0,0,1,1,67,18.1792
71,0,32.51,143,71,122.9,4.2,0,0,7.8,1,1,1,0,72,23.0821
39,0,21.51,125,68,87.1,9.5,0,1,5.0,0,0,0,0,57,8.388900000000001
82,0,23.72,145,69,94.5,5.9,0,0,10.0,0,0,0,1,76,19.4504
81,1,33.29,147,88,136.3,3.1,0,0,5.4,1,1,1,0,59,26.964899999999997
21,0,29.33,123,81,96.3,4.7,0,1,6.8,0,0,1,0,42,6.159299999999999
82,0,20.99,140,83,119.1,1.7,0,1,9.3,1,0,1,0,57,17.211799999999997
32,1,27.0,120,67,111.1,3.7,0,0,8.1,0,0,0,0,53,8.64
39,1,37.84,135,76,88.5,6.5,0,0,8.9,0,0,0,0,59,14.757600000000002
64,0,27.63,135,81,102.2,8.2,0,0,7.3,1,0,0,1,54,17.6832
63,1,25.94,134,78,101.8,6.2,0,0,8.9,1,0,0,1,56,16.342200000000002
31,0,31.99,129,79,102.4,1.7,0,0,8.3,0,0,0,0,50,9.9169
67,0,28.84,148,73,107.3,1.7,0,0,8.1,0,0,1,0,75,19.3228
37,1,35.17,129,82,91.6,4.5,0,0,6.6,0,0,0,0,47,13.0129
67,0,31.18,145,76,100.5,1.7,0,0,7.4,0,1,1,1,69,20.8906
50,0,32.06,147,87,127.6,3.4,0,1,6.8,1,0,1,1,60,16.03
76,1,35.46,141,82,109.6,6.9,0,0,7.5,0,0,0,0,59,26.9496
60,1,25.07,125,80,117.9,3.2,0,0,5.2,0,0,0,0,45,15.042
29,1,23.33,109,65,113.6,1.2,0,1,8.0,0,0,0,0,44,6.765699999999999
57,0,18.99,122,72,98.1,8.8,0,0,8.1,0,0,0,0,50,10.8243
37,0,25.58,111,68,109.3,2.4,0,1,7.3,0,0,0,0,43,9.464599999999999
55,0,19.21,119,83,105.0,1.4,0,0,7.3,0,0,0,0,36,10.5655
20,0,28.92,132,83,110.7,5.4,1,1,7.4,0,0,0,1,49,5.784000000000001
45,0,23.24,126,74,106.4,3.1,0,0,7.1,0,0,0,0,52,10.458
73,1,32.38,156,99,108.5,4.6,1,1,8.6,0,0,1,1,57,23.637400000000003
30,0,31.32,111,73,101.4,4.0,0,0,7.0,0,0,0,1,38,9.396
83,0,24.54,151,89,119.0,3.0,0,1,8.3,0,1,1,1,62,20.368199999999998
54,1,32.46,137,83,121.1,3.7,0,0,7.3,0,0,0,1,54,17.5284
66,0,27.67,134,89,92.9,3.0,0,0,6.9,0,0,0,1,45,18.2622
83,1,16.53,150,73,106.8,3.3,0,0,9.6,0,0,0,0,77,13.7199
53,0,21.07,128,77,93.8,1.7,0,0,6.1,0,0,0,0,51,11.1671
71,1,22.6,146,67,117.3,2.6,0,0,6.3,1,0,1,0,79,16.046000000000003
43,1,26.86,127,76,106.6,5.3,1,0,7.3,0,0,0,0,51,11.5498
57,1,24.31,147,78,109.3,3.4,1,0,5.6,0,1,0,1,69,13.856699999999998
60,0,23.73,127,75,89.7,2.9,0,0,5.6,0,0,0,0,52,14.238
39,1,30.17,121,90,127.5,7.2,0,0,8.2,1,1,0,0,31,11.766300000000001
37,0,31.36,119,81,119.8,1.9,0,0,8.4,1,1,0,0,38,11.6032
25,0,23.21,132,79,96.7,3.1,1,0,6.4,1,0,0,1,53,5.8025
46,0,21.87,121,72,111.6,2.5,0,0,5.8,1,0,0,0,49,10.060200000000002
57,0,34.13,141,90,119.1,8.3,0,0,7.3,0,0,0,1,51,19.4541
47,0,42.61,152,87,128.7,4.1,0,1,6.9,1,1,1,1,65,20.0267
72,0,21.34,143,79,110.3,4.2,0,1,5.7,0,0,0,1,64,15.3648
33,0,31.97,120,77,98.1,3.6,0,0,8.0,0,0,0,1,43,10.5501
63,1,25.99,144,71,107.6,4.3,0,1,6.8,0,0,1,0,73,16.3737
79,0,30.72,149,72,124.5,4.5,0,0,7.7,0,1,1,1,77,24.268800000000002
24,1,21.27,115,62,117.7,6.9,0,1,6.8,1,0,0,0,53,5.1048
62,1,19.54,127,60,112.9,2.7,0,0,7.0,0,0,0,0,67,12.1148
76,0,20.29,137,78,102.1,5.2,0,0,5.3,0,0,1,0,59,15.420399999999999
73,1,23.53,132,75,120.0,2.8,0,0,9.2,1,0,0,0,57,17.1769
65,1,25.44,134,80,114.2,4.1,0,1,7.4,0,0,0,0,54,16.536
44,0,32.28,134,80,105.1,9.7,0,0,7.2,1,0,1,0,54,14.203200000000002
70,0,21.97,120,83,111.3,2.6,0,0,7.4,1,0,0,0,37,15.378999999999998
52,1,23.1,132,70,96.5,5.6,1,0,5.1,0,0,0,0,62,12.012
68,1,38.87,158,95,127.1,4.8,1,1,7.3,0,1,0,1,63,26.4316
54,1,27.11,131,83,108.7,3.1,1,0,5.5,0,0,0,1,48,14.6394
74,0,28.45,147,85,108.4,8.2,0,0,6.6,1,0,1,0,62,21.052999999999997
25,1,31.12,130,86,104.9,3.3,0,1,6.6,0,0,0,1,44,7.78
37,0,23.76,97,67,75.5,14.15,0,0,7.6,0,0,0,0,30,8.7912
70,0,26.69,142,68,131.6,2.6,0,0,6.9,0,0,0,1,74,18.683000000000003
29,0,24.93,122,75,85.0,2.6,0,0,5.8,0,0,0,0,47,7.2297
66,0,26.32,125,82,92.0,5.0,0,0,8.7,0,0,0,0,43,17.3712
34,1,31.69,107,80,91.3,2.3,1,0,5.8,1,0,0,0,27,10.7746
81,1,30.71,147,87,119.4,1.8,0,0,7.7,1,1,1,1,60,24.875100000000003
59,1,15.0,143,81,97.7,1.8,0,1,7.8,1,0,1,1,62,8.85
46,0,32.59,132,85,101.5,4.5,0,1,7.3,0,0,0,0,47,14.9914
36,1,24.79,123,76,67.8,4.4,1,0,7.2,0,0,0,0,47,8.924399999999999
28,1,29.09,121,88,87.1,9.6,0,1,7.8,0,0,0,0,33,8.145199999999999
67,0,24.44,148,77,109.7,7.1,0,1,6.8,0,0,0,1,71,16.3748
75,1,26.5,139,89,110.2,3.2,0,1,8.1,0,0,1,1,50,19.875
51,1,34.43,126,89,119.3,4.5,0,1,6.7,1,0,0,1,37,17.5593
37,1,28.75,125,76,111.3,1.3,1,0,7.9,0,0,0,0,49,10.6375
67,0,34.13,151,79,108.8,5.2,0,0,7.6,0,0,1,1,72,22.8671
27,1,26.5,115,68,107.8,4.5,1,0,7.4,0,0,0,0,47,7.155
49,1,25.9,146,81,91.7,3.4,1,0,5.3,0,0,1,0,65,12.690999999999999
69,0,26.87,145,82,105.9,1.7,0,0,7.6,0,0,0,1,63,18.5403
32,1,19.44,121,75,92.4,1.1,0,1,6.4,0,0,0,0,46,6.2208000000000006
20,0,15.0,112,76,76.7,2.3,0,1,7.5,0,0,0,0,36,3.0
54,1,22.27,118,65,84.5,1.4,0,0,7.9,0,0,0,0,53,12.025799999999998
57,1,32.76,144,88,113.5,2.9,0,0,6.8,0,1,1,1,56,18.673199999999998
57,1,35.04,154,79,118.3,4.0,1,1,5.4,1,1,0,1,75,19.9728
73,1,15.19,124,72,105.1,4.3,0,0,7.6,0,0,0,0,52,11.0887
40,0,34.26,149,84,87.1,4.7,1,0,6.6,0,0,1,1,65,13.703999999999999
28,0,23.36,112,76,60.9,7.3,0,0,8.6,0,0,0,0,36,6.540799999999999
81,1,18.53,138,69,115.8,10.2,0,0,5.5,0,0,0,0,69,15.009300000000001
25,0,32.94,119,83,104.6,2.4,0,0,7.5,0,0,0,1,36,8.235
73,0,23.87,134,86,98.4,2.6,1,0,6.9,0,0,0,1,48,17.4251
77,0,41.97,168,96,141.9,11.3,0,1,7.0,1,1,1,1,72,32.316900000000004
27,0,22.9,123,70,103.9,2.5,0,0,8.1,1,0,0,0,53,6.183
56,1,25.2,131,78,101.9,5.9,0,1,7.4,1,0,0,0,53,14.112
45,1,21.14,113,72,86.8,6.7,0,1,7.2,0,0,0,0,41,9.513
66,0,27.67,143,75,104.9,9.1,0,0,6.7,1,0,0,0,68,18.2622
53,0,31.42,136,74,100.3,3.0,0,0,7.1,1,0,0,0,62,16.6526
30,0,16.76,114,72,100.1,7.9,0,1,5.2,1,0,0,0,42,5.0280000000000005
53,0,30.6,125,71,109.1,2.8,0,0,6.8,0,0,0,0,54,16.218000000000004
43,0,24.43,128,75,105.7,2.3,0,0,6.6,1,0,0,0,53,10.5049
21,0,21.81,112,75,94.3,3.5,0,0,7.1,1,0,0,0,37,4.5801
81,1,18.67,133,70,112.8,7.7,0,0,7.2,0,0,0,0,63,15.122700000000002
55,1,32.48,122,78,107.7,4.4,0,0,7.0,0,0,0,0,44,17.863999999999997
39,0,28.46,116,67,116.4,6.9,0,0,7.3,1,1,0,0,49,11.099400000000001
19,1,23.42,103,67,68.5,10.2,0,0,6.7,0,0,0,0,36,4.4498
48,1,31.32,139,73,108.7,1.8,0,0,4.8,0,0,1,0,66,15.033600000000002
28,0,29.87,142,89,95.6,1.7,1,0,4.6,0,0,1,1,53,8.3636
63,0,31.83,151,80,97.5,2.1,0,0,6.8,0,0,0,1,71,20.0529
79,1,36.32,154,86,158.4,1.1,0,1,5.2,1,1,1,1,68,28.692800000000002
81,0,28.06,135,79,110.8,2.3,0,1,10.0,0,0,0,1,56,22.728599999999997
27,1,38.01,143,91,108.8,5.1,0,0,6.9,1,0,0,1,52,10.2627
57,1,35.08,140,81,133.4,0.7,0,0,9.3,1,1,1,1,59,19.9956
41,0,31.34,138,79,109.8,2.5,0,0,5.6,0,0,0,1,59,12.849400000000001
61,1,16.99,113,73,101.7,2.1,0,0,8.0,0,0,0,0,40,10.3639
77,1,27.44,151,75,93.0,5.5,0,0,6.8,1,0,0,1,76,21.128800000000002
79,0,28.23,148,83,113.9,4.4,0,1,5.4,1,0,1,1,65,22.3017
34,0,28.05,127,84,72.6,1.8,1,0,7.1,0,0,0,1,43,9.537
82,1,26.16,150,77,122.1,6.6,0,0,6.1,1,0,0,1,73,21.4512
74,1,30.55,147,83,104.9,4.6,0,0,8.2,0,0,1,1,64,22.607000000000003
72,1,31.32,151,83,103.1,3.8,0,0,6.5,0,1,0,1,68,22.5504
70,1,17.1,137,60,111.3,9.4,0,0,5.9,1,0,1,1,77,11.97
73,0,34.66,156,88,122.6,2.6,0,0,8.0,0,0,1,1,68,25.3018
26,0,18.24,110,68,97.5,2.1,0,1,9.1,1,0,0,0,42,4.7424
39,0,24.45,133,86,89.5,4.9,1,0,6.9,0,1,0,1,47,9.535499999999999
30,0,21.65,127,66,109.5,1.6,0,1,7.1,1,0,0,0,61,6.495
65,1,22.61,143,71,106.6,2.8,1,0,6.7,0,0,0,0,72,14.696499999999999
35,1,33.1,125,82,94.9,3.5,0,0,6.0,0,0,1,0,43,11.585
57,1,27.51,138,79,97.8,5.2,1,0,7.1,0,0,0,1,59,15.680700000000002
34,1,30.76,114,80,118.1,10.8,0,0,7.3,0,0,0,0,34,10.458400000000001
32,0,30.47,129,91,119.4,4.3,0,1,5.3,1,0,0,1,38,9.750399999999999
32,0,15.69,107,74,91.2,3.6,0,0,5.4,0,0,0,0,33,5.0207999999999995
80,0,23.57,145,75,117.1,8.8,0,1,6.0,0,0,1,0,70,18.855999999999998
56,1,31.14,126,81,116.5,4.4,0,0,6.0,1,0,1,1,45,17.4384
30,0,30.61,127,74,78.6,5.8,0,0,6.3,0,0,0,1,53,9.183
49,1,16.61,115,71,81.3,2.4,0,0,9.2,0,0,0,0,44,8.1389
26,1,32.77,127,78,91.0,6.6,0,0,7.5,1,0,0,0,49,8.5202
57,0,30.37,139,77,110.8,1.4,0,1,6.9,0,0,0,0,62,17.3109
37,0,21.22,128,80,94.8,2.3,1,0,7.2,0,0,0,1,48,7.8514
80,1,29.17,148,69,88.7,4.4,0,0,7.1,0,0,0,0,79,23.336000000000002
61,0,25.47,136,79,115.4,3.7,1,0,6.7,0,0,1,0,57,15.536699999999998
55,1,29.65,137,81,121.0,2.5,0,1,7.0,1,0,1,0,56,16.3075
77,1,16.36,132,81,115.8,1.1,0,0,6.4,0,1,0,1,51,12.5972
65,0,24.75,133,75,88.7,2.4,0,1,6.6,0,0,0,0,58,16.0875
35,0,33.65,139,88,106.9,3.3,0,0,6.9,0,0,0,1,51,11.7775
33,0,29.93,127,73,107.6,6.9,0,1,7.2,0,0,0,0,54,9.8769
72,1,31.39,145,73,117.1,7.4,0,1,6.9,0,0,1,1,72,22.6008
56,0,25.45,125,72,103.6,2.9,0,0,6.1,1,0,0,0,53,14.252
76,1,30.07,141,87,106.0,4.6,0,1,8.2,0,0,0,1,54,22.8532
79,1,25.85,140,85,110.3,4.2,0,0,6.7,0,0,1,0,55,20.4215
30,1,21.44,123,80,81.2,5.9,0,1,6.1,1,0,0,0,43,6.432
23,0,25.34,121,82,90.3,3.7,0,0,9.9,0,0,0,0,39,5.828200000000001
77,1,35.23,145,90,118.8,8.1,0,0,4.5,0,0,1,1,55,27.127099999999995
31,1,33.37,165,88,84.9,2.0,1,1,7.2,1,0,0,0,77,10.3447
71,1,21.05,128,81,90.9,5.9,0,1,6.7,0,0,1,0,47,14.9455
21,1,24.38,108,73,95.6,5.3,0,1,8.7,1,0,0,0,35,5.1198
56,1,21.44,126,76,134.8,5.3,0,1,8.5,1,0,0,0,50,12.006400000000001
42,1,27.84,132,76,91.4,3.5,1,1,7.6,0,0,0,0,56,11.6928
49,0,32.58,137,82,90.1,9.6,0,0,7.2,0,0,0,0,55,15.964199999999998
76,1,38.58,154,95,115.5,6.0,1,0,6.0,1,1,1,1,59,29.3208
80,0,18.52,139,79,107.2,7.3,0,0,8.4,0,0,0,0,60,14.815999999999999
55,1,31.78,133,81,113.9,5.3,0,0,6.8,0,0,0,0,52,17.479
70,1,26.76,135,68,129.4,13.7,0,1,8.5,1,0,1,0,67,18.732
84,0,24.67,142,82,114.9,1.8,0,0,7.3,0,0,1,0,60,20.722800000000003
45,1,21.38,144,69,108.0,4.5,0,1,6.5,0,0,0,0,75,9.620999999999999
20,1,37.12,125,74,108.0,4.0,0,0,7.8,1,0,0,0,51,7.4239999999999995
39,0,17.35,132,69,88.8,1.5,0,0,6.9,0,0,1,0,63,6.766500000000001
55,0,23.96,112,79,112.2,10.1,0,0,6.7,1,0,0,0,33,13.177999999999999
79,0,28.93,135,74,102.5,14.15,0,0,7.0,0,0,0,0,61,22.854699999999998
74,1,29.43,138,85,130.8,8.1,0,1,7.8,1,1,1,0,53,21.778200000000002
23,1,34.03,134,91,116.7,8.0,0,1,7.6,0,0,0,0,43,7.8269
49,1,21.69,117,64,97.7,4.7,0,1,6.1,0,0,0,0,53,10.628100000000002
27,1,30.42,116,73,96.4,7.2,0,1,8.5,0,0,0,0,43,8.2134
20,1,26.43,122,73,99.9,3.4,0,1,5.9,0,0,0,0,49,5.2860000000000005
76,0,27.03,154,87,115.2,2.8,0,1,7.0,1,1,1,1,67,20.542800000000003
66,0,24.13,130,74,90.9,9.5,0,0,6.5,0,0,0,0,56,15.925799999999999
76,1,27.74,151,79,105.2,2.8,0,0,7.8,1,0,0,1,72,21.082399999999996
48,1,25.97,125,69,76.8,4.7,0,0,6.6,0,0,1,0,56,12.4656
79,1,24.73,146,71,129.1,1.3,0,1,8.3,1,0,1,0,75,19.5367
69,1,23.75,143,84,108.1,2.6,0,0,8.1,0,0,0,0,59,16.3875
58,1,28.96,131,77,103.0,2.1,0,0,6.4,0,0,0,0,54,16.7968
48,0,19.08,114,86,98.6,6.7,1,0,8.1,0,0,0,1,28,9.158399999999999
39,1,25.68,118,75,100.7,5.6,0,1,8.6,1,0,0,0,43,10.0152
21,0,22.35,113,69,88.4,1.7,0,0,7.5,0,0,0,0,44,4.6935
30,0,26.09,110,74,97.1,3.9,0,0,7.5,0,0,0,0,36,7.827000000000001
62,1,26.16,141,68,115.2,2.0,0,0,7.3,0,0,0,1,73,16.2192
59,1,31.83,131,79,119.0,4.7,0,0,7.7,0,0,0,0,52,18.7797
66,0,30.62,147,86,127.5,4.8,0,1,6.8,1,1,0,0,61,20.2092
37,1,28.49,124,74,123.9,2.0,0,0,6.3,0,0,0,0,50,10.5413
71,1,27.8,137,94,104.5,5.3,0,0,8.0,0,0,0,1,43,19.738
53,1,25.69,130,75,112.2,2.7,1,1,7.9,1,1,1,0,55,13.615700000000002
18,1,25.59,114,77,116.7,3.3,0,0,6.9,1,0,0,1,37,4.6062
32,0,16.66,108,65,97.8,12.9,0,0,7.1,0,0,0,0,43,5.3312
34,1,31.06,116,64,112.6,7.2,0,1,7.3,1,1,0,0,52,10.5604
41,1,28.35,121,73,94.0,10.0,0,1,8.8,0,0,0,0,48,11.623500000000002
75,1,33.76,144,90,126.7,2.4,0,0,5.8,1,1,1,0,54,25.32
40,1,23.58,107,65,89.9,6.5,0,0,7.4,0,0,0,0,42,9.431999999999999
63,0,34.11,170,89,115.0,4.0,1,0,7.4,0,0,1,1,81,21.4893
25,0,25.69,133,72,97.8,2.9,0,0,8.1,1,0,0,0,61,6.4225
76,1,23.48,133,75,113.0,1.6,0,0,6.7,0,1,0,0,58,17.8448
76,1,35.76,172,82,104.8,4.3,0,1,6.8,0,0,1,1,90,27.177599999999998
30,1,28.91,123,82,91.6,3.2,0,0,8.1,1,0,0,0,41,8.673
56,0,36.49,144,92,114.0,2.0,0,1,6.2,0,0,1,1,52,20.4344
45,0,27.79,140,70,107.9,0.5,0,0,8.2,0,0,0,0,70,12.5055
78,0,31.48,142,83,112.5,7.3,0,0,6.4,0,1,0,1,59,24.5544
33,1,32.77,148,87,121.5,2.4,1,0,6.4,1,1,1,1,61,10.814100000000002
19,0,25.17,101,77,102.5,5.5,0,0,7.5,1,0,0,0,24,4.7823
34,1,28.81,115,74,73.5,4.0,0,0,6.9,0,0,0,0,41,9.795399999999999
47,0,27.69,139,77,115.4,2.8,0,1,7.4,0,0,0,0,62,13.0143
30,1,31.63,127,77,111.6,8.2,0,0,7.9,0,0,0,1,50,9.488999999999999
30,0,20.62,116,66,107.2,1.6,0,0,8.4,1,0,0,0,50,6.186
60,0,30.29,126,81,118.4,4.8,0,0,6.1,0,0,0,1,45,18.174
38,1,32.14,144,82,88.8,2.2,1,1,7.0,0,0,0,1,62,12.213199999999999
72,1,22.84,138,80,93.3,1.7,0,0,7.2,0,0,0,0,58,16.4448
57,0,21.69,145,65,67.8,5.6,1,1,8.2,0,0,1,1,80,12.363300000000002
32,1,17.18,116,73,90.6,4.1,0,0,7.0,0,0,0,0,43,5.4976
69,0,38.86,136,92,130.3,4.7,0,1,6.0,0,0,0,1,44,26.8134
70,0,22.56,140,90,68.8,1.3,0,0,6.8,0,0,1,0,50,15.791999999999998
69,0,35.02,150,92,108.9,1.2,0,0,6.2,0,0,0,1,58,24.163800000000002
47,0,25.59,132,82,100.6,3.8,1,0,6.7,0,0,0,1,50,12.0273
50,0,33.17,143,86,106.9,3.6,0,0,6.5,0,0,0,1,57,16.585
74,0,30.17,156,86,105.4,6.0,0,1,6.5,0,0,1,1,70,22.3258
69,1,38.99,136,80,134.9,7.9,0,0,7.8,1,1,1,1,56,26.9031
26,0,35.19,120,74,108.8,4.8,1,0,5.7,0,0,0,0,46,9.1494
71,1,28.04,150,75,112.0,4.4,0,0,7.8,0,0,0,1,75,19.9084
18,0,28.6,126,82,84.4,7.4,0,0,8.7,1,0,0,0,44,5.148000000000001
61,0,30.74,143,85,121.7,9.3,1,0,7.8,0,0,0,1,58,18.7514
26,0,42.35,145,87,113.6,1.8,0,0,6.9,0,0,0,0,58,11.011000000000001
49,1,27.19,119,81,112.0,3.7,0,1,7.9,1,0,0,0,38,13.323100000000002
32,1,19.3,118,74,87.3,3.1,0,0,5.8,0,0,0,0,44,6.176
29,1,28.22,136,83,103.5,5.8,1,1,6.8,1,0,1,1,53,8.1838
74,0,23.08,121,80,108.0,3.3,0,0,6.4,0,0,0,0,41,17.0792
25,1,28.03,123,73,104.0,3.2,0,0,7.3,0,0,0,0,50,7.0075
44,1,33.48,126,91,107.2,4.7,0,1,6.6,0,0,1,0,35,14.7312
79,0,29.72,153,79,128.4,5.6,1,0,6.0,0,0,0,1,74,23.4788
29,0,23.36,112,80,92.7,3.1,0,0,6.3,0,0,0,0,32,6.774399999999999
82,0,25.62,148,86,107.7,4.0,0,0,5.9,0,0,0,1,62,21.0084
59,1,20.62,142,79,99.7,1.5,0,1,5.8,0,0,0,0,63,12.1658
79,0,34.2,164,93,128.9,3.3,0,0,7.2,0,1,1,1,71,27.018
28,1,31.56,119,87,114.6,2.4,0,1,8.0,1,1,1,0,32,8.8368
60,1,20.49,130,82,100.3,3.8,0,1,7.7,1,0,0,0,48,12.293999999999999
34,1,41.42,133,79,138.6,3.8,0,0,5.9,1,1,0,0,54,14.082799999999999
49,0,25.54,111,75,100.6,8.7,0,0,6.2,0,0,0,0,36,12.5146
57,1,28.51,144,78,102.9,4.7,1,0,6.0,0,0,0,1,66,16.250700000000002
40,0,24.84,132,81,114.7,4.0,0,1,5.5,0,0,0,0,51,9.936
73,0,29.24,139,77,140.1,3.3,0,0,4.7,0,1,0,1,62,21.3452
23,1,27.35,136,79,83.3,5.3,0,1,5.3,1,0,0,1,57,6.290500000000001
67,0,18.69,134,70,113.0,1.8,0,0,7.4,1,0,0,0,64,12.5223
54,0,33.61,139,90,110.5,2.9,0,0,6.8,1,0,0,1,49,18.1494
81,0,22.0,151,73,86.0,5.2,0,0,7.3,0,0,0,1,78,17.82
71,0,32.12,131,87,122.5,2.2,0,1,7.2,1,0,1,0,44,22.8052
66,0,25.46,140,86,86.6,4.5,1,0,9.3,0,0,1,1,54,16.803600000000003
28,0,27.17,118,82,83.5,6.4,0,1,7.4,0,0,0,0,36,7.6076
66,1,29.6,150,78,105.3,1.7,0,0,7.7,0,1,0,1,72,19.536
38,0,27.6,135,78,96.4,3.2,0,1,8.7,0,0,0,1,57,10.488
83,1,31.11,142,82,117.7,2.1,0,0,7.4,1,0,1,1,60,25.8213
80,0,22.69,134,72,113.5,2.6,0,0,9.1,0,0,0,1,62,18.152
45,0,32.81,130,78,86.0,3.5,1,0,7.4,0,0,0,0,52,14.7645
34,1,20.82,124,73,76.6,4.9,0,0,7.0,0,0,0,0,51,7.0788
23,0,21.51,121,69,86.4,8.5,0,0,8.5,0,0,0,0,52,4.9473
36,1,30.16,122,86,93.1,3.4,0,0,7.0,1,0,0,0,36,10.8576
73,1,32.89,131,84,119.8,4.1,0,0,5.4,1,1,1,1,47,24.009700000000002
45,0,28.45,127,73,96.3,2.0,0,0,7.8,1,0,0,0,54,12.8025
83,1,35.45,155,71,123.6,4.2,0,0,5.7,0,0,1,1,84,29.423500000000004
55,0,21.97,127,72,101.5,6.6,0,0,6.0,0,0,1,1,55,12.083499999999999
54,1,20.04,123,76,95.7,5.7,0,1,7.9,1,0,0,0,47,10.821599999999998
66,1,31.66,148,72,126.4,1.2,0,1,8.5,1,0,1,1,76,20.895599999999998
60,1,27.51,140,83,113.3,3.7,1,1,6.2,0,0,1,1,57,16.506
53,0,31.48,150,83,117.5,1.6,0,0,7.5,1,0,1,1,67,16.6844
75,0,20.84,132,73,114.2,8.3,0,0,7.1,0,0,0,0,59,15.63
30,0,24.23,116,69,110.4,2.8,0,0,5.3,1,0,0,0,47,7.269
69,0,36.91,162,83,139.4,5.2,0,1,6.9,0,1,1,1,79,25.4679
75,0,25.63,131,80,122.9,4.9,0,0,8.2,1,0,0,1,51,19.2225
49,1,35.07,155,87,106.8,5.3,1,0,6.8,0,0,0,1,68,17.1843
77,0,31.31,151,84,120.6,6.2,0,0,5.9,0,0,1,1,67,24.1087
75,1,25.14,137,79,102.7,2.7,0,1,8.7,0,0,1,0,58,18.855
73,1,34.99,158,92,130.5,3.5,1,0,5.4,0,1,1,1,66,25.5427
45,1,28.69,125,76,98.3,8.9,0,1,5.8,0,0,0,1,49,12.910499999999999
18,0,26.88,97,71,96.5,9.7,0,0,7.4,1,0,0,0,26,4.8384
59,0,26.34,127,78,91.0,6.7,0,0,7.6,0,0,0,0,49,15.5406
65,1,29.35,152,83,117.1,5.2,0,1,6.4,1,1,1,1,69,19.0775
57,1,20.26,117,83,92.0,3.8,1,0,5.6,0,0,1,1,34,11.548200000000001
80,1,32.01,144,94,112.1,7.3,0,0,8.0,0,0,0,1,50,25.607999999999997
21,1,29.36,120,77,97.6,4.6,0,0,6.1,0,0,0,0,43,6.1655999999999995
55,0,23.49,131,61,85.1,6.5,0,1,5.7,0,0,0,1,70,12.919499999999998
44,1,19.44,118,69,106.9,9.6,0,1,6.0,1,0,0,0,49,8.5536
26,0,25.35,101,73,71.1,10.8,0,0,7.0,1,0,0,0,28,6.591
33,1,28.25,127,73,119.5,6.0,0,0,6.9,1,0,0,0,54,9.3225
73,1,27.7,136,84,121.1,6.8,0,0,6.4,0,0,0,0,52,20.221
48,1,27.67,133,77,101.5,2.3,0,1,6.9,0,0,0,0,56,13.281600000000001
31,1,30.71,127,90,104.9,1.6,0,0,7.9,1,1,0,0,37,9.5201
42,1,20.13,125,65,80.9,4.8,0,1,7.7,0,0,0,0,60,8.4546
51,0,26.42,142,79,101.3,5.2,0,0,8.7,1,0,1,1,63,13.474200000000002
84,0,28.53,153,91,96.3,6.8,0,1,6.7,0,0,1,1,62,23.9652
41,1,29.47,137,77,96.3,2.2,1,0,7.9,0,0,1,0,60,12.082699999999999
43,0,32.01,137,69,118.6,0.9,0,0,7.7,1,0,1,1,68,13.764299999999999
37,0,25.62,133,71,71.8,3.9,0,0,6.5,1,0,0,0,62,9.4794
81,0,27.11,144,88,105.1,1.2,0,0,8.7,0,0,1,1,56,21.9591
27,1,22.5,114,64,84.1,1.9,0,1,9.6,0,0,0,0,50,6.075
84,0,29.05,148,83,121.9,5.1,0,0,7.0,1,1,0,1,65,24.402
41,1,21.75,113,72,94.2,3.8,0,1,7.0,0,0,0,0,41,8.9175
22,1,30.13,129,90,73.6,1.4,0,0,7.8,0,0,0,1,39,6.6286000000000005
84,1,33.65,154,90,120.0,2.7,0,1,6.3,0,1,0,1,64,28.266
75,0,29.52,133,84,138.3,3.6,0,0,7.9,0,1,0,1,49,22.14
44,1,34.24,131,80,115.6,2.3,0,0,9.0,1,0,0,1,51,15.065600000000002
32,1,24.17,123,73,111.3,4.6,0,0,7.9,1,0,1,0,50,7.734400000000001
52,1,19.85,144,76,118.2,1.4,0,1,6.5,0,0,0,0,68,10.322000000000001
70,1,25.86,128,80,101.6,7.0,0,0,7.6,0,0,0,1,48,18.102
61,1,23.24,141,86,88.6,7.6,1,0,7.4,0,0,0,0,55,14.1764
43,0,23.94,108,76,104.9,7.0,0,0,5.7,0,0,0,0,32,10.2942
64,1,15.0,119,67,73.1,8.7,0,1,8.0,0,0,0,0,52,9.6
51,0,27.82,142,89,118.4,3.0,0,1,6.6,0,0,1,1,53,14.1882
67,0,26.92,126,78,112.4,4.3,0,0,8.8,0,0,0,0,48,18.0364
29,1,31.69,139,76,79.9,6.7,0,0,8.6,0,0,1,0,63,9.1901
21,0,30.01,105,64,107.9,8.0,0,0,8.7,1,0,0,0,41,6.3021
65,0,25.78,146,76,127.5,2.5,0,1,7.5,1,1,1,1,70,16.757
72,1,32.09,133,88,93.6,6.3,0,0,7.9,0,0,0,0,45,23.104800000000004
18,1,31.94,125,89,79.1,5.8,0,1,8.1,0,0,0,0,36,5.749200000000001
83,0,23.98,144,86,112.1,2.0,0,0,9.0,0,0,0,1,58,19.9034
47,1,27.94,127,74,116.1,7.0,0,1,6.8,1,0,0,0,53,13.1318
20,0,35.56,138,78,102.6,3.4,0,1,6.4,1,0,0,0,60,7.112
38,0,28.69,123,81,116.1,3.1,0,0,5.3,1,0,1,1,42,10.9022
66,0,22.03,124,83,92.3,5.2,0,0,6.8,0,0,0,1,41,14.5398
79,0,20.29,142,76,122.5,1.8,1,0,7.1,0,0,0,1,66,16.0291
55,0,18.27,109,70,97.0,4.6,0,0,5.7,1,0,0,0,39,10.0485
32,0,15.0,118,79,82.2,1.9,1,0,7.6,1,0,0,0,39,4.8
69,1,23.99,123,80,105.5,7.2,0,1,8.3,1,0,1,1,43,16.5531
63,1,25.79,114,79,98.4,3.3,0,0,6.2,0,0,0,0,35,16.2477
42,1,21.14,117,78,94.4,2.9,0,0,7.6,0,0,0,0,39,8.8788
38,1,22.83,131,66,78.4,3.1,1,0,6.8,0,1,0,0,65,8.6754
22,0,21.27,121,63,91.8,3.4,0,0,7.3,1,0,0,0,58,4.6794
64,1,17.64,130,81,99.7,3.1,0,0,7.8,1,0,0,0,49,11.2896
35,1,25.81,128,67,90.5,8.9,0,0,6.7,0,0,0,0,61,9.033499999999998
38,0,30.68,128,72,102.9,9.8,0,0,6.6,1,0,0,0,56,11.658399999999999
40,0,23.84,129,72,92.1,4.2,0,1,6.0,0,0,0,1,57,9.536
81,1,33.39,157,84,127.6,2.7,0,0,6.3,0,0,1,1,73,27.045900000000003
84,1,27.69,138,76,103.0,6.6,0,0,7.6,0,0,1,0,62,23.2596
57,1,31.98,147,85,112.9,3.6,1,0,7.3,0,0,0,1,62,18.2286
27,0,26.98,104,69,109.3,2.5,0,0,5.8,0,0,0,0,35,7.2846
69,0,30.69,153,77,129.5,6.0,0,1,6.2,0,0,1,1,76,21.1761
78,1,18.62,132,80,121.5,6.7,1,0,7.3,1,0,0,0,52,14.523600000000002
81,1,31.69,147,87,109.9,4.9,0,0,8.8,0,0,1,1,60,25.668900000000004
22,0,26.84,128,78,108.8,2.1,0,1,6.4,1,1,0,0,50,5.9048
70,0,33.17,153,97,103.7,6.7,0,0,5.8,0,0,1,1,56,23.219
72,1,25.34,135,69,132.7,1.7,0,0,6.3,1,1,0,1,66,18.2448
54,1,36.9,134,79,136.3,8.1,0,0,7.0,1,1,0,0,55,19.926
73,0,29.9,130,78,106.9,4.2,0,0,6.0,0,0,0,0,52,21.826999999999998
76,0,21.55,130,72,104.6,4.8,0,0,7.3,0,0,1,0,58,16.378
76,1,33.34,145,85,96.4,2.3,0,0,7.8,0,0,1,1,60,25.3384
19,1,20.66,112,71,73.8,5.6,0,1,7.0,0,0,0,0,41,3.9254000000000002
82,0,20.34,121,71,88.8,3.1,0,0,6.9,0,0,0,0,50,16.6788
77,0,34.27,148,83,92.6,12.6,0,0,8.1,0,0,0,1,65,26.387900000000005
68,1,28.75,134,77,110.7,6.7,0,1,8.0,1,0,1,0,57,19.55
47,0,27.22,122,72,92.4,7.8,0,0,6.4,0,0,0,0,50,12.793399999999998
28,1,23.88,111,75,76.7,3.8,0,1,6.9,0,0,0,0,36,6.6864
56,1,31.62,135,84,87.0,6.3,0,0,9.0,0,0,0,0,51,17.7072
80,0,25.22,141,83,91.5,6.0,0,1,7.4,0,0,0,1,58,20.176
81,1,27.97,158,85,106.9,6.4,0,1,8.3,1,1,1,1,73,22.655699999999996
78,1,20.26,150,82,102.1,3.2,1,0,6.4,0,0,1,1,68,15.802800000000001
71,1,26.47,133,73,113.9,3.4,0,1,6.0,1,1,1,0,60,18.793699999999998
75,0,27.82,140,93,112.1,1.4,0,0,6.6,0,0,0,1,47,20.865
73,1,29.9,159,81,112.5,2.7,0,0,6.7,0,0,0,1,78,21.826999999999998
51,0,28.76,138,81,115.2,3.1,0,1,7.4,0,0,0,1,57,14.6676
48,1,24.87,139,82,85.8,4.8,1,0,7.8,0,0,0,1,57,11.9376
69,1,28.45,127,79,110.4,5.3,0,0,6.6,1,1,0,0,48,19.630499999999998
18,0,32.49,121,79,97.4,1.2,0,0,5.8,1,0,0,0,42,5.8482
72,1,18.19,127,63,76.3,3.2,0,0,7.2,0,0,0,0,64,13.0968
39,1,25.84,138,75,125.1,2.7,1,1,8.6,1,0,0,1,63,10.0776
57,0,28.01,121,76,100.1,7.5,0,0,9.1,0,0,0,0,45,15.965700000000002
18,0,21.45,118,68,77.3,3.0,0,0,4.9,0,0,0,0,50,3.8609999999999998
82,1,32.19,157,80,133.9,3.3,0,0,7.8,0,1,0,1,77,26.395799999999998
80,0,30.28,156,87,139.4,7.7,1,1,8.7,1,1,1,1,69,24.224
71,0,32.59,149,85,110.2,7.8,1,0,6.5,0,0,1,1,64,23.138900000000003
59,1,39.33,153,95,121.5,3.9,0,0,7.2,0,1,0,1,58,23.2047
38,1,28.71,128,72,94.4,7.2,0,0,7.9,0,0,0,0,56,10.9098
39,1,25.16,123,70,108.8,4.3,0,0,8.0,1,0,0,0,53,9.8124
55,0,32.24,149,90,106.9,1.3,0,1,6.5,0,1,1,1,59,17.732
25,0,23.39,122,71,86.2,2.2,0,0,8.6,0,0,0,0,51,5.8475
79,0,29.49,143,82,115.4,5.1,1,0,7.1,1,0,1,1,61,23.2971
64,1,32.81,146,88,130.0,5.1,1,0,6.4,1,0,0,1,58,20.9984
34,1,31.63,108,77,119.6,6.4,0,0,6.0,1,1,0,0,31,10.7542
34,0,34.96,128,79,122.0,4.3,0,0,8.0,1,0,0,0,49,11.886400000000002
30,0,25.22,115,62,86.1,5.4,0,0,6.1,1,0,0,0,53,7.565999999999999
34,1,30.91,141,83,95.3,2.3,1,1,8.4,0,1,0,1,58,10.509400000000001
55,1,27.34,128,66,82.2,10.7,0,1,8.1,0,0,0,0,62,15.037
62,0,28.27,131,68,97.9,8.4,0,0,5.4,0,0,0,0,63,17.5274
23,1,28.27,122,73,102.1,2.3,0,0,7.7,1,0,0,0,49,6.5021
52,0,29.93,125,76,101.5,2.4,0,0,5.3,1,0,0,0,49,15.5636
31,1,26.61,124,62,107.4,5.3,0,1,6.0,0,0,0,0,62,8.2491
78,1,18.56,148,90,121.8,3.8,0,0,9.0,0,0,0,0,58,14.476799999999999
32,1,27.69,131,66,95.0,7.0,0,0,7.1,1,0,0,0,65,8.860800000000001
71,0,28.9,144,80,106.4,4.5,0,1,6.4,0,0,1,1,64,20.519000000000002
44,0,26.56,126,70,98.6,8.9,0,0,5.9,0,0,0,0,56,11.686399999999999
30,1,29.33,119,79,64.2,4.1,0,0,8.5,0,0,0,1,40,8.799
48,0,26.08,123,64,103.0,6.8,0,0,8.4,0,0,0,0,59,12.5184
52,1,25.23,125,78,79.0,4.6,0,0,7.3,1,0,0,0,47,13.1196
77,1,34.87,153,86,153.4,4.2,0,0,7.5,1,1,1,1,67,26.849899999999998
23,1,39.89,143,102,106.5,4.4,1,1,7.5,1,0,0,1,41,9.1747
75,1,31.9,152,86,116.5,0.4,0,0,7.5,0,0,1,1,66,23.925
66,1,23.47,126,73,115.7,3.0,0,0,8.0,1,0,0,0,53,15.4902
40,1,28.11,126,82,92.2,3.5,0,0,6.4,0,0,0,0,44,11.244000000000002
51,0,27.67,137,77,85.3,5.6,1,1,5.4,0,0,0,1,60,14.1117
43,0,30.69,130,78,103.7,6.5,0,0,8.6,0,0,0,0,52,13.1967
64,0,27.89,135,81,115.7,4.0,0,0,5.9,1,0,0,0,54,17.8496
22,0,30.37,120,74,95.6,6.7,0,0,7.9,1,0,0,0,46,6.6814
37,1,37.17,131,78,94.2,7.9,0,0,7.6,0,0,0,0,53,13.7529
23,1,16.11,113,75,94.8,3.1,0,0,6.8,1,0,0,0,38,3.7053
76,1,23.86,135,94,117.6,3.8,0,0,6.4,0,0,1,1,41,18.133599999999998
81,1,32.36,162,86,136.3,4.5,1,1,7.4,1,1,1,1,76,26.211599999999997
35,1,26.54,128,84,113.0,2.5,1,0,8.5,1,0,0,1,44,9.289
21,1,30.24,128,70,112.5,4.4,0,1,5.7,1,0,0,1,58,6.3504
34,0,25.7,96,84,114.6,5.9,0,0,7.1,1,0,0,0,12,8.738
31,1,35.85,130,80,96.2,8.2,0,0,9.1,0,0,0,0,50,11.113500000000002
30,0,33.54,140,87,104.0,3.9,1,0,8.0,1,0,0,1,53,10.062
24,1,28.53,108,90,94.7,6.2,0,0,5.8,0,0,0,0,18,6.8472
61,0,36.51,168,87,94.7,3.3,1,1,6.2,0,0,1,1,81,22.271099999999997
32,1,28.6,118,69,92.1,2.6,0,0,8.2,0,0,0,0,49,9.152000000000001
36,1,27.18,130,72,103.1,8.3,1,0,5.7,0,0,0,0,58,9.7848
80,1,35.33,150,94,105.4,4.1,0,0,6.8,0,0,0,1,56,28.263999999999996
52,1,18.68,135,79,103.7,4.3,0,1,6.4,1,0,0,0,56,9.7136
52,1,27.77,112,80,107.8,2.6,0,0,7.0,0,0,1,0,32,14.4404
36,0,28.85,120,74,108.6,3.2,0,1,8.1,0,0,0,1,46,10.386000000000001
37,0,25.51,105,76,105.2,6.5,0,0,7.0,0,0,0,0,29,9.4387
52,1,22.48,136,75,79.9,3.6,0,0,6.6,1,0,0,1,61,11.6896
49,0,26.38,127,78,82.7,4.7,0,0,7.3,0,0,0,0,49,12.9262
65,0,18.04,140,77,113.8,0.9,0,0,7.1,1,0,0,0,63,11.725999999999999
61,0,35.81,154,83,115.8,7.5,0,0,6.2,0,1,0,1,71,21.844100000000005
41,0,36.1,148,82,130.1,3.6,1,0,6.7,0,1,0,1,66,14.801000000000002
78,0,27.23,137,84,120.1,6.0,1,1,5.3,0,0,1,0,53,21.2394
34,0,25.0,130,82,99.1,4.8,0,0,6.5,1,0,0,0,48,8.5
67,0,18.23,116,85,87.9,4.4,0,0,8.6,0,0,0,0,31,12.2141
82,0,23.01,143,78,111.3,5.9,0,0,7.8,0,0,1,1,65,18.8682
49,1,35.4,124,80,111.4,6.0,0,0,6.8,0,0,0,1,44,17.346
53,1,26.85,147,91,85.6,3.6,1,0,8.1,0,0,0,1,56,14.230500000000001
30,0,23.82,112,59,95.5,5.1,0,0,8.6,0,0,0,0,53,7.146
75,1,27.07,130,71,93.2,10.9,0,0,7.1,0,0,0,1,59,20.3025
31,0,23.67,125,74,97.6,1.7,0,0,6.2,1,1,1,0,51,7.337700000000001
54,1,17.66,130,70,97.4,2.8,0,0,6.7,1,0,0,0,60,9.5364
57,1,25.02,125,72,105.0,1.9,0,0,7.7,0,0,0,0,53,14.261399999999998
76,1,20.74,137,78,96.7,3.3,1,0,8.2,0,0,0,0,59,15.762399999999998
33,1,29.28,120,79,123.8,3.1,0,0,7.2,1,0,0,0,41,9.6624
79,0,32.18,154,86,113.3,5.8,0,1,6.9,1,0,1,1,68,25.422199999999997
21,0,22.67,119,74,105.4,1.9,1,0,8.2,1,0,0,0,45,4.760700000000001
62,1,27.93,131,80,101.2,6.2,0,0,6.0,1,0,0,0,51,17.3166
45,0,26.71,139,86,99.5,5.5,1,0,7.1,0,1,0,1,53,12.0195
83,0,22.53,145,71,135.6,1.0,1,0,8.3,0,1,1,1,74,18.6999
48,0,15.0,136,77,96.7,3.9,1,1,7.2,0,0,0,0,59,7.2
20,0,20.86,104,72,84.2,4.0,0,1,6.9,0,0,0,0,32,4.172
25,1,22.3,100,69,82.6,5.0,0,0,5.7,1,0,0,0,31,5.575
41,1,27.63,122,69,113.6,2.8,0,0,6.6,1,0,0,0,53,11.328299999999999
32,0,28.21,118,69,105.3,10.7,0,0,7.3,1,0,1,0,49,9.0272
60,0,34.0,147,90,111.4,3.1,0,0,8.1,0,0,0,1,57,20.4
48,1,20.81,132,63,116.4,1.7,0,0,5.6,0,0,0,0,69,9.9888
62,1,22.04,128,72,106.0,4.7,0,0,6.4,1,0,0,0,56,13.6648
83,1,23.06,128,78,120.1,6.4,0,0,6.7,0,0,0,0,50,19.139799999999997
25,1,25.7,124,73,89.4,3.7,0,0,7.4,1,0,0,0,51,6.425
74,1,28.07,129,73,109.6,2.1,0,0,6.2,0,0,0,0,56,20.7718
47,1,29.3,131,78,105.5,5.2,0,0,6.5,0,0,0,0,53,13.771
35,1,15.88,115,75,85.6,2.4,0,1,8.8,1,0,0,1,40,5.558000000000001
56,0,33.73,138,84,135.4,3.5,0,1,7.3,1,1,0,0,54,18.8888
77,1,29.52,142,84,106.8,4.5,0,1,6.7,1,0,1,1,58,22.7304
60,0,31.92,140,81,121.4,3.5,0,0,7.7,1,0,0,1,59,19.152
62,1,15.0,127,76,119.9,9.8,0,0,5.5,0,0,1,0,51,9.3
40,0,31.63,138,94,81.4,7.3,0,1,6.7,0,0,1,1,44,12.652000000000001
23,1,21.03,107,65,61.5,14.15,0,0,6.3,0,0,0,0,42,4.836900000000001
73,0,24.19,148,85,124.9,1.4,0,0,6.4,0,0,0,0,63,17.6587
21,1,35.12,128,76,110.9,4.7,0,1,6.2,0,0,0,0,52,7.3751999999999995
40,0,30.61,127,85,116.0,6.2,0,0,6.9,0,0,1,1,42,12.244000000000002
23,0,22.88,106,71,87.6,4.2,0,0,6.9,1,0,0,0,35,5.2624
49,0,31.42,139,80,90.2,7.4,0,0,6.6,0,0,0,0,59,15.395800000000001
35,0,28.89,114,77,90.6,4.3,0,0,5.2,0,0,1,1,37,10.1115
32,0,24.44,115,63,88.5,3.1,0,0,6.2,0,0,0,0,52,7.8208
57,0,29.56,135,89,101.7,2.7,1,0,6.4,0,0,1,0,46,16.8492
23,1,24.61,122,76,102.5,0.3,1,0,5.6,0,0,0,0,46,5.660299999999999
80,0,29.04,163,85,106.7,0.9,0,1,8.6,1,1,1,1,78,23.232
84,0,28.97,132,85,114.2,2.9,0,0,5.4,0,0,1,0,47,24.3348
28,1,29.72,119,81,107.2,4.9,0,0,8.9,1,0,0,0,38,8.3216
60,1,37.96,145,76,120.6,4.3,0,0,5.1,0,0,0,1,69,22.776
34,0,32.28,127,70,105.6,2.5,0,0,5.7,0,0,1,0,57,10.9752
21,0,32.6,118,72,96.9,14.15,0,0,6.7,1,0,0,0,46,6.846
80,1,23.74,142,90,96.1,4.0,1,0,8.2,0,0,0,1,52,18.991999999999997
58,0,18.0,123,69,103.0,6.8,0,1,6.2,0,0,0,0,54,10.44
22,0,25.71,114,60,105.4,1.4,0,0,9.7,0,0,0,0,54,5.6562
49,1,23.98,110,65,100.2,5.0,0,0,5.7,0,0,0,0,45,11.7502
52,0,30.28,132,75,100.1,7.3,0,0,7.5,1,0,1,0,57,15.7456
39,1,25.65,127,79,94.6,1.2,0,0,7.4,0,0,0,1,48,10.003499999999999
82,0,34.49,148,95,123.2,3.4,0,1,6.0,0,0,0,1,53,28.281800000000004
39,1,16.71,119,73,98.7,7.3,0,1,5.6,0,0,0,0,46,6.516900000000001
28,1,25.18,115,71,80.8,6.9,0,0,7.2,0,0,0,0,44,7.0504
20,0,28.96,109,72,89.2,3.5,0,0,7.2,0,0,0,0,37,5.792000000000001
26,1,21.14,112,79,71.8,4.5,0,0,5.6,0,0,0,0,33,5.4963999999999995
77,1,32.05,160,83,122.0,3.2,0,0,7.7,0,0,1,1,77,24.6785
31,0,31.86,130,79,106.7,4.1,0,0,7.7,0,1,0,0,51,9.8766
35,1,24.3,118,74,93.0,7.4,0,1,8.0,0,0,0,0,44,8.505
40,0,42.16,132,96,138.1,3.8,1,0,6.0,0,1,0,1,36,16.863999999999997
64,1,20.32,140,80,115.3,10.0,0,1,9.7,1,0,0,1,60,13.0048
64,0,18.99,129,81,109.0,3.7,0,0,6.7,0,0,0,0,48,12.153599999999999
47,0,24.05,118,76,93.8,3.0,0,0,6.9,0,0,0,1,42,11.303500000000001
42,0,27.9,123,72,102.1,4.6,0,0,5.9,0,1,0,0,51,11.718
45,0,17.44,127,64,97.2,2.7,0,0,7.1,1,1,0,0,63,7.848000000000001
42,0,30.39,122,78,126.8,7.5,0,0,5.9,1,0,0,0,44,12.763800000000002
75,1,41.07,160,79,144.9,2.0,0,0,7.2,1,1,1,1,81,30.8025
58,1,18.72,132,81,87.9,5.5,1,0,4.9,0,0,0,0,51,10.8576
42,0,27.94,132,81,116.2,2.3,0,1,7.8,0,0,0,0,51,11.7348
65,0,32.36,145,92,116.9,1.3,1,0,5.3,1,0,1,1,53,21.034000000000002
27,1,31.24,127,89,122.4,2.5,1,0,7.6,0,0,0,0,38,8.4348
28,0,39.32,150,78,113.5,2.6,0,1,6.4,0,0,1,1,72,11.0096
38,0,24.08,113,85,97.3,4.9,0,1,7.9,0,0,0,0,28,9.1504
62,1,38.32,163,92,127.7,3.8,1,1,7.2,0,0,1,0,71,23.7584
24,0,26.45,110,74,102.4,5.1,0,0,7.2,0,0,0,0,36,6.348
81,0,23.84,130,73,98.7,6.7,0,0,8.6,0,0,1,0,57,19.3104
81,1,37.7,153,84,132.2,3.9,0,0,6.4,1,1,1,1,69,30.537000000000003
19,1,24.67,120,67,113.9,1.7,0,0,5.8,0,0,0,0,53,4.6873000000000005
59,0,33.01,144,86,108.9,2.5,0,0,7.9,0,0,1,0,58,19.4759
71,1,23.94,137,89,109.5,4.4,0,0,6.9,1,1,1,0,48,16.9974
33,1,19.41,117,75,78.8,2.2,1,0,8.1,0,0,0,0,42,6.4052999999999995
35,0,19.43,127,72,108.0,2.3,1,0,6.1,1,1,1,0,55,6.8004999999999995
76,0,30.89,147,87,115.9,3.2,1,1,5.8,1,0,1,1,60,23.476399999999998
33,0,20.63,115,73,92.0,4.2,1,0,7.5,0,0,0,0,42,6.8079
23,0,25.58,108,72,107.8,3.3,0,0,6.1,0,0,0,0,36,5.883399999999999
74,0,23.03,137,69,120.8,0.5,0,1,6.0,1,0,1,0,68,17.0422
64,0,21.7,140,62,83.6,2.6,0,0,7.7,0,0,1,0,78,13.888
65,0,22.41,129,75,101.3,6.0,0,0,6.5,0,0,0,0,54,14.566500000000001
59,1,28.0,146,81,110.0,5.0,0,0,7.5,0,1,0,1,65,16.52
77,1,15.0,131,74,128.9,2.8,0,0,5.0,1,1,0,0,57,11.55
21,1,31.7,107,80,94.3,6.3,0,1,5.6,1,0,0,0,27,6.656999999999999
19,1,19.29,116,78,65.2,7.5,0,1,7.3,0,0,0,0,38,3.6651
76,1,20.03,138,81,104.1,5.5,0,0,6.6,0,0,1,0,57,15.222800000000001
44,1,18.42,134,90,106.6,3.8,1,1,6.6,0,0,0,1,44,8.104800000000001
44,0,28.36,147,82,112.2,4.6,1,0,5.7,0,0,1,1,65,12.478399999999999
24,0,35.29,134,85,89.3,2.1,1,0,7.2,0,0,0,1,49,8.4696
80,1,26.01,129,80,107.1,3.1,0,0,9.0,0,0,0,0,49,20.808000000000003
63,0,29.33,137,78,108.3,1.9,0,0,7.3,1,0,1,1,59,18.477899999999998
80,0,29.93,133,73,118.1,8.1,0,0,6.9,0,0,0,0,60,23.944000000000003
29,1,31.1,146,88,77.1,1.6,0,0,7.6,1,0,0,0,58,9.019
30,1,20.98,102,74,94.2,3.9,0,0,5.3,0,0,0,0,28,6.294
60,1,36.04,161,84,107.8,3.1,1,0,7.9,0,0,0,1,77,21.624000000000002
34,0,24.86,125,85,105.5,0.9,0,1,9.3,1,0,0,1,40,8.4524
80,0,28.43,139,74,127.4,6.6,0,0,6.1,0,0,0,1,65,22.744
53,1,25.93,121,72,99.2,2.6,0,0,7.7,0,0,0,0,49,13.742899999999999
25,0,24.22,123,73,83.8,1.1,0,1,6.6,0,0,0,0,50,6.055
53,0,32.25,125,77,126.7,2.4,0,0,8.1,1,0,0,0,48,17.0925
45,0,30.48,126,87,120.8,3.3,0,1,7.5,0,0,0,1,39,13.716
64,1,15.0,122,85,91.8,2.3,0,1,6.0,0,0,0,0,37,9.6
47,1,29.23,125,79,107.8,2.5,1,0,8.6,1,0,0,0,46,13.7381
40,1,38.97,136,81,116.4,4.6,0,1,7.5,0,0,0,0,55,15.588
33,0,27.88,120,75,114.1,4.3,0,0,6.3,0,0,0,0,45,9.2004
31,0,23.84,107,74,107.6,6.1,0,0,6.0,0,0,0,0,33,7.3904
69,0,24.58,144,84,101.6,2.7,1,0,5.8,0,0,1,1,60,16.9602
54,1,23.54,114,72,102.2,5.6,0,0,7.1,0,0,0,0,42,12.711599999999999
46,0,20.14,117,77,95.0,2.7,0,0,7.3,0,0,0,0,40,9.2644
84,0,25.73,139,84,123.7,9.4,0,1,5.1,0,0,0,1,55,21.613200000000003
32,1,25.7,109,74,85.2,8.5,0,0,7.0,1,0,0,0,35,8.224
64,0,30.28,124,75,112.8,4.3,0,0,6.3,0,0,0,0,49,19.3792
63,1,23.77,139,77,89.8,2.6,0,1,6.3,0,0,0,1,62,14.9751
69,1,38.46,156,91,123.4,3.8,0,0,6.8,1,0,1,1,65,26.5374
36,0,21.37,121,72,93.1,9.3,0,1,8.2,0,0,0,0,49,7.693200000000001
38,0,27.65,119,84,99.2,2.4,0,1,9.5,0,0,0,0,35,10.507
81,0,22.46,157,78,115.1,7.3,0,1,6.1,1,0,1,1,79,18.1926
54,0,23.68,116,82,122.1,1.5,0,0,7.1,1,0,0,0,34,12.7872
44,0,25.18,125,61,113.5,6.0,0,0,6.3,0,0,0,0,64,11.0792
72,1,27.98,129,87,93.4,3.0,0,0,7.7,1,0,0,0,42,20.145599999999998
46,0,31.46,148,78,100.6,2.9,0,1,6.5,0,0,0,0,70,14.4716
37,1,24.1,107,72,111.4,3.1,0,0,7.8,1,0,0,0,35,8.917
42,0,18.12,121,78,95.8,10.8,0,1,6.8,1,0,0,0,43,7.610400000000001
80,0,34.74,154,91,150.1,7.1,0,1,6.2,1,1,1,1,63,27.792
53,0,21.13,129,74,90.9,5.6,0,0,7.8,1,0,0,0,55,11.198899999999998
19,1,25.37,108,78,100.1,12.4,1,1,8.3,1,0,0,0,30,4.8203000000000005
39,0,27.12,129,68,98.7,2.2,0,0,7.5,0,1,0,1,61,10.5768
33,1,26.21,124,74,125.4,1.7,0,1,6.7,1,1,0,0,50,8.6493
35,1,18.61,119,64,82.3,2.7,0,0,7.8,0,0,0,0,55,6.5135000000000005
71,1,31.8,147,72,135.6,3.7,0,1,8.2,1,1,1,1,75,22.578000000000003
47,1,15.0,131,61,102.5,7.2,0,0,7.6,1,0,0,0,70,7.05
62,0,32.48,155,86,135.9,1.7,0,0,6.8,0,1,1,1,69,20.1376
36,1,33.51,143,84,89.3,2.9,0,1,6.2,0,0,1,0,59,12.0636
51,1,32.04,145,86,115.6,1.5,0,1,6.7,1,0,1,1,59,16.3404
30,1,25.04,124,70,92.6,8.0,0,0,7.3,0,0,0,0,54,7.512
60,0,27.55,136,86,106.8,1.3,1,0,7.7,0,0,0,0,50,16.53
79,1,22.92,139,81,123.2,2.8,0,0,7.5,0,0,0,1,58,18.1068
39,0,27.2,108,71,110.1,3.1,0,0,6.4,0,0,0,0,37,10.607999999999999
69,0,30.45,138,86,114.4,4.8,0,1,7.9,1,0,1,0,52,21.010499999999997
69,1,20.45,140,90,115.6,1.9,1,1,7.6,0,0,0,1,50,14.1105
53,1,26.02,136,78,113.7,3.8,0,1,8.1,1,0,0,0,58,13.7906
36,1,24.03,110,75,112.4,6.9,0,0,8.0,1,0,0,0,35,8.6508
55,1,33.6,142,92,108.1,3.5,1,0,8.0,0,0,1,0,50,18.48
74,0,21.34,134,74,107.6,2.6,0,0,8.1,1,0,1,1,60,15.7916
37,0,30.43,144,76,90.5,4.1,1,0,7.0,0,0,1,0,68,11.2591
26,1,26.49,123,67,83.3,12.4,0,0,10.0,0,0,0,0,56,6.8874
49,0,26.08,122,79,84.2,1.4,0,1,6.9,0,0,0,0,43,12.779199999999998
21,1,30.61,121,81,125.3,0.7,0,1,8.1,1,1,1,0,40,6.4281
67,0,24.57,138,74,107.6,3.7,0,0,9.0,0,0,0,0,64,16.4619
22,0,27.4,117,67,115.9,5.8,0,0,7.3,1,0,0,0,50,6.028
37,1,33.24,125,79,95.1,3.0,1,0,7.2,0,0,0,0,46,12.298800000000002
54,0,22.29,119,79,96.9,3.2,0,0,8.2,0,0,0,0,40,12.036599999999998
39,1,28.37,129,74,114.1,9.8,0,1,4.9,0,0,0,1,55,11.064300000000001
75,0,31.91,128,91,118.4,3.8,0,0,7.1,0,1,0,1,37,23.9325
61,0,29.51,135,72,124.7,3.9,0,0,7.5,1,0,0,0,63,18.0011
51,1,34.23,144,73,104.9,6.5,0,0,8.2,1,1,1,0,71,17.457299999999996
59,0,26.1,136,76,95.4,3.3,0,0,6.4,1,0,0,0,60,15.399000000000001
26,1,30.69,140,86,89.2,2.7,1,0,8.0,1,0,0,1,54,7.979400000000001
24,0,33.2,130,78,97.6,5.3,0,1,7.1,0,0,0,0,52,7.968000000000001
36,0,16.99,114,71,79.9,2.6,0,0,9.5,0,0,0,0,43,6.1164
48,1,24.44,138,73,91.9,2.0,0,1,8.1,0,0,0,1,65,11.731200000000001
52,1,29.0,129,84,93.8,1.6,0,0,10.0,0,0,0,0,45,15.08
74,0,32.14,146,83,118.5,5.8,0,0,6.7,0,0,1,1,63,23.7836
78,1,28.21,151,84,121.9,12.9,1,0,6.1,0,0,1,0,67,22.003800000000002
48,1,34.9,138,86,123.5,1.2,0,0,6.4,1,0,1,0,52,16.752
70,0,23.7,141,78,70.5,3.2,0,0,5.6,0,0,0,0,63,16.59
49,0,19.64,117,78,96.8,5.4,0,0,6.5,0,0,0,0,39,9.6236
83,1,31.41,147,82,115.5,4.7,0,0,7.9,0,0,0,1,65,26.070300000000003
76,0,26.14,144,79,95.9,5.2,0,1,6.4,0,0,0,1,65,19.866400000000002
27,0,21.94,123,73,83.1,4.6,1,0,7.2,0,0,0,0,50,5.9238
19,1,36.71,112,73,105.2,4.3,0,0,7.0,0,1,0,0,39,6.9749
83,0,31.13,135,85,135.8,8.1,0,0,5.8,1,1,1,0,50,25.8379
77,1,30.58,124,81,103.9,2.3,0,0,9.7,0,0,0,1,43,23.546599999999998
34,1,36.04,116,91,136.8,1.6,0,0,6.8,1,1,0,1,25,12.253599999999999
33,1,24.55,118,78,108.6,5.6,0,0,8.2,1,0,0,0,40,8.1015
33,1,35.0,146,85,98.7,2.1,1,0,7.5,0,0,1,1,61,11.55
63,0,29.23,153,71,110.3,1.0,0,1,5.2,1,1,1,1,82,18.4149
56,0,23.38,141,75,81.5,11.9,0,1,6.0,0,0,0,1,66,13.0928
48,0,26.76,122,84,92.0,2.7,0,0,7.3,0,0,0,1,38,12.8448
18,1,27.88,117,68,80.4,9.2,0,1,6.5,0,0,0,0,49,5.0184
28,0,33.25,115,91,106.7,1.0,1,0,8.5,1,0,0,0,24,9.31
21,0,18.97,118,73,83.2,5.3,1,0,4.9,0,0,0,0,45,3.9837000000000002
43,1,16.66,134,69,78.0,2.9,1,1,8.2,0,0,0,1,65,7.1638
67,1,22.23,153,75,109.7,4.8,0,1,6.6,0,0,1,1,78,14.894100000000002
29,0,26.41,108,71,103.8,2.5,0,0,5.0,1,0,0,0,37,7.6589
82,0,30.94,126,99,127.2,4.7,0,0,6.5,0,0,0,0,27,25.3708
64,1,24.14,110,91,99.0,6.7,0,0,7.6,0,0,0,0,19,15.4496
70,1,29.22,148,91,107.0,3.4,1,0,6.6,0,0,1,1,57,20.453999999999997
19,0,36.1,125,80,105.9,4.4,0,0,7.5,0,0,0,0,45,6.859
41,0,16.94,123,76,102.4,1.8,0,0,8.9,1,0,1,1,47,6.945400000000001
21,1,26.01,120,79,75.8,3.5,0,0,9.5,0,0,0,0,41,5.4621
36,1,40.83,129,80,116.7,4.0,0,0,6.3,1,0,1,0,49,14.698799999999999
43,1,22.68,125,79,90.1,9.6,0,0,8.3,1,0,0,0,46,9.7524
57,0,22.06,138,79,111.2,2.1,1,1,6.9,0,0,1,1,59,12.574199999999998
67,0,29.82,144,93,123.8,2.0,0,0,5.5,0,0,1,1,51,19.979400000000002
60,1,23.73,128,77,110.8,4.0,0,0,5.5,1,0,1,0,51,14.238
84,0,33.04,165,73,128.0,3.4,0,0,7.1,0,1,0,1,92,27.753600000000002
29,0,41.16,141,94,119.6,2.5,0,0,8.3,0,0,0,1,47,11.936399999999999
84,0,27.23,158,83,121.2,7.6,1,1,6.4,1,0,1,1,75,22.8732
44,1,42.68,143,88,128.3,1.9,0,1,7.0,0,0,0,1,55,18.7792
71,1,24.17,141,75,107.1,1.2,0,0,7.3,1,0,1,0,66,17.160700000000002
83,1,25.83,139,86,113.1,2.2,0,1,4.3,1,1,1,1,53,21.4389
66,1,21.23,117,78,87.0,6.3,0,0,7.7,0,0,0,0,39,14.011800000000001
33,1,24.19,132,71,78.5,5.4,1,0,8.0,0,0,0,0,61,7.982700000000001
19,1,25.42,112,67,80.4,4.0,0,0,8.1,1,0,0,0,45,4.8298000000000005
77,0,29.2,149,97,109.9,1.3,1,0,7.6,0,0,1,1,52,22.484
71,0,19.57,133,74,106.0,3.0,0,0,7.2,0,0,0,0,59,13.8947
47,1,23.8,126,75,119.9,4.0,0,0,7.3,1,1,0,0,51,11.186000000000002
55,0,23.95,134,75,99.3,2.5,0,0,8.3,0,0,0,0,59,13.1725
45,1,31.98,164,87,131.0,5.5,1,0,7.2,1,1,1,1,77,14.390999999999998
42,0,27.48,158,76,99.6,0.8,1,1,8.0,0,0,1,1,82,11.5416
27,0,27.48,111,64,75.7,6.1,0,0,7.1,0,0,0,0,47,7.4196
77,1,27.28,136,85,110.3,3.3,0,0,8.5,0,1,0,1,51,21.0056
59,1,16.68,129,75,121.7,8.6,0,0,6.8,1,0,0,0,54,9.8412
57,1,36.12,132,92,111.8,8.8,0,1,8.6,1,1,0,0,40,20.588399999999996
59,1,21.44,129,76,100.5,10.3,0,0,5.6,0,0,0,1,53,12.6496
64,0,31.96,141,72,108.9,4.0,0,1,7.4,0,1,0,1,69,20.4544
54,0,25.49,128,71,88.2,8.6,0,1,8.5,0,0,1,0,57,13.764599999999998
39,1,23.25,105,71,87.9,5.0,0,0,7.6,0,0,0,0,34,9.0675
74,0,32.85,152,84,131.3,1.0,0,1,7.6,0,1,0,1,68,24.309
44,0,19.88,132,68,100.0,2.3,0,0,7.8,1,0,0,0,64,8.7472
58,0,20.37,127,71,93.7,7.0,0,0,7.2,1,0,0,0,56,11.8146
51,0,27.71,142,88,103.5,1.9,0,0,6.8,1,0,1,0,54,14.132100000000001
49,1,27.89,126,90,90.2,4.9,0,0,7.7,0,0,0,1,36,13.666100000000002
83,1,31.55,153,81,124.0,4.4,0,0,7.8,1,1,1,1,72,26.186500000000002
29,1,30.96,136,80,84.1,2.4,0,0,6.3,1,0,0,1,56,8.9784
57,1,26.4,127,75,73.5,14.15,0,0,7.9,0,0,0,0,52,15.048
27,0,27.41,116,66,90.2,10.1,0,0,7.0,1,0,0,0,50,7.4007000000000005
65,0,25.96,138,88,113.0,3.0,0,0,6.1,0,0,0,1,50,16.874000000000002
37,0,35.02,132,99,113.0,1.6,1,1,8.3,0,0,1,1,33,12.9574
56,0,21.1,133,79,100.0,0.5,1,0,7.6,0,0,0,0,54,11.816
77,0,26.98,131,68,93.6,3.3,0,0,8.3,0,0,0,0,63,20.7746
83,0,31.26,155,92,106.4,5.4,0,0,6.6,0,0,1,1,63,25.9458
82,1,33.24,141,78,100.3,2.2,0,0,8.7,1,0,0,0,63,27.256800000000002
68,1,22.93,164,71,104.4,4.1,1,1,7.1,1,0,1,0,93,15.5924
53,1,21.17,127,72,109.9,3.7,0,0,7.9,1,0,0,1,55,11.2201
41,1,19.6,135,76,107.6,5.3,1,0,6.3,0,0,0,0,59,8.036
44,0,24.81,130,72,104.7,4.9,1,0,7.8,0,0,0,1,58,10.9164
19,0,28.27,128,81,85.5,3.7,0,1,7.8,0,0,0,1,47,5.3713
48,0,24.06,119,80,110.9,2.6,0,1,6.9,0,0,0,1,39,11.548799999999998
74,0,30.86,145,78,115.2,7.6,0,0,6.1,1,0,1,1,67,22.836399999999998
83,0,26.42,143,94,98.9,5.8,1,0,7.8,0,1,1,1,49,21.928600000000003
46,0,30.34,130,80,91.4,6.1,0,1,8.3,0,0,0,0,50,13.9564
32,1,27.65,119,60,95.0,1.8,0,0,5.9,1,0,0,0,59,8.847999999999999
29,1,17.03,120,70,86.8,4.3,0,0,7.2,0,0,0,0,50,4.9387
45,1,20.13,126,77,89.4,5.2,1,0,7.7,0,0,0,0,49,9.058499999999999
41,0,33.51,136,90,123.2,2.6,0,0,6.0,1,0,1,0,46,13.739099999999999
38,1,21.37,137,82,113.8,0.6,1,1,8.8,1,0,0,1,55,8.120600000000001
27,1,31.74,143,77,98.4,4.6,1,0,8.2,0,0,0,1,66,8.569799999999999
35,1,27.53,117,78,93.4,3.4,0,1,7.9,0,0,0,0,39,9.6355
31,0,21.09,127,79,78.2,3.5,1,0,7.6,0,0,0,0,48,6.5379
51,1,31.15,138,78,102.8,1.7,0,0,6.5,0,0,0,0,60,15.886499999999998
75,1,24.03,142,76,106.8,2.7,0,0,6.8,0,0,0,1,66,18.0225
39,0,27.68,115,72,99.2,8.6,0,0,5.5,0,0,0,0,43,10.7952
53,0,25.58,136,65,82.6,5.2,0,1,6.4,1,0,0,1,71,13.5574
62,0,15.0,127,83,98.3,7.6,1,1,7.6,0,0,1,0,44,9.3
53,1,30.71,157,88,132.1,6.9,1,0,7.3,1,0,0,1,69,16.276300000000003
39,1,31.25,135,71,104.2,1.3,0,1,6.6,0,0,0,0,64,12.1875
78,0,23.93,148,87,103.8,4.8,1,0,7.3,1,0,1,1,61,18.665399999999998
73,0,30.53,139,90,93.4,4.5,0,0,7.8,0,0,0,1,49,22.2869
50,1,21.74,128,73,123.6,11.4,0,1,6.2,1,0,0,0,55,10.87
62,0,21.86,130,72,101.9,4.4,0,0,8.8,1,0,0,0,58,13.553199999999999
53,0,28.19,136,85,96.0,4.1,0,0,7.1,0,0,0,0,51,14.940700000000001
37,0,22.76,123,81,104.1,2.0,0,1,7.3,1,0,0,0,42,8.4212
35,1,26.05,119,81,111.2,4.4,0,0,6.9,0,1,0,0,38,9.1175
55,1,21.35,118,75,103.4,4.7,0,0,7.3,0,0,0,0,43,11.7425
84,0,19.35,136,83,105.0,2.2,0,1,5.0,0,0,0,0,53,16.254
40,1,28.0,139,85,116.3,6.0,1,0,6.8,0,0,0,0,54,11.2
33,1,28.06,104,85,102.2,5.7,0,0,6.2,1,0,0,0,19,9.259799999999998
76,0,26.91,136,72,97.7,8.7,0,0,7.4,0,0,0,0,64,20.4516
38,1,25.11,126,63,89.2,2.8,0,0,7.0,0,0,1,0,63,9.5418
29,0,22.72,109,70,60.9,3.6,0,0,6.1,0,0,0,0,39,6.5888
33,1,20.53,108,66,82.6,6.8,0,0,6.4,0,0,0,0,42,6.7749
31,0,20.3,118,69,118.5,2.4,0,1,6.6,1,0,0,0,49,6.293000000000001
78,1,23.3,147,78,110.0,6.2,0,1,7.5,0,0,1,1,69,18.174
63,0,32.72,154,90,112.7,6.5,0,0,7.7,1,0,1,1,64,20.6136
49,1,28.14,141,77,118.5,4.0,0,0,5.9,1,0,1,1,64,13.7886
32,0,28.89,125,73,120.3,4.0,0,0,8.3,0,0,0,1,52,9.2448
61,1,19.52,130,87,110.2,3.9,0,0,7.6,1,0,1,1,43,11.9072
34,0,27.88,116,75,89.6,4.9,1,1,6.7,0,0,0,0,41,9.479199999999999
58,1,28.75,129,81,100.0,4.1,0,1,6.6,0,0,0,0,48,16.675
71,1,36.0,144,87,131.0,2.2,0,1,7.5,0,1,1,1,57,25.56
61,0,26.69,147,80,114.0,2.4,1,1,8.0,1,0,1,0,67,16.280900000000003
22,1,24.52,123,72,71.0,3.8,0,1,8.9,1,0,0,0,51,5.394399999999999
44,0,22.35,111,68,97.0,4.4,0,0,7.3,1,1,0,0,43,9.834000000000001
60,1,27.15,143,86,86.9,3.8,1,0,8.6,1,0,1,0,57,16.29
48,1,25.67,111,85,95.5,6.5,0,0,8.3,0,0,0,0,26,12.3216
34,0,33.31,130,80,117.6,4.4,0,0,8.2,0,0,0,1,50,11.3254
71,1,32.03,134,71,97.2,10.9,0,0,7.3,1,0,0,0,63,22.741300000000003
79,0,21.03,131,73,101.2,4.1,0,0,7.4,1,0,0,0,58,16.6137
49,0,26.67,124,70,95.8,6.2,0,0,8.0,0,0,0,0,54,13.0683
57,1,41.0,142,100,126.9,3.6,0,0,6.8,1,1,1,1,42,23.37
30,1,18.3,117,65,83.4,3.8,0,0,9.0,0,0,0,0,52,5.49
52,0,25.72,116,89,73.9,2.3,0,1,8.0,0,1,0,0,27,13.374400000000001
22,0,31.16,120,78,63.2,5.6,0,1,5.6,0,0,0,1,42,6.8552
46,1,25.42,129,80,111.1,1.1,0,1,6.5,0,0,0,0,49,11.693200000000001
42,0,24.93,135,78,96.2,1.2,0,1,8.0,1,1,1,0,57,10.4706
39,1,24.08,147,74,119.7,3.3,1,0,8.7,1,0,0,0,73,9.3912
83,1,20.63,138,76,113.2,6.3,0,0,8.7,0,0,1,1,62,17.1229
62,0,25.82,136,74,90.3,4.8,0,0,7.2,1,0,1,0,62,16.008399999999998
18,0,32.75,134,76,88.8,10.4,1,0,7.3,0,0,0,0,58,5.895
61,1,19.42,125,68,107.5,2.1,0,1,7.4,1,0,1,0,57,11.846200000000001
56,0,28.35,130,84,101.2,2.7,0,1,8.5,0,0,0,0,46,15.876000000000001
71,1,33.06,166,84,134.2,1.6,0,1,6.1,1,1,1,1,82,23.472600000000003
46,1,26.68,148,74,73.5,4.8,0,1,8.0,0,1,0,1,74,12.2728
71,1,24.36,141,81,109.3,3.5,1,0,9.1,0,0,1,1,60,17.2956
33,0,30.71,138,76,111.2,2.8,0,0,8.1,1,0,0,1,62,10.134300000000001
37,0,21.58,100,75,95.2,2.8,0,0,6.7,0,0,0,0,25,7.9845999999999995
63,1,29.25,128,100,112.9,1.1,0,0,7.5,0,1,1,0,28,18.4275
84,1,25.83,139,75,121.4,6.8,0,0,8.3,0,0,1,0,64,21.6972
82,1,27.16,141,83,109.0,4.6,0,0,6.4,0,0,0,0,58,22.2712
75,0,36.52,149,86,120.2,5.3,0,0,6.4,0,0,0,1,63,27.390000000000004
70,1,33.51,146,79,132.0,12.5,0,1,4.1,0,0,1,0,67,23.456999999999997
18,0,35.39,125,86,108.3,10.0,0,1,8.7,1,0,0,0,39,6.3702
83,1,22.06,125,87,106.9,5.9,0,0,7.9,0,0,1,0,38,18.3098
46,1,20.87,116,83,71.2,4.6,0,1,7.9,0,0,0,0,33,9.600200000000001
25,1,29.51,136,77,116.3,3.8,0,1,6.6,1,0,0,0,59,7.3775
46,0,28.68,131,69,94.1,6.2,0,0,5.6,0,0,0,0,62,13.1928
68,1,15.34,132,76,117.4,2.9,0,0,6.3,1,1,1,0,56,10.431199999999999
50,0,28.76,138,68,119.5,3.9,0,0,6.0,0,0,0,0,70,14.38
20,1,38.67,122,81,117.5,5.3,0,0,8.6,0,1,0,0,41,7.734000000000001
77,0,37.8,149,97,125.8,1.5,0,0,4.8,1,1,1,1,52,29.105999999999998
52,0,22.74,134,75,96.2,2.1,0,0,7.2,0,0,1,1,59,11.8248
37,0,30.92,127,75,93.2,1.7,0,0,7.1,1,0,0,0,52,11.4404
56,1,21.64,141,77,83.8,3.6,0,0,8.4,0,0,0,1,64,12.118400000000001
21,1,26.24,125,69,84.8,6.1,0,1,5.8,0,0,0,0,56,5.5104
36,1,22.04,115,83,93.7,3.7,0,0,5.2,1,0,0,0,32,7.934399999999999
62,1,20.02,129,74,104.6,2.1,0,0,10.0,0,0,0,1,55,12.4124
60,1,31.92,149,75,112.0,1.5,1,0,7.6,1,0,1,0,74,19.152
30,0,28.46,124,81,107.3,4.5,0,0,5.8,0,0,1,0,43,8.538
30,1,29.38,127,82,92.5,4.1,1,0,7.8,0,0,1,1,45,8.814
77,1,30.47,142,91,133.6,9.3,0,1,5.4,1,1,1,1,51,23.4619
74,0,27.94,138,90,120.4,2.3,0,0,7.2,1,0,1,1,48,20.6756
69,0,20.78,122,77,99.5,5.0,0,0,9.1,0,0,0,0,45,14.338200000000002
70,0,28.02,142,71,100.1,9.9,0,0,5.8,1,0,0,1,71,19.613999999999997
60,0,25.54,141,71,92.7,7.6,1,0,7.6,0,0,0,0,70,15.323999999999998
59,0,25.69,127,75,120.5,0.9,0,1,6.8,1,0,1,1,52,15.1571
43,0,21.33,127,60,100.3,4.1,0,0,6.0,0,0,0,0,67,9.171899999999999
40,1,18.06,108,61,91.5,4.1,0,0,5.9,0,1,0,0,47,7.224
60,0,23.51,133,78,105.9,8.4,0,0,6.9,0,0,1,0,55,14.106000000000002
45,0,29.96,134,85,125.7,2.8,0,0,7.9,1,0,0,0,49,13.482000000000001
26,1,26.4,142,69,90.0,10.0,1,1,6.9,0,0,0,1,73,6.864
37,1,37.14,149,87,115.1,3.8,0,0,5.9,0,0,0,1,62,13.741800000000001
73,0,26.42,124,66,109.4,4.5,0,0,7.0,1,0,0,0,58,19.2866
56,1,27.93,138,76,96.7,8.5,0,0,4.8,0,0,0,0,62,15.640799999999999
68,0,26.9,122,79,116.1,3.3,0,0,5.4,0,0,0,1,43,18.291999999999998
29,0,20.64,127,64,76.6,6.7,0,0,8.2,0,0,0,0,63,5.985600000000001
72,0,26.68,127,73,122.9,1.7,0,0,6.0,0,1,0,0,54,19.209600000000002
28,1,20.6,107,83,68.3,7.3,0,0,8.3,0,0,0,0,24,5.768000000000001
43,1,26.4,136,88,105.6,2.0,0,0,9.7,1,0,0,0,48,11.352
59,1,16.59,136,79,100.4,2.6,0,1,7.3,0,0,0,0,57,9.7881
44,1,26.4,128,87,100.4,1.7,1,1,7.4,0,0,1,0,41,11.616
28,1,27.66,130,85,73.7,9.1,0,1,7.9,0,0,0,1,45,7.744800000000001
55,1,28.08,146,95,93.4,5.3,1,1,7.2,0,0,1,1,51,15.443999999999999
60,1,18.48,129,76,106.9,4.7,0,0,8.3,0,0,0,0,53,11.088
36,0,29.59,140,85,86.4,1.8,1,1,7.6,0,0,1,1,55,10.6524
81,0,30.62,157,80,128.5,4.6,0,1,7.3,0,1,1,1,77,24.802200000000003
23,1,21.24,120,62,94.1,4.3,0,0,6.9,1,0,0,0,58,4.8852
63,1,32.52,148,74,123.6,1.4,0,0,9.3,1,0,0,0,74,20.4876
59,1,27.89,124,85,135.2,1.9,0,0,5.5,1,1,0,0,39,16.4551
82,0,26.45,146,81,95.9,2.3,0,1,9.2,1,0,1,1,65,21.689
76,1,30.09,165,91,120.0,3.0,1,1,7.6,0,0,1,1,74,22.8684
69,1,36.2,145,86,113.7,6.7,0,0,6.5,0,1,1,1,59,24.978
64,0,25.98,124,89,108.0,1.3,0,0,6.2,1,0,1,0,35,16.627200000000002
24,1,23.93,98,76,90.6,10.7,0,0,6.9,1,0,0,0,22,5.743199999999999
28,1,38.87,131,80,111.8,9.5,1,0,8.2,0,0,0,0,51,10.8836
78,0,25.8,116,83,106.2,2.5,0,0,8.0,0,0,0,0,33,20.124000000000002
42,1,28.93,134,83,128.5,4.7,0,0,7.0,1,0,0,1,51,12.150599999999999
29,0,25.79,141,67,70.1,4.7,1,0,6.1,0,0,0,0,74,7.4791
43,0,17.48,120,76,101.6,4.6,0,0,5.4,1,0,0,1,44,7.5164
29,1,25.02,103,75,98.5,3.6,1,0,7.0,0,0,0,0,28,7.255800000000001
60,0,33.24,130,80,101.2,5.9,0,0,7.3,0,0,1,1,50,19.944000000000003
68,0,22.1,117,68,99.8,4.6,0,0,8.7,0,0,0,0,49,15.028000000000002
54,0,34.45,156,88,105.8,4.5,1,1,5.0,0,0,1,1,68,18.603
63,0,31.23,144,87,103.2,2.0,0,1,8.2,0,0,0,1,57,19.6749
70,0,20.98,137,71,104.4,6.7,0,0,7.9,0,0,1,0,66,14.686000000000002
30,0,19.81,98,81,99.7,5.9,0,0,6.4,0,0,0,0,17,5.943
71,1,19.65,129,80,116.3,0.9,0,0,5.3,0,0,0,0,49,13.9515
74,1,24.43,127,82,98.6,5.6,0,1,7.3,1,0,0,0,45,18.0782
21,0,20.48,114,63,60.0,7.0,0,1,8.8,0,0,0,0,51,4.3008
66,0,33.87,141,82,131.2,1.4,0,1,4.8,0,0,0,1,59,22.354199999999995
24,0,19.94,99,68,74.8,6.2,0,0,9.3,0,0,0,0,31,4.7856000000000005
28,0,21.63,123,63,86.1,5.2,0,0,9.2,0,0,0,0,60,6.0564
71,1,35.61,156,84,134.5,2.3,0,0,7.3,1,1,1,1,72,25.2831
62,1,25.27,126,77,119.7,6.1,0,0,5.7,0,0,0,1,49,15.6674
40,1,29.24,137,79,89.1,4.7,0,0,8.0,0,0,0,0,58,11.696
45,0,29.49,127,79,124.9,6.2,0,1,5.0,0,0,0,0,48,13.2705
74,1,18.36,143,84,130.1,3.5,1,1,5.8,0,1,0,1,59,13.5864
43,0,31.46,125,85,98.3,1.3,0,0,7.9,0,0,1,1,40,13.5278
42,1,30.36,120,77,107.8,4.0,0,0,7.4,0,1,0,0,43,12.751199999999999
71,1,30.58,134,90,127.1,4.3,0,1,6.1,0,1,1,1,44,21.711799999999997
46,1,22.86,125,69,111.3,4.6,0,0,7.9,1,0,0,0,56,10.5156
53,0,28.46,139,75,108.1,4.1,0,0,7.5,1,0,0,0,64,15.083800000000002
31,0,25.8,115,70,100.7,2.5,0,0,6.5,0,0,0,0,45,7.998000000000001
52,1,27.34,137,82,118.5,3.5,0,0,6.7,1,1,0,1,55,14.216800000000001
47,0,22.29,117,73,110.9,2.2,0,0,6.9,0,0,0,0,44,10.476299999999998
34,0,25.7,132,68,101.4,3.3,0,0,4.2,0,0,0,0,64,8.738
84,1,32.47,167,82,122.8,3.8,0,0,8.1,0,1,0,1,85,27.2748
47,0,15.63,136,77,102.9,2.5,0,0,7.8,0,0,1,0,59,7.3461
62,1,24.68,128,75,88.0,1.9,0,0,6.6,0,0,0,0,53,15.3016
68,0,30.5,149,81,116.7,5.0,0,0,7.2,1,0,0,0,68,20.74
64,1,20.49,135,76,88.5,2.1,0,0,6.8,0,0,0,1,59,13.113599999999998
70,0,29.12,137,89,102.5,4.6,0,0,8.4,0,0,0,1,48,20.384
81,1,29.52,140,70,124.4,8.1,0,0,6.3,1,1,0,0,70,23.911199999999997
55,0,25.91,130,83,104.8,4.9,0,0,7.8,0,0,0,0,47,14.250499999999999
81,1,28.55,142,87,116.5,5.4,0,0,6.6,0,0,1,0,55,23.125500000000002
24,1,36.25,127,90,103.5,4.3,0,0,7.8,0,0,0,1,37,8.7
39,0,22.9,123,77,96.6,3.0,0,1,6.6,1,0,0,0,46,8.931
58,0,18.75,145,71,115.9,4.5,0,1,6.8,0,1,1,1,74,10.875
27,0,24.34,121,75,96.2,3.4,0,0,5.9,0,0,0,0,46,6.5718
74,0,21.03,147,89,97.7,7.5,1,1,7.5,0,0,0,1,58,15.5622
24,1,29.03,130,71,82.1,6.4,0,0,6.6,0,0,0,0,59,6.9672
67,0,24.16,151,75,96.7,3.5,0,1,7.9,0,0,0,1,76,16.1872
69,1,30.36,138,87,115.0,2.4,0,0,8.6,1,1,0,0,51,20.948400000000003
50,1,28.49,137,66,85.2,3.3,0,1,7.3,0,0,0,0,71,14.245
18,0,22.83,112,70,61.1,3.4,1,0,5.6,1,0,0,0,42,4.109399999999999
70,1,21.45,141,80,132.1,2.9,1,1,6.3,1,0,1,1,61,15.015
77,0,18.72,138,66,106.4,2.2,0,1,8.2,0,0,0,0,72,14.414399999999999
51,0,32.9,139,76,139.4,4.6,0,0,7.6,1,1,1,0,63,16.779
21,0,29.84,129,71,115.7,3.4,0,0,6.1,0,0,0,0,58,6.2664
34,1,24.42,129,70,103.4,0.8,0,0,8.7,1,0,0,0,59,8.302800000000001
21,0,30.32,104,79,95.8,5.5,0,1,8.2,0,0,0,0,25,6.3672
60,1,20.39,145,78,94.9,5.2,1,0,8.2,0,0,0,0,67,12.234000000000002
21,0,21.73,122,75,84.9,7.0,1,0,6.8,0,0,0,0,47,4.5633
18,1,21.15,112,69,60.0,7.7,0,1,9.8,0,0,0,0,43,3.807
67,1,28.4,145,75,92.0,2.3,0,1,7.0,0,1,0,0,70,19.028
78,0,23.29,138,77,112.5,1.7,0,0,7.8,1,0,1,0,61,18.1662
52,1,18.37,142,92,87.6,2.9,1,0,7.3,1,0,1,1,50,9.5524
25,1,27.33,129,80,102.6,7.7,1,1,4.8,0,0,1,0,49,6.8325
41,0,30.12,132,83,120.4,3.0,0,0,6.6,1,0,1,1,49,12.349200000000002
53,0,26.01,150,88,76.0,4.2,0,0,7.6,0,0,0,0,62,13.7853
67,0,33.41,148,80,143.7,2.3,1,0,8.2,1,0,1,1,68,22.3847
60,1,31.46,141,84,130.2,1.6,0,0,4.9,1,1,1,1,57,18.876
44,1,33.29,142,71,80.9,1.5,0,0,6.7,0,0,0,1,71,14.6476
49,0,31.35,140,78,100.8,3.6,0,0,8.3,0,0,0,0,62,15.361500000000001
35,0,28.17,114,67,119.6,4.4,0,0,6.0,1,0,0,0,47,9.8595
45,0,19.59,115,68,83.3,3.6,0,0,7.3,0,0,0,0,47,8.8155
46,1,24.79,118,79,101.0,2.6,1,0,7.0,0,0,0,0,39,11.4034
33,1,23.83,133,73,79.2,1.7,1,0,7.0,1,0,0,0,60,7.8639
64,1,21.65,138,74,92.7,0.9,0,0,6.0,1,0,0,0,64,13.856
76,0,23.47,146,63,114.5,2.4,0,0,7.8,1,0,0,0,83,17.8372
48,0,18.31,110,73,99.7,0.9,0,0,6.5,1,0,0,0,37,8.788799999999998
21,0,31.93,117,72,99.5,1.2,0,0,6.8,0,0,0,0,45,6.705299999999999
54,1,20.66,143,76,95.2,5.1,0,0,8.6,0,0,0,0,67,11.156400000000001
34,0,31.52,132,87,117.4,4.8,0,1,6.7,1,0,0,0,45,10.716800000000001
56,0,34.5,143,71,122.2,2.1,0,0,8.0,1,1,1,0,72,19.32
65,1,22.36,124,80,112.8,1.0,0,0,5.9,1,1,0,0,44,14.533999999999999
63,0,23.58,139,68,111.8,4.0,0,0,8.6,0,0,0,1,71,14.8554
65,0,29.69,145,85,124.9,4.2,0,0,6.3,1,0,1,1,60,19.2985
56,1,24.27,139,78,109.3,5.4,0,1,6.3,0,0,0,1,61,13.591199999999999
21,0,22.16,111,67,103.4,7.1,0,0,6.9,0,0,0,0,44,4.6536
47,0,29.36,130,75,112.5,9.3,0,0,7.0,0,0,0,0,55,13.7992
47,0,22.5,135,62,103.5,3.5,0,0,9.6,1,0,0,0,73,10.575
39,0,39.2,133,99,144.0,2.7,0,0,6.5,1,1,0,1,34,15.288000000000002
83,0,30.06,135,83,104.9,6.8,0,0,7.1,0,0,1,0,52,24.9498
29,1,30.68,103,69,100.4,1.3,0,0,6.8,0,0,0,0,34,8.8972
53,0,26.28,121,78,106.1,5.4,0,0,7.0,1,0,0,0,43,13.928400000000002
35,1,37.61,140,89,111.1,8.4,1,0,8.9,1,0,1,1,51,13.163499999999999
70,0,22.49,149,86,96.6,5.2,1,0,7.1,0,0,0,1,63,15.743
18,0,31.21,135,72,92.6,8.6,0,0,6.2,1,0,0,0,63,5.6178
75,0,19.04,146,71,117.7,4.8,0,1,5.7,1,0,1,1,75,14.28
23,0,40.1,130,87,101.8,3.6,0,0,9.3,0,0,0,0,43,9.223
61,0,31.56,142,70,107.7,1.9,0,0,7.3,0,0,0,0,72,19.2516
41,0,21.35,122,74,81.5,6.4,0,0,7.9,1,0,0,0,48,8.7535
36,1,29.85,130,82,76.6,4.6,1,0,7.6,0,0,1,0,48,10.746000000000002
35,0,32.96,133,79,99.0,3.3,0,0,6.7,0,0,0,0,54,11.536000000000001
47,1,21.61,126,63,115.3,2.5,0,0,6.8,1,0,0,0,63,10.156699999999999
59,0,24.13,144,71,100.2,3.8,1,1,6.7,0,0,1,1,73,14.236699999999999
50,0,21.04,131,69,96.0,4.6,0,1,6.2,1,0,0,0,62,10.52
29,0,29.58,115,64,99.7,7.3,0,0,6.9,1,0,0,0,51,8.578199999999999
44,0,27.86,134,80,92.7,1.1,0,0,7.0,1,0,1,0,54,12.2584
56,1,26.98,122,91,103.9,1.3,0,0,4.6,0,0,1,1,31,15.1088
26,1,22.13,107,59,86.5,5.3,0,0,7.7,0,0,0,0,48,5.7538
38,0,25.6,122,73,104.3,4.5,0,0,6.3,0,1,0,0,49,9.728000000000002
46,0,22.65,119,70,98.8,6.7,0,0,8.8,1,0,0,0,49,10.418999999999999
50,1,29.61,124,88,116.1,5.3,0,0,8.5,1,0,1,0,36,14.805
79,0,20.69,149,77,88.6,6.7,0,1,7.3,0,0,0,1,72,16.3451
32,0,22.17,115,89,101.0,3.0,0,0,4.3,0,0,0,0,26,7.0944
19,0,31.53,122,75,104.3,3.6,0,0,8.3,1,0,0,1,47,5.9907
69,0,24.25,129,71,101.5,1.2,0,1,7.3,0,0,1,0,58,16.7325
61,0,37.01,134,90,112.6,1.3,0,0,5.9,0,0,1,1,44,22.576099999999997
71,1,27.94,149,83,116.5,6.8,1,1,8.3,1,0,1,1,66,19.8374
35,1,16.28,104,74,75.1,3.6,0,0,4.0,0,0,0,0,30,5.698
20,1,19.12,114,82,105.5,3.9,1,0,6.8,0,0,0,0,32,3.8240000000000003
24,0,23.38,105,68,91.0,9.1,0,0,8.9,1,1,0,0,37,5.6112
60,1,31.11,149,72,103.9,2.5,1,0,7.9,1,1,1,1,77,18.666
55,1,30.52,140,86,105.7,3.2,1,0,7.3,0,0,1,1,54,16.785999999999998
54,1,23.99,121,82,132.8,1.7,0,0,7.1,1,0,0,0,39,12.954599999999997
75,0,33.95,141,92,138.0,3.9,0,1,7.2,1,1,1,1,49,25.4625
50,1,28.71,131,84,94.2,3.4,1,0,9.0,0,0,0,1,47,14.355
76,0,24.95,143,75,116.1,3.9,0,0,4.4,1,0,0,0,68,18.962
28,1,33.6,123,90,84.1,6.7,0,0,7.7,0,0,0,0,33,9.408000000000001
39,0,22.12,123,66,104.2,4.6,0,0,7.0,0,0,0,0,57,8.626800000000001
83,0,30.02,164,87,102.4,2.9,1,0,7.3,0,0,1,1,77,24.9166
61,0,30.61,131,83,132.8,4.2,0,0,5.1,1,1,0,1,48,18.6721
23,1,30.39,124,68,94.6,12.0,0,0,7.4,0,0,0,0,56,6.9897
59,0,25.9,125,79,112.2,4.3,0,0,6.1,1,0,0,0,46,15.280999999999999
42,1,31.85,137,78,146.7,1.4,0,1,8.2,1,1,1,1,59,13.377
74,1,37.48,164,97,126.3,2.5,0,0,6.5,0,1,1,1,67,27.7352
72,1,25.9,137,68,104.4,9.5,0,0,5.0,1,0,1,0,69,18.648
33,1,27.19,122,81,109.0,2.5,0,0,5.5,0,1,0,0,41,8.972700000000001
31,1,32.17,136,86,101.4,12.1,1,1,6.2,0,0,0,0,50,9.972700000000001
56,1,25.26,120,70,105.4,1.6,0,0,8.2,0,0,0,0,50,14.145600000000002
45,0,25.1,125,74,108.3,3.8,1,1,6.6,0,0,0,0,51,11.295
68,1,20.07,149,71,94.7,5.9,1,0,7.9,0,0,1,1,78,13.6476
66,1,16.8,131,75,124.8,1.3,0,0,5.9,1,1,0,0,56,11.088
26,0,20.22,116,78,65.1,6.5,0,1,8.1,0,0,0,1,38,5.2572
75,1,31.8,162,84,111.8,4.9,1,1,8.0,0,0,1,1,78,23.85
62,0,20.84,123,82,98.4,7.9,0,0,7.7,0,0,0,0,41,12.9208
39,0,29.62,126,81,91.9,3.0,0,1,6.7,0,0,1,0,45,11.5518
49,0,35.41,137,88,124.3,5.5,1,0,6.7,0,0,0,1,49,17.3509
59,0,27.72,129,78,128.1,4.6,0,0,6.3,0,1,0,0,51,16.3548
70,1,21.68,129,73,101.8,9.1,0,0,7.7,0,0,0,0,56,15.175999999999998
76,1,26.03,127,84,110.0,4.5,0,1,7.3,0,0,0,0,43,19.7828
56,1,29.0,151,77,99.3,4.2,1,0,8.3,0,0,0,1,74,16.24
32,1,29.03,136,83,106.2,2.2,1,1,5.3,0,0,0,0,53,9.2896
46,0,27.48,122,84,99.2,9.6,0,0,7.2,0,0,0,0,38,12.640799999999999
20,0,30.46,121,81,95.8,5.7,1,0,7.9,1,0,1,0,40,6.0920000000000005
27,1,32.6,112,77,100.7,2.1,0,0,7.1,1,0,0,1,35,8.802
46,1,24.02,129,73,90.2,8.6,1,0,6.4,1,0,0,0,56,11.0492
52,0,34.95,148,76,111.9,0.4,0,0,7.2,0,0,0,1,72,18.174
23,1,28.71,127,73,81.5,4.9,1,1,7.9,0,0,1,0,54,6.603300000000001
29,1,15.0,95,66,93.1,2.5,0,0,7.7,0,0,0,0,29,4.35
55,1,25.71,121,79,101.0,11.7,0,0,8.0,0,0,0,0,42,14.1405
36,0,25.79,122,75,99.8,5.6,0,1,6.5,0,0,0,0,47,9.2844
84,0,33.06,146,83,122.2,2.0,0,0,7.0,0,1,0,0,63,27.7704
25,1,23.43,104,65,103.0,2.4,0,0,8.6,0,0,0,0,39,5.8575
25,1,27.67,124,65,105.8,4.3,0,0,5.1,0,1,0,0,59,6.9175
64,0,18.57,133,79,93.7,5.6,0,0,9.7,0,1,0,0,54,11.8848
21,1,21.98,115,74,79.5,2.6,0,0,5.7,0,0,0,0,41,4.6158
68,1,31.42,154,78,101.3,2.8,0,1,6.8,0,0,1,0,76,21.3656
84,0,19.72,144,83,128.1,4.0,0,0,6.1,0,0,0,1,61,16.5648
62,0,32.4,136,83,117.0,3.8,0,0,7.4,0,0,0,1,53,20.088
25,0,33.41,119,88,116.5,4.3,0,1,7.4,0,0,1,0,31,8.3525
33,0,34.0,137,76,85.5,6.7,0,1,7.7,0,0,0,0,61,11.22
84,1,35.76,154,86,106.6,3.5,0,0,7.3,0,1,1,1,68,30.038399999999996
26,0,31.3,134,89,102.6,4.6,0,0,6.6,0,0,0,1,45,8.138
77,1,29.27,146,75,128.8,5.4,0,0,7.4,0,1,0,1,71,22.5379
32,1,30.39,138,74,101.8,3.5,0,1,8.0,1,1,0,0,64,9.7248
58,0,27.21,134,81,119.0,1.7,1,0,6.6,1,0,1,1,53,15.7818
39,1,24.63,112,67,107.8,1.4,0,0,7.1,1,0,0,0,45,9.605699999999999
41,0,31.27,142,80,110.0,3.9,0,0,7.1,0,0,0,1,62,12.820699999999999
61,0,29.4,142,78,81.8,14.0,0,1,7.6,0,0,1,0,64,17.933999999999997
18,1,31.91,123,81,89.0,6.0,0,0,7.0,0,0,0,1,42,5.7438
27,1,25.59,125,64,85.8,14.0,0,0,8.1,1,0,0,0,61,6.909299999999999
73,0,26.1,140,69,123.1,6.2,0,0,6.0,1,1,0,0,71,19.053
67,0,28.03,151,89,124.3,4.0,0,0,6.8,1,0,1,1,62,18.7801
29,0,26.07,114,74,99.7,1.9,0,0,6.6,0,0,0,0,40,7.5603
77,0,43.28,161,97,108.1,2.7,0,0,8.1,0,0,1,1,64,33.3256
43,0,38.02,131,88,116.0,6.8,0,0,7.4,0,1,1,1,43,16.3486
58,1,26.82,144,89,125.0,6.9,1,1,7.1,1,1,1,1,55,15.5556
53,0,26.04,114,76,105.1,11.6,0,0,8.4,0,0,0,0,38,13.8012
40,1,29.39,125,77,105.0,4.0,0,0,8.1,0,0,0,1,48,11.755999999999998
60,0,24.31,111,72,90.3,11.0,0,0,6.0,0,0,0,0,39,14.585999999999999
23,1,24.21,115,83,106.3,5.6,0,1,6.1,1,0,0,0,32,5.568300000000001
60,1,27.05,121,74,76.0,4.7,0,1,7.9,0,0,0,0,47,16.23
42,1,24.65,125,77,112.9,2.5,0,1,5.3,1,0,0,0,48,10.353
35,0,27.87,122,71,89.4,2.8,0,1,7.3,0,0,0,0,51,9.7545
79,1,28.95,153,84,111.9,3.6,1,0,7.6,0,1,1,1,69,22.870499999999996
30,1,15.0,123,73,91.3,1.1,0,0,8.1,0,0,0,0,50,4.5
60,1,15.63,138,80,122.1,1.1,0,1,5.6,1,1,0,1,58,9.378
45,1,21.88,116,69,99.1,9.8,0,0,6.9,1,0,0,0,47,9.845999999999998
35,0,28.42,115,73,93.5,5.2,0,0,5.9,0,0,0,0,42,9.947000000000001
76,1,22.33,130,72,114.7,4.5,0,0,6.8,0,0,0,1,58,16.9708
77,1,40.2,164,94,119.5,4.9,0,0,7.6,0,1,1,1,70,30.954
80,1,31.99,150,82,112.4,2.2,0,0,6.2,0,0,1,1,68,25.592
74,1,38.16,153,92,133.6,2.3,0,0,7.2,0,1,1,1,61,28.2384
68,1,32.02,126,80,119.7,4.9,0,0,6.9,0,0,0,1,46,21.773600000000002
73,1,17.61,130,78,128.1,5.4,0,1,5.5,0,0,0,1,52,12.8553
44,1,20.04,124,68,85.9,10.8,1,0,6.8,0,0,0,0,56,8.8176
49,1,23.83,135,74,94.6,3.5,0,0,7.8,1,0,1,0,61,11.676699999999999
26,0,19.86,111,76,86.7,9.1,0,0,8.1,1,0,0,0,35,5.1636
63,1,33.07,139,79,127.7,3.0,0,0,9.4,0,0,1,0,60,20.8341
84,1,25.88,135,75,108.8,12.0,0,0,7.0,0,0,0,1,60,21.7392
43,0,27.99,136,83,111.8,2.2,1,0,5.8,1,0,1,1,53,12.035699999999999
25,0,34.78,123,73,84.4,3.3,0,0,6.6,0,0,0,0,50,8.695
23,1,37.97,133,85,100.7,5.7,0,1,6.2,0,0,0,1,48,8.7331
41,1,25.23,126,63,102.0,3.2,0,0,6.9,1,0,0,0,63,10.3443
65,0,18.89,132,82,111.8,3.2,0,0,6.8,1,0,1,0,50,12.278500000000001
62,1,19.91,140,65,94.4,2.8,1,0,8.7,1,0,0,0,75,12.3442
30,1,33.47,124,82,85.3,2.8,0,0,5.5,0,0,0,0,42,10.040999999999999
42,0,28.34,123,71,107.0,2.3,0,0,7.4,0,0,0,0,52,11.9028
37,0,21.64,118,67,82.1,4.7,0,0,6.0,0,0,0,0,51,8.0068
83,1,30.91,144,87,110.2,5.8,0,1,7.6,0,0,1,1,57,25.6553
62,1,20.56,126,72,123.9,2.6,0,0,7.9,0,1,0,1,54,12.7472
64,0,16.52,126,71,75.0,3.5,0,0,8.2,0,0,0,0,55,10.572799999999999
80,0,15.16,132,80,104.1,5.8,0,0,6.0,0,0,1,0,52,12.128
72,0,18.41,145,76,93.4,5.9,0,1,8.0,0,0,0,1,69,13.2552
36,1,33.51,152,71,127.9,1.8,1,0,6.4,1,0,1,1,81,12.0636
52,0,25.63,128,65,129.2,4.9,0,1,7.6,0,0,0,0,63,13.3276
70,1,26.6,131,73,116.5,1.4,0,0,6.3,0,0,1,0,58,18.62
43,0,27.88,121,66,105.1,9.2,0,0,7.2,0,0,0,0,55,11.988399999999999
31,1,20.94,109,88,70.8,2.7,0,0,7.4,0,0,0,0,21,6.4914
62,0,24.02,144,79,111.9,2.1,0,0,8.8,0,0,0,0,65,14.8924
61,1,24.58,139,77,112.1,4.6,0,0,5.1,1,0,1,0,62,14.993799999999998
82,1,21.4,140,82,94.4,7.4,0,0,8.9,0,0,0,1,58,17.548
68,0,23.98,144,77,99.7,3.2,0,1,6.3,0,1,0,1,67,16.3064
60,0,26.09,138,81,90.1,5.6,0,0,6.3,0,0,0,0,57,15.654000000000002
40,1,25.36,133,76,77.9,4.3,1,0,6.2,0,0,0,0,57,10.144
73,0,29.31,146,97,94.4,10.1,0,0,9.4,0,0,0,1,49,21.3963
36,1,23.98,130,73,131.4,3.3,1,0,7.2,1,1,0,0,57,8.6328
72,0,35.76,142,84,126.4,1.8,0,1,6.7,1,1,1,1,58,25.7472
77,0,20.81,138,76,105.2,8.5,0,0,6.3,1,0,1,1,62,16.023699999999998
76,1,23.72,135,70,108.0,2.0,0,1,7.0,0,0,1,0,65,18.027199999999997
50,1,29.09,139,80,139.7,4.2,1,1,5.1,1,1,1,0,59,14.545
36,1,30.38,122,91,101.6,4.2,0,0,7.0,0,0,0,0,31,10.9368
45,0,19.8,111,74,111.3,2.8,0,0,7.6,1,0,0,0,37,8.91
69,0,26.2,131,82,88.4,3.4,0,0,6.8,0,0,0,1,49,18.078
66,1,31.44,136,86,136.6,2.1,0,0,8.3,1,1,1,1,50,20.7504
54,0,17.5,123,73,105.1,4.5,0,0,6.4,0,0,0,0,50,9.45
43,0,26.29,131,79,112.8,4.0,0,1,6.8,1,0,0,0,52,11.3047
57,0,18.18,125,74,117.0,3.7,0,0,6.0,0,0,0,0,51,10.3626
55,0,22.08,124,79,81.2,3.6,0,1,8.2,0,0,0,1,45,12.143999999999998
71,1,27.3,136,71,108.0,0.7,0,0,6.1,0,0,0,0,65,19.383
39,1,25.54,116,78,107.4,1.8,1,0,8.7,0,0,0,0,38,9.9606
33,1,20.18,108,82,80.2,5.4,0,0,6.3,0,0,0,0,26,6.6594
45,1,33.88,138,87,111.0,3.8,0,1,7.8,0,0,0,0,51,15.246000000000002
52,1,24.86,124,69,81.8,9.8,0,0,6.3,0,0,0,0,55,12.927200000000001
77,1,29.99,134,84,126.0,2.4,0,0,5.8,0,1,0,1,50,23.0923
62,1,35.51,143,88,107.9,2.4,0,0,7.3,0,0,0,1,55,22.016199999999998
63,0,22.88,138,78,106.1,5.0,1,0,5.6,0,1,0,1,60,14.414399999999999
72,0,30.37,163,94,127.2,0.9,0,1,9.6,0,1,1,1,69,21.8664
43,1,29.21,139,75,108.1,1.0,1,1,7.4,0,0,0,1,64,12.5603
42,0,18.74,119,70,83.5,9.1,0,0,7.1,0,0,0,0,49,7.870799999999999
82,0,33.8,149,91,126.0,4.2,1,1,4.4,1,1,1,1,58,27.715999999999998
23,1,27.39,110,64,95.4,8.2,0,0,7.4,1,0,0,0,46,6.2997000000000005
40,1,23.71,119,74,80.4,4.6,0,0,7.9,1,1,0,0,45,9.484000000000002
81,1,17.41,138,72,95.3,4.7,0,0,6.4,0,0,0,0,66,14.1021
60,0,19.41,138,82,116.4,5.4,0,0,7.0,1,1,0,1,56,11.645999999999999
40,1,26.17,119,83,103.5,7.5,0,0,7.5,0,0,0,0,36,10.468000000000002
47,1,19.04,127,72,99.4,3.8,0,0,8.8,0,0,0,0,55,8.9488
35,1,30.47,140,77,132.2,1.9,1,1,5.8,1,1,1,1,63,10.6645
38,0,24.6,128,72,113.9,2.3,1,0,8.4,1,0,1,0,56,9.348
74,0,17.74,144,74,114.3,1.9,1,0,7.9,1,0,0,1,70,13.1276
40,0,22.95,137,80,107.5,0.7,0,0,5.6,0,1,0,0,57,9.18
62,0,20.64,129,56,119.8,3.1,0,0,5.1,0,0,0,0,73,12.796800000000001
61,0,19.7,141,64,101.4,1.6,0,0,6.0,0,1,1,0,77,12.017000000000001
64,0,15.0,120,83,118.0,6.0,0,0,6.6,0,0,0,0,37,9.6
57,1,27.38,115,92,112.0,3.7,0,1,5.6,1,0,0,1,23,15.606599999999998
68,1,21.27,115,75,102.9,4.0,0,0,7.5,0,0,0,0,40,14.4636
59,1,37.68,139,92,113.7,4.1,0,0,5.9,0,0,0,1,47,22.231199999999998
24,0,32.56,112,89,90.6,3.7,0,0,7.7,0,0,0,0,23,7.814400000000001
67,0,36.26,155,87,126.5,4.0,0,1,6.7,0,0,1,1,68,24.2942
65,0,30.95,140,87,122.9,3.7,0,1,6.8,1,1,1,1,53,20.1175
23,0,23.41,121,75,68.4,1.4,0,0,8.3,0,0,0,0,46,5.3843
26,0,28.68,117,71,117.2,4.4,0,0,8.3,0,0,0,0,46,7.456799999999999
74,0,25.04,156,75,107.2,3.5,0,0,7.9,0,0,0,1,81,18.529600000000002
48,1,28.78,124,78,102.2,8.5,0,0,5.8,0,0,0,1,46,13.814400000000001
38,1,31.97,142,86,133.3,2.5,1,0,5.8,1,1,0,1,56,12.148599999999998
57,1,30.27,145,72,112.7,6.3,0,0,6.4,0,1,0,0,73,17.253899999999998
62,1,26.85,131,74,115.4,4.9,0,0,9.2,0,0,1,0,57,16.647000000000002
66,1,27.18,139,73,98.7,2.8,0,0,5.7,0,0,0,0,66,17.9388
37,1,28.07,140,79,118.7,2.1,1,0,7.8,1,0,1,0,61,10.3859
34,1,33.21,129,90,114.5,2.2,0,1,5.5,0,0,0,1,39,11.291400000000001
45,1,23.96,132,78,91.3,1.0,0,1,7.8,1,0,0,0,54,10.782
58,1,25.3,125,80,106.3,6.0,0,1,6.2,0,0,0,0,45,14.674000000000001
83,0,23.86,131,78,123.3,4.1,0,0,7.6,1,1,1,0,53,19.8038
42,1,27.6,128,79,90.4,2.0,0,1,6.1,0,0,1,1,49,11.592
75,1,30.49,144,85,117.4,2.4,0,1,6.4,0,1,1,1,59,22.8675
58,1,28.54,123,72,93.9,4.8,0,0,6.9,0,0,0,0,51,16.5532
23,0,26.47,114,75,94.8,3.3,0,0,6.3,0,0,0,0,39,6.0881
55,0,33.02,137,78,97.0,8.2,0,1,5.9,0,0,1,1,59,18.161
23,1,22.19,126,80,100.4,6.0,1,1,6.6,0,0,0,0,46,5.1037
62,1,18.1,133,80,112.8,3.1,0,1,7.3,0,0,0,0,53,11.222000000000001
31,0,28.67,99,79,114.4,2.9,0,0,4.0,1,1,0,0,20,8.8877
83,1,26.57,143,76,116.8,4.9,0,0,7.3,0,0,0,0,67,22.0531
57,1,25.83,131,79,121.4,1.3,0,0,5.2,1,1,0,0,52,14.723099999999999
20,0,19.15,109,79,71.1,3.1,0,0,7.4,0,0,0,0,30,3.83
41,1,27.95,115,72,108.8,2.0,0,0,9.5,1,1,0,0,43,11.4595
36,0,37.21,137,74,116.5,8.5,0,0,6.9,0,0,1,0,63,13.3956
35,1,19.08,122,77,108.8,5.4,1,1,7.3,0,0,0,0,45,6.678
81,1,25.89,142,84,102.2,9.4,1,0,5.8,0,0,1,0,58,20.9709
52,1,27.24,132,83,113.4,6.4,0,0,6.8,0,0,0,1,49,14.1648
79,1,24.23,150,93,116.4,2.7,0,1,5.3,0,0,1,1,57,19.1417
18,0,27.75,120,80,90.3,4.5,0,0,8.3,1,0,0,0,40,4.995
42,1,24.21,117,67,95.8,2.0,0,0,5.7,0,0,0,0,50,10.1682
62,1,27.69,142,81,130.2,4.2,0,1,6.9,1,1,0,1,61,17.1678
66,1,25.32,139,60,99.0,2.1,0,0,9.0,0,0,0,1,79,16.7112
33,0,23.68,133,57,80.3,1.4,0,0,6.9,0,0,0,1,76,7.814399999999999
36,0,26.35,130,85,129.8,0.8,1,1,6.9,1,0,1,1,45,9.486
40,0,29.59,136,75,104.0,4.5,0,0,7.4,1,0,0,1,61,11.835999999999999
42,1,17.77,119,80,78.6,4.6,1,0,8.7,0,0,0,0,39,7.4634
33,0,30.82,121,86,113.4,6.5,0,1,6.7,0,0,0,0,35,10.1706
71,1,22.59,134,80,97.2,1.0,0,0,8.9,0,0,0,0,54,16.0389
18,1,30.39,106,67,94.3,3.7,0,0,7.5,0,0,0,0,39,5.4702
59,1,22.92,127,76,102.8,0.9,0,0,7.9,0,0,1,0,51,13.522800000000002
36,1,30.94,131,77,125.1,1.5,1,0,8.0,1,0,0,0,54,11.1384
51,1,26.52,131,71,86.6,14.15,0,1,7.3,0,0,0,0,60,13.5252
72,1,21.41,121,83,124.9,8.6,0,0,6.8,0,1,1,0,38,15.4152
35,0,24.26,128,59,84.9,8.5,0,0,6.9,1,0,0,0,69,8.491
51,1,33.72,142,92,100.8,2.9,0,0,6.2,0,0,1,1,50,17.1972
62,1,27.1,130,72,97.7,5.2,0,0,6.0,1,0,1,0,58,16.802
23,1,24.14,109,69,106.6,2.3,0,0,6.6,0,1,0,0,40,5.5522
38,1,33.42,133,79,122.2,3.5,0,0,6.7,0,1,0,0,54,12.6996
65,0,31.76,146,79,120.5,6.1,0,0,6.4,0,1,1,1,67,20.644000000000002
56,0,21.93,107,81,111.9,4.8,0,0,6.0,1,0,0,0,26,12.2808
48,1,25.61,124,74,78.5,1.2,0,0,7.8,0,0,0,0,50,12.2928
27,0,16.58,111,76,88.8,7.5,0,1,9.0,1,0,0,0,35,4.4765999999999995
47,1,31.86,140,81,112.0,4.9,0,1,9.3,0,0,0,0,59,14.974200000000002
35,0,26.82,109,65,102.8,5.2,0,1,7.8,1,0,0,0,44,9.387
77,0,30.69,147,81,124.4,4.7,0,0,5.4,0,0,1,1,66,23.6313
32,0,15.59,117,55,98.7,4.0,0,0,9.1,1,0,0,0,62,4.9888
21,1,25.17,104,73,90.5,4.3,1,1,7.8,0,0,0,0,31,5.2857
80,1,27.77,150,77,107.8,5.1,1,0,8.1,0,0,1,1,73,22.215999999999998
57,1,15.0,113,70,108.8,4.7,0,0,8.6,0,0,0,0,43,8.55
26,1,30.61,127,80,69.4,7.8,0,0,8.8,0,0,0,0,47,7.958600000000001
26,0,24.92,122,71,105.6,2.6,0,1,7.2,0,0,0,0,51,6.4792000000000005
43,0,16.62,125,91,116.3,4.2,1,0,6.1,1,0,1,0,34,7.146600000000001
21,1,23.82,115,75,82.3,2.7,0,0,8.5,0,0,0,0,40,5.0022
33,1,29.45,121,74,84.6,3.1,0,0,4.0,0,0,0,1,47,9.7185
32,0,21.5,114,76,87.6,1.3,0,0,6.1,0,0,0,0,38,6.88
69,1,26.54,134,80,128.3,3.5,0,0,9.1,0,0,0,0,54,18.3126
22,1,24.29,106,71,85.0,14.15,0,0,6.4,1,0,0,0,35,5.3438
37,0,15.23,99,80,99.3,5.1,0,0,8.9,0,0,0,0,19,5.6350999999999996
35,0,30.42,128,79,98.6,4.7,0,0,6.3,0,1,0,0,49,10.647
19,1,31.48,128,68,105.9,2.1,0,0,5.7,0,0,0,0,60,5.9812
30,0,33.46,132,84,102.4,4.7,0,1,7.4,0,0,0,0,48,10.038
21,0,26.85,123,78,96.4,1.8,0,0,8.0,0,0,0,0,45,5.6385000000000005
59,1,29.61,145,77,115.2,6.3,0,0,6.6,0,0,1,1,68,17.4699
78,0,17.44,132,73,125.1,1.9,0,0,7.5,1,0,1,0,59,13.603200000000001
25,0,28.19,116,79,94.6,14.15,0,1,7.5,1,0,0,0,37,7.0475
84,0,24.96,144,74,119.1,5.0,0,0,7.4,1,1,1,1,70,20.9664
80,1,26.35,144,81,133.6,1.9,0,0,10.0,1,1,0,1,63,21.08
26,1,20.32,122,80,81.7,2.4,1,0,6.4,0,0,0,0,42,5.283200000000001
28,0,33.31,119,80,98.5,4.4,0,0,7.5,0,0,1,1,39,9.3268
59,0,17.22,121,86,105.4,9.6,0,0,6.4,0,0,0,0,35,10.159799999999999
30,1,28.38,122,76,75.2,3.9,0,1,5.9,0,1,0,1,46,8.514
53,1,21.48,123,68,97.9,0.6,0,0,7.0,0,0,1,0,55,11.384400000000001
30,1,39.09,136,86,123.1,3.8,1,0,5.3,1,0,1,1,50,11.727
29,0,30.83,118,77,111.1,5.1,0,0,7.6,0,0,0,0,41,8.9407
54,1,26.63,138,78,120.2,2.0,0,0,7.6,0,0,0,1,60,14.3802
69,1,20.84,137,69,112.9,3.0,0,0,6.5,0,0,0,0,68,14.3796
19,1,31.96,119,82,70.5,7.6,0,0,6.9,0,0,0,0,37,6.0724
73,1,15.0,160,69,112.4,5.9,0,0,8.5,1,0,0,0,91,10.95
77,0,29.03,135,79,132.4,4.3,0,1,6.8,1,0,0,0,56,22.353099999999998
40,1,29.76,124,70,91.8,3.2,0,0,6.0,0,0,0,0,54,11.904000000000002
57,0,29.42,140,77,144.8,3.5,0,0,6.4,1,1,0,0,63,16.7694
81,0,31.66,150,80,121.4,3.0,0,1,8.3,0,0,0,1,70,25.6446
40,1,23.52,112,77,87.2,8.3,1,0,9.1,0,0,0,0,35,9.408
46,1,29.99,123,80,118.6,5.8,0,0,7.3,0,0,0,0,43,13.795399999999999
68,0,22.91,142,92,86.9,7.4,1,0,7.4,0,0,1,0,50,15.578800000000001
48,1,21.98,106,67,84.3,14.15,0,0,6.9,0,0,0,0,39,10.5504
67,0,20.81,122,79,123.8,2.2,0,1,6.8,0,0,0,1,43,13.9427
37,1,25.34,109,85,100.8,2.0,0,1,6.0,1,0,0,0,24,9.3758
72,1,33.25,141,90,116.7,0.9,0,1,7.1,1,0,0,1,51,23.94
19,0,36.75,134,86,97.9,5.2,0,0,6.8,0,0,0,0,48,6.9825
42,0,25.23,117,80,107.4,2.3,0,0,5.4,0,0,0,0,37,10.5966
30,0,23.06,130,75,99.8,2.3,1,1,7.4,1,0,0,0,55,6.917999999999999
84,0,34.51,168,92,153.6,2.5,1,0,5.8,1,1,1,1,76,28.9884
75,0,29.31,149,73,113.9,2.7,1,0,4.0,0,0,1,0,76,21.9825
81,1,26.97,147,93,124.6,1.2,0,0,6.9,0,0,0,1,54,21.845699999999997
76,0,20.39,115,82,102.1,13.0,0,0,6.3,1,0,0,0,33,15.496400000000001
77,1,35.1,153,82,121.2,1.0,1,0,6.5,0,0,1,1,71,27.027
79,0,27.34,133,85,101.1,6.6,0,0,8.0,0,0,0,0,48,21.5986
33,1,26.8,122,84,94.9,6.0,1,1,5.3,1,0,0,0,38,8.844
32,0,29.94,117,83,76.4,10.9,0,0,8.7,0,0,0,0,34,9.5808
72,0,26.93,144,74,104.3,1.3,0,0,7.6,0,0,0,0,70,19.3896
52,1,35.35,137,74,91.0,12.6,0,1,8.3,0,0,0,0,63,18.382
72,0,32.67,145,68,136.5,7.8,0,0,6.0,0,1,1,0,77,23.5224
31,1,23.54,104,75,105.8,1.5,0,0,9.4,1,0,0,0,29,7.2974
66,1,27.3,145,86,133.0,3.5,1,0,6.6,0,1,1,1,59,18.018
24,1,23.4,104,69,96.4,5.4,0,0,6.8,1,0,0,0,35,5.615999999999999
47,0,37.76,136,86,112.4,3.9,0,0,7.4,0,0,0,0,50,17.7472
66,0,22.61,146,77,112.3,3.0,0,0,7.2,0,0,0,1,69,14.9226
33,0,26.11,123,66,93.8,1.8,0,0,7.6,0,0,0,1,57,8.6163
68,1,28.91,141,76,125.7,3.8,1,0,7.3,1,1,1,0,65,19.6588
59,0,29.73,138,75,92.5,4.9,1,0,5.1,0,0,1,1,63,17.5407
34,0,30.71,112,79,100.0,7.1,0,1,7.9,0,0,0,0,33,10.441400000000002
80,0,31.45,142,76,120.8,2.9,0,0,7.7,0,1,1,1,66,25.16
62,0,30.82,143,79,109.6,2.0,0,1,5.9,1,0,1,1,64,19.1084
24,0,24.29,124,80,99.8,1.9,0,1,5.7,1,0,0,0,44,5.8296
44,0,23.63,131,74,121.2,2.8,0,0,7.5,0,0,0,0,57,10.3972
27,0,27.02,124,67,103.6,5.6,0,0,7.5,1,0,0,0,57,7.2954
51,0,23.6,112,81,109.6,2.8,0,0,8.3,0,0,0,0,31,12.036000000000001
53,0,22.99,148,80,109.3,9.3,1,0,8.4,0,0,1,1,68,12.1847
42,1,24.35,133,89,90.5,6.7,1,0,9.2,0,0,0,1,44,10.227
23,0,38.99,128,75,101.4,4.3,0,0,6.5,0,0,0,0,53,8.9677
41,0,35.75,136,85,121.8,0.4,0,0,5.9,1,1,1,0,51,14.6575
35,0,25.41,121,68,119.7,4.3,0,0,5.5,0,0,1,0,53,8.8935
23,0,15.0,111,66,80.4,2.3,0,0,6.3,0,0,0,0,45,3.45
46,0,23.38,120,75,122.0,4.3,0,0,8.2,1,0,0,0,45,10.7548
42,1,31.9,132,85,119.7,1.6,0,0,5.4,1,1,1,0,47,13.398
72,1,17.72,143,67,106.1,2.5,0,0,5.5,0,0,0,0,76,12.7584
63,0,30.3,138,89,102.2,11.5,0,1,6.2,0,0,0,0,49,19.089000000000002
41,1,29.93,117,74,100.4,3.9,0,0,7.3,0,0,0,1,43,12.271299999999998
43,0,26.9,148,84,94.7,4.8,1,0,7.9,0,0,0,0,64,11.567
45,0,26.58,123,72,103.2,4.4,0,0,7.1,0,0,0,0,51,11.960999999999999
20,1,21.55,107,72,69.6,6.9,1,0,6.2,1,0,0,0,35,4.31
55,1,30.84,123,71,122.3,9.7,0,1,8.0,1,1,0,0,52,16.962
78,1,28.6,148,80,116.0,13.1,0,1,6.7,1,0,0,1,68,22.308000000000003
68,0,24.01,131,68,97.2,9.8,0,0,4.0,0,0,1,0,63,16.326800000000002
65,0,22.25,139,84,83.8,9.5,0,1,7.9,0,0,0,0,55,14.4625
38,1,19.88,119,79,98.1,3.5,1,0,7.9,0,0,0,0,40,7.554399999999999
71,1,28.95,145,94,117.5,4.5,1,0,8.2,1,1,1,1,51,20.554499999999997
73,0,25.63,124,89,115.3,6.4,0,1,6.1,0,0,0,1,35,18.7099
76,1,25.7,152,75,90.4,6.8,0,0,7.5,0,0,0,1,77,19.532
68,1,17.75,142,81,86.8,6.8,1,1,8.5,0,0,0,1,61,12.07
37,0,20.45,98,67,107.8,4.7,0,0,8.5,0,0,0,0,31,7.5665
76,1,19.82,143,79,87.1,3.3,0,1,6.5,0,0,1,1,64,15.0632
26,1,31.26,126,70,121.5,4.3,0,0,5.8,0,0,0,0,56,8.1276
18,0,27.8,123,73,106.2,2.0,0,1,5.7,0,0,0,0,50,5.0040000000000004
46,1,25.16,112,80,106.4,5.7,0,0,4.0,0,0,0,0,32,11.573599999999999
80,0,33.21,152,90,119.6,2.5,0,0,7.1,0,0,1,1,62,26.568
73,0,32.39,152,83,146.6,9.1,0,1,5.5,1,1,1,1,69,23.644700000000004
52,1,33.21,131,75,98.6,2.5,0,0,8.4,0,0,0,1,56,17.2692
20,1,25.4,105,69,108.1,3.5,0,0,5.5,1,0,0,0,36,5.08
24,1,18.6,101,68,98.9,6.3,0,0,7.2,0,0,0,0,33,4.464
44,1,36.7,130,77,108.0,3.7,0,0,5.0,0,0,0,0,53,16.148000000000003
18,1,29.84,113,82,133.9,2.5,0,0,7.9,1,1,0,0,31,5.3712
61,1,29.96,136,87,104.5,5.4,1,0,8.8,0,0,0,0,49,18.2756
58,0,30.72,135,84,113.6,4.2,0,1,8.2,0,0,0,1,51,17.8176
59,1,42.83,147,81,115.4,2.4,0,0,8.1,0,1,1,0,66,25.269699999999997
50,1,26.22,128,72,114.9,2.8,0,1,8.1,0,0,0,0,56,13.11
67,0,35.13,147,85,122.3,1.8,0,0,8.4,1,1,1,1,62,23.5371
80,1,21.85,138,85,106.3,5.8,0,0,6.6,1,0,1,0,53,17.48
54,1,31.53,131,87,108.0,7.6,0,0,4.5,0,0,0,1,44,17.026200000000003
76,1,37.14,160,91,129.6,5.8,0,1,7.4,0,0,1,1,69,28.226399999999998
65,0,26.53,118,69,115.0,8.9,0,0,6.9,0,0,0,0,49,17.244500000000002
22,1,15.67,100,63,66.6,5.6,0,0,7.9,0,0,0,0,37,3.4474
65,0,30.09,118,82,106.2,4.1,0,1,8.3,0,0,1,0,36,19.5585
20,0,25.54,108,89,80.4,4.8,0,0,7.6,0,0,0,0,19,5.108
64,1,31.7,140,89,121.4,5.3,0,1,4.5,0,0,1,1,51,20.288
79,1,24.09,137,77,120.6,10.0,0,0,5.4,0,1,0,0,60,19.0311
31,0,40.65,140,90,115.9,3.0,1,0,7.0,0,1,1,1,50,12.601499999999998
80,0,27.42,130,80,110.8,2.4,0,0,7.8,0,1,0,0,50,21.936000000000003
78,1,31.39,144,76,106.7,5.3,0,0,6.2,1,0,1,1,68,24.4842
48,1,21.0,124,65,95.1,2.1,0,0,6.7,0,0,0,0,59,10.08
34,1,19.98,133,84,85.3,0.9,1,0,8.2,0,0,0,0,49,6.793200000000001
41,1,19.28,126,69,85.4,1.4,0,0,7.0,1,0,0,0,57,7.9048
40,0,19.32,123,76,100.9,3.5,0,1,8.6,1,0,0,0,47,7.728
67,0,30.74,132,94,124.9,7.5,0,0,7.0,1,1,0,0,38,20.5958
44,0,23.3,138,75,99.0,2.2,0,1,6.7,0,0,0,0,63,10.252
32,0,19.43,123,70,89.2,5.7,0,0,5.6,1,0,0,0,53,6.2176
67,0,22.76,139,77,111.0,2.2,0,1,5.8,0,0,0,0,62,15.2492
53,0,30.88,130,77,121.0,4.0,0,0,6.3,0,0,0,0,53,16.3664
25,1,30.74,131,67,91.3,6.4,0,1,9.1,0,0,0,0,64,7.685
20,0,32.58,138,81,105.0,1.6,0,0,9.8,0,0,0,0,57,6.515999999999999
79,1,25.17,140,69,104.6,2.8,0,0,6.7,0,0,1,1,71,19.8843
64,1,38.38,128,90,123.4,7.7,0,0,8.5,1,1,1,0,38,24.563200000000002
78,1,33.08,155,90,138.8,1.7,0,0,7.9,1,1,1,1,65,25.8024
49,1,19.99,130,62,96.6,1.0,0,0,6.5,0,0,0,0,68,9.795099999999998
30,1,31.51,121,80,126.3,2.0,0,1,6.0,1,0,1,0,41,9.453000000000001
18,0,26.91,122,74,96.7,6.3,0,1,7.6,0,0,0,0,48,4.8438
51,0,25.84,135,80,100.2,1.3,0,1,5.6,0,0,1,0,55,13.1784
79,0,26.86,131,85,135.0,1.8,0,0,9.7,0,1,1,1,46,21.2194
48,0,22.94,119,74,99.5,6.5,0,0,7.5,1,0,0,0,45,11.0112
81,1,32.65,167,94,129.3,0.9,0,1,8.3,0,0,1,1,73,26.4465
42,1,23.45,126,74,97.2,4.1,0,0,6.9,1,0,0,0,52,9.849
55,1,23.55,133,69,90.1,5.1,0,0,8.7,0,1,0,0,64,12.9525
31,0,31.21,127,65,118.4,4.7,0,0,8.5,1,1,0,0,62,9.6751
25,1,39.39,138,84,118.6,5.3,0,0,7.5,1,1,0,1,54,9.8475
71,0,23.92,126,80,109.3,4.7,0,0,5.1,1,0,0,0,46,16.9832
19,1,19.57,98,72,95.1,7.3,0,0,5.8,1,0,0,0,26,3.7182999999999997
73,0,33.41,160,89,105.4,4.4,0,0,7.7,0,1,0,1,71,24.3893
78,0,27.93,152,88,108.2,1.8,1,0,8.5,0,0,1,1,64,21.7854
39,0,29.71,126,70,116.3,4.4,0,1,7.9,0,0,0,0,56,11.5869
52,1,27.0,142,71,126.1,1.5,1,0,7.9,0,0,0,0,71,14.04
33,0,30.24,138,90,136.9,5.1,1,0,8.2,1,0,0,1,48,9.979199999999999
67,0,28.91,136,80,72.0,10.7,0,0,7.5,0,0,0,0,56,19.3697
60,1,23.76,134,74,101.2,4.2,0,1,7.7,1,0,1,1,60,14.256000000000002
34,1,30.88,118,83,96.9,4.7,0,1,8.9,1,0,0,0,35,10.4992
75,0,29.7,145,71,83.5,13.1,0,0,7.1,0,0,0,0,74,22.275
19,1,24.65,124,78,68.8,7.1,0,0,8.9,0,0,0,0,46,4.6834999999999996
21,0,25.8,110,73,106.4,1.4,0,0,4.8,0,0,0,0,37,5.418000000000001
56,0,22.24,136,74,107.5,3.3,0,1,6.9,1,0,1,0,62,12.454399999999998
23,0,29.48,120,67,90.4,6.2,0,0,6.6,0,0,0,0,53,6.780399999999999
37,0,29.54,130,79,122.5,3.6,0,1,8.0,0,0,0,0,51,10.9298
81,1,26.58,145,72,115.3,3.8,0,1,6.2,0,0,1,0,73,21.5298
33,1,20.2,120,76,72.8,1.7,1,0,6.3,0,0,0,0,44,6.666
68,0,15.07,140,82,107.4,0.9,0,1,5.9,0,0,0,1,58,10.2476
54,1,25.46,119,78,101.5,5.5,0,0,7.7,1,0,0,0,41,13.748400000000002
59,1,28.17,140,81,79.6,4.8,0,1,7.5,0,0,0,0,59,16.6203
74,0,30.54,160,91,131.8,3.7,1,0,7.9,0,1,1,1,69,22.5996
83,0,33.37,137,74,120.2,3.8,0,0,6.6,0,0,0,1,63,27.697099999999995
26,1,24.73,107,71,87.5,0.9,0,0,7.5,0,0,0,0,36,6.4298
81,1,17.62,140,71,92.1,11.8,1,0,6.3,0,0,0,0,69,14.2722
39,1,23.82,120,67,98.7,2.9,0,0,7.4,0,0,0,0,53,9.2898
51,1,39.46,161,81,124.2,3.8,0,0,8.6,1,0,0,1,80,20.1246
72,0,36.34,143,80,121.7,3.4,0,0,7.0,0,1,0,1,63,26.164800000000003
46,1,29.28,136,86,104.1,2.8,0,0,6.6,1,1,0,0,50,13.468800000000002
55,0,24.3,142,94,96.9,5.2,1,1,7.0,0,0,1,1,48,13.365
35,1,26.27,147,72,70.0,5.1,1,0,7.5,0,0,0,0,75,9.1945
82,1,36.75,168,90,129.5,1.8,0,0,7.8,1,1,1,1,78,30.135
18,0,28.02,127,82,101.0,1.6,0,0,7.0,0,0,0,0,45,5.0436000000000005
21,0,24.59,103,67,89.4,6.5,0,0,6.9,0,0,0,0,36,5.1639
21,1,34.49,147,85,104.4,1.4,1,0,8.1,1,0,0,1,62,7.242900000000001
44,0,15.5,130,65,83.5,4.8,0,0,6.7,0,0,0,0,65,6.82
60,1,20.97,127,83,63.7,10.7,1,0,7.2,0,0,0,0,44,12.581999999999999
76,1,22.13,132,74,113.5,5.4,0,0,6.9,0,0,0,0,58,16.8188
49,1,32.61,122,76,102.3,7.6,0,0,7.0,0,0,0,0,46,15.9789
50,0,23.55,109,85,107.5,2.8,1,0,7.4,0,0,1,0,24,11.775
45,1,16.52,114,74,111.7,4.0,0,0,7.4,1,0,0,0,40,7.434
72,1,22.79,142,82,113.7,2.7,0,0,6.7,0,0,0,1,60,16.4088
77,1,24.07,157,86,87.6,6.0,1,1,7.9,0,0,1,1,71,18.533900000000003
79,1,26.41,142,77,122.6,3.6,0,0,6.8,1,0,1,1,65,20.863899999999997
51,1,27.54,116,60,132.5,7.0,0,0,6.9,1,1,0,0,56,14.045399999999999
73,1,32.41,153,92,138.6,7.6,1,0,7.9,1,0,0,1,61,23.659299999999998
30,0,24.99,119,79,100.8,2.0,1,0,7.7,1,0,0,0,40,7.496999999999999
73,1,23.42,137,66,107.0,7.5,0,0,7.3,0,0,0,0,71,17.096600000000002
35,0,27.07,126,75,72.6,6.0,0,1,7.2,0,0,0,0,51,9.4745
71,0,28.21,149,77,94.6,6.2,0,0,6.9,0,0,0,1,72,20.0291
60,0,23.31,118,80,102.8,2.7,0,0,7.0,1,0,0,0,38,13.985999999999999
56,1,16.92,124,76,102.5,4.9,1,0,6.4,0,0,0,0,48,9.475200000000001
78,1,23.96,152,70,120.3,2.8,0,0,10.0,1,0,1,1,82,18.6888
59,1,31.48,145,87,115.7,6.7,0,0,7.9,0,0,0,1,58,18.5732
35,0,26.34,126,92,111.8,4.3,0,1,6.7,1,0,0,0,34,9.219
40,0,34.01,138,88,114.2,3.5,0,0,7.6,1,1,0,1,50,13.604
71,0,29.71,146,82,125.4,1.1,1,0,5.2,1,1,1,1,64,21.094099999999997
47,1,23.74,126,69,95.0,4.4,0,1,6.6,1,0,0,0,57,11.1578
75,0,35.32,165,96,149.8,6.7,0,1,8.6,1,1,0,1,69,26.49
84,0,21.76,142,76,104.5,8.5,0,0,9.4,0,0,0,1,66,18.2784
35,0,17.08,116,68,95.6,4.5,1,0,6.5,1,0,0,0,48,5.978
24,1,28.8,134,74,88.8,1.6,1,1,7.7,0,0,0,0,60,6.912000000000001
57,1,22.25,132,82,105.6,3.2,1,0,6.5,1,0,1,0,50,12.6825
82,1,26.47,145,80,105.4,5.1,0,1,8.3,0,0,1,1,65,21.7054
66,0,20.58,132,72,97.8,5.5,0,0,5.5,0,0,0,0,60,13.582799999999999
69,0,26.83,132,70,123.8,8.4,0,0,7.5,1,0,0,1,62,18.5127
46,0,29.61,135,77,96.2,2.1,0,1,5.7,0,0,1,0,58,13.6206
38,0,30.47,118,88,111.1,3.2,0,0,7.0,0,0,0,0,30,11.5786
26,0,20.2,110,76,103.0,6.2,0,1,6.8,0,0,1,0,34,5.251999999999999
64,0,18.95,130,69,111.7,3.3,0,0,7.2,1,0,0,0,61,12.128
59,0,29.11,131,81,108.7,2.7,0,0,8.7,0,0,0,0,50,17.1749
68,0,24.6,119,70,114.2,2.8,0,0,7.7,0,0,0,0,49,16.728
73,0,23.57,146,76,87.6,5.3,1,0,7.2,0,1,0,0,70,17.206100000000003
68,1,26.12,133,68,124.9,2.5,0,0,7.2,0,0,0,0,65,17.7616
37,1,25.81,138,81,101.5,6.1,1,0,7.4,0,0,0,0,57,9.5497
44,1,28.97,125,69,74.9,3.4,0,0,8.0,0,0,0,0,56,12.746799999999999
55,0,29.63,140,89,108.8,5.3,0,0,7.6,0,0,0,1,51,16.296499999999998
82,0,32.51,155,85,125.8,2.5,0,0,8.6,1,1,1,1,70,26.658199999999997
71,1,25.3,144,73,117.0,3.2,0,0,6.1,1,1,1,1,71,17.963
41,0,32.58,128,72,109.5,2.0,0,0,7.0,1,0,1,0,56,13.3578
64,1,30.21,129,85,119.8,2.1,0,1,7.1,1,1,0,1,44,19.334400000000002
80,1,31.86,130,89,111.3,6.5,0,0,6.9,0,0,0,1,41,25.488000000000003
74,1,20.38,151,86,96.2,3.7,0,1,7.1,0,0,1,0,65,15.081199999999999
72,1,26.2,139,76,91.1,7.9,0,1,7.6,1,0,0,1,63,18.863999999999997
77,1,37.79,155,87,118.5,7.2,0,0,6.1,0,0,1,1,68,29.0983
79,1,18.85,138,76,99.4,4.4,0,1,4.6,0,0,1,0,62,14.8915
47,0,37.19,150,96,112.8,3.0,1,0,7.5,0,0,1,1,54,17.4793
39,0,36.93,133,79,131.8,4.9,1,0,6.3,0,0,0,0,54,14.4027
46,0,31.05,129,81,93.8,9.3,1,0,5.8,0,0,0,0,48,14.283
58,0,18.99,129,78,96.0,3.1,0,0,6.9,0,0,0,0,51,11.014199999999999
59,0,25.54,129,68,96.1,5.7,0,0,9.0,1,0,0,0,61,15.068599999999998
82,0,31.4,155,74,125.9,2.2,0,0,8.8,0,0,1,1,81,25.747999999999998
48,1,19.11,108,79,98.6,9.1,0,0,6.9,0,0,0,0,29,9.1728
47,0,30.72,142,82,101.9,8.1,1,0,5.7,0,0,0,1,60,14.4384
35,0,27.43,121,69,99.6,5.6,0,0,8.2,1,0,0,1,52,9.6005
34,0,23.5,111,74,91.0,2.7,0,1,9.3,1,0,0,0,37,7.99
55,1,20.31,140,80,91.3,2.6,1,0,9.0,0,0,1,0,60,11.170499999999999
31,0,35.26,138,85,107.9,2.1,0,1,7.1,0,0,0,1,53,10.9306
73,1,31.31,147,87,106.3,3.7,0,1,7.7,0,0,0,0,60,22.8563
39,1,25.84,128,79,102.4,3.5,0,0,7.6,0,0,0,0,49,10.0776
84,1,27.0,146,83,121.0,3.1,0,0,7.4,0,1,1,0,63,22.68
73,0,25.25,145,76,97.7,4.2,0,0,6.4,0,0,0,0,69,18.4325
36,0,16.32,113,62,95.2,3.1,0,0,6.0,0,0,0,0,51,5.8751999999999995
74,1,34.27,153,83,109.8,3.9,0,0,8.1,0,1,1,1,70,25.3598
61,0,28.07,131,85,119.4,3.9,0,0,7.4,0,0,0,0,46,17.1227
52,0,32.34,151,74,100.8,3.0,0,0,7.7,0,1,0,0,77,16.816800000000004
18,0,24.17,116,73,117.1,8.5,0,1,6.7,1,0,0,0,43,4.350600000000001
69,1,27.33,152,82,104.8,3.8,1,0,6.4,1,1,1,1,70,18.8577
54,0,28.66,128,75,122.9,8.2,0,0,5.2,0,0,0,1,53,15.476400000000002
82,1,32.78,139,85,106.2,10.0,0,0,5.1,0,0,1,1,54,26.8796
68,0,37.2,147,83,127.3,3.8,0,0,8.2,1,1,1,1,64,25.296000000000003
18,1,24.78,112,65,78.4,3.0,1,0,9.1,1,1,0,0,47,4.4604
38,1,24.78,120,81,112.7,5.1,0,0,7.2,1,0,0,0,39,9.416400000000001
70,0,25.37,131,80,106.7,3.0,0,0,7.2,0,0,0,1,51,17.759
33,0,23.34,126,71,91.1,5.9,0,0,6.3,0,0,0,0,55,7.7022
78,0,42.15,154,101,140.0,2.9,0,0,5.9,1,1,0,1,53,32.876999999999995
71,0,17.05,122,74,103.4,9.5,0,0,6.4,0,0,0,0,48,12.1055
57,1,42.38,150,96,139.1,5.0,0,1,8.8,1,1,1,1,54,24.156600000000005
43,0,30.5,127,77,112.2,7.4,0,1,9.5,1,0,0,0,50,13.115
82,1,26.32,144,79,121.8,5.3,0,1,5.8,1,0,1,1,65,21.582400000000003
81,0,21.94,141,79,109.5,1.3,0,0,8.0,1,0,0,0,62,17.7714
60,0,26.57,134,77,119.0,1.3,0,0,8.6,0,1,0,0,57,15.942
34,1,23.53,130,80,93.2,2.0,0,1,6.6,0,0,0,1,50,8.0002
76,1,34.81,159,77,139.1,3.2,0,0,7.4,0,1,1,1,82,26.455600000000004
40,0,30.46,135,78,98.5,8.7,0,0,6.2,1,0,0,1,57,12.184000000000001
24,1,36.49,117,76,100.8,6.0,0,0,8.4,0,1,1,0,41,8.7576
61,0,25.12,124,82,119.8,5.6,0,0,7.9,0,0,0,0,42,15.323200000000002
70,1,27.62,136,88,110.1,5.5,1,0,5.6,1,1,0,1,48,19.334
51,0,26.24,140,80,100.4,3.9,0,1,6.8,0,0,1,1,60,13.3824
63,0,24.63,141,72,122.5,2.3,0,0,6.7,1,1,0,0,69,15.516899999999998
33,1,20.83,126,76,79.1,6.7,1,0,8.7,0,0,0,0,50,6.8739
36,0,30.97,112,62,93.3,6.1,0,0,7.4,0,1,0,0,50,11.1492
19,0,28.78,131,78,94.8,1.6,0,0,6.9,0,0,0,0,53,5.4682
27,0,26.53,110,76,97.3,3.3,0,0,8.3,0,0,0,0,34,7.163100000000001
67,1,29.72,150,80,120.5,1.5,0,1,5.3,0,0,0,0,70,19.9124
29,1,24.41,125,83,92.1,2.1,0,1,5.5,0,0,0,0,42,7.0789
39,1,26.89,130,81,90.2,2.7,0,1,8.9,0,0,1,0,49,10.4871
49,0,31.8,123,86,115.8,2.9,0,0,6.7,0,0,0,1,37,15.582
18,1,32.59,123,81,102.5,10.5,1,0,6.4,0,0,0,0,42,5.866200000000001
71,0,35.66,146,89,120.6,4.7,0,0,6.8,1,1,1,1,57,25.318599999999996
75,0,20.36,139,78,121.0,4.3,0,1,9.3,1,0,1,1,61,15.27
35,1,21.22,108,74,84.4,8.7,0,1,8.3,0,0,0,0,34,7.427
23,0,20.12,124,64,92.7,2.7,0,0,5.5,0,0,0,0,60,4.6276
62,0,23.04,119,71,122.4,5.4,0,0,7.3,1,0,0,0,48,14.2848
40,1,24.86,129,90,116.9,1.3,1,0,6.3,1,0,0,1,39,9.943999999999999
40,1,29.33,129,76,104.9,1.0,0,0,8.5,1,1,0,1,53,11.731999999999998
43,0,33.55,136,72,111.3,9.7,0,0,5.9,0,0,0,1,64,14.426499999999999
24,0,24.52,127,64,83.6,4.1,0,1,7.6,0,0,0,0,63,5.8848
61,1,30.13,132,83,99.4,2.7,0,0,6.8,1,0,1,1,49,18.379299999999997
44,0,34.21,132,77,94.2,3.9,0,1,7.1,0,0,0,0,55,15.0524
43,0,24.16,125,81,86.0,4.0,1,0,7.4,0,0,1,1,44,10.388800000000002
53,0,25.17,127,84,121.9,3.2,1,0,8.4,0,0,1,1,43,13.3401
72,1,27.18,144,79,115.5,3.1,0,0,6.4,0,0,0,0,65,19.5696
81,0,17.08,131,82,127.8,4.0,0,1,5.9,1,0,1,1,49,13.834799999999998
74,0,29.77,143,84,111.0,4.9,0,0,7.6,0,0,1,1,59,22.0298
78,0,19.81,141,77,119.3,2.9,0,1,6.1,0,0,0,0,64,15.451799999999999
19,0,31.38,121,81,111.3,4.1,0,1,7.6,1,1,0,0,40,5.9622
72,0,24.3,135,76,137.6,3.1,0,1,7.0,0,0,0,1,59,17.496000000000002
55,1,23.84,124,79,107.8,4.3,0,0,6.1,0,0,0,0,45,13.112
46,1,21.12,119,77,80.3,6.6,0,0,6.0,0,0,0,0,42,9.715200000000001
43,0,29.94,128,70,102.3,7.0,0,0,7.9,1,0,0,0,58,12.8742
52,1,29.9,139,80,104.7,2.9,0,0,6.9,0,0,1,0,59,15.548
84,0,24.16,134,82,118.8,3.2,0,0,6.1,1,1,1,0,52,20.2944
46,1,37.23,149,93,102.2,3.9,1,0,7.0,0,0,0,1,56,17.125799999999998
51,0,27.0,137,79,120.5,4.7,0,0,6.2,0,0,1,1,58,13.77
58,1,26.72,126,84,147.6,2.3,0,0,7.4,1,1,1,1,42,15.4976
58,0,27.14,146,83,112.1,3.8,1,0,7.6,0,0,0,1,63,15.741200000000001
40,1,22.85,136,61,69.1,3.5,0,0,7.2,0,0,0,0,75,9.14
20,1,21.04,108,70,97.6,4.9,0,0,6.6,1,0,0,0,38,4.207999999999999
75,0,24.63,146,80,107.9,5.3,0,1,5.9,0,0,0,1,66,18.4725
49,0,30.48,134,73,120.7,3.8,0,1,7.3,1,0,0,1,61,14.9352
48,0,16.06,134,79,102.4,7.9,1,0,6.1,1,0,0,0,55,7.708799999999999
60,1,18.1,123,75,110.2,2.5,0,0,6.5,0,0,0,1,48,10.86
24,0,23.28,108,64,83.6,8.8,0,0,7.1,0,0,0,0,44,5.5872
18,1,16.39,119,74,80.2,8.0,0,0,7.5,1,0,0,0,45,2.9501999999999997
78,1,18.58,146,70,117.4,1.3,0,0,8.8,0,0,1,1,76,14.492399999999998
31,0,31.49,122,78,89.4,2.7,0,0,6.3,0,0,0,0,44,9.761899999999999
69,0,24.26,144,71,94.0,6.5,0,0,6.5,0,0,0,1,73,16.7394
23,1,21.89,111,70,108.5,2.0,0,1,5.1,1,0,0,0,41,5.0347
27,1,27.61,120,79,114.4,4.7,1,0,7.3,1,0,0,0,41,7.4547
47,1,27.47,145,81,106.6,1.3,0,1,5.8,1,0,0,1,64,12.9109
38,0,33.55,134,69,108.4,4.3,0,1,8.1,1,0,0,1,65,12.748999999999999
77,0,16.48,123,70,97.4,5.0,0,0,7.4,0,0,0,0,53,12.6896
80,1,21.43,147,77,111.7,2.5,0,0,5.8,1,0,0,1,70,17.144000000000002
59,1,23.34,117,71,100.8,5.7,0,0,7.1,0,0,0,0,46,13.7706
68,1,29.07,139,84,120.9,10.5,0,1,7.1,1,0,1,0,55,19.7676
81,0,43.57,151,97,155.0,0.7,0,1,8.4,0,1,1,1,54,35.2917
73,0,30.2,162,86,100.8,3.8,0,1,7.6,0,0,1,1,76,22.046
58,0,25.26,131,85,132.8,4.4,0,0,6.2,1,0,0,0,46,14.650800000000002
49,1,19.76,112,67,101.5,4.0,0,0,9.0,1,0,0,0,45,9.682400000000001
32,0,19.04,120,70,100.1,3.0,0,0,5.9,1,0,0,0,50,6.0927999999999995
79,1,32.04,144,84,117.5,4.3,0,0,9.0,0,0,1,1,60,25.3116
44,1,22.19,117,71,91.5,4.9,0,0,7.2,0,0,0,0,46,9.7636
45,0,24.75,127,73,112.5,2.9,0,1,5.7,1,0,1,0,54,11.1375
81,0,36.41,143,83,101.8,7.3,0,0,6.3,0,0,1,0,60,29.492099999999997
76,1,16.86,129,76,118.3,5.9,0,0,7.6,1,0,0,1,53,12.8136
75,0,28.37,143,91,130.2,3.1,0,0,8.5,1,0,1,1,52,21.2775
19,0,21.56,114,65,92.5,4.6,0,0,6.2,1,0,1,0,49,4.0964
53,0,36.29,134,93,127.1,2.3,0,1,6.6,0,0,0,1,41,19.2337
30,1,21.36,118,73,102.3,6.9,0,1,6.0,0,0,0,1,45,6.4079999999999995
32,1,30.68,135,77,105.7,4.6,1,1,6.4,0,0,0,1,58,9.8176
77,1,16.31,153,71,95.2,1.1,0,1,6.3,0,1,0,1,82,12.558699999999998
39,1,35.81,141,91,115.4,4.3,0,0,6.4,0,0,0,0,50,13.965900000000001
80,1,32.13,148,82,134.7,4.3,0,0,7.4,1,1,1,1,66,25.704
42,1,23.57,127,75,94.1,1.7,0,1,6.2,0,0,0,0,52,9.8994
65,1,29.08,136,85,106.2,3.4,0,0,7.1,0,0,1,0,51,18.901999999999997
60,0,32.35,145,92,106.3,8.0,0,1,8.9,0,0,0,1,53,19.41
55,0,27.69,142,75,75.3,12.4,0,0,5.7,0,0,0,0,67,15.2295
58,1,24.55,148,76,98.0,2.3,1,0,8.0,0,0,1,1,72,14.239
62,1,26.23,128,76,112.8,1.9,0,1,5.8,1,0,1,0,52,16.2626
57,0,27.44,128,81,105.3,3.1,0,0,6.9,0,0,1,1,47,15.640800000000002
34,1,27.13,145,75,101.3,5.6,1,0,7.5,1,0,1,1,70,9.2242
74,0,29.32,157,71,114.5,5.9,0,1,7.2,0,0,1,0,86,21.6968
19,0,20.88,111,69,72.3,2.5,0,0,7.7,0,0,0,0,42,3.9671999999999996
79,1,23.04,155,75,100.8,0.4,1,0,6.0,0,0,0,1,80,18.2016
26,0,24.54,107,66,103.4,3.3,0,0,7.1,0,0,0,0,41,6.3804
34,1,29.53,137,78,87.1,2.8,0,0,6.1,0,0,0,0,59,10.0402
67,0,17.94,118,78,98.9,6.5,0,0,7.2,1,0,0,0,40,12.0198
57,0,27.69,117,71,105.1,5.4,0,0,8.2,0,0,0,0,46,15.783300000000002
75,1,31.33,129,83,135.6,6.6,0,1,8.5,0,0,1,1,46,23.4975
38,1,27.08,126,77,76.9,1.7,0,0,7.9,0,0,0,0,49,10.2904
35,0,27.24,130,90,99.1,1.3,0,0,7.5,1,0,1,0,40,9.533999999999999
72,1,25.05,145,83,95.6,3.8,0,1,7.4,0,0,0,1,62,18.036
46,1,27.16,111,74,117.9,3.1,0,0,7.3,0,0,0,0,37,12.493599999999999
41,0,24.24,123,79,118.2,1.2,0,1,8.3,1,0,0,0,44,9.9384
34,0,25.83,102,64,108.3,3.1,0,0,4.9,0,0,0,0,38,8.7822
35,1,24.24,115,69,100.4,1.3,1,1,7.1,0,0,0,0,46,8.484
59,1,25.76,129,82,112.3,1.1,0,0,7.3,1,0,0,1,47,15.198400000000001
62,0,24.96,129,76,115.5,3.1,0,1,6.0,0,0,1,0,53,15.4752
34,0,19.95,125,67,88.2,2.2,0,0,4.4,0,0,0,0,58,6.7829999999999995
31,0,18.07,113,69,110.1,3.2,0,0,6.3,1,0,0,0,44,5.601699999999999
66,0,27.26,138,77,119.8,1.7,0,0,8.6,0,0,0,0,61,17.991600000000002
46,1,30.3,125,84,105.9,3.9,1,0,9.8,0,0,0,0,41,13.937999999999999
21,1,35.81,110,77,116.4,2.6,0,0,4.5,1,0,0,0,33,7.5201
37,0,33.17,113,88,120.5,5.6,0,0,7.8,0,1,1,0,25,12.2729
64,1,32.04,151,84,93.3,3.7,1,1,6.9,0,0,1,1,67,20.5056
26,1,28.13,119,75,122.8,1.1,0,0,6.6,1,0,0,0,44,7.3138
44,1,27.49,139,74,96.2,5.9,0,0,5.8,0,0,0,1,65,12.0956
32,1,22.22,102,65,87.8,3.1,0,0,7.2,0,0,0,0,37,7.110399999999999
36,1,21.57,112,74,109.9,4.4,0,0,4.5,0,0,0,0,38,7.7652
69,1,27.9,131,87,129.2,8.7,0,0,8.1,1,1,0,1,44,19.250999999999998
43,0,21.96,118,72,84.8,6.0,0,1,9.3,0,0,0,0,46,9.4428
43,0,26.27,135,79,111.8,5.7,0,0,6.5,1,1,0,0,56,11.2961
43,1,15.0,134,77,123.1,4.3,0,0,5.4,0,0,0,0,57,6.45
63,0,29.51,134,75,95.4,4.4,0,0,5.5,0,0,0,0,59,18.5913
66,0,20.8,134,83,96.8,3.2,0,1,6.6,0,0,1,0,51,13.728
70,0,18.52,128,79,76.5,5.3,0,0,5.6,0,0,0,0,49,12.963999999999999
20,1,30.99,114,91,86.7,3.2,0,1,7.0,1,0,0,0,23,6.1979999999999995
83,1,32.39,169,85,130.9,4.5,0,1,7.6,0,1,0,1,84,26.883699999999997
59,0,26.31,135,71,110.2,4.1,0,1,6.7,0,1,1,1,64,15.5229
36,0,22.64,105,67,71.0,9.4,0,0,6.9,0,0,0,0,38,8.1504
34,1,30.97,111,72,112.8,10.5,1,0,7.8,1,0,0,0,39,10.5298
50,0,22.34,126,72,91.5,5.3,0,0,6.7,0,0,0,0,54,11.17
66,1,25.89,135,81,90.4,14.15,0,0,8.6,1,0,0,1,54,17.0874
73,0,34.62,153,100,115.3,8.8,0,1,7.9,1,1,1,1,53,25.272599999999997
80,1,28.98,159,84,138.3,2.2,0,0,7.3,0,0,0,1,75,23.184
20,1,26.53,124,79,87.6,6.7,0,0,7.1,0,0,0,0,45,5.306
66,1,25.2,144,78,93.3,9.8,1,1,7.4,1,0,1,1,66,16.632
72,1,27.05,126,88,98.5,2.3,0,1,8.3,0,0,0,0,38,19.476000000000003
43,0,28.34,129,75,115.1,5.9,0,0,7.0,1,0,0,1,54,12.1862
69,0,20.27,142,71,83.2,1.7,1,0,8.0,0,0,1,1,71,13.986299999999998
24,1,33.81,122,87,124.0,3.2,1,1,7.8,0,0,0,0,35,8.1144
63,1,24.14,125,84,87.1,2.1,0,0,5.4,0,0,0,0,41,15.2082
63,0,25.61,119,73,98.0,3.9,0,0,8.6,0,0,0,0,46,16.1343
33,1,31.52,138,79,80.7,12.4,1,0,6.9,0,0,0,1,59,10.4016
41,1,25.98,119,80,87.0,7.1,0,0,5.8,0,0,0,0,39,10.651800000000001
78,1,31.91,155,84,110.9,4.1,1,0,8.2,0,0,1,1,71,24.8898
71,1,26.53,150,80,84.5,1.4,1,0,7.0,0,0,1,1,70,18.8363
79,1,27.38,146,80,111.5,4.9,1,0,6.0,0,0,1,1,66,21.6302
18,1,28.05,121,90,83.7,7.5,1,0,8.0,0,0,0,0,31,5.049
66,1,28.97,147,79,114.6,3.8,0,1,7.0,0,0,1,1,68,19.1202
42,1,30.05,129,76,107.8,5.8,0,1,7.0,0,0,1,0,53,12.621000000000002
27,1,32.9,132,90,105.9,1.9,0,1,7.6,1,1,1,1,42,8.883
33,0,32.56,127,76,102.8,3.9,0,1,5.2,0,0,0,0,51,10.7448
75,0,22.2,136,76,125.7,3.4,0,0,7.6,1,0,0,0,60,16.65
46,0,35.23,131,74,94.9,7.8,0,0,8.0,0,0,0,1,57,16.2058
23,1,16.94,114,72,94.4,3.7,1,1,7.3,0,0,0,0,42,3.8962
33,1,23.14,108,70,103.1,2.3,0,0,7.2,0,0,0,0,38,7.6362
37,1,26.0,113,77,90.2,1.5,0,0,8.7,0,0,0,0,36,9.62
60,1,20.04,127,71,94.9,6.3,0,0,5.4,1,0,0,0,56,12.024
43,0,28.42,111,76,95.4,5.1,0,0,7.8,0,0,0,0,35,12.220600000000001
50,0,31.09,131,83,109.3,3.8,0,0,7.5,0,0,1,1,48,15.545
43,1,22.67,112,82,92.7,7.0,0,1,5.6,0,0,0,0,30,9.7481
62,0,29.49,127,82,95.8,2.9,0,1,7.1,1,0,0,0,45,18.2838
80,0,31.65,144,99,143.1,5.2,0,0,8.0,1,1,1,1,45,25.32
84,1,15.57,136,89,112.2,5.9,0,0,7.8,0,0,0,1,47,13.078800000000001
69,0,27.81,141,81,145.0,3.7,0,0,6.9,1,1,0,1,60,19.1889
43,1,28.97,133,73,128.6,12.9,0,0,6.4,1,0,0,0,60,12.4571
19,0,21.48,114,77,101.9,2.4,0,1,7.2,0,0,0,0,37,4.0812
31,1,19.87,106,70,106.2,8.8,0,1,6.9,0,0,0,0,36,6.1597
47,0,22.81,113,77,103.2,6.2,0,0,7.5,0,0,0,0,36,10.720699999999999
66,0,25.72,131,67,102.5,3.6,1,0,6.4,0,1,0,0,64,16.9752
29,1,22.45,128,67,91.0,1.2,1,0,6.9,0,0,0,0,61,6.5104999999999995
61,1,30.02,146,85,142.3,8.5,0,0,8.2,1,1,0,1,61,18.3122
50,1,29.27,129,93,90.1,4.2,1,0,8.4,0,0,0,0,36,14.635
30,0,28.98,110,81,100.3,8.7,1,0,6.0,1,0,0,1,29,8.693999999999999
43,0,34.1,139,87,112.3,3.1,0,0,5.7,0,0,0,1,52,14.663
38,1,30.54,131,81,135.6,0.7,0,1,4.8,1,1,0,1,50,11.6052
45,0,28.44,129,76,87.9,6.1,0,0,6.7,0,0,0,0,53,12.798
65,0,19.7,135,77,97.4,0.9,0,1,9.0,1,0,0,1,58,12.805
57,1,33.51,140,89,119.9,6.7,1,1,7.7,1,1,0,1,51,19.1007
83,0,34.15,164,84,120.7,3.6,0,0,8.1,0,0,1,1,80,28.344499999999996
40,0,24.89,119,62,75.8,6.1,1,0,7.2,0,0,0,0,57,9.956
65,0,22.11,139,85,112.8,6.8,0,0,7.8,1,0,1,1,54,14.3715
19,1,31.18,116,82,78.1,13.9,0,0,6.6,0,0,0,0,34,5.9242
37,0,16.24,114,77,103.2,8.4,1,0,7.3,1,1,0,0,37,6.0088
76,1,29.11,155,86,107.5,2.6,1,1,7.7,0,0,1,1,69,22.1236
63,0,35.48,150,83,152.2,1.5,0,1,8.5,1,1,1,1,67,22.3524
20,1,24.59,117,64,85.7,3.0,0,0,7.6,1,0,0,0,53,4.918
72,0,28.2,139,95,97.9,2.7,0,1,7.1,0,1,0,1,44,20.304
29,0,27.39,125,73,91.9,5.4,0,0,6.0,0,0,1,0,52,7.9431
57,1,32.85,145,83,110.5,2.5,0,0,6.8,0,0,1,1,62,18.7245
83,1,27.42,130,76,113.1,2.3,0,0,7.6,0,0,1,1,54,22.7586
33,1,24.81,127,75,95.5,2.9,0,1,6.8,1,0,0,0,52,8.187299999999999
51,1,17.99,121,86,73.0,3.8,0,0,6.0,0,0,0,0,35,9.1749
61,0,27.35,130,85,101.3,4.5,0,0,7.8,0,0,0,0,45,16.683500000000002
23,0,26.4,106,76,98.0,9.4,0,0,7.0,0,0,0,0,30,6.071999999999999
81,0,15.0,158,86,121.8,2.7,1,1,6.3,0,0,1,0,72,12.15
39,1,20.96,122,66,105.2,3.6,0,0,4.7,1,0,0,0,56,8.1744
35,0,23.33,117,77,83.1,6.1,0,0,7.1,0,0,0,0,40,8.1655
29,1,23.33,122,81,82.3,5.4,0,1,6.7,1,0,0,0,41,6.765699999999999
69,0,26.64,125,84,98.6,5.8,0,1,9.9,0,0,0,0,41,18.381600000000002
68,1,26.16,152,99,121.1,2.5,0,1,8.6,0,0,0,1,53,17.788800000000002
65,0,26.44,136,96,117.8,2.0,1,1,5.9,0,0,1,1,40,17.186
36,0,39.91,154,84,104.5,2.2,1,1,8.4,0,0,1,1,70,14.367599999999998
23,1,24.24,118,73,91.9,2.8,0,1,7.2,0,0,0,0,45,5.5752
44,1,21.76,114,78,104.5,8.7,0,0,8.2,0,0,0,0,36,9.5744
70,1,35.89,138,81,90.6,3.4,0,0,10.0,0,0,0,1,57,25.123
65,1,35.29,124,80,131.5,1.0,0,0,6.5,0,0,1,0,44,22.938499999999998
24,1,20.52,106,73,95.2,3.2,0,0,6.6,0,0,0,0,33,4.9248
76,1,33.84,147,82,131.6,4.9,0,0,6.1,1,1,0,0,65,25.718400000000003
28,1,16.09,101,78,90.2,2.2,0,0,8.1,1,0,0,0,23,4.505199999999999
32,1,43.45,156,92,128.1,4.2,0,1,8.0,0,1,0,1,64,13.904000000000002
81,0,37.14,159,87,141.6,8.1,1,0,9.0,0,1,0,1,72,30.0834
20,0,29.89,110,72,78.4,6.0,0,0,7.8,0,0,0,0,38,5.978
40,1,31.78,130,84,110.4,2.5,1,0,5.5,1,1,1,1,46,12.712
70,1,29.37,142,84,88.1,5.5,0,0,8.7,0,0,0,0,58,20.559
54,0,22.98,136,65,98.3,5.1,0,1,7.5,0,0,0,0,71,12.4092
26,0,33.73,128,76,97.9,4.2,0,1,6.8,0,0,0,0,52,8.769799999999998
32,1,34.67,149,92,137.6,6.3,1,0,6.1,1,1,1,1,57,11.0944
20,0,22.58,111,67,89.7,9.1,0,0,8.1,0,0,0,0,44,4.516
34,1,26.61,128,66,98.1,4.1,0,0,5.6,0,0,0,1,62,9.0474
43,1,19.65,109,70,101.1,1.4,0,0,9.1,0,0,0,0,39,8.449499999999999
38,0,26.52,112,88,95.0,4.3,0,0,7.1,0,0,0,0,24,10.0776
38,1,25.25,123,77,112.1,2.3,0,0,4.7,0,0,0,0,46,9.595
28,1,34.06,129,83,88.6,8.1,0,0,7.5,0,0,0,1,46,9.536800000000001
55,1,36.08,147,92,122.1,1.6,1,0,7.4,1,0,1,1,55,19.843999999999998
52,0,20.63,127,71,96.1,5.6,0,0,6.9,0,0,0,0,56,10.7276
31,0,31.26,129,89,107.6,1.6,1,0,9.1,1,0,1,0,40,9.6906
31,1,31.9,134,79,110.4,1.6,0,0,8.3,0,0,0,1,55,9.889
27,0,16.66,117,79,109.5,2.3,0,1,5.6,0,0,0,0,38,4.4982
29,0,32.4,122,87,90.9,2.1,0,0,7.8,0,0,0,1,35,9.395999999999999
55,0,18.23,115,72,101.8,1.4,0,0,8.1,0,0,1,0,43,10.0265
51,0,23.83,113,76,122.1,7.8,1,0,6.6,1,0,0,0,37,12.1533
58,0,21.57,130,66,103.0,7.7,0,0,6.8,0,0,0,0,64,12.5106
27,0,17.69,118,82,102.9,2.1,0,0,7.1,1,0,0,0,36,4.776300000000001
34,1,33.2,118,76,111.2,8.1,0,0,5.4,0,0,0,0,42,11.288000000000002
34,1,21.34,105,72,101.3,4.9,0,0,6.7,1,0,0,0,33,7.255599999999999
84,0,24.5,131,74,106.2,1.6,0,1,7.1,0,0,0,1,57,20.58
79,1,26.76,163,85,123.1,7.6,0,1,8.3,1,1,1,1,78,21.1404
18,0,31.11,104,77,86.9,9.9,0,0,6.4,0,0,0,0,27,5.5998
29,1,21.18,118,71,117.0,3.2,0,0,7.2,1,0,0,0,47,6.1422
21,0,29.63,113,79,122.3,1.6,0,1,6.1,1,1,0,0,34,6.222300000000001
59,0,25.46,132,65,95.0,5.0,0,0,6.3,0,0,0,0,67,15.021400000000002
30,1,20.95,113,61,97.5,0.8,0,0,6.2,1,0,0,0,52,6.285
21,0,32.72,109,70,99.0,3.4,0,0,6.5,0,0,0,0,39,6.8712
36,1,38.86,147,93,124.4,2.5,1,0,7.3,1,0,0,1,54,13.989600000000001
19,0,27.98,118,81,102.5,1.3,0,0,7.6,1,1,0,0,37,5.3162
29,0,23.27,117,71,102.1,6.7,0,0,8.1,0,0,0,0,46,6.7483
23,1,22.53,105,63,79.3,10.6,0,0,5.7,0,0,0,0,42,5.181900000000001
25,1,31.48,124,81,112.7,5.0,0,0,7.5,1,0,0,0,43,7.87
68,0,26.88,137,79,104.3,3.3,0,0,5.5,0,0,1,0,58,18.278399999999998
28,0,20.64,109,70,91.6,1.6,0,0,4.1,0,0,0,0,39,5.7792
80,0,16.98,129,86,96.7,5.6,0,0,7.5,0,0,0,0,43,13.584000000000001
74,1,29.01,142,90,105.3,5.5,0,0,7.3,0,1,1,0,52,21.4674
29,0,19.46,106,69,95.3,1.7,0,0,8.2,1,0,0,0,37,5.643400000000001
19,0,24.47,129,73,75.2,6.3,1,1,6.0,0,0,0,0,56,4.649299999999999
25,1,36.25,125,87,121.7,2.2,0,0,6.6,1,1,0,1,38,9.0625
28,0,21.98,121,73,78.3,6.7,0,0,7.5,0,0,0,0,48,6.154400000000001
70,0,32.91,149,89,121.3,5.3,0,0,6.7,0,0,0,0,60,23.037
27,0,20.88,121,83,76.8,1.0,0,1,6.8,0,0,0,1,38,5.6376
25,1,31.87,118,74,96.7,3.5,0,0,7.5,1,0,0,0,44,7.9675
53,0,30.14,147,74,106.8,5.5,0,0,8.2,0,0,0,0,73,15.974200000000002
31,0,29.63,131,89,108.3,2.8,1,0,8.6,0,0,0,0,42,9.1853
71,1,23.27,126,72,101.0,5.4,1,0,7.9,1,0,1,0,54,16.5217
38,0,30.49,126,78,100.3,4.7,0,1,6.2,1,0,0,0,48,11.586199999999998
67,0,28.97,141,95,143.5,4.3,0,1,5.9,1,1,1,1,46,19.4099
56,0,37.75,150,106,119.3,3.8,0,0,10.0,1,0,0,1,44,21.14
37,1,23.23,121,74,133.5,4.5,0,0,6.6,1,0,0,0,47,8.5951
24,1,34.26,132,77,100.3,0.9,0,0,6.7,1,0,0,1,55,8.2224
26,0,21.58,90,78,71.9,11.2,0,0,7.1,0,0,0,0,12,5.610799999999999
18,0,25.41,117,70,85.5,4.5,0,0,5.4,0,0,0,0,47,4.5738
43,0,23.1,120,82,97.1,7.3,0,0,6.0,0,0,0,0,38,9.933
55,0,23.93,123,72,99.2,6.1,0,1,7.7,1,0,1,0,51,13.1615
55,1,25.89,127,70,105.5,3.3,0,1,5.4,0,0,1,0,57,14.2395
78,0,35.16,157,90,130.3,3.5,0,0,6.4,1,0,1,1,67,27.424799999999994
61,0,29.45,128,77,114.0,7.6,0,0,5.8,0,0,0,0,51,17.9645
61,1,33.96,141,86,104.8,5.0,0,0,6.4,1,0,0,0,55,20.7156
79,0,26.88,141,79,129.6,11.1,0,1,6.7,0,0,1,0,62,21.2352
23,1,34.24,127,73,114.3,2.8,0,0,8.0,1,0,1,0,54,7.875200000000001
34,0,28.12,129,82,113.4,2.6,0,0,8.1,0,0,0,0,47,9.5608
68,1,22.22,126,85,94.0,3.2,0,1,7.1,1,0,1,1,41,15.1096
55,0,32.92,144,86,77.7,10.6,0,0,6.9,0,0,1,0,58,18.106
41,1,35.41,142,82,140.7,2.5,0,1,5.5,0,1,1,1,60,14.518099999999999
68,0,30.5,139,76,106.7,6.1,0,0,5.4,0,0,0,1,63,20.74
27,1,31.62,122,79,87.7,2.5,0,0,7.4,0,0,0,0,43,8.5374
38,0,34.22,134,91,110.3,3.6,0,1,8.5,0,0,0,1,43,13.003599999999999
74,1,25.23,141,80,117.2,6.8,0,1,7.3,1,0,0,1,61,18.6702
56,0,22.64,129,80,95.2,5.6,0,1,7.2,0,0,0,0,49,12.678400000000002
50,1,28.9,124,84,80.1,8.3,0,1,9.3,0,0,0,0,40,14.45
76,1,36.81,144,90,118.9,8.1,0,0,7.9,0,1,0,0,54,27.975600000000004
35,1,28.55,123,84,124.9,0.4,0,1,5.7,0,0,0,0,39,9.9925
73,1,30.45,138,82,125.7,5.5,0,0,5.7,1,0,1,1,56,22.2285
74,0,27.23,155,76,89.1,4.7,0,0,6.6,0,0,1,0,79,20.150199999999998
65,0,28.51,135,70,125.2,6.3,0,0,5.9,1,1,0,1,65,18.5315
59,1,23.74,128,74,116.8,3.0,0,0,6.4,1,0,0,0,54,14.006599999999999
44,0,29.98,143,83,114.2,5.4,1,1,7.1,1,1,0,1,60,13.191200000000002
69,0,31.89,143,86,101.3,1.7,0,0,5.7,0,0,1,1,57,22.004099999999998
59,0,18.09,123,76,114.7,3.2,0,0,7.0,1,0,0,0,47,10.6731
49,0,18.09,127,76,87.9,4.9,0,0,7.3,0,0,0,0,51,8.8641
43,1,16.63,126,74,89.5,10.1,1,0,9.6,0,0,0,0,52,7.150899999999999
42,1,35.36,127,74,132.8,11.1,0,0,6.9,0,0,0,0,53,14.851199999999999
40,1,21.44,110,67,74.6,10.6,0,0,6.6,0,0,0,0,43,8.576
74,0,28.84,138,76,113.2,1.7,0,0,9.1,1,1,1,1,62,21.3416
69,1,37.15,148,86,106.7,5.5,0,1,5.4,0,0,0,1,62,25.633499999999998
48,1,28.73,133,80,114.0,0.8,0,0,9.8,1,1,1,1,53,13.7904
81,1,29.78,146,82,113.1,4.9,0,0,7.5,0,0,1,1,64,24.121800000000004
50,1,21.91,138,87,100.1,3.7,1,0,8.3,1,0,0,1,51,10.955
19,1,28.73,133,79,102.9,1.2,1,0,6.7,0,0,0,1,54,5.4587
35,0,21.03,121,68,92.6,4.9,0,0,5.6,1,0,0,1,53,7.360500000000001
64,0,15.76,130,72,91.9,8.7,0,0,5.7,1,0,0,0,58,10.0864
50,0,27.1,122,85,96.0,1.7,0,1,7.6,0,0,0,0,37,13.55
52,1,28.66,144,76,85.9,4.7,1,0,9.2,0,0,0,1,68,14.9032
68,1,23.74,133,72,116.4,1.8,0,0,5.9,1,0,1,0,61,16.1432
35,1,22.47,122,87,90.6,7.1,1,0,7.3,0,0,0,0,35,7.8645
47,1,25.56,127,81,101.8,1.5,1,0,5.4,0,0,0,1,46,12.0132
61,1,22.58,128,89,112.7,2.9,1,0,8.4,1,0,0,0,39,13.7738
70,1,31.1,135,92,109.5,4.4,0,0,7.5,0,0,0,0,43,21.77
27,1,29.39,139,89,90.3,3.1,1,0,5.3,0,0,0,1,50,7.9353
69,0,36.24,158,82,123.6,2.4,0,0,7.4,0,0,1,1,76,25.0056
66,0,24.74,125,81,103.0,9.5,0,0,7.6,0,0,0,0,44,16.3284
28,0,27.2,113,78,91.8,8.7,0,1,8.3,0,0,0,0,35,7.6160000000000005
83,0,27.81,141,78,118.7,6.0,0,0,7.6,1,0,1,1,63,23.0823
75,1,24.64,149,75,124.9,7.0,1,1,4.0,1,1,1,1,74,18.48
53,0,15.3,119,69,89.3,8.1,0,0,4.7,0,0,0,0,50,8.109000000000002
50,1,29.37,125,71,87.1,5.3,0,0,7.6,0,1,0,1,54,14.685
64,0,40.34,158,94,141.7,2.5,0,1,5.0,1,1,1,1,64,25.817600000000002
30,0,32.6,126,81,85.5,1.8,0,1,10.0,1,0,1,1,45,9.78
57,1,38.16,153,87,106.5,5.7,1,1,7.3,0,0,1,1,66,21.751199999999997
59,1,32.0,129,91,138.2,6.5,0,0,7.7,1,1,0,1,38,18.88
36,0,25.92,116,74,83.1,4.7,0,0,6.5,0,0,0,0,42,9.3312
36,1,30.29,124,88,98.3,4.9,0,1,7.3,0,0,0,0,36,10.9044
75,0,33.01,131,85,110.1,3.8,0,0,9.9,0,0,1,1,46,24.7575
40,1,17.52,110,84,71.7,9.3,1,0,6.8,0,0,0,0,26,7.007999999999999
71,1,29.38,151,80,120.6,4.5,0,0,7.7,0,0,1,1,71,20.8598
82,0,26.23,145,84,128.9,0.8,1,0,8.0,1,0,0,1,61,21.5086
29,1,35.37,136,79,125.9,3.0,0,0,6.0,1,1,0,0,57,10.2573
41,1,28.96,126,70,130.9,5.2,1,0,7.2,1,1,1,0,56,11.873600000000001
51,1,15.0,121,75,97.1,4.2,0,1,7.5,0,0,0,0,46,7.65
70,1,29.35,131,85,93.1,6.1,0,0,8.6,0,0,0,1,46,20.545
25,0,15.0,106,75,75.8,3.9,1,0,6.6,0,0,0,0,31,3.75
35,1,34.19,127,78,105.3,5.2,0,0,5.2,0,0,0,0,49,11.966499999999998
74,1,22.35,139,77,77.6,7.9,0,0,8.6,0,0,0,1,62,16.539
22,1,20.24,116,72,73.3,4.5,0,1,7.3,0,0,0,0,44,4.4528
43,0,22.33,112,83,108.5,8.4,0,0,7.9,1,0,0,0,29,9.601899999999999
47,1,21.62,124,70,95.1,6.5,1,0,7.8,0,0,0,0,54,10.1614
71,1,25.9,135,80,90.9,6.1,0,0,9.2,1,0,0,0,55,18.389
30,1,21.81,106,63,107.2,6.8,1,0,7.5,1,0,0,0,43,6.542999999999999
46,0,25.06,156,82,86.2,3.5,1,1,8.3,0,0,1,1,74,11.5276
20,0,17.85,109,81,100.6,4.8,0,1,7.7,1,0,0,0,28,3.57
75,0,25.34,133,88,87.9,5.8,0,0,7.1,0,0,0,1,45,19.005
19,0,35.05,129,74,101.6,3.1,0,0,9.2,0,0,0,0,55,6.6594999999999995
45,1,24.2,122,70,86.5,1.5,0,0,8.5,0,0,0,0,52,10.89
19,1,30.42,125,68,100.1,2.9,0,0,6.3,0,0,0,0,57,5.7798
24,1,19.51,106,67,81.8,11.7,0,0,7.4,0,0,0,0,39,4.6824
43,1,30.16,129,83,79.1,6.7,0,1,7.2,0,1,0,1,46,12.968800000000002
33,0,33.4,120,80,95.7,3.1,0,0,7.0,1,0,1,0,40,11.022
40,0,35.07,134,86,104.6,9.7,0,1,7.7,1,0,1,1,48,14.027999999999999
57,1,27.96,144,76,113.9,4.7,0,1,7.5,1,0,1,1,68,15.9372
77,1,30.69,138,89,124.7,4.3,0,0,5.6,0,1,1,1,49,23.6313
49,1,19.37,123,81,80.6,6.0,1,0,6.7,0,0,1,0,42,9.4913
32,0,24.58,121,70,86.5,4.3,0,0,6.8,0,0,0,0,51,7.8656
30,1,22.16,110,68,105.2,2.6,0,0,6.4,0,0,0,0,42,6.648
22,0,28.71,119,75,111.1,1.8,1,0,5.9,0,0,0,0,44,6.3162
69,1,23.74,138,80,123.7,7.2,0,0,6.6,0,0,0,0,58,16.3806
58,1,30.78,144,83,98.4,3.4,0,1,6.8,0,0,0,1,61,17.8524
70,1,41.12,162,104,127.2,5.3,1,0,7.0,0,1,0,1,58,28.783999999999995
67,0,30.41,145,81,98.5,7.6,0,1,6.5,0,0,0,1,64,20.3747
32,1,34.99,125,84,123.2,2.4,0,0,7.1,0,0,0,0,41,11.196800000000001
24,0,19.93,126,72,119.7,0.6,0,0,4.8,1,0,1,0,54,4.7832
57,0,26.31,132,80,123.5,1.1,0,0,6.6,1,1,0,0,52,14.996699999999999
45,1,28.06,134,85,109.4,2.8,0,1,8.6,0,0,0,0,49,12.627
49,0,27.18,136,69,103.3,2.3,0,1,7.0,0,0,0,1,67,13.3182
32,1,37.49,120,81,90.9,8.2,0,0,6.8,0,0,0,0,39,11.9968
82,0,22.49,139,79,100.8,3.7,0,0,7.1,0,0,1,0,60,18.441799999999997
21,1,28.67,134,84,109.6,2.7,0,1,9.3,1,0,0,1,50,6.020700000000001
28,1,15.0,108,76,94.4,5.4,0,0,8.5,0,0,0,0,32,4.2
43,0,29.26,112,74,121.2,9.4,0,0,7.2,1,1,0,0,38,12.581800000000001
78,1,29.73,161,89,107.8,2.5,1,0,6.5,0,0,1,1,72,23.1894
54,1,26.5,143,86,128.2,6.1,1,0,6.3,1,1,0,1,57,14.31
40,1,29.09,124,90,108.7,3.8,0,1,7.8,0,0,0,0,34,11.636
57,1,23.53,133,72,103.5,4.3,0,0,7.6,0,0,0,0,61,13.4121
40,1,19.72,107,74,95.2,7.5,0,0,6.9,0,0,0,0,33,7.888
33,0,21.07,117,73,91.9,10.5,1,1,8.5,1,0,0,0,44,6.953100000000001
78,0,21.86,147,77,107.4,3.0,0,0,6.8,0,0,1,1,70,17.0508
48,0,19.3,120,74,89.1,2.6,0,0,6.2,0,0,0,0,46,9.264000000000001
70,1,19.08,136,84,122.6,7.4,1,0,7.2,1,0,0,1,52,13.356
42,1,21.99,116,67,115.9,10.9,0,1,5.1,0,0,0,0,49,9.2358
61,1,24.73,117,81,106.9,7.6,0,0,7.6,0,0,0,0,36,15.0853
29,1,27.56,114,70,96.1,6.4,0,0,6.0,1,0,0,0,44,7.9924
26,1,19.7,138,80,78.5,4.4,1,1,7.3,0,0,0,0,58,5.121999999999999
29,0,21.38,113,62,84.2,5.6,0,0,8.9,0,0,0,0,51,6.2002
71,0,23.24,134,69,90.3,5.5,0,0,6.9,0,0,1,0,65,16.5004
71,1,29.33,148,80,119.6,4.5,0,0,7.6,0,0,0,1,68,20.824299999999997
45,0,19.87,128,60,93.2,5.4,0,0,6.4,0,0,0,0,68,8.941500000000001
73,1,23.8,152,88,103.9,4.1,1,0,8.1,0,0,0,1,64,17.374000000000002
75,0,32.44,131,96,120.9,1.9,0,0,7.3,0,0,0,1,35,24.33
59,0,22.19,137,82,108.0,2.6,1,0,6.6,0,0,0,0,55,13.0921
55,1,19.57,129,69,111.3,4.0,0,1,5.1,1,0,1,0,60,10.763499999999999
70,0,26.29,133,79,111.6,4.9,0,1,7.3,1,0,1,1,54,18.403
50,1,21.98,124,83,122.7,3.6,1,0,6.6,1,0,1,0,41,10.99
73,0,15.0,132,79,96.6,4.0,0,1,8.8,0,1,0,1,53,10.95
68,1,27.95,128,77,116.8,1.1,0,0,4.8,1,0,1,0,51,19.006
60,1,31.85,142,86,107.4,5.4,1,0,8.1,0,0,0,1,56,19.11
32,1,26.67,97,73,72.1,8.8,0,0,7.3,0,0,0,0,24,8.5344
55,1,32.85,140,84,68.7,5.0,0,0,6.7,0,0,1,1,56,18.0675
32,0,30.54,125,86,96.9,6.6,0,0,8.9,1,0,0,0,39,9.7728
22,0,21.84,110,68,106.3,5.0,0,0,8.1,1,0,0,0,42,4.8048
71,0,38.69,149,88,105.5,2.9,0,0,6.2,0,0,1,1,61,27.4699
68,1,28.66,146,87,106.2,3.8,1,1,6.0,1,0,1,1,59,19.4888
27,1,29.28,132,72,109.4,1.9,0,0,8.1,1,0,0,0,60,7.905600000000001
29,0,21.04,101,55,87.3,3.4,0,0,8.3,0,0,0,0,46,6.1015999999999995
21,1,17.83,113,76,95.8,1.6,0,0,6.5,0,0,0,0,37,3.7442999999999995
35,0,20.52,124,72,76.1,5.3,0,1,8.3,0,0,0,0,52,7.1819999999999995
53,0,32.14,140,80,91.9,2.9,0,0,8.9,0,0,1,0,60,17.034200000000002
42,1,36.72,134,81,101.3,10.7,0,1,7.7,1,0,1,0,53,15.4224
53,0,28.47,140,85,105.0,1.9,0,1,7.9,1,0,0,1,55,15.089099999999998
84,0,27.34,161,90,110.2,3.1,1,0,8.9,0,0,1,1,71,22.9656
26,1,32.41,138,87,105.3,1.7,0,1,7.1,0,0,1,0,51,8.426599999999999
78,1,34.81,149,97,125.0,5.7,1,0,7.8,0,1,1,1,52,27.1518
70,0,18.38,142,81,110.3,3.2,0,0,6.8,0,0,1,1,61,12.866
35,1,36.24,138,77,138.5,3.2,0,0,6.9,1,1,0,1,61,12.684000000000001
60,1,24.59,127,71,95.0,4.2,0,0,7.4,0,0,0,0,56,14.754000000000001
52,0,33.09,140,94,110.0,4.7,1,0,5.8,0,0,1,1,46,17.2068
80,1,20.61,138,69,83.5,2.0,0,0,8.3,0,0,1,1,69,16.488
21,0,32.79,130,63,112.3,3.3,0,0,7.9,1,0,0,0,67,6.8859
58,0,18.48,121,64,120.1,7.6,0,0,6.1,0,1,0,0,57,10.718399999999999
62,0,33.3,136,88,109.2,4.2,0,0,5.5,0,0,1,0,48,20.646
67,1,30.53,141,88,105.9,4.8,1,0,6.6,0,0,0,1,53,20.4551
45,0,17.68,138,74,90.7,2.4,1,0,7.5,0,0,1,0,64,7.956
59,0,34.2,139,83,112.0,3.5,0,0,6.6,1,0,1,0,56,20.178
18,0,21.14,105,62,71.7,4.5,1,0,7.9,0,0,0,0,43,3.8051999999999997
56,0,33.43,152,90,125.3,3.5,0,0,5.4,1,0,1,1,62,18.7208
34,1,27.64,129,87,77.5,3.5,1,1,6.9,0,0,1,1,42,9.3976
52,0,19.57,124,77,85.2,8.1,1,0,7.6,0,0,0,0,47,10.1764
63,1,20.92,126,75,104.6,6.8,0,0,6.4,0,0,0,0,51,13.1796
59,1,49.44,162,92,113.3,13.4,1,0,6.4,1,1,1,1,70,29.1696
56,1,40.18,151,86,136.4,6.1,0,0,8.3,1,1,0,0,65,22.500799999999998
66,0,25.58,134,72,101.5,5.0,0,0,7.4,0,0,0,1,62,16.8828
79,0,29.26,139,84,109.1,3.2,0,0,7.8,0,0,0,0,55,23.1154
55,0,33.78,138,95,103.7,2.9,0,1,8.4,0,0,0,1,43,18.579
40,1,19.31,121,79,98.4,3.6,0,0,7.2,1,0,0,0,42,7.724
39,0,30.8,125,68,118.2,4.2,0,0,7.4,0,0,0,0,57,12.012
21,1,32.53,128,88,98.2,2.9,0,0,8.2,0,0,0,1,40,6.8313
66,0,28.9,156,89,120.3,1.3,1,1,9.0,1,0,1,1,67,19.073999999999998
76,0,34.87,152,83,103.9,6.1,0,0,8.0,0,0,0,1,69,26.501199999999997
19,0,27.69,109,67,79.2,6.8,0,0,9.2,1,0,0,0,42,5.2611
66,0,33.21,147,68,118.5,3.2,0,0,8.9,1,0,0,1,79,21.9186
48,1,28.17,140,89,109.1,6.6,1,1,5.3,1,0,0,0,51,13.521600000000001
57,0,17.9,138,79,106.1,6.9,0,1,8.1,1,0,1,1,59,10.203
65,1,32.25,141,75,129.1,5.4,0,0,6.3,0,1,0,1,66,20.9625
68,1,34.35,164,97,116.2,3.8,1,0,8.5,0,1,0,1,67,23.358
60,1,25.92,132,74,103.8,5.0,0,0,8.5,0,0,0,0,58,15.552
72,0,19.03,122,80,97.3,6.3,0,0,8.0,1,0,0,1,42,13.701600000000001
66,1,31.83,145,94,128.4,3.9,0,0,5.4,0,0,1,0,51,21.007799999999996
74,0,28.64,148,83,117.1,5.0,0,0,7.5,0,0,1,1,65,21.1936
32,1,28.52,105,76,106.7,7.8,0,0,8.5,1,0,0,0,29,9.1264
44,0,27.9,107,77,109.5,3.7,0,0,7.4,1,0,0,0,30,12.276
81,0,32.64,163,84,108.1,2.2,0,1,7.4,0,0,1,1,79,26.4384
47,1,28.47,123,78,109.7,9.9,0,0,6.4,0,0,0,0,45,13.380899999999999
53,1,24.05,125,68,106.3,3.6,0,0,7.4,0,0,0,0,57,12.746500000000001
84,0,17.43,128,65,103.3,5.5,0,0,6.2,0,0,0,0,63,14.6412
66,0,24.12,138,76,106.3,5.1,0,0,7.7,0,0,0,1,62,15.9192
72,1,32.08,149,91,132.0,6.6,1,0,6.7,0,0,1,1,58,23.097599999999996
73,0,24.86,130,80,107.0,2.3,0,0,5.3,0,0,0,0,50,18.1478
61,0,32.07,126,76,108.7,8.1,0,0,5.5,0,0,0,0,50,19.5627
48,1,18.6,126,81,109.8,1.2,0,0,7.1,0,0,0,1,45,8.928
75,1,20.93,136,69,127.6,1.3,0,0,6.6,1,0,0,0,67,15.6975
70,1,20.6,133,79,94.2,3.1,0,1,7.9,0,0,0,0,54,14.42
40,1,27.59,119,84,109.8,5.5,0,0,7.2,0,0,0,0,35,11.036
45,0,37.19,112,88,100.8,3.6,0,0,8.8,0,0,0,0,24,16.7355
33,1,39.82,143,70,112.9,1.9,0,0,9.1,1,1,0,1,73,13.1406
54,0,32.93,144,82,132.4,4.1,1,0,8.0,1,1,0,1,62,17.7822
38,0,15.44,107,79,100.2,5.3,0,0,7.8,0,0,0,0,28,5.8672
34,1,22.44,116,75,116.0,2.8,1,0,5.7,1,0,0,0,41,7.6296
54,0,15.0,123,77,90.4,6.6,0,0,7.0,0,0,0,0,46,8.1
36,1,27.76,123,76,74.2,5.8,0,0,6.9,0,0,0,0,47,9.9936
47,0,36.22,136,84,120.6,4.4,0,0,7.3,0,1,0,0,52,17.0234
62,0,31.53,138,78,116.7,7.6,0,1,7.1,0,0,1,1,60,19.5486
35,1,16.56,121,70,107.7,4.4,0,1,7.2,0,0,0,0,51,5.795999999999999
79,0,34.85,150,84,112.7,4.1,0,0,7.2,0,0,0,1,66,27.5315
53,0,33.78,134,75,108.4,6.4,0,0,7.3,0,0,0,0,59,17.9034
69,0,35.75,141,85,119.8,1.5,0,0,8.3,0,0,1,1,56,24.6675
36,0,33.23,144,91,94.1,3.4,0,1,7.8,0,0,0,1,53,11.9628
61,0,23.75,134,79,106.8,1.3,0,0,6.6,0,0,0,0,55,14.4875
24,1,16.04,120,86,82.9,4.7,1,0,5.7,0,0,0,0,34,3.8495999999999997
61,0,33.59,133,84,118.0,3.1,0,0,5.8,1,0,0,0,49,20.489900000000002
51,1,31.3,129,85,122.1,3.4,0,0,6.7,1,0,0,0,44,15.963
83,0,15.36,142,89,93.3,0.9,1,0,8.9,0,0,1,1,53,12.7488
72,0,21.21,146,78,97.1,5.1,0,0,7.5,0,0,0,0,68,15.2712
27,0,21.37,117,63,93.2,3.5,0,0,8.0,0,0,0,0,54,5.7699
59,0,31.02,148,79,115.3,2.0,0,0,6.1,1,1,0,1,69,18.3018
58,0,26.71,137,77,98.0,5.6,0,1,6.6,0,0,0,1,60,15.491800000000001
27,0,25.27,107,73,75.3,4.6,0,0,7.7,0,0,0,0,34,6.8229
27,0,24.37,106,76,75.3,7.5,0,1,7.2,0,0,0,0,30,6.5799
77,0,20.27,133,80,110.6,3.2,0,0,8.1,0,0,0,0,53,15.607899999999999
68,1,32.4,134,77,142.1,5.0,0,0,6.6,1,1,0,0,57,22.031999999999996
38,1,22.58,143,75,93.8,2.7,1,1,8.0,0,0,0,0,68,8.5804
25,0,33.54,142,88,103.7,2.0,1,0,5.2,1,0,0,1,54,8.385
82,1,18.72,131,72,120.5,1.6,0,0,7.8,1,0,1,0,59,15.3504
47,1,23.95,124,93,112.7,3.9,0,0,9.8,1,0,0,1,31,11.256499999999999
66,0,38.2,159,94,137.3,6.9,0,0,7.6,1,1,1,1,65,25.212000000000003
26,1,28.16,112,81,100.3,7.6,0,0,8.4,0,0,0,0,31,7.3216
34,1,23.95,115,62,95.4,5.4,1,0,6.3,0,0,0,0,53,8.142999999999999
75,0,23.16,145,92,76.0,5.3,1,1,8.3,0,0,1,0,53,17.37
74,1,21.76,136,75,82.3,3.8,1,0,6.1,0,0,1,0,61,16.1024
79,1,29.43,147,77,88.7,9.4,0,1,7.7,0,0,0,0,70,23.249699999999997
69,0,32.01,149,90,102.7,3.1,0,0,8.4,0,0,1,1,59,22.0869
78,0,28.26,128,82,126.4,4.9,0,0,5.8,0,0,0,1,46,22.042800000000003
57,1,26.46,140,69,81.0,4.3,1,0,6.2,0,0,1,0,71,15.0822
55,1,30.29,122,78,94.9,9.0,0,1,5.8,0,0,0,0,44,16.6595
60,0,18.65,132,78,104.7,6.7,0,1,4.8,1,0,0,0,54,11.19
80,0,28.99,137,84,114.1,6.5,0,0,9.0,1,0,0,1,53,23.191999999999997
36,1,29.32,117,83,82.6,4.7,1,0,8.1,1,0,0,1,34,10.5552
67,0,28.35,139,77,112.3,7.8,0,1,6.1,0,0,1,1,62,18.994500000000002
50,1,23.58,123,75,86.5,3.7,0,0,6.8,0,0,0,0,48,11.79
30,0,22.3,131,74,92.8,6.0,1,1,4.9,0,0,0,1,57,6.69
79,0,19.26,141,73,109.1,6.1,0,0,6.1,0,0,1,0,68,15.215400000000002
60,0,35.33,143,88,123.5,7.1,0,0,8.6,0,1,0,0,55,21.197999999999997
66,0,26.48,136,77,125.8,1.2,0,1,4.7,1,1,0,0,59,17.4768
53,0,24.34,140,78,102.6,1.1,0,1,5.5,1,0,0,0,62,12.9002
27,1,23.78,109,60,98.9,2.2,0,0,7.3,0,0,0,0,49,6.4206
23,1,21.25,101,76,76.8,4.7,0,0,7.9,1,0,0,0,25,4.8875
74,0,23.69,149,70,113.0,4.5,1,0,6.0,1,0,0,1,79,17.530600000000003
18,1,33.83,137,72,99.7,2.1,0,0,5.9,1,0,0,1,65,6.0893999999999995
75,0,30.17,152,82,121.9,4.9,0,1,6.5,0,1,0,1,70,22.6275
38,0,31.61,135,79,111.7,7.6,0,0,6.6,1,0,0,0,56,12.011800000000001
73,0,32.36,138,84,116.3,7.9,0,1,4.0,0,0,1,0,54,23.622799999999998
37,0,39.56,135,81,118.3,5.6,0,0,6.9,0,1,0,0,54,14.6372
71,1,26.96,153,92,132.4,3.5,1,1,5.5,1,1,1,1,61,19.1416
42,1,24.32,120,70,103.3,3.5,0,1,6.3,0,0,0,0,50,10.214400000000001
45,0,29.34,134,86,105.9,2.0,0,0,7.7,1,0,0,0,48,13.203
22,1,30.56,107,66,97.8,8.3,0,0,6.3,1,0,0,0,41,6.723199999999999
38,0,26.6,132,71,123.4,4.1,0,0,6.8,0,1,0,0,61,10.108
35,0,21.62,100,79,99.0,5.4,0,0,6.7,0,0,0,0,21,7.567
64,0,27.88,144,82,118.6,3.2,0,0,5.5,0,0,0,0,62,17.8432
74,1,29.96,141,86,97.3,4.7,1,0,7.1,0,0,1,1,55,22.1704
36,0,28.81,136,86,93.9,1.8,1,1,7.9,0,0,1,1,50,10.371599999999999
82,1,16.14,145,80,101.9,5.8,1,0,7.9,0,0,1,1,65,13.2348
20,0,17.58,113,71,86.0,5.5,0,0,6.6,0,0,0,0,42,3.5159999999999996
59,0,30.96,151,92,130.0,7.9,1,1,6.2,1,0,1,1,59,18.2664
38,1,24.64,146,80,75.4,3.8,1,0,7.3,0,0,0,1,66,9.3632
57,0,39.7,142,90,116.4,7.4,0,0,9.5,1,0,0,1,52,22.629
84,1,34.58,162,90,132.4,3.4,1,0,7.7,0,1,1,1,72,29.047199999999997
42,1,19.44,130,74,103.7,2.7,0,1,7.1,0,0,0,0,56,8.1648
72,1,32.75,144,77,139.0,2.5,0,0,6.7,1,1,1,1,67,23.58
69,0,36.08,148,92,124.3,1.4,0,0,6.4,0,1,1,1,56,24.8952
61,0,24.22,133,80,99.0,7.4,0,1,4.8,1,0,0,0,53,14.774199999999999
73,1,26.3,132,74,98.4,5.9,0,0,7.1,1,0,1,0,58,19.199
72,1,23.62,137,75,108.8,1.0,0,0,6.0,0,0,0,1,62,17.0064
83,1,20.29,148,81,110.2,2.5,0,0,6.9,0,0,1,1,67,16.8407
36,0,35.95,125,82,127.7,6.5,0,0,7.5,1,0,1,0,43,12.942
24,0,15.0,111,77,73.9,2.7,0,1,8.8,0,0,0,0,34,3.6
80,1,22.89,128,86,98.3,6.6,0,0,5.8,0,0,1,0,42,18.312
59,0,24.35,132,76,107.1,10.4,1,0,6.1,1,0,1,0,56,14.3665
59,0,27.71,124,75,123.0,4.4,0,0,8.3,0,1,0,0,49,16.3489
76,0,19.61,138,85,112.0,3.3,0,0,6.1,0,0,0,1,53,14.903599999999999
37,0,34.66,113,77,106.8,9.1,0,0,6.7,0,0,0,0,36,12.824199999999998
34,1,16.15,130,75,94.4,3.8,0,0,5.9,0,0,0,0,55,5.490999999999999
44,1,16.24,129,74,81.2,6.5,0,1,8.6,0,0,0,0,55,7.145599999999999
64,0,27.14,134,70,129.4,2.2,0,0,7.5,0,0,0,0,64,17.369600000000002
19,0,19.34,118,72,88.8,5.1,0,1,6.0,0,0,0,0,46,3.6746
80,1,28.0,160,92,119.7,2.0,0,1,8.5,0,0,1,1,68,22.4
79,0,22.51,144,78,109.8,1.7,0,1,8.9,1,1,1,0,66,17.7829
36,1,31.48,125,67,115.5,2.1,0,1,5.6,0,0,0,0,58,11.332799999999999
34,1,21.42,109,79,104.4,4.4,0,0,8.3,1,0,0,0,30,7.282800000000001
56,1,35.18,126,84,116.8,5.0,0,0,7.3,0,1,1,1,42,19.7008
56,1,30.45,149,83,113.7,4.5,0,0,5.4,1,0,1,1,66,17.052
53,0,22.4,130,68,105.3,4.7,0,1,7.0,0,0,0,0,62,11.871999999999998
57,1,30.42,134,77,117.9,5.0,0,0,7.3,0,0,0,0,57,17.3394
62,0,27.65,130,86,125.3,4.1,1,1,5.1,1,1,1,0,44,17.143
21,0,31.36,110,71,118.4,2.2,0,0,9.5,1,0,0,0,39,6.5855999999999995
42,0,30.28,122,83,113.0,8.1,0,1,6.4,1,0,1,0,39,12.7176
47,0,28.88,119,84,101.9,0.6,0,0,7.6,0,0,0,0,35,13.573599999999999
46,0,27.17,133,77,115.1,4.7,1,0,7.0,1,0,1,1,56,12.498200000000002
68,0,32.05,150,71,124.5,1.5,0,0,6.8,0,0,1,0,79,21.793999999999997
41,1,33.59,133,76,107.3,3.4,0,0,6.5,0,1,0,0,57,13.7719
31,1,27.59,136,75,103.8,5.1,0,1,7.2,0,0,0,0,61,8.5529
35,0,30.32,139,84,104.8,2.8,0,1,5.9,0,0,0,1,55,10.612
59,1,32.24,160,92,110.4,3.5,1,0,7.1,0,0,1,1,68,19.0216
74,0,36.12,155,94,127.4,4.3,0,1,5.4,0,0,1,1,61,26.728799999999996
29,1,35.11,139,79,123.9,5.9,1,0,8.1,1,1,1,1,60,10.181899999999999
34,0,32.77,126,81,103.8,8.4,0,0,6.5,0,0,0,1,45,11.1418
47,1,24.4,120,75,91.7,1.1,0,0,6.9,1,0,0,0,45,11.468
40,0,19.19,121,75,112.4,5.4,0,0,7.7,1,0,0,0,46,7.676
18,1,30.04,114,69,80.4,4.2,0,0,8.6,0,0,0,0,45,5.4072000000000005
49,0,30.0,131,89,83.5,3.3,0,0,9.1,0,1,0,1,42,14.7
26,0,24.5,117,63,78.0,8.0,0,1,8.1,0,0,0,0,54,6.37
32,0,19.06,106,67,98.1,4.4,0,0,5.8,0,0,0,0,39,6.0992
45,0,36.4,135,73,112.4,2.4,0,0,8.6,1,0,0,0,62,16.38
41,1,29.27,126,79,105.0,3.2,0,0,6.1,0,1,0,1,47,12.0007
77,1,19.79,136,82,91.7,4.9,1,0,5.9,0,0,1,1,54,15.238299999999999
52,0,26.06,141,69,119.5,1.4,0,1,6.6,0,0,1,1,72,13.5512
44,1,19.01,134,61,92.8,4.5,0,1,7.6,0,0,0,0,73,8.3644
37,0,30.75,126,85,94.9,2.7,0,0,9.7,0,0,0,0,41,11.3775
82,1,37.53,167,94,118.1,2.0,0,0,6.8,0,0,1,1,73,30.7746
66,0,25.72,142,81,114.7,4.9,0,1,10.0,1,0,0,1,61,16.9752
18,1,26.26,122,82,91.3,2.2,1,0,8.0,0,0,0,0,40,4.7268
27,0,25.2,116,71,81.4,9.1,0,0,6.6,0,0,0,0,45,6.803999999999999
64,1,25.5,130,82,111.8,4.3,0,1,8.1,1,0,1,0,48,16.32
76,0,22.3,128,76,111.0,5.8,0,0,6.0,0,1,1,0,52,16.948
79,1,34.82,156,78,116.7,0.9,0,1,6.6,0,1,1,1,78,27.507800000000003
35,1,27.93,137,81,91.6,1.5,0,0,6.2,0,0,0,1,56,9.7755
63,0,27.17,134,78,79.0,0.4,0,0,7.8,0,0,1,1,56,17.1171
49,1,25.49,141,76,103.3,4.7,0,0,8.4,0,0,0,1,65,12.4901
44,1,19.42,139,83,99.3,2.7,0,0,7.2,0,0,0,0,56,8.5448
35,1,32.24,130,88,91.1,4.1,0,0,6.8,0,0,0,0,42,11.284
56,1,35.05,134,71,128.3,8.7,0,0,6.8,1,0,0,1,63,19.627999999999997
66,1,16.0,133,84,110.1,5.8,0,1,5.1,0,0,0,1,49,10.56
61,1,30.91,133,88,112.0,4.4,0,0,6.7,0,0,1,1,45,18.8551
71,1,31.8,146,90,118.6,1.1,0,0,7.2,1,0,0,0,56,22.578000000000003
51,0,34.25,136,77,120.2,6.2,0,0,9.5,1,1,0,1,59,17.4675
53,1,33.79,141,85,120.2,7.3,0,1,5.8,1,0,0,0,56,17.9087
35,1,42.09,134,73,100.9,13.8,0,0,7.5,0,0,0,0,61,14.7315
55,1,29.12,137,78,107.2,4.4,0,1,5.6,0,0,0,0,59,16.016000000000002
76,0,32.56,152,90,102.7,2.6,0,0,7.5,0,0,1,1,62,24.745600000000003
26,0,26.87,132,83,112.2,6.1,1,0,7.5,1,0,1,1,49,6.9862
68,1,22.14,133,82,84.0,11.9,0,0,8.4,0,0,0,1,51,15.0552
52,1,30.91,139,82,110.6,3.3,1,0,7.2,1,0,0,1,57,16.0732
22,0,32.56,127,82,113.4,4.4,0,0,7.3,1,0,1,1,45,7.163200000000001
31,0,28.78,119,82,89.9,1.3,0,0,7.6,0,0,0,0,37,8.921800000000001
47,0,17.17,106,64,104.9,7.2,0,0,6.8,0,0,0,0,42,8.0699
21,1,18.4,110,67,109.9,3.6,0,0,7.3,0,0,0,0,43,3.864
56,0,31.25,141,89,93.9,3.0,0,0,7.1,0,0,1,1,52,17.5
81,1,24.68,144,74,122.7,5.7,0,0,6.0,0,0,1,1,70,19.9908
42,1,28.87,116,72,114.0,2.2,0,0,7.8,0,0,0,0,44,12.125399999999999
45,1,29.6,118,87,116.1,4.0,0,0,8.9,0,0,0,0,31,13.32
83,0,26.14,153,79,125.9,0.4,1,0,6.0,0,1,1,1,74,21.696199999999997
39,1,25.31,129,78,86.6,2.0,0,0,7.5,1,1,0,1,51,9.870899999999999
48,1,26.04,126,76,101.2,7.1,0,1,8.6,1,0,0,0,50,12.4992
40,0,30.23,137,73,103.4,1.1,0,1,7.0,1,0,0,0,64,12.092
65,0,29.58,136,70,94.6,5.1,0,0,9.0,0,0,0,0,66,19.226999999999997
37,1,22.17,121,82,108.0,3.4,0,0,8.2,0,0,0,0,39,8.202900000000001
55,1,26.71,140,84,90.8,2.2,1,0,5.9,0,0,0,1,56,14.6905
72,1,20.65,132,67,115.9,3.5,0,0,6.5,0,1,0,0,65,14.868
18,0,29.78,125,65,96.8,4.3,0,0,8.1,1,0,0,0,60,5.360399999999999
24,0,24.1,114,70,74.7,2.0,0,0,5.1,0,0,0,0,44,5.784000000000001
74,0,30.97,150,85,121.5,2.4,0,0,6.2,0,0,0,1,65,22.917799999999996
29,1,25.41,108,60,88.2,1.5,0,0,7.6,0,0,0,0,48,7.3689
22,1,33.44,120,76,83.9,2.6,0,0,6.5,0,0,0,0,44,7.3568
67,0,34.53,149,88,112.5,2.8,0,1,5.7,1,0,0,1,61,23.1351
59,0,29.38,131,83,130.5,5.2,0,0,7.1,1,1,1,0,48,17.3342
29,1,24.67,132,65,117.0,6.5,0,1,8.5,1,0,0,0,67,7.154300000000001
35,1,21.36,126,69,114.1,9.8,0,0,6.2,0,0,0,0,57,7.476
83,0,32.38,144,93,126.6,4.3,0,0,6.4,1,0,1,1,51,26.875400000000003
34,1,26.42,116,71,83.0,3.3,0,0,6.9,0,0,0,0,45,8.982800000000001
79,1,27.08,134,80,125.1,2.6,0,0,9.2,1,1,0,1,54,21.393199999999997
58,0,24.55,143,78,103.7,2.5,0,0,6.0,1,0,0,1,65,14.239
51,0,18.78,127,74,100.2,8.2,0,0,5.9,0,0,1,0,53,9.577800000000002
62,0,33.03,132,82,126.5,6.4,0,1,7.5,1,1,0,1,50,20.4786
75,0,26.31,130,72,109.8,8.8,0,0,8.8,0,0,0,0,58,19.7325
68,1,16.0,143,81,100.7,5.4,1,0,6.3,0,0,0,1,62,10.88
51,0,26.0,143,73,79.2,3.9,0,1,9.1,0,0,0,0,70,13.26
61,0,18.94,123,82,114.9,4.1,0,1,5.4,1,0,0,0,41,11.553400000000002
32,1,30.22,135,89,119.7,3.5,0,0,5.6,1,1,0,0,46,9.670399999999999
67,0,29.43,140,79,138.4,1.3,0,0,6.3,1,1,1,1,61,19.7181
49,1,35.55,130,83,114.9,1.6,0,0,7.0,0,1,0,0,47,17.4195
84,0,18.24,142,83,102.7,9.8,1,0,6.7,0,0,1,1,59,15.321599999999998
20,0,35.14,99,71,101.8,4.7,0,0,6.1,1,0,0,0,28,7.028
68,1,29.81,147,76,134.2,0.6,0,0,4.6,0,1,1,0,71,20.270799999999998
84,0,18.87,139,74,109.0,6.0,0,0,7.1,0,0,0,1,65,15.850800000000001
65,1,37.4,147,92,143.0,3.4,0,0,6.9,0,1,1,1,55,24.31
34,0,26.08,118,73,99.6,5.7,0,0,7.1,0,0,0,0,45,8.867199999999999
24,1,19.89,115,66,107.1,1.9,0,0,6.0,0,0,0,0,49,4.7736
30,1,32.83,129,79,83.0,3.3,0,1,6.7,0,0,0,1,50,9.849
83,0,20.48,144,76,134.4,4.1,0,0,7.0,1,1,1,0,68,16.9984
21,1,33.51,122,75,98.9,4.1,0,0,6.5,1,0,0,0,47,7.037099999999999
27,0,25.69,119,83,99.7,3.7,0,1,6.3,1,0,0,0,36,6.9363
34,1,24.77,116,70,90.6,4.3,0,0,7.7,0,0,0,0,46,8.4218
69,0,19.25,138,77,121.7,1.9,0,1,5.6,0,0,1,1,61,13.2825
23,1,20.75,113,71,84.9,3.2,0,1,7.0,0,0,0,0,42,4.7725
26,0,27.73,135,79,81.9,5.4,0,1,6.5,0,0,0,0,56,7.2098
38,1,17.29,113,65,94.2,3.9,0,0,6.5,0,0,0,0,48,6.5702
41,1,30.8,115,86,127.3,4.7,0,1,8.0,1,1,0,1,29,12.628
21,1,23.76,105,70,91.1,2.6,0,1,7.9,0,0,0,0,35,4.9896
41,0,24.5,128,66,122.8,1.6,1,1,7.3,0,0,1,0,62,10.045
76,1,30.18,132,76,113.7,5.7,0,0,7.7,0,0,0,1,56,22.936799999999998
20,0,25.62,127,81,84.5,4.0,1,0,7.6,1,0,0,0,46,5.124
57,0,33.94,149,80,99.0,4.4,0,1,6.2,1,0,0,1,69,19.3458
65,0,15.0,142,78,111.6,7.8,0,0,7.0,1,0,1,0,64,9.75
71,0,31.44,156,78,100.1,2.1,0,0,6.2,0,0,1,1,78,22.322400000000002
52,1,26.94,115,76,120.8,10.6,0,0,7.1,1,1,0,0,39,14.0088
73,0,22.98,124,74,128.0,2.3,0,0,4.0,1,0,0,1,50,16.7754
57,1,32.3,151,80,136.4,3.7,0,1,4.0,0,1,0,1,71,18.410999999999998
63,0,30.2,147,75,123.0,2.5,0,0,7.3,1,0,1,0,72,19.026
30,0,28.12,128,79,113.6,2.3,1,1,8.6,0,0,0,1,49,8.436
44,1,25.33,132,84,104.6,3.2,1,0,7.0,0,0,0,0,48,11.145199999999999
23,0,22.71,126,68,89.8,4.1,0,0,6.1,0,0,0,0,58,5.2233
34,0,20.54,117,60,63.5,5.0,0,0,6.5,0,0,0,0,57,6.9836
53,0,34.72,143,98,89.9,3.8,1,0,7.4,0,1,1,1,45,18.4016
19,0,31.6,140,82,60.4,6.9,1,1,9.0,1,0,0,1,58,6.004
69,1,30.1,146,74,125.3,8.1,0,1,4.0,0,1,0,1,72,20.769000000000002
83,0,24.32,136,80,114.3,1.6,0,1,7.9,0,0,1,1,56,20.1856
69,0,38.6,146,76,127.3,3.8,0,0,6.4,0,1,1,0,70,26.634
60,1,22.77,137,77,83.2,7.5,1,0,7.0,0,0,0,0,60,13.662
39,1,24.61,113,86,99.1,7.9,0,0,4.0,1,1,0,0,27,9.5979
72,0,37.32,161,85,131.5,3.1,0,1,6.3,0,1,1,1,76,26.8704
84,1,26.5,145,87,99.9,1.0,0,0,6.8,0,1,0,0,58,22.26
77,0,36.88,175,85,109.3,3.5,0,0,7.5,1,1,1,1,90,28.3976
75,0,29.0,146,78,115.4,4.8,0,1,5.2,0,0,0,0,68,21.75
29,0,23.81,107,70,112.0,0.8,0,0,7.9,1,0,0,0,37,6.9049000000000005
56,1,25.66,129,69,101.0,4.0,0,1,7.9,0,0,0,0,60,14.3696
30,0,22.64,118,78,88.5,11.8,1,1,8.4,1,0,0,0,40,6.792000000000001
58,1,30.82,141,81,104.7,1.7,0,0,7.1,1,1,1,0,60,17.8756
74,0,33.89,151,83,114.6,4.7,0,1,6.5,0,1,1,1,68,25.0786
70,0,29.51,144,81,96.8,1.9,0,0,9.4,0,0,0,0,63,20.657000000000004
29,1,28.45,112,82,124.1,1.2,0,1,5.4,1,1,0,1,30,8.250499999999999
30,0,20.77,102,70,91.9,4.4,0,0,7.1,0,0,0,0,32,6.231
74,0,33.14,155,84,99.7,1.1,0,0,7.1,0,0,1,1,71,24.523600000000002
57,0,31.67,130,78,112.0,8.5,0,1,8.5,1,0,0,0,52,18.0519
62,0,28.41,119,83,111.0,2.2,0,0,6.6,0,0,0,0,36,17.6142
52,0,25.05,125,79,99.1,3.4,1,0,6.7,0,0,0,0,46,13.026000000000002
20,0,27.05,115,72,60.0,8.5,0,0,9.8,0,0,0,0,43,5.41
22,0,21.52,111,66,83.4,3.8,0,0,8.4,0,0,0,0,45,4.7344
28,0,18.25,104,73,89.9,7.7,0,1,7.5,1,0,0,0,31,5.11
73,1,25.06,123,61,86.1,6.9,0,0,6.5,0,0,0,0,62,18.293799999999997
27,0,21.81,120,78,80.3,0.4,1,0,7.8,0,0,0,0,42,5.8887
51,0,23.86,126,84,100.5,0.8,1,0,8.4,1,0,1,0,42,12.1686
84,1,23.97,137,90,126.8,0.8,0,0,6.2,1,1,1,0,47,20.1348
48,1,26.35,139,80,93.2,3.5,0,1,5.7,0,0,1,1,59,12.648000000000001
83,0,25.97,149,73,130.8,2.7,0,0,7.7,0,1,0,1,76,21.555099999999996
58,0,15.0,130,81,103.6,6.1,0,1,8.0,1,0,0,0,49,8.7
80,1,28.82,137,78,115.2,3.0,0,1,8.0,0,1,0,0,59,23.055999999999997
49,0,27.56,114,82,87.2,7.7,0,0,6.7,0,0,0,0,32,13.504399999999999
37,1,32.37,126,68,93.1,10.3,0,0,7.1,0,0,0,0,58,11.976899999999999
74,1,25.56,160,79,102.3,4.5,0,1,7.6,0,0,0,1,81,18.914399999999997
67,1,33.09,147,89,123.5,1.7,0,0,7.6,1,1,0,1,58,22.1703
42,0,25.91,129,74,100.3,3.2,0,0,6.9,1,0,0,1,55,10.882200000000001
29,1,28.77,115,70,81.5,5.3,0,0,6.1,0,0,0,0,45,8.343300000000001
56,1,21.48,118,82,115.5,1.2,0,0,6.7,1,1,0,0,36,12.0288
34,1,33.39,122,81,109.5,3.5,0,0,8.9,0,0,0,0,41,11.3526
62,0,34.34,150,74,143.9,2.5,0,1,7.8,0,1,1,1,76,21.290800000000004
28,1,37.72,109,90,122.3,3.8,0,0,7.3,1,0,0,0,19,10.561599999999999
40,1,23.65,135,73,91.5,1.6,0,1,6.3,0,0,1,0,62,9.46
55,1,29.87,135,77,120.3,1.9,1,1,6.1,1,0,1,0,58,16.4285
19,1,18.45,109,66,67.9,4.2,0,0,6.8,0,0,0,0,43,3.5055
54,0,15.85,131,75,84.5,2.3,1,1,5.6,0,0,0,1,56,8.559
66,1,30.07,147,81,130.7,6.4,0,0,8.0,1,0,1,0,66,19.8462
69,0,26.15,137,77,134.2,11.3,0,0,8.9,0,1,1,0,60,18.043499999999998
50,1,19.35,127,78,84.6,1.5,0,0,5.6,0,0,0,0,49,9.675
39,0,27.84,140,77,102.6,8.5,0,1,6.1,1,0,0,0,63,10.8576
22,0,32.22,120,77,119.3,7.8,0,1,7.4,1,0,0,0,43,7.088399999999999
35,1,27.17,134,70,107.9,4.6,0,0,7.2,0,0,0,0,64,9.509500000000001
55,0,33.93,157,96,132.0,3.9,1,1,7.2,1,1,1,1,61,18.6615
54,1,22.97,129,69,77.9,2.9,0,0,7.5,0,0,0,1,60,12.403799999999999
81,1,33.08,139,88,108.6,6.0,0,0,9.1,0,0,0,1,51,26.7948
27,0,24.57,109,79,102.9,2.2,0,0,5.2,1,0,0,0,30,6.6339
59,0,33.93,128,75,112.3,11.6,0,0,9.4,1,0,0,0,53,20.0187
65,1,19.43,139,83,87.3,1.8,0,1,6.5,0,0,0,0,56,12.6295
61,0,28.14,132,85,104.8,14.15,1,0,6.5,1,0,1,1,47,17.165399999999998
33,1,28.13,121,75,97.5,6.9,0,1,7.1,1,0,0,1,46,9.2829
71,1,29.57,152,81,99.0,4.5,0,1,6.3,0,0,1,1,71,20.994699999999998
52,1,24.76,129,71,107.7,1.7,0,0,9.9,1,0,0,0,58,12.8752
45,1,29.3,119,79,109.8,4.1,0,0,7.3,1,1,0,1,40,13.185
19,1,25.65,110,62,88.8,6.2,0,0,8.0,0,0,0,0,48,4.8735
30,1,23.75,113,69,89.7,2.7,0,0,8.4,0,0,0,0,44,7.125
58,1,35.0,142,82,110.0,4.6,0,0,7.5,1,1,0,1,60,20.3
76,1,27.25,139,79,128.2,3.0,0,1,6.2,0,0,1,0,60,20.71
70,0,18.02,147,74,105.5,2.1,0,0,7.6,0,0,0,1,73,12.613999999999999
62,0,22.9,137,79,100.1,4.4,0,1,6.4,0,0,1,0,58,14.198
37,1,35.22,137,81,103.2,6.8,0,0,7.6,0,0,0,0,56,13.031399999999998
41,1,21.53,126,68,88.5,4.5,0,0,6.1,1,0,1,0,58,8.827300000000001
78,0,29.94,140,79,96.3,6.8,0,0,6.9,0,0,1,1,61,23.3532
75,0,22.77,135,85,81.3,9.1,0,1,6.6,0,0,0,0,50,17.0775
44,1,18.46,123,69,97.3,6.8,0,1,5.5,1,0,0,0,54,8.1224
43,0,29.59,141,77,110.1,9.3,1,0,6.0,1,0,0,1,64,12.7237
24,0,24.89,113,66,84.9,9.3,0,0,7.5,0,0,0,0,47,5.9736
59,0,36.01,165,89,132.5,1.9,1,1,5.0,0,0,1,1,76,21.245899999999995
64,1,33.33,148,84,111.5,4.1,0,0,7.3,1,1,0,1,64,21.3312
70,0,34.14,144,88,139.3,7.1,0,0,7.3,1,1,1,0,56,23.898000000000003
76,0,32.98,146,85,114.3,1.7,0,0,8.3,0,0,1,0,61,25.064799999999995
55,0,30.8,149,87,113.0,7.1,0,1,5.8,0,0,0,1,62,16.94
70,0,18.88,143,78,108.0,2.3,0,1,6.5,0,0,0,1,65,13.216
32,1,25.44,114,72,111.0,5.2,0,0,4.4,0,0,0,0,42,8.1408
43,1,30.69,135,84,72.4,3.6,0,0,7.8,0,0,0,1,51,13.1967
65,0,25.12,129,75,103.4,8.0,0,1,8.4,1,0,0,0,54,16.328
36,0,26.63,120,69,74.0,7.4,0,0,8.9,0,0,0,0,51,9.5868
26,1,31.0,127,79,78.7,5.4,0,1,9.0,0,0,0,1,48,8.06
81,0,32.93,146,76,117.7,5.2,0,0,6.9,0,0,1,1,70,26.673299999999998
71,1,21.45,122,74,87.4,12.6,0,0,6.9,0,0,0,0,48,15.2295
68,0,30.69,141,77,108.8,4.1,0,0,8.3,0,0,0,1,64,20.8692
56,0,30.08,133,79,99.1,9.5,1,0,6.3,0,0,0,1,54,16.8448
21,0,21.06,109,72,91.6,2.6,0,0,7.5,0,0,0,0,37,4.4226
20,1,24.44,123,74,81.4,4.6,0,0,7.6,1,0,0,0,49,4.888
81,0,27.67,144,81,114.8,8.2,0,0,8.3,1,1,1,0,63,22.4127
46,0,34.86,123,74,81.0,7.5,0,1,6.7,1,0,1,0,49,16.0356
28,0,24.39,118,78,96.0,4.0,0,1,8.5,1,0,0,0,40,6.829200000000001
75,0,29.22,151,84,108.3,6.0,0,0,7.7,0,0,0,1,67,21.915
44,0,33.58,133,79,116.9,1.1,1,0,7.0,1,1,1,0,54,14.7752
38,0,37.56,143,79,121.5,4.9,0,0,6.6,1,1,0,1,64,14.272800000000002
56,0,28.12,160,90,97.7,5.8,1,0,5.3,0,0,1,1,70,15.7472
63,1,15.0,137,76,117.8,5.9,1,0,8.6,1,0,0,0,61,9.45
83,1,32.16,151,73,97.1,8.9,0,0,7.9,0,0,1,1,78,26.6928
53,0,28.02,132,84,87.6,4.3,0,0,8.1,0,0,0,0,48,14.8506
82,0,21.9,136,67,109.8,3.7,0,0,5.8,0,0,1,0,69,17.958
80,1,30.92,144,86,145.6,8.3,0,0,4.8,1,1,1,1,58,24.736000000000004
52,0,37.62,156,82,100.2,5.3,0,0,10.0,0,0,0,1,74,19.562399999999997
48,0,28.01,133,75,117.4,5.5,0,0,6.5,1,0,0,0,58,13.4448
45,1,17.39,123,76,90.7,2.0,0,0,6.0,0,0,0,0,47,7.825500000000001
18,1,35.18,118,94,130.3,4.6,1,0,6.3,0,1,0,1,24,6.3324
42,0,26.93,121,83,100.2,2.5,1,0,9.4,1,0,1,1,38,11.310599999999999
60,0,30.93,131,79,110.9,3.3,0,0,6.7,0,0,0,0,52,18.558
84,1,27.16,147,84,125.4,1.6,0,0,6.5,0,0,1,1,63,22.8144
80,0,29.45,137,79,120.9,7.9,0,0,9.3,0,0,0,1,58,23.56
68,1,30.66,149,80,126.5,4.4,1,0,7.6,0,0,0,1,69,20.8488
19,0,31.48,120,78,87.7,4.8,0,0,7.2,0,0,0,0,42,5.9812
81,0,27.65,143,88,108.7,3.8,0,0,7.6,1,1,1,1,55,22.3965
26,1,22.39,106,74,83.4,3.7,0,0,7.0,0,0,0,0,32,5.8214
19,1,27.92,129,84,97.9,0.6,0,1,6.1,0,0,1,1,45,5.3048
51,1,31.37,137,83,110.3,1.0,1,0,8.5,0,0,1,0,54,15.998700000000001
77,0,22.43,144,76,82.1,14.15,0,0,6.8,0,0,0,1,68,17.2711
78,1,20.38,135,71,125.9,6.6,1,0,6.6,1,1,1,0,64,15.896399999999998
48,1,34.53,136,89,97.9,2.6,0,0,6.0,0,0,0,0,47,16.5744
27,1,36.61,131,90,98.9,6.9,1,0,8.4,0,0,0,0,41,9.8847
53,1,27.02,129,78,94.4,1.7,0,1,7.2,0,0,0,0,51,14.320599999999999
66,0,30.29,144,86,118.2,5.5,0,0,7.8,0,0,0,1,58,19.9914
66,0,28.98,137,86,110.6,3.5,0,1,8.6,1,1,1,1,51,19.1268
20,1,15.0,100,70,82.1,8.4,0,0,7.2,0,0,0,0,30,3.0
22,1,28.0,124,77,80.8,3.1,0,1,7.8,0,0,0,1,47,6.16
78,0,35.3,161,81,126.8,1.4,0,0,8.2,0,0,1,1,80,27.533999999999995
43,0,19.99,110,69,109.3,1.2,0,1,7.2,1,0,1,0,41,8.595699999999999
22,1,19.46,118,76,101.2,2.0,0,1,7.7,1,0,0,1,42,4.2812
32,0,22.56,124,68,68.3,5.6,0,1,7.0,0,0,0,0,56,7.2192
33,1,24.05,117,73,103.5,2.9,0,0,8.1,1,0,0,0,44,7.9365
18,0,30.67,131,64,102.9,2.3,0,0,6.3,1,0,0,0,67,5.520600000000001
33,1,34.46,136,87,89.5,6.1,0,1,7.9,0,0,0,1,49,11.3718
54,0,34.32,136,65,138.2,4.7,0,0,6.7,1,1,0,1,71,18.532799999999998
20,0,30.59,120,72,76.4,8.6,0,1,8.2,0,0,0,0,48,6.117999999999999
69,0,17.57,122,73,120.4,7.1,0,0,6.1,1,0,1,0,49,12.123299999999999
64,1,17.55,124,88,106.1,2.8,0,0,8.4,0,0,0,0,36,11.232000000000001
30,1,31.06,137,70,89.5,1.9,0,1,4.5,0,0,1,1,67,9.318
72,1,17.6,126,79,109.6,2.8,0,0,7.8,1,0,1,0,47,12.672
38,0,30.02,116,91,98.5,5.9,0,1,5.4,0,0,0,0,25,11.4076
83,1,28.41,146,70,119.4,4.6,0,0,7.3,0,0,1,1,76,23.5803
71,1,24.11,152,70,126.8,2.7,1,1,5.9,1,0,1,1,82,17.1181
44,1,15.0,130,83,73.9,6.2,1,0,7.1,1,0,0,0,47,6.6
55,1,27.97,146,85,92.0,5.0,1,0,7.9,1,0,0,1,61,15.3835
75,0,29.77,145,83,111.4,3.4,0,0,5.9,0,0,1,0,62,22.3275
79,1,23.57,141,80,119.8,1.7,0,0,6.7,0,1,0,1,61,18.6203
63,1,20.47,122,69,102.0,5.2,0,0,4.0,0,0,0,0,53,12.896099999999999
28,1,28.5,106,76,89.0,3.4,0,0,8.8,0,0,0,0,30,7.98
25,1,18.38,109,73,62.1,2.3,0,0,9.8,0,0,0,0,36,4.595
81,0,30.38,138,85,120.5,2.3,0,0,8.5,0,1,1,1,53,24.607799999999997
38,1,32.92,143,84,81.9,4.6,1,0,6.9,0,0,1,1,59,12.5096
80,1,15.43,133,82,113.7,3.8,0,1,8.5,0,0,1,1,51,12.344000000000001
81,0,23.74,126,72,102.8,8.0,0,0,7.4,0,0,0,0,54,19.2294
37,1,26.52,131,76,88.9,2.0,0,0,8.6,1,0,0,0,55,9.8124
25,0,26.69,109,75,83.2,1.4,0,0,7.0,0,0,0,0,34,6.6725
75,0,21.7,127,61,89.7,6.6,0,0,7.8,0,0,0,0,66,16.275
63,1,19.05,155,81,92.3,2.8,1,1,6.5,0,0,1,1,74,12.0015
48,0,24.13,130,63,80.0,2.4,0,0,5.0,0,0,0,0,67,11.5824
26,0,30.54,119,84,87.7,3.2,0,0,9.2,0,0,0,1,35,7.9403999999999995
32,0,30.11,119,80,104.0,7.5,0,0,9.0,0,0,0,0,39,9.6352
43,0,30.18,131,74,124.3,3.5,0,0,7.7,1,0,0,1,57,12.9774
27,0,34.06,137,78,125.4,1.8,1,0,6.5,0,0,0,1,59,9.196200000000001
46,0,20.73,121,71,88.2,5.4,0,1,6.8,0,0,0,0,50,9.5358
53,0,24.61,129,70,95.4,9.0,0,0,7.3,0,1,0,0,59,13.043299999999999
54,0,25.73,127,77,87.3,5.1,0,0,9.7,0,0,0,0,50,13.894200000000001
40,1,15.0,117,78,91.5,9.6,0,0,7.0,0,0,0,0,39,6.0
58,1,28.1,138,78,98.6,3.3,0,1,6.4,1,1,0,1,60,16.298000000000002
45,1,26.63,140,74,79.5,1.4,0,1,5.9,0,0,0,0,66,11.9835
65,1,20.21,129,74,99.9,2.9,0,0,5.4,1,0,1,1,55,13.136500000000002
55,0,31.85,139,87,109.6,6.7,0,1,6.1,0,0,0,1,52,17.5175
48,1,31.49,137,87,112.8,6.0,1,0,8.6,1,0,1,1,50,15.1152
31,1,29.12,120,74,88.0,3.4,0,0,5.2,0,0,0,0,46,9.0272
46,0,16.89,104,72,98.4,10.5,0,0,7.5,0,1,0,0,32,7.769400000000001
68,0,21.16,125,74,101.0,3.2,0,0,7.1,0,0,0,0,51,14.388800000000002
66,0,28.56,137,86,95.0,2.2,0,0,6.9,0,0,1,1,51,18.8496
60,1,23.69,152,76,120.2,3.4,1,0,6.0,1,0,0,1,76,14.214
22,0,25.46,111,72,75.9,5.3,0,0,7.7,0,0,0,0,39,5.6012
59,1,20.41,125,75,92.9,11.1,0,0,7.3,0,0,0,0,50,12.0419
24,0,27.91,109,72,72.1,2.6,0,1,7.9,0,0,0,0,37,6.6984
59,0,35.53,134,77,126.4,5.2,0,0,7.5,0,1,1,0,57,20.962699999999998
53,1,28.68,141,94,128.8,2.9,0,1,5.9,1,1,1,1,47,15.2004
44,1,32.43,117,79,86.2,2.2,0,0,6.7,0,1,0,1,38,14.269200000000001
75,0,31.89,155,91,113.0,4.3,0,1,7.3,0,0,1,1,64,23.9175
63,1,24.72,129,79,118.9,4.2,0,0,5.3,0,0,0,0,50,15.573599999999999
83,0,25.72,143,71,87.4,4.7,0,1,8.1,0,0,0,1,72,21.347599999999996
42,1,35.33,129,86,117.7,2.3,0,1,8.7,0,0,0,1,43,14.8386
44,1,31.05,140,82,118.5,1.9,0,1,7.4,1,0,1,1,58,13.662
18,1,32.37,113,73,92.1,1.7,0,0,6.7,0,0,0,0,40,5.8266
59,0,27.77,114,77,107.1,6.0,0,0,5.5,0,0,0,0,37,16.3843
69,0,24.53,141,85,112.3,1.1,1,1,6.6,1,1,1,1,56,16.925700000000003
42,1,25.23,115,75,116.7,4.1,0,1,7.8,1,0,0,0,40,10.5966
71,0,34.79,140,84,103.3,2.7,0,1,8.1,1,1,1,1,56,24.7009
84,1,26.8,138,89,117.2,6.2,0,0,7.9,1,0,1,0,49,22.512000000000004
23,1,34.04,121,77,97.9,5.5,1,0,4.0,0,0,0,0,44,7.829199999999999
75,0,34.95,137,90,143.8,3.9,0,0,5.9,1,1,1,1,47,26.2125
70,1,32.14,136,80,134.2,7.3,0,0,7.8,1,0,0,1,56,22.498
83,0,31.46,147,95,126.6,1.8,0,0,5.7,0,1,1,1,52,26.111800000000002
75,1,36.64,152,90,119.8,4.0,0,0,6.4,0,0,1,1,62,27.48
19,1,21.9,104,66,82.9,2.6,0,0,6.2,0,0,0,0,38,4.161
39,1,24.41,114,73,85.0,4.0,0,1,5.4,0,0,0,0,41,9.5199
54,0,19.5,108,81,88.9,2.4,0,0,7.8,0,0,0,0,27,10.53
37,1,18.11,117,69,104.9,4.6,0,1,7.8,1,0,0,0,48,6.700699999999999
41,1,26.54,128,80,114.3,1.7,0,1,7.0,1,0,0,1,48,10.8814
82,0,28.36,142,80,114.5,2.0,0,1,8.7,1,0,1,0,62,23.2552
82,0,29.73,137,81,109.3,2.1,0,0,7.7,0,0,1,1,56,24.378600000000002
18,0,22.76,118,78,69.5,4.0,0,0,7.3,0,0,0,0,40,4.0968
20,1,24.4,101,78,116.0,0.7,0,0,7.2,1,0,0,0,23,4.88
63,1,31.71,144,84,100.5,2.8,1,1,8.1,0,0,1,1,60,19.9773
72,1,18.33,132,79,91.6,8.3,0,0,7.6,1,0,1,1,53,13.197599999999998
81,1,26.87,135,74,103.0,4.3,0,0,6.4,1,1,0,0,61,21.7647
62,0,34.37,135,94,107.7,4.6,1,0,7.6,0,0,0,1,41,21.3094
43,0,25.26,122,72,97.9,3.8,0,0,8.3,1,0,0,0,50,10.8618
82,0,24.36,144,84,101.5,2.2,0,0,8.7,0,0,1,1,60,19.9752
41,0,34.01,122,84,108.5,8.2,0,0,9.7,0,0,0,0,38,13.944099999999999
52,1,18.6,111,76,108.9,8.1,0,0,8.6,0,0,0,0,35,9.672
41,1,22.14,117,75,100.6,4.5,0,0,5.8,1,0,0,0,42,9.0774
45,1,22.36,123,79,102.9,3.9,0,0,7.5,1,1,0,0,44,10.062
33,0,30.83,125,78,101.2,1.3,0,0,8.3,0,0,0,0,47,10.1739
76,1,17.5,139,80,98.7,3.5,0,0,5.4,0,0,0,0,59,13.3
71,1,33.95,144,84,114.8,3.6,0,0,7.3,0,0,1,1,60,24.1045
33,0,26.65,121,79,113.2,1.7,1,0,6.6,1,0,0,0,42,8.7945
32,1,32.87,132,75,108.0,3.3,0,0,6.4,0,1,0,0,57,10.5184
28,0,34.0,133,72,76.4,8.3,0,0,7.6,0,0,0,0,61,9.52
82,1,22.24,130,79,104.5,4.4,0,0,6.1,0,0,0,0,51,18.2368
60,1,26.91,129,70,133.4,3.2,0,0,6.3,1,1,0,0,59,16.146
30,1,25.48,120,66,113.5,4.0,0,0,6.5,0,0,0,0,54,7.644
27,0,26.42,113,75,95.9,4.5,0,0,5.8,0,0,0,0,38,7.1334
58,0,23.5,142,84,112.5,1.0,0,1,6.5,0,0,0,0,58,13.63
67,0,33.26,154,81,111.9,5.8,0,1,8.7,1,0,0,1,73,22.284200000000002
76,1,25.72,136,76,109.2,7.4,0,1,5.9,0,0,0,0,60,19.547199999999997
56,1,24.86,125,71,97.1,7.2,0,0,7.2,0,0,0,0,54,13.921599999999998
20,0,33.32,128,84,113.4,5.9,1,1,7.0,0,0,0,0,44,6.664
24,1,31.65,130,78,114.6,2.8,0,0,9.0,0,0,0,0,52,7.595999999999999
66,0,28.47,150,88,123.9,1.9,0,1,8.0,1,1,0,1,62,18.7902
43,0,24.52,128,67,87.3,6.5,0,0,7.0,0,0,0,0,61,10.5436
50,1,35.29,139,93,85.4,2.6,1,0,8.8,0,1,0,1,46,17.645
65,1,20.67,131,81,125.4,4.3,0,0,6.4,1,1,0,1,50,13.435500000000001
19,0,33.02,122,80,111.9,1.8,0,0,8.8,1,1,0,0,42,6.273800000000001
49,0,30.43,139,72,108.6,0.6,0,0,8.6,0,1,0,0,67,14.910699999999999
21,0,19.45,106,82,60.0,7.7,1,1,7.4,0,0,0,0,24,4.0845
37,0,27.23,127,71,85.6,10.2,0,1,6.4,1,0,0,0,56,10.075099999999999
53,1,19.14,127,71,92.7,1.2,0,0,8.5,0,0,0,0,56,10.144200000000001
49,1,24.78,119,57,96.4,2.2,0,0,7.9,1,0,0,0,62,12.1422
45,0,28.42,125,75,96.5,8.3,0,0,7.9,0,0,0,0,50,12.789000000000001
18,0,20.92,125,84,82.4,2.2,1,1,7.5,1,0,0,0,41,3.7656000000000005
77,1,15.0,148,74,133.7,2.7,0,1,6.7,1,1,1,1,74,11.55
73,1,26.06,135,74,120.7,3.3,0,0,7.8,0,0,0,1,61,19.023799999999998
52,1,28.04,126,63,108.7,6.3,0,0,6.2,0,0,0,0,63,14.5808
47,0,24.61,127,68,108.6,7.9,0,1,6.3,0,0,0,0,59,11.5667
71,1,26.71,132,83,118.4,7.9,0,1,8.8,1,0,0,1,49,18.964100000000002
53,0,25.76,155,76,80.5,5.1,0,0,9.9,0,0,0,1,79,13.6528
72,1,20.9,131,86,122.1,5.2,0,0,6.9,0,0,0,1,45,15.048
75,1,38.09,142,75,117.7,5.6,0,0,8.4,0,0,0,0,67,28.567500000000006
82,0,28.64,139,81,108.1,2.2,0,0,7.5,0,0,1,1,58,23.4848
68,0,24.33,141,82,128.6,4.7,0,0,7.0,0,0,0,0,59,16.5444
39,0,22.02,114,65,104.0,1.9,0,0,6.8,0,0,0,0,49,8.5878
70,0,24.49,132,83,104.6,4.4,0,0,8.7,0,0,0,1,49,17.143
53,0,24.68,142,80,105.0,1.4,1,0,6.8,1,1,1,1,62,13.0804
53,1,27.02,145,80,99.5,2.0,0,0,6.5,0,0,0,0,65,14.320599999999999
69,0,33.45,133,84,103.0,1.8,0,0,8.4,0,1,0,1,49,23.0805
70,1,22.13,129,85,126.3,1.4,0,0,8.8,1,0,0,0,44,15.491
67,1,27.83,130,74,129.1,0.7,0,0,8.0,1,0,0,0,56,18.6461
58,1,31.44,124,85,104.4,1.5,0,0,5.3,0,0,0,1,39,18.2352
35,1,22.89,110,74,82.5,4.4,0,0,6.9,0,0,0,0,36,8.0115
39,0,22.86,105,75,76.7,4.6,0,0,8.7,0,0,0,0,30,8.9154
83,0,18.05,133,81,93.5,3.2,0,1,7.3,0,0,0,0,52,14.9815
38,0,36.55,135,82,122.6,2.6,1,0,5.4,0,0,0,0,53,13.889
61,1,29.75,137,79,105.9,2.5,0,0,7.9,0,0,0,0,58,18.1475
64,0,23.49,124,72,113.1,2.2,0,0,6.7,1,0,0,0,52,15.0336
56,0,23.24,118,72,85.5,4.2,0,1,6.0,0,0,0,0,46,13.014399999999998
46,0,20.82,133,70,107.2,13.8,0,0,5.6,0,0,0,0,63,9.5772
71,1,27.71,135,72,118.1,5.6,0,0,7.3,0,0,0,0,63,19.6741
34,0,24.82,115,71,104.7,4.4,0,0,7.9,1,1,0,0,44,8.4388
77,0,21.48,142,84,118.1,3.3,0,1,6.0,1,0,1,1,58,16.5396
48,0,22.32,122,80,102.8,3.8,0,0,4.8,1,0,0,0,42,10.713600000000001
66,1,31.01,152,87,108.5,3.7,0,1,8.3,0,0,1,0,65,20.4666
19,1,24.59,110,66,88.7,5.1,0,0,8.6,0,0,0,0,44,4.6720999999999995
65,0,19.68,127,83,82.6,3.4,0,1,6.1,0,0,0,0,44,12.792
31,1,27.18,131,85,113.8,1.2,0,0,6.8,0,0,1,0,46,8.4258
76,0,22.82,142,76,94.8,2.9,0,0,9.1,0,0,1,0,66,17.3432
75,0,30.55,146,83,133.0,4.2,0,0,6.2,1,1,0,0,63,22.9125
75,0,35.54,155,84,137.0,4.4,0,1,7.7,1,1,1,1,71,26.655
68,1,15.56,142,86,121.9,1.6,1,1,6.7,0,0,1,0,56,10.5808
19,1,22.7,117,69,89.1,4.8,0,1,5.9,0,0,0,0,48,4.313
58,0,27.6,140,72,102.5,7.2,0,1,6.4,0,0,0,1,68,16.008000000000003
33,1,26.36,125,88,87.2,2.5,1,0,5.5,0,0,0,0,37,8.6988
21,0,34.06,124,83,97.7,3.0,0,0,6.6,0,0,0,0,41,7.1526
29,1,26.69,115,77,104.3,0.9,0,1,6.1,0,0,0,0,38,7.7401
46,1,27.99,139,77,105.7,4.8,0,0,7.0,1,0,0,1,62,12.875399999999999
24,1,29.3,119,80,111.7,1.6,0,0,8.9,1,0,0,0,39,7.032
31,1,22.85,130,73,107.6,2.0,1,0,6.6,0,0,0,1,57,7.0835
29,1,29.79,127,83,87.6,5.7,1,1,6.5,0,0,0,0,44,8.6391
22,1,29.15,109,79,109.3,3.4,0,0,5.9,0,0,0,0,30,6.412999999999999
49,1,27.4,125,74,119.7,3.6,1,1,8.4,0,0,0,0,51,13.425999999999998
60,0,15.68,108,70,143.1,5.4,0,0,7.1,1,1,0,0,38,9.408
62,0,22.39,119,78,107.0,7.7,0,1,8.9,1,0,0,0,41,13.8818
26,0,27.88,120,71,94.0,1.6,0,0,6.6,0,0,0,0,49,7.2488
66,1,26.25,146,86,99.5,2.9,1,0,7.6,0,0,1,1,60,17.325
50,0,31.14,142,81,106.5,3.1,0,1,5.7,0,0,0,0,61,15.57
35,1,31.19,134,83,116.8,7.5,1,0,7.5,0,1,0,1,51,10.916500000000001
26,0,28.8,108,82,109.7,2.8,0,0,8.6,0,0,0,0,26,7.488
79,1,31.19,154,84,96.9,6.1,0,0,7.4,0,0,0,0,70,24.640100000000004
74,0,29.7,138,77,101.5,7.0,1,0,6.6,0,0,0,1,61,21.977999999999998
46,1,23.75,131,81,109.8,2.8,0,0,5.0,0,0,0,0,50,10.925
42,0,26.77,135,78,96.8,1.7,0,0,7.7,0,0,0,0,57,11.2434
32,1,20.43,114,73,70.9,2.2,0,0,8.5,0,0,0,0,41,6.5376
23,0,35.46,131,74,106.0,2.8,0,1,7.1,0,0,0,0,57,8.155800000000001
59,0,19.52,121,76,115.9,2.3,0,0,6.3,0,0,0,1,45,11.5168
46,1,15.0,115,76,95.6,5.1,0,0,5.5,0,0,0,0,39,6.9
21,0,39.1,133,80,110.7,7.6,0,0,7.1,0,0,0,1,53,8.211
74,0,26.26,144,80,75.9,4.8,0,0,7.3,1,0,1,1,64,19.4324
66,0,31.99,145,81,108.0,3.6,0,0,6.5,0,0,1,1,64,21.1134
61,1,31.05,135,75,114.0,3.5,1,0,7.8,0,0,0,0,60,18.9405
31,0,32.86,119,70,96.3,5.1,0,0,7.3,0,0,0,0,49,10.1866
20,1,30.23,129,82,95.8,2.1,1,0,7.5,0,0,0,0,47,6.046
79,0,30.26,138,94,99.5,6.9,0,0,8.4,0,0,0,0,44,23.9054
81,0,15.0,137,70,114.0,5.1,0,0,6.3,1,0,1,0,67,12.15
62,1,21.21,128,69,98.3,3.5,1,0,6.8,0,0,0,1,59,13.1502
75,0,15.0,142,79,92.5,7.3,0,0,8.0,1,0,1,0,63,11.25
37,1,22.04,107,79,111.9,5.8,0,0,6.9,1,0,0,0,28,8.1548
75,0,23.71,133,87,112.3,3.7,0,0,8.5,1,0,1,0,46,17.7825
74,0,26.12,137,72,98.8,2.5,0,0,6.2,0,0,0,0,65,19.3288
69,1,21.3,135,63,103.9,8.5,0,0,8.2,0,0,0,1,72,14.697000000000001
54,1,24.76,130,78,81.8,3.9,0,0,7.9,0,0,0,0,52,13.370400000000002
25,1,23.8,102,67,69.9,9.2,0,0,7.5,0,0,0,0,35,5.95
61,1,28.8,153,80,97.1,2.5,0,1,8.8,0,0,0,1,73,17.567999999999998
22,0,31.2,129,84,80.8,2.6,0,0,7.0,1,0,0,0,45,6.864
48,0,28.04,113,74,92.5,3.9,0,0,8.4,1,0,0,0,39,13.459200000000001
62,0,30.46,136,88,114.3,5.9,0,0,7.3,0,0,1,0,48,18.8852
26,1,27.91,124,86,85.1,2.3,0,0,8.3,0,0,0,0,38,7.2566
49,1,33.68,134,83,105.7,1.4,0,1,7.9,0,0,0,0,51,16.5032
50,0,37.61,143,79,122.1,0.9,0,0,7.4,0,1,1,1,64,18.805
84,0,15.0,138,85,108.7,2.2,1,0,6.4,0,0,0,1,53,12.6
47,0,33.37,144,84,109.6,2.7,0,0,6.5,1,1,1,0,60,15.6839
46,1,19.32,127,64,92.2,5.2,0,0,7.6,1,0,0,1,63,8.8872
20,1,27.88,119,89,95.9,3.8,0,1,8.7,1,0,0,0,30,5.5760000000000005
74,0,28.32,143,77,113.9,4.6,0,0,7.0,0,0,0,0,66,20.956799999999998
47,0,30.33,132,67,113.6,2.0,0,0,7.6,0,0,1,0,65,14.2551
26,0,26.5,115,79,106.7,4.1,0,1,7.1,1,1,0,0,36,6.89
43,1,26.77,109,87,108.9,6.1,0,0,8.2,1,0,0,0,22,11.511099999999999
19,1,28.79,120,76,104.4,2.7,1,0,6.9,1,0,0,0,44,5.4700999999999995
79,0,24.79,141,77,109.6,9.3,1,0,7.2,0,0,0,1,64,19.5841
20,1,15.78,124,69,77.6,0.7,1,0,6.1,1,0,0,0,55,3.1559999999999997
63,1,26.79,135,85,110.2,1.9,0,0,7.6,0,0,0,0,50,16.8777
42,0,22.46,128,59,96.5,4.0,0,0,6.1,1,0,1,0,69,9.433200000000001
68,1,21.96,123,68,92.7,3.6,0,0,9.0,1,0,0,0,55,14.9328
30,0,21.4,106,72,95.9,3.2,0,0,6.4,0,0,0,0,34,6.42
61,1,15.37,117,86,122.0,1.6,0,0,7.0,1,1,0,1,31,9.3757
52,0,24.48,145,75,90.1,7.2,1,0,4.7,0,0,1,0,70,12.7296
72,0,26.8,138,78,123.2,1.1,0,0,6.5,1,1,1,0,60,19.296000000000003
26,1,31.25,133,88,104.8,2.7,1,0,6.6,0,0,0,1,45,8.125
19,1,23.37,111,77,104.1,2.3,0,0,8.2,1,0,0,0,34,4.440300000000001
78,0,35.95,153,81,114.0,6.6,0,0,6.3,0,0,1,1,72,28.041000000000004
58,1,30.19,127,70,108.7,1.4,0,0,7.3,0,0,0,0,57,17.5102
61,0,20.3,128,69,94.3,2.7,0,0,8.7,1,0,0,0,59,12.383
81,0,23.97,136,79,104.6,4.6,0,0,7.7,0,0,0,0,57,19.4157
48,1,38.52,144,81,127.4,2.9,0,0,6.5,1,0,0,0,63,18.4896
64,0,31.21,157,96,111.7,3.5,1,0,8.5,1,0,1,1,61,19.9744
19,0,23.74,105,68,86.4,14.15,0,0,4.7,0,0,0,0,37,4.510599999999999
75,1,31.98,146,94,115.2,4.9,0,0,7.7,1,0,0,1,52,23.985
61,0,19.48,140,85,113.1,4.3,1,0,8.4,0,0,1,0,55,11.8828
73,1,23.59,144,84,107.8,4.4,0,0,6.0,0,0,1,1,60,17.2207
60,0,15.0,124,75,117.6,3.5,0,0,4.5,0,0,0,0,49,9.0
51,1,30.3,116,78,109.1,2.7,0,0,6.0,1,0,0,0,38,15.453
47,0,20.04,116,72,107.3,3.6,0,1,6.9,1,0,0,0,44,9.4188
72,0,26.33,140,83,123.5,2.6,0,0,6.2,0,0,1,1,57,18.9576
84,1,17.83,153,76,125.8,1.6,0,0,7.6,1,0,1,0,77,14.977199999999998
30,1,27.96,131,70,109.6,2.4,0,1,6.0,0,0,0,0,61,8.388
20,1,26.37,113,73,82.4,5.0,0,0,6.9,0,0,0,0,40,5.274
43,0,18.25,124,79,104.1,3.7,1,0,8.0,1,0,1,0,45,7.8475
74,1,24.03,147,77,116.6,1.6,0,0,7.3,0,0,0,1,70,17.7822
41,0,27.57,132,71,98.5,3.6,0,0,5.4,1,0,0,0,61,11.303700000000001
70,1,29.38,134,85,112.8,5.3,0,0,8.8,0,1,0,1,49,20.566
60,1,35.98,141,86,98.5,5.0,0,0,6.9,0,1,0,0,55,21.587999999999997
77,0,33.86,148,90,121.6,1.0,0,0,7.5,0,1,1,1,58,26.0722
75,1,22.77,130,77,91.8,5.7,0,0,8.1,0,0,0,0,53,17.0775
66,0,22.7,130,77,92.5,8.1,0,1,6.0,0,0,0,0,53,14.982000000000001
59,1,18.5,128,84,99.2,3.0,1,0,5.5,0,0,0,0,44,10.915
83,1,20.94,128,75,116.7,1.3,0,0,6.3,0,0,0,0,53,17.380200000000002
28,0,31.79,106,77,92.6,7.2,0,0,8.9,1,0,0,0,29,8.9012
35,1,17.58,118,67,91.7,2.0,0,0,6.8,0,0,0,0,51,6.153
69,0,25.9,144,81,93.4,5.0,0,1,8.0,1,0,0,0,63,17.871
63,1,25.05,151,86,101.8,1.1,1,1,6.5,0,0,1,1,65,15.781500000000001
61,0,22.4,114,70,107.6,2.9,0,0,6.8,0,0,0,0,44,13.663999999999998
39,1,19.25,128,77,89.2,1.3,1,1,9.6,0,0,0,0,51,7.5075
70,0,15.81,139,71,121.5,7.2,0,0,6.9,1,0,0,0,68,11.067
76,0,19.3,139,85,93.5,2.4,0,0,6.2,0,0,0,1,54,14.668
47,1,26.32,128,86,104.4,0.7,0,0,7.2,0,0,0,0,42,12.3704
25,0,30.27,124,75,109.8,2.4,0,1,5.3,0,0,0,1,49,7.5675
74,0,36.15,152,83,135.2,3.8,0,0,5.7,0,0,1,0,69,26.750999999999998
37,1,28.74,136,75,107.2,7.3,0,0,8.3,1,0,0,0,61,10.633799999999999
42,1,30.24,124,75,113.8,7.7,0,0,7.4,1,0,0,0,49,12.7008
36,1,36.13,146,83,112.0,3.4,1,1,7.4,0,0,1,0,63,13.0068
22,0,28.76,107,81,110.4,8.0,0,0,6.9,0,1,0,0,26,6.3272
44,1,32.5,130,87,107.8,3.1,1,0,5.7,0,0,0,0,43,14.3
57,0,24.6,130,84,85.2,4.8,0,0,8.1,1,0,1,0,46,14.022
43,1,30.98,130,89,81.2,6.3,1,0,8.9,0,0,0,1,41,13.3214
44,1,28.02,122,79,109.4,5.6,0,0,5.5,1,0,0,0,43,12.3288
79,1,25.4,142,84,126.9,4.7,0,0,7.6,1,1,0,1,58,20.066
67,0,35.77,146,94,142.4,3.2,0,1,5.2,0,1,1,0,52,23.9659
59,1,19.82,120,69,106.8,3.7,0,0,6.4,0,0,0,0,51,11.693800000000001
46,1,21.81,129,76,89.6,3.2,0,0,9.5,0,0,0,0,53,10.0326
56,1,33.63,145,86,109.9,3.1,0,1,8.2,0,1,0,1,59,18.832800000000002
77,0,32.43,145,91,118.7,1.8,0,0,7.6,0,1,1,1,54,24.9711
58,1,26.87,138,81,101.7,5.5,1,0,5.2,0,0,0,1,57,15.5846
50,1,28.77,134,79,122.7,2.0,1,0,8.1,1,1,0,1,55,14.385
33,0,29.8,129,84,115.2,10.8,1,0,7.4,1,0,0,1,45,9.834
40,0,28.92,122,77,127.4,5.2,0,1,6.7,1,1,0,0,45,11.568000000000001
24,0,28.2,123,79,92.9,3.1,0,1,6.0,0,0,0,0,44,6.768
43,0,21.93,133,69,91.7,3.2,0,0,5.9,0,0,0,1,64,9.4299
29,0,33.98,129,81,99.5,2.5,0,0,6.2,0,0,0,0,48,9.854199999999999
22,0,25.62,122,78,89.7,4.2,0,0,7.8,1,0,0,0,44,5.6364
66,1,21.05,132,75,90.2,7.8,1,0,7.0,0,0,0,0,57,13.892999999999999
43,1,27.58,137,77,100.3,3.0,0,1,7.2,0,0,0,0,60,11.859399999999999
22,0,28.79,116,79,60.0,2.1,0,0,8.4,0,0,0,0,37,6.3338
39,1,29.09,148,78,103.3,4.1,0,0,5.6,0,0,0,0,70,11.3451
30,1,32.44,121,94,92.7,3.0,1,0,4.9,0,0,0,1,27,9.732
45,0,24.6,143,74,104.1,4.1,0,1,8.0,0,0,0,0,69,11.07
50,0,26.42,118,84,90.3,8.4,0,0,5.7,0,0,1,0,34,13.21
40,1,21.91,115,67,97.8,8.8,0,1,6.5,0,0,0,0,48,8.764
35,1,28.16,126,84,81.4,13.5,1,1,6.7,0,0,1,0,42,9.856
47,1,21.82,126,75,92.6,6.4,0,0,6.9,0,0,0,0,51,10.2554
43,1,23.38,130,76,90.8,5.8,0,0,4.9,0,0,0,0,54,10.0534
33,0,32.5,139,86,111.3,3.1,0,0,7.0,0,0,0,0,53,10.725
56,1,27.59,131,77,94.4,2.9,0,0,9.0,1,0,0,0,54,15.4504
50,0,35.06,127,88,97.5,3.2,0,0,6.8,0,0,1,0,39,17.53
43,0,33.62,138,90,96.5,4.0,1,0,7.3,1,0,0,1,48,14.456599999999998
65,0,28.05,135,81,99.5,7.0,0,0,8.1,0,0,0,0,54,18.2325
82,0,28.85,135,75,117.9,8.0,0,0,8.5,0,0,0,0,60,23.657000000000004
55,1,25.42,131,74,96.8,4.9,1,0,8.5,0,0,0,0,57,13.981000000000002
19,1,32.85,117,83,126.1,4.2,0,0,6.6,1,0,0,0,34,6.241499999999999
23,1,28.91,105,74,110.3,3.2,0,0,7.7,0,0,0,0,31,6.649299999999999
63,0,32.08,132,81,126.8,4.5,0,0,9.0,0,0,0,0,51,20.2104
67,1,23.05,124,78,98.3,7.7,0,0,6.7,0,0,0,1,46,15.443500000000002
55,1,18.91,134,78,86.8,2.1,0,0,8.8,0,0,0,0,56,10.4005
35,0,29.71,113,74,89.3,2.7,0,0,6.6,0,0,0,0,39,10.398500000000002
44,1,30.88,132,70,89.5,3.0,0,0,7.2,0,0,0,0,62,13.587200000000001
58,1,27.24,131,69,103.4,3.1,1,0,9.5,1,0,0,0,62,15.799199999999999
34,0,30.16,136,81,60.2,7.1,1,1,6.0,0,0,1,1,55,10.2544
79,1,21.86,156,76,120.2,6.3,1,1,4.7,1,1,1,1,80,17.2694
46,1,32.25,155,93,92.8,3.0,1,0,7.7,0,0,1,1,62,14.835
75,1,33.6,145,102,95.8,10.5,0,1,8.2,0,0,1,1,43,25.2
39,1,32.72,123,76,83.2,6.6,0,0,6.7,1,0,0,0,47,12.7608
23,0,27.52,121,75,117.9,2.8,0,0,6.9,1,1,0,0,46,6.3296
43,1,33.68,127,80,117.0,2.6,0,0,7.9,0,0,0,0,47,14.4824
56,1,20.17,137,74,100.2,1.2,0,1,6.5,0,0,0,0,63,11.2952
29,0,30.13,114,85,121.3,4.7,0,0,6.6,1,0,0,0,29,8.7377
31,0,30.96,135,75,107.7,4.0,0,1,8.0,1,0,0,1,60,9.5976
39,1,29.71,133,78,101.1,10.2,1,0,8.1,1,0,0,1,55,11.5869
68,0,21.35,126,69,96.7,4.5,0,0,7.1,1,0,0,0,57,14.518000000000002
40,1,28.13,133,73,99.8,4.8,0,0,6.2,0,0,0,1,60,11.252
65,1,25.31,143,85,134.0,1.4,1,0,8.0,1,1,1,0,58,16.4515
67,0,15.45,137,77,106.7,3.9,0,1,7.4,0,0,1,0,60,10.351499999999998
30,0,19.97,105,77,97.8,1.6,0,0,6.1,0,0,0,0,28,5.990999999999999
27,0,33.54,130,76,108.2,2.4,0,0,6.1,1,1,0,1,54,9.0558
72,1,24.49,138,76,113.6,4.1,0,0,6.6,0,0,0,0,62,17.6328
26,1,32.93,126,79,89.2,0.8,0,0,8.6,0,0,0,0,47,8.5618
69,1,33.43,116,83,110.1,12.8,0,0,6.0,0,0,1,0,33,23.0667
19,0,29.97,120,80,85.7,2.0,0,0,9.2,1,0,0,1,40,5.694299999999999
42,1,23.24,120,73,110.8,2.9,0,1,8.5,0,0,0,0,47,9.7608
30,1,32.28,138,71,86.3,11.5,1,1,7.8,0,0,0,1,67,9.684000000000001
68,0,28.04,141,77,107.6,1.8,0,0,6.6,0,0,0,0,64,19.0672
75,1,27.06,144,69,98.3,2.5,0,0,9.4,0,1,1,0,75,20.295
51,0,21.51,128,73,92.7,5.8,1,0,7.1,1,0,0,0,55,10.9701
52,1,23.9,136,72,125.0,1.6,0,0,6.4,0,0,0,0,64,12.427999999999999
20,0,21.6,112,57,90.2,7.3,0,0,6.6,0,0,0,0,55,4.32
76,0,32.36,134,89,115.7,4.1,0,0,5.4,0,0,1,1,45,24.593600000000002
65,1,35.7,151,84,103.5,1.5,0,0,6.0,0,0,1,1,67,23.205
81,1,32.16,134,86,99.2,7.2,0,0,6.3,0,1,0,1,48,26.049599999999995
36,0,27.95,121,71,114.7,9.8,0,0,6.9,0,0,0,0,50,10.062
84,1,25.02,148,68,114.6,6.3,0,1,6.9,0,0,0,0,80,21.0168
22,1,29.56,112,79,118.8,3.3,0,0,5.5,0,1,0,0,33,6.5032
84,0,24.38,153,78,93.9,6.0,1,1,6.7,1,0,1,1,75,20.4792
28,1,26.62,120,80,97.5,6.1,0,1,6.8,0,0,0,1,40,7.4536
18,1,22.04,115,61,64.6,5.9,1,0,6.6,0,0,0,0,54,3.9671999999999996
80,1,30.57,149,85,124.2,3.0,0,1,7.3,0,1,1,1,64,24.456
46,0,30.87,127,79,107.1,10.2,0,0,7.5,0,0,0,1,48,14.2002
29,1,32.07,128,60,97.7,4.8,0,0,7.7,1,0,0,1,68,9.3003
58,1,30.04,129,82,106.1,5.1,0,0,5.6,0,0,0,1,47,17.423199999999998
19,1,29.63,116,66,109.1,1.3,0,0,6.1,0,0,0,0,50,5.629700000000001
54,0,20.75,131,66,96.9,4.4,0,0,6.4,1,0,1,0,65,11.205
62,1,20.5,121,72,117.0,4.8,0,0,8.0,0,0,0,0,49,12.71
65,0,28.72,147,82,105.6,4.0,1,0,7.4,0,0,0,0,65,18.668
41,1,33.19,133,89,110.5,4.2,0,1,6.9,0,0,0,1,44,13.607899999999999
39,1,25.25,112,74,83.7,9.0,0,0,6.9,0,0,0,0,38,9.8475
28,0,26.83,116,73,90.9,3.1,0,0,8.5,0,0,0,0,43,7.5124
75,0,26.89,142,84,123.1,3.9,0,1,8.8,1,1,1,0,58,20.1675
63,1,16.11,121,70,78.7,7.9,0,0,6.9,0,0,1,0,51,10.1493
46,1,28.19,138,74,128.8,2.0,0,0,6.5,1,1,1,0,64,12.9674
52,0,23.61,128,85,129.9,5.0,0,0,4.7,1,0,1,1,43,12.2772
32,1,30.34,153,86,93.3,8.2,1,1,7.6,0,0,0,1,67,9.7088
77,1,26.62,148,82,128.6,2.3,0,0,7.2,1,1,1,1,66,20.497400000000003
59,1,25.76,123,88,111.7,3.6,0,0,8.1,1,0,0,0,35,15.198400000000001
60,1,25.89,130,74,101.5,6.6,0,0,8.2,0,0,0,0,56,15.534
66,0,24.9,130,73,98.8,3.7,0,0,7.0,0,0,0,0,57,16.433999999999997
81,1,18.9,132,74,109.4,2.9,0,1,5.6,1,0,1,1,58,15.309
49,0,32.33,146,85,106.5,9.0,0,1,8.6,0,1,1,0,61,15.841699999999998
81,0,23.12,154,86,116.5,7.7,0,1,6.3,0,0,1,1,68,18.7272
19,0,24.09,100,82,84.8,3.3,0,0,8.6,0,0,0,0,18,4.5771
41,1,27.26,146,88,109.1,4.8,1,1,7.9,1,0,1,0,58,11.1766
83,1,20.33,159,79,135.8,1.5,1,1,5.0,1,1,1,1,80,16.8739
55,0,23.91,121,80,109.3,5.5,0,0,6.6,0,0,0,0,41,13.1505
48,1,37.92,137,90,104.9,3.0,0,0,6.4,0,0,0,0,47,18.2016
43,1,28.75,126,75,103.2,1.8,0,1,4.0,0,0,0,0,51,12.3625
46,1,21.82,120,79,113.6,7.4,0,0,5.6,1,0,0,0,41,10.0372
84,1,15.0,141,79,101.9,7.4,0,1,5.4,0,0,1,0,62,12.6
42,0,32.61,134,82,99.8,5.6,0,0,8.1,0,0,0,1,52,13.6962
65,0,20.93,148,84,110.2,7.7,1,0,6.4,0,0,1,0,64,13.6045
82,1,23.65,144,76,124.1,5.3,0,0,6.9,1,1,1,0,68,19.393
70,0,24.39,133,76,100.8,5.8,0,0,7.1,0,0,1,0,57,17.073
84,0,21.5,130,67,130.1,5.6,0,1,9.5,0,0,0,0,63,18.06
35,1,26.36,144,86,92.7,4.0,1,0,7.1,1,0,0,0,58,9.226
26,1,23.6,105,74,90.5,2.1,0,0,6.5,0,0,0,0,31,6.136
55,1,30.34,125,82,115.1,2.6,0,0,6.4,0,0,1,0,43,16.687
38,0,27.62,117,83,97.8,2.8,0,0,6.6,0,0,0,0,34,10.4956
82,0,35.11,153,89,107.1,1.1,0,1,7.6,0,0,1,1,64,28.7902
38,1,35.22,137,85,92.3,5.2,0,0,6.7,0,0,1,1,52,13.3836
44,0,21.26,124,67,81.7,3.4,0,0,6.0,0,0,0,0,57,9.3544
61,0,24.9,130,82,74.2,6.1,0,0,7.2,0,0,0,0,48,15.188999999999998
45,0,39.29,135,103,101.2,4.4,0,0,8.4,0,0,0,1,32,17.6805
62,1,20.08,137,66,102.4,6.4,0,0,7.2,0,0,0,0,71,12.449599999999998
34,0,31.43,124,79,91.0,4.5,0,0,6.5,0,0,0,0,45,10.6862
57,0,29.98,131,86,117.8,6.7,0,1,7.3,0,0,0,0,45,17.0886
20,0,21.88,105,71,122.9,2.7,0,0,4.7,1,0,0,0,34,4.3759999999999994
83,0,22.16,142,83,92.3,5.9,0,0,6.8,0,0,1,1,59,18.3928
63,0,37.5,132,81,113.2,2.9,0,0,6.1,0,1,0,0,51,23.625
47,1,37.38,143,83,124.9,4.9,0,0,5.1,0,0,1,0,60,17.5686
26,1,29.29,122,75,108.8,4.9,0,0,8.6,1,0,0,0,47,7.615399999999999
28,0,18.76,105,65,91.3,7.2,0,0,6.5,0,0,0,0,40,5.252800000000001
83,0,34.09,156,88,126.7,4.3,0,0,6.1,0,0,1,1,68,28.294700000000002
48,0,18.74,116,81,78.8,8.4,0,0,7.2,0,0,0,0,35,8.9952
50,0,30.95,123,77,102.1,9.3,0,0,5.5,0,0,1,0,46,15.475
56,0,17.41,112,67,108.3,2.8,0,0,6.3,0,0,0,0,45,9.749600000000001
63,0,26.84,149,79,104.1,9.7,0,1,6.3,1,0,1,1,70,16.909200000000002
54,0,31.93,149,86,111.6,3.6,1,0,6.8,1,0,1,0,63,17.2422
77,1,15.0,141,73,109.1,10.6,0,0,9.3,0,0,0,0,68,11.55
48,0,23.74,147,81,72.1,9.1,1,0,8.9,0,0,0,0,66,11.395199999999999
28,1,27.69,118,70,102.3,10.2,0,1,5.4,1,0,0,0,48,7.7532000000000005
19,0,24.8,113,71,91.2,11.5,0,0,7.1,0,0,0,0,42,4.712
44,0,22.91,124,75,88.5,4.1,0,0,6.3,1,0,0,0,49,10.0804
19,1,26.03,137,74,105.9,2.9,1,1,7.4,1,0,0,0,63,4.9457
38,0,32.82,141,78,99.8,2.4,0,1,5.5,0,0,0,0,63,12.4716
75,0,34.74,140,86,105.5,4.9,0,0,9.4,0,1,0,1,54,26.055
22,1,30.89,108,73,135.4,4.4,0,0,7.0,1,1,0,0,35,6.795800000000001
69,1,35.81,160,85,143.9,3.9,0,0,6.4,1,1,0,1,75,24.708900000000003
62,0,23.7,126,89,100.4,3.4,0,1,6.3,1,0,1,0,37,14.693999999999999
37,0,30.26,134,76,93.8,2.4,0,0,7.3,1,0,0,0,58,11.196200000000001
78,1,20.89,122,74,100.6,6.4,0,0,6.1,0,0,0,0,48,16.2942
55,1,43.8,163,93,136.2,5.2,1,0,6.4,0,1,1,1,70,24.09
37,0,27.38,130,73,129.1,4.0,0,0,7.5,1,0,0,0,57,10.1306
42,0,31.46,124,81,105.3,3.6,0,0,5.7,0,0,1,0,43,13.213199999999999
19,1,16.58,98,63,81.9,9.2,0,0,7.3,1,0,0,0,35,3.1502
49,0,31.33,127,90,111.2,13.6,0,1,7.6,1,0,1,1,37,15.3517
43,0,27.46,147,76,98.9,2.9,0,0,5.4,1,0,1,1,71,11.8078
58,1,29.49,134,84,121.0,2.4,1,0,7.2,0,0,1,1,50,17.1042
84,0,26.88,165,82,105.2,1.9,1,1,7.2,0,0,1,1,83,22.5792
18,1,26.11,112,80,87.6,4.4,0,0,8.0,0,0,0,0,32,4.6998
68,1,25.01,143,76,98.5,3.4,0,1,6.7,0,1,0,1,67,17.006800000000002
22,1,26.28,133,70,117.8,3.6,1,1,6.0,1,0,0,0,63,5.781600000000001
30,0,35.32,137,77,90.6,6.9,0,0,5.8,0,0,0,0,60,10.595999999999998
36,0,24.67,120,67,116.5,7.9,0,0,5.6,1,0,0,0,53,8.881200000000002
29,0,39.9,130,86,104.8,5.9,0,0,7.0,0,0,0,0,44,11.571
65,0,27.16,137,74,125.2,6.7,0,0,6.1,1,0,1,1,63,17.654
42,0,34.92,141,78,107.2,1.1,0,1,8.3,1,0,1,1,63,14.666400000000001
74,0,33.43,139,87,153.1,2.9,0,0,7.2,1,1,1,1,52,24.738200000000003
52,0,17.73,114,69,110.7,6.6,0,0,7.5,0,0,0,0,45,9.2196
22,0,18.96,119,78,81.4,0.6,0,0,7.2,0,0,0,0,41,4.1712
39,0,22.87,132,88,113.8,2.7,0,1,6.9,1,0,0,0,44,8.9193
74,1,17.85,143,65,125.5,3.4,0,0,8.5,0,0,0,0,78,13.209000000000001
64,1,24.4,141,81,111.9,5.0,0,1,5.2,0,0,1,1,60,15.616
71,0,26.96,134,77,128.0,8.5,0,0,7.1,1,1,0,0,57,19.1416
20,1,30.56,132,61,91.2,3.1,0,0,5.5,0,0,0,0,71,6.111999999999999
70,1,27.85,144,84,105.9,1.8,0,0,5.1,0,0,1,0,60,19.495
48,0,26.83,140,70,90.3,2.2,0,1,5.6,0,0,1,0,70,12.8784
50,0,32.74,135,81,110.1,1.5,0,0,9.2,0,0,0,0,54,16.37
67,1,31.96,151,84,134.7,8.0,1,0,6.6,1,1,1,1,67,21.413200000000003
33,0,37.87,134,90,93.0,8.1,1,0,7.2,0,0,0,1,44,12.497099999999998
56,0,27.88,124,77,92.8,2.7,0,0,8.8,1,1,0,0,47,15.6128
63,1,15.0,138,86,94.6,3.3,1,1,5.9,0,0,0,1,52,9.45
64,0,29.28,139,86,123.8,3.6,0,0,6.9,1,1,1,1,53,18.7392
61,1,39.96,154,92,116.0,3.5,0,0,6.8,0,0,1,1,62,24.3756
26,0,32.75,122,72,117.0,5.2,0,0,8.1,1,0,0,0,50,8.515
67,0,34.08,126,82,124.0,7.6,0,1,8.5,1,1,0,0,44,22.833599999999997
77,0,27.35,139,91,134.3,2.1,0,0,5.9,1,1,1,1,48,21.059500000000003
32,1,32.1,120,87,101.2,5.4,0,0,6.2,0,0,0,0,33,10.272
53,0,34.39,156,86,119.1,1.5,1,1,8.4,0,1,1,1,70,18.2267
80,0,24.86,153,88,94.9,3.5,0,1,6.3,0,0,1,1,65,19.887999999999998
58,1,23.9,134,81,89.5,4.1,1,0,6.8,0,0,0,0,53,13.861999999999998
41,0,29.44,123,69,119.9,6.5,0,0,6.5,0,1,0,0,54,12.0704
66,0,32.42,140,83,115.8,4.1,0,0,8.2,1,0,0,0,57,21.3972
35,0,15.0,110,78,87.7,2.3,0,0,7.4,1,0,0,0,32,5.25
24,1,25.67,122,59,75.0,5.5,0,0,4.9,0,0,0,0,63,6.1608
21,0,15.47,111,67,109.3,5.2,0,0,5.9,0,0,0,0,44,3.2487
77,0,26.09,156,83,107.8,8.0,0,1,6.6,1,0,1,1,73,20.0893
72,0,36.6,151,88,121.0,7.0,0,0,6.9,0,0,0,1,63,26.352000000000004
33,0,23.18,111,91,88.7,5.6,1,1,8.6,0,0,1,0,20,7.649399999999999
46,1,25.14,129,71,99.2,1.1,0,0,7.4,1,0,0,0,58,11.564400000000001
40,1,30.64,131,74,91.9,9.0,0,1,6.8,0,0,0,0,57,12.255999999999998
31,0,32.56,128,78,116.6,6.1,0,1,7.5,1,0,0,0,50,10.093600000000002
66,0,32.35,149,82,107.5,4.4,0,1,7.0,1,1,1,1,67,21.351
50,0,27.02,141,76,68.7,5.6,0,0,6.3,0,0,0,0,65,13.51
42,1,30.11,122,78,115.8,2.4,0,0,6.1,0,0,0,0,44,12.646199999999999
38,0,29.85,132,72,126.4,4.8,0,1,6.7,1,0,1,0,60,11.343
34,0,22.72,103,73,94.4,3.4,0,0,5.8,1,0,0,0,30,7.7248
40,1,16.64,133,81,106.4,1.0,0,0,7.2,0,0,0,1,52,6.656000000000001
74,0,21.6,135,79,95.2,6.1,0,1,8.3,0,0,0,0,56,15.984000000000002
75,1,35.14,144,81,136.1,8.0,0,0,7.8,0,1,0,1,63,26.355
31,0,39.64,138,78,123.9,5.7,0,0,7.9,1,1,1,0,60,12.2884
37,0,26.27,121,77,93.3,0.9,0,0,6.2,0,0,0,0,44,9.7199
47,0,34.92,149,85,124.2,3.1,0,1,5.7,0,0,0,1,64,16.4124
36,0,25.08,120,68,92.4,5.0,0,1,8.0,1,0,0,0,52,9.028799999999999
70,0,28.82,148,76,107.8,2.3,0,1,7.4,0,0,0,1,72,20.174
73,0,23.24,134,80,96.2,0.9,0,0,6.8,0,0,1,1,54,16.9652
40,1,32.68,133,82,105.0,2.9,0,0,7.8,1,0,0,0,51,13.072000000000001
79,0,23.1,147,78,103.1,2.3,0,0,6.8,0,0,0,1,69,18.249000000000002
50,1,21.62,126,76,103.2,6.4,0,0,8.9,1,0,0,0,50,10.81
35,1,27.07,139,81,110.9,1.8,1,0,7.8,0,0,0,1,58,9.4745
50,1,31.54,125,80,101.9,3.3,0,0,7.1,0,0,0,1,45,15.77
49,1,27.75,133,89,97.3,4.3,0,1,5.4,0,0,1,0,44,13.5975
78,0,24.08,144,72,139.2,3.4,0,1,6.5,1,1,0,0,72,18.7824
71,0,21.58,136,76,114.7,3.5,0,1,8.4,0,0,0,1,60,15.321799999999998
34,0,17.02,114,76,90.8,5.3,0,0,7.8,0,0,0,0,38,5.7867999999999995
36,0,24.15,122,88,90.8,4.5,0,0,8.9,0,0,0,0,34,8.693999999999999
51,0,25.91,129,65,78.0,8.9,0,0,6.1,0,0,0,0,64,13.2141
42,0,30.01,127,73,105.8,4.0,0,0,5.2,1,0,0,1,54,12.6042
28,1,20.03,106,81,90.5,5.0,0,0,8.1,0,0,0,0,25,5.6084000000000005
33,1,30.68,133,89,99.7,3.8,0,0,8.0,1,0,0,1,44,10.1244
78,0,23.35,153,70,132.7,2.5,0,1,7.2,1,1,1,1,83,18.213
24,0,23.82,109,70,101.0,4.8,0,0,8.2,0,0,0,0,39,5.716800000000001
33,0,34.04,130,83,89.9,5.0,0,0,8.7,0,0,0,1,47,11.2332
33,0,15.0,123,73,81.8,9.1,1,0,6.8,0,0,0,0,50,4.95
57,0,19.68,127,70,114.7,5.2,0,0,8.6,1,1,0,0,57,11.2176
29,1,27.06,124,74,88.4,2.3,0,0,5.2,0,0,0,0,50,7.8474
52,0,26.77,131,75,117.3,4.0,0,1,7.2,0,0,1,0,56,13.920399999999999
38,0,16.93,117,76,103.4,2.7,0,0,7.2,1,0,0,0,41,6.433400000000001
67,0,23.93,133,86,94.5,2.4,0,1,7.4,1,0,0,1,47,16.0331
60,1,32.36,142,83,113.7,6.8,0,0,7.9,0,1,0,1,59,19.416
34,1,20.06,118,61,100.0,1.6,0,1,8.2,1,0,0,0,57,6.820399999999999
49,1,33.07,136,88,109.4,3.9,0,0,6.6,0,0,0,0,48,16.2043
58,0,22.65,118,78,90.2,7.0,0,0,5.9,0,0,0,0,40,13.136999999999999
23,0,15.94,115,67,86.5,6.1,0,1,8.1,0,0,0,0,48,3.6662
44,0,31.55,134,77,133.7,6.6,0,0,6.1,1,1,1,0,57,13.882
37,0,28.25,141,83,92.9,4.5,1,0,5.3,0,0,0,0,58,10.4525
42,1,18.3,126,74,85.8,2.4,0,0,7.5,0,0,0,0,52,7.686
83,0,23.65,150,78,113.5,4.1,0,0,6.8,0,0,0,1,72,19.629499999999997
26,0,36.8,132,78,101.4,7.0,0,0,5.5,0,0,0,0,54,9.568
70,1,30.62,156,85,114.2,5.0,0,0,5.5,0,0,0,1,71,21.434
78,0,33.27,136,76,125.5,3.6,0,0,6.9,0,1,0,1,60,25.950600000000005
55,1,20.2,125,76,100.6,1.6,0,0,6.6,0,0,0,0,49,11.11
20,0,33.91,134,84,116.5,8.9,1,0,7.5,0,0,0,0,50,6.781999999999999
72,0,18.54,138,74,98.8,4.7,0,1,7.4,0,0,0,0,64,13.348799999999999
18,0,18.72,108,65,84.0,1.5,0,0,7.5,0,0,0,0,43,3.3695999999999997
62,1,31.64,141,80,114.5,3.9,0,0,6.2,0,0,1,0,61,19.6168
64,0,19.08,117,79,90.8,4.3,1,0,6.9,0,0,0,0,38,12.211199999999998
43,0,35.6,142,79,116.4,11.1,0,1,7.6,0,1,0,1,63,15.308
31,0,19.54,106,59,97.2,5.3,0,0,6.9,1,0,0,0,47,6.0574
71,1,21.16,143,78,125.1,2.7,0,1,8.3,0,1,0,1,65,15.023599999999998
63,1,33.49,134,88,127.5,3.4,0,0,6.6,0,0,1,0,46,21.098700000000004
48,0,23.2,128,68,106.5,5.7,0,0,7.7,1,0,0,0,60,11.136
76,0,31.41,147,77,100.2,4.0,0,0,7.3,0,0,0,1,70,23.871599999999997
46,1,20.34,130,78,103.0,4.1,0,1,6.3,1,0,0,0,52,9.3564
34,1,25.2,123,79,119.5,4.6,0,0,8.0,0,0,0,1,44,8.568
31,1,31.1,131,80,89.1,3.6,0,0,6.4,0,0,0,1,51,9.641
53,0,21.89,116,65,93.5,8.0,0,0,7.7,0,0,0,0,51,11.601700000000001
75,0,32.73,141,92,128.6,4.2,0,0,8.0,1,1,0,0,49,24.547499999999996
41,1,24.71,145,76,90.0,6.3,1,0,8.0,0,0,0,1,69,10.1311
80,1,27.5,144,82,77.3,9.1,0,0,7.1,1,0,0,1,62,22.0
42,1,20.98,110,75,88.6,3.2,0,1,5.7,0,0,1,0,35,8.8116
76,0,22.33,120,76,111.4,10.9,0,0,7.5,1,0,0,0,44,16.9708
49,1,21.9,121,72,81.2,3.6,0,0,8.9,0,0,0,0,49,10.731
35,1,23.27,115,77,87.0,4.2,0,0,9.1,1,0,0,0,38,8.144499999999999
54,1,35.77,138,80,119.8,5.0,0,0,6.3,1,1,1,0,58,19.315800000000003
43,0,33.3,120,81,116.0,6.5,0,0,7.4,1,0,0,0,39,14.318999999999999
26,1,29.42,111,74,97.9,2.9,0,0,6.2,0,0,0,0,37,7.6492
81,1,22.98,147,77,106.8,2.8,0,1,8.9,1,0,1,0,70,18.6138
37,1,21.92,121,79,86.4,2.7,1,0,7.9,0,0,0,0,42,8.1104
71,1,21.18,125,70,116.1,7.9,0,0,7.3,0,0,0,0,55,15.037799999999999
47,1,25.04,130,75,109.0,2.4,0,0,7.8,1,1,0,0,55,11.768799999999999
70,1,28.42,148,69,93.8,10.8,1,0,4.9,0,0,1,1,79,19.894000000000002
80,0,30.36,146,84,103.6,2.5,0,1,6.6,0,1,1,0,62,24.288
28,1,26.88,126,80,92.9,6.0,0,0,7.4,1,0,0,0,46,7.5264
48,1,30.08,140,86,93.1,2.8,0,1,6.1,0,0,1,1,54,14.4384
66,0,32.23,143,95,122.7,7.3,0,0,6.7,0,1,0,1,48,21.2718
36,0,24.64,121,76,95.1,1.3,0,0,7.6,0,0,0,0,45,8.8704
29,0,33.17,124,74,123.0,7.0,0,0,7.7,1,0,0,1,50,9.6193
32,1,21.09,125,78,81.9,3.0,1,0,6.8,0,0,0,0,47,6.7488
48,0,30.2,133,85,88.4,5.8,0,0,7.0,0,0,0,0,48,14.495999999999999
60,1,26.99,147,80,106.3,4.7,1,1,6.1,1,0,1,1,67,16.194
54,1,27.82,140,75,100.1,2.0,1,0,6.4,0,0,0,1,65,15.0228
46,1,24.67,129,82,104.1,11.8,1,1,7.9,0,0,0,0,47,11.348200000000002
43,0,34.03,138,94,120.4,5.9,0,0,5.9,0,0,1,1,44,14.6329
19,0,23.3,111,60,102.4,5.9,0,1,8.2,1,0,0,0,51,4.427
32,0,34.85,121,76,96.6,10.5,0,0,8.2,1,0,0,0,45,11.152000000000001
21,0,34.89,113,82,102.6,2.5,0,1,7.7,0,0,0,0,31,7.3269
67,1,29.42,138,88,78.4,6.2,0,0,7.7,0,0,0,1,50,19.7114
55,1,24.99,145,83,106.1,4.8,1,0,5.7,1,0,1,1,62,13.744499999999999
40,0,21.94,124,77,95.2,4.6,1,0,7.8,0,0,0,0,47,8.776
76,1,15.23,127,75,108.5,4.3,0,0,5.9,1,0,1,0,52,11.5748
45,0,29.93,130,74,110.0,0.8,0,0,5.1,0,0,1,0,56,13.468499999999999
83,0,20.35,133,79,89.6,2.8,0,0,7.5,0,0,0,1,54,16.890500000000003
25,1,21.17,103,74,91.3,4.8,0,0,9.1,0,0,0,0,29,5.2925
46,0,30.0,148,78,65.6,5.7,1,0,6.3,0,0,1,1,70,13.8
28,1,24.31,108,68,100.4,5.4,0,0,7.6,0,0,0,0,40,6.806799999999999
35,1,28.06,135,83,83.8,1.6,1,0,7.6,1,0,0,0,52,9.821
72,1,29.47,151,87,106.3,2.5,0,1,7.2,0,0,0,1,64,21.218400000000003
67,0,36.11,141,83,127.4,5.9,0,1,5.5,1,1,1,1,58,24.1937
31,0,27.95,127,76,100.8,2.7,0,0,7.4,0,0,1,0,51,8.664499999999999
26,0,23.61,102,80,81.4,1.1,0,0,8.8,0,0,0,0,22,6.1386
28,1,26.36,116,71,103.1,1.9,0,0,8.2,1,0,0,0,45,7.380799999999999
80,0,23.45,146,75,109.3,4.2,0,0,5.0,0,0,1,0,71,18.76
84,0,37.7,162,90,97.0,3.9,0,0,8.4,0,0,1,1,72,31.668000000000003
70,1,28.96,134,85,118.4,4.0,0,0,7.1,0,0,0,1,49,20.272000000000002
56,1,30.19,137,76,119.8,4.4,0,0,8.5,1,0,0,1,61,16.9064
73,1,34.64,137,78,118.7,6.1,0,0,5.5,1,1,1,1,59,25.287200000000002
45,1,21.88,111,83,90.2,2.2,1,1,6.5,0,0,1,0,28,9.845999999999998
56,0,18.53,134,73,121.1,3.0,1,0,7.2,1,0,0,1,61,10.376800000000001
42,0,26.67,124,64,80.0,3.9,0,1,8.5,0,0,0,0,60,11.201400000000001
38,0,18.54,116,75,127.0,1.4,0,0,6.9,1,0,1,0,41,7.0451999999999995
27,0,24.42,129,75,84.7,3.7,0,0,6.5,1,1,0,0,54,6.5934
60,1,15.0,128,72,76.4,3.2,0,0,6.9,0,0,1,0,56,9.0
32,0,18.96,134,76,92.0,3.7,1,1,9.2,1,0,0,0,58,6.067200000000001
65,1,33.89,139,87,109.8,6.9,0,0,6.0,0,0,1,1,52,22.028499999999998
38,0,29.15,129,90,95.4,3.2,1,1,6.6,1,0,1,1,39,11.077
77,0,37.23,152,98,121.8,2.0,0,0,6.0,0,1,1,1,54,28.667099999999994
67,1,26.62,129,86,109.8,9.3,1,0,7.7,1,0,0,0,43,17.8354
40,0,26.4,100,77,99.8,1.9,0,0,6.0,0,0,0,0,23,10.56
30,1,28.05,122,87,85.5,3.8,1,0,7.3,0,0,0,1,35,8.415
21,1,47.61,141,97,132.8,5.0,0,0,6.2,1,1,0,1,44,9.998099999999999
26,1,32.91,133,96,98.8,2.1,0,0,7.5,0,0,1,1,37,8.556599999999998
52,0,21.92,128,66,93.3,3.4,1,0,7.3,0,0,0,0,62,11.398400000000002
38,1,29.16,124,74,108.5,3.8,0,0,8.1,0,0,0,0,50,11.0808
75,0,27.68,147,82,97.7,6.1,1,0,7.7,0,0,0,1,65,20.76
35,1,30.98,123,81,93.1,3.1,0,0,8.4,1,0,0,1,42,10.843
60,0,37.66,159,101,114.1,6.4,1,1,9.6,1,1,1,1,58,22.596
23,0,30.21,112,73,93.2,3.6,0,0,9.7,0,0,0,0,39,6.948300000000001
84,1,24.65,146,80,121.2,6.4,0,0,7.6,1,0,1,0,66,20.706
29,0,37.61,142,92,109.2,2.1,0,0,7.4,0,0,0,1,50,10.9069
29,1,19.23,116,70,109.5,2.4,0,0,6.7,0,0,0,0,46,5.5767
83,0,25.23,136,63,106.8,8.7,0,0,6.8,0,0,1,0,73,20.940900000000003
19,1,32.03,125,79,96.0,0.8,0,0,7.4,1,0,0,1,46,6.0857
32,1,22.22,100,71,90.0,2.4,0,0,6.1,0,0,0,0,29,7.110399999999999
40,0,26.5,117,73,75.3,6.3,0,1,7.8,0,0,0,1,44,10.6
46,1,22.73,123,70,96.3,8.9,1,0,5.1,1,0,0,0,53,10.4558
24,1,26.58,124,86,90.5,1.7,0,0,7.3,0,0,0,1,38,6.3792
45,1,22.74,112,73,93.6,6.0,0,1,6.2,1,1,0,0,39,10.232999999999999
31,0,27.26,129,76,106.1,1.6,0,1,6.7,1,1,0,1,53,8.450600000000001
61,1,24.89,122,78,99.8,1.0,0,0,7.7,0,0,0,0,44,15.1829
47,0,34.5,131,84,129.5,2.5,0,0,5.9,1,1,1,0,47,16.215
49,0,29.04,138,93,104.7,3.8,1,1,6.4,1,0,1,0,45,14.2296
23,0,31.08,121,78,81.6,0.8,0,0,5.8,0,0,0,1,43,7.148399999999999
44,1,27.64,123,82,107.5,2.5,0,0,8.5,1,0,0,1,41,12.1616
41,1,24.28,122,65,96.0,2.8,0,0,5.0,0,0,0,0,57,9.9548
51,0,28.74,119,73,92.8,8.0,0,0,6.6,0,1,0,0,46,14.6574
57,1,27.98,158,83,116.6,3.4,1,1,8.0,1,1,1,1,75,15.9486
64,1,15.0,124,76,88.7,8.2,0,0,8.3,1,0,0,0,48,9.6
41,0,26.99,116,78,87.9,3.9,0,0,8.4,0,0,0,0,38,11.0659
82,1,30.7,151,69,106.5,4.8,0,0,7.9,0,0,1,0,82,25.174
35,0,22.65,131,85,98.8,6.4,0,1,6.1,1,0,0,1,46,7.9275
61,0,31.83,146,90,110.1,6.1,1,1,7.3,0,0,1,1,56,19.4163
74,0,28.86,131,83,118.1,6.9,0,0,5.2,1,0,1,1,48,21.356399999999997
45,1,24.5,126,80,88.8,5.1,0,0,6.3,0,0,0,0,46,11.025
40,1,29.94,125,82,119.8,2.1,0,1,5.9,0,0,0,0,43,11.976
51,0,24.66,139,68,91.1,1.1,0,1,6.5,0,0,0,0,71,12.576600000000001
28,0,28.41,125,74,102.9,6.0,0,1,7.0,0,0,0,0,51,7.9548000000000005
52,0,25.29,122,83,91.7,5.6,0,0,5.7,0,0,0,1,39,13.150799999999998
59,1,29.98,135,71,82.9,2.3,0,0,8.6,0,0,0,0,64,17.6882
45,1,34.61,149,86,124.0,4.9,0,0,5.7,0,0,0,1,63,15.5745
41,1,24.27,109,76,116.1,4.0,0,0,7.4,0,0,0,0,33,9.9507
25,1,32.03,129,86,119.5,2.8,0,1,5.2,0,0,0,0,43,8.0075
70,1,25.07,140,86,128.8,4.3,1,0,7.3,1,1,1,1,54,17.549
21,1,25.11,118,63,95.2,7.9,1,0,5.7,0,0,0,0,55,5.2730999999999995
22,0,24.51,105,70,81.0,7.8,0,0,8.5,0,0,0,0,35,5.3922
66,1,17.01,125,79,96.4,5.9,0,0,7.0,0,0,0,0,46,11.226600000000001
47,0,29.7,136,73,112.5,4.6,0,0,6.5,0,0,0,1,63,13.958999999999998
80,0,28.45,137,80,121.2,1.9,0,0,7.6,1,0,1,0,57,22.76
64,0,27.75,148,72,100.9,3.3,0,0,6.9,0,0,0,1,76,17.76
43,1,35.82,142,84,127.2,2.5,0,1,7.8,1,0,1,1,58,15.4026
74,1,36.45,144,95,111.2,5.9,0,1,8.1,0,0,1,1,49,26.973000000000003
54,1,34.39,136,82,138.6,3.5,0,0,6.9,0,1,0,1,54,18.5706
24,0,25.44,113,74,88.0,1.2,0,0,7.0,0,0,0,0,39,6.105600000000001
57,1,25.14,141,78,101.7,5.3,0,0,5.8,1,0,0,1,63,14.3298
56,0,20.89,123,77,88.3,3.6,0,0,8.2,0,0,0,0,46,11.698400000000001
79,1,27.16,144,71,150.7,5.4,0,0,7.2,1,1,0,0,73,21.4564
70,0,26.85,149,84,109.5,5.2,0,1,7.8,0,0,0,1,65,18.795
21,1,29.92,111,74,99.4,4.3,0,0,6.7,0,0,0,0,37,6.283200000000001
42,1,20.6,126,78,78.9,0.6,1,0,5.1,1,0,1,0,48,8.652000000000001
24,1,24.63,128,75,85.6,2.4,0,0,6.2,0,0,0,0,53,5.9112
45,1,16.97,126,74,114.4,4.1,0,0,4.5,1,0,0,0,52,7.6365
84,1,22.65,130,75,106.7,2.6,0,0,6.8,0,0,1,1,55,19.026
37,0,31.98,131,82,94.3,1.6,0,0,8.4,1,0,0,0,49,11.8326
28,1,20.41,125,66,86.5,3.8,0,0,5.9,1,0,1,0,59,5.7148
84,0,36.92,157,92,109.8,4.5,0,0,9.1,0,0,0,1,65,31.012800000000002
24,0,32.65,114,79,111.6,5.9,0,0,6.0,0,0,0,0,35,7.835999999999999
40,0,29.71,133,76,116.0,5.4,0,0,5.1,1,0,0,0,57,11.884
78,1,34.53,141,87,130.7,5.1,0,1,5.8,0,1,1,0,54,26.933400000000002
51,0,26.1,109,81,96.1,1.5,0,0,7.8,1,0,0,0,28,13.311000000000002
36,0,22.52,111,76,83.6,5.1,0,1,6.8,0,0,0,0,35,8.1072
75,1,26.24,147,66,107.2,7.9,0,0,7.9,0,0,1,0,81,19.679999999999996
26,1,16.83,125,75,80.7,9.6,0,0,8.4,1,0,0,0,50,4.375799999999999
65,0,33.71,145,90,118.3,2.7,1,1,6.0,1,0,1,1,55,21.9115
58,1,24.78,130,74,97.0,6.7,1,0,7.7,0,0,1,0,56,14.3724
65,0,22.42,140,78,97.2,7.2,0,1,5.5,1,0,0,1,62,14.573000000000002
62,1,23.09,137,65,111.5,2.1,0,0,6.0,1,1,0,0,72,14.3158
42,1,26.9,132,69,78.1,7.9,0,0,7.6,0,0,0,0,63,11.298
42,1,27.49,127,74,113.9,4.6,0,0,8.1,0,0,0,0,53,11.5458
36,1,25.95,115,69,87.6,11.5,0,1,6.6,0,0,0,0,46,9.341999999999999
56,0,25.93,129,85,117.9,7.6,0,1,7.5,1,0,0,0,44,14.5208
44,0,29.99,140,81,103.9,4.8,0,1,6.7,0,0,0,0,59,13.195599999999999
80,1,20.43,131,77,95.3,1.1,0,1,10.0,0,0,1,1,54,16.344
36,0,28.11,121,69,107.2,3.1,0,0,7.2,0,0,0,0,52,10.1196
45,1,24.96,131,79,113.0,7.0,0,0,7.1,0,0,0,0,52,11.232000000000001
50,0,15.21,127,69,104.0,2.9,0,0,6.1,0,0,0,0,58,7.605
27,0,20.52,129,66,102.3,4.8,0,0,7.0,0,0,0,0,63,5.5404
47,1,22.21,130,73,99.3,3.9,0,0,7.5,1,0,0,1,57,10.4387
39,0,36.49,131,93,98.5,3.3,0,0,6.8,0,0,1,1,38,14.231100000000001
20,0,29.42,118,67,80.6,5.0,0,0,6.4,0,0,0,0,51,5.884000000000001
65,0,28.37,148,86,101.5,5.0,0,1,7.8,0,0,0,1,62,18.4405
19,1,23.98,128,73,86.0,1.6,1,1,6.6,0,0,0,0,55,4.5562000000000005
71,0,23.83,127,74,119.0,4.4,0,1,8.1,0,0,1,1,53,16.9193
23,0,19.94,122,73,82.6,0.9,1,1,6.4,0,0,0,0,49,4.5862
57,0,24.91,125,73,102.5,5.1,0,0,6.4,0,0,0,1,52,14.1987
19,0,34.78,124,82,113.7,8.6,0,0,8.0,1,0,0,0,42,6.6082
19,0,19.15,112,64,73.3,9.9,0,0,7.8,0,0,0,0,48,3.6384999999999996
72,1,23.4,133,77,81.1,8.0,0,0,8.7,0,0,0,0,56,16.848
77,1,32.17,144,72,132.9,5.1,0,0,6.1,1,1,0,1,72,24.7709
23,0,32.16,133,77,98.6,6.1,1,0,7.2,0,0,0,1,56,7.3968
36,1,22.62,126,79,95.3,4.5,1,1,8.1,1,0,0,0,47,8.1432
44,1,33.55,145,81,118.9,4.6,0,0,8.5,1,1,0,0,64,14.761999999999999
18,0,24.28,108,69,91.1,5.3,0,0,8.2,0,0,0,0,39,4.3704
50,0,20.13,118,76,104.4,5.0,0,0,7.0,1,0,0,0,42,10.065
57,1,35.49,148,84,112.8,4.0,0,1,7.7,0,0,0,1,64,20.229300000000002
49,1,27.33,131,87,95.9,7.7,1,1,5.6,0,0,0,1,44,13.391699999999998
34,0,25.83,111,69,93.8,3.5,0,0,9.8,1,1,0,0,42,8.7822
25,0,27.81,124,80,92.9,2.8,0,0,7.5,0,0,0,0,44,6.9525
74,0,21.17,115,71,95.3,10.3,0,0,6.9,0,0,0,0,44,15.6658
59,0,23.54,120,70,113.7,1.7,0,1,7.9,1,0,1,0,50,13.888599999999999
26,1,35.13,133,84,115.9,3.5,0,0,7.1,0,0,0,0,49,9.1338
52,1,37.58,148,82,103.2,2.4,0,0,9.3,0,0,1,1,66,19.5416
70,1,20.34,135,72,98.2,1.8,0,0,9.5,0,1,0,0,63,14.238
71,0,24.54,147,69,72.7,7.0,0,1,6.4,0,0,0,1,78,17.4234
42,0,26.83,142,75,97.9,1.1,0,0,7.3,0,0,0,0,67,11.2686
84,0,27.96,130,69,113.1,8.6,0,0,7.1,1,0,1,0,61,23.4864
79,1,21.29,139,69,104.5,2.3,0,0,5.1,1,1,0,1,70,16.8191
72,1,30.57,132,80,96.1,6.4,0,0,7.8,0,0,0,0,52,22.0104
63,0,31.01,150,75,109.8,5.7,0,0,7.1,0,1,0,1,75,19.5363
41,0,31.73,146,91,98.0,2.3,1,0,7.9,1,0,1,1,55,13.009300000000001
63,1,31.16,121,77,98.0,7.2,0,1,5.7,0,0,1,0,44,19.6308
39,1,27.27,109,79,100.4,2.6,0,0,8.5,0,0,0,0,30,10.635299999999999
28,0,32.55,105,71,92.8,7.9,0,0,7.1,0,0,0,0,34,9.113999999999999
65,0,29.96,145,79,149.4,3.7,0,0,5.4,0,1,1,0,66,19.474
25,0,18.19,109,77,85.0,7.2,0,1,5.5,0,0,0,0,32,4.5475
56,1,18.23,146,75,97.7,3.0,1,0,7.1,0,0,1,1,71,10.2088
52,1,28.59,148,75,121.7,11.6,1,0,6.5,0,0,0,0,73,14.866800000000001
66,1,34.26,145,85,98.2,9.0,0,0,6.1,0,0,1,0,60,22.6116
63,1,29.39,132,84,119.4,4.1,0,1,7.5,0,0,1,1,48,18.5157
55,1,30.21,121,73,103.6,3.0,0,0,7.6,0,0,0,0,48,16.6155
25,0,20.66,124,65,71.5,0.9,0,0,7.4,0,0,0,0,59,5.165
71,0,27.19,138,84,79.0,5.6,0,0,5.6,0,0,0,1,54,19.3049
54,0,33.42,126,75,121.5,3.8,0,0,7.0,1,0,0,0,51,18.0468
57,0,29.39,123,90,99.4,2.8,0,0,7.3,1,0,1,0,33,16.7523
51,1,27.41,145,78,127.3,3.9,0,0,5.7,1,0,0,0,67,13.9791
34,1,30.25,120,79,93.0,4.0,0,0,7.6,0,0,0,0,41,10.285
50,1,28.11,151,86,107.8,1.2,1,0,7.4,0,0,0,1,65,14.055
64,0,33.61,143,81,115.6,12.9,0,0,5.2,0,0,0,1,62,21.5104
69,0,28.11,137,78,82.2,0.4,0,0,6.1,0,0,1,1,59,19.395899999999997
26,0,26.62,118,78,106.5,4.4,1,1,7.0,1,0,0,0,40,6.9212
50,1,20.73,141,79,81.0,5.0,0,1,7.9,0,0,1,0,62,10.365
77,0,33.84,156,79,147.2,2.9,0,0,4.1,1,0,1,1,77,26.056800000000003
38,0,21.35,112,67,93.9,5.4,0,0,8.3,0,0,0,0,45,8.113000000000001
75,0,28.18,148,89,102.8,2.2,1,0,6.7,1,0,1,1,59,21.135
27,1,31.45,125,78,70.2,3.4,0,1,8.3,0,0,0,0,47,8.4915
23,1,37.18,130,75,126.2,2.6,0,0,4.3,1,1,1,0,55,8.5514
30,1,28.11,143,74,97.1,2.5,0,0,6.0,0,0,0,0,69,8.433
82,1,34.87,150,93,115.3,3.6,0,0,7.8,0,0,1,1,57,28.593399999999995
37,1,26.96,129,80,98.7,2.3,0,1,8.3,1,0,1,1,49,9.9752
74,0,23.55,149,85,102.6,2.4,0,1,8.6,0,0,1,1,64,17.427
63,0,42.85,153,98,125.5,3.3,0,1,8.1,1,0,1,1,55,26.995500000000003
25,1,19.74,101,67,93.5,6.0,0,1,7.1,0,0,0,0,34,4.935
27,1,43.74,144,91,115.2,6.0,0,0,7.7,0,0,1,0,53,11.809800000000001
84,0,36.24,150,95,127.7,3.8,1,0,8.6,0,0,0,1,55,30.441600000000005
28,0,23.47,120,76,74.9,7.0,0,0,8.3,0,0,0,0,44,6.5716
29,1,30.57,131,84,77.6,14.15,0,1,6.6,0,0,0,0,47,8.8653
27,0,18.69,122,73,83.3,7.1,0,1,7.9,0,0,0,0,49,5.0463000000000005
42,1,30.24,134,76,110.2,3.0,0,0,7.1,1,0,1,0,58,12.7008
66,0,28.67,142,86,83.2,7.5,0,0,8.6,0,0,0,1,56,18.9222
66,0,31.83,134,74,113.9,2.2,0,0,6.6,1,1,1,0,60,21.007799999999996
28,0,24.46,122,84,85.1,2.9,1,1,7.9,0,0,0,1,38,6.8488
79,1,27.72,144,76,119.7,9.5,0,0,8.2,0,0,0,1,68,21.8988
53,1,29.56,122,78,80.5,6.1,0,0,6.1,0,0,0,0,44,15.666799999999999
56,0,23.97,123,76,132.1,5.3,0,0,6.5,1,1,0,0,47,13.4232
70,1,34.96,164,94,112.4,1.0,0,0,9.2,0,0,1,1,70,24.472
73,0,27.55,131,77,121.7,5.6,0,1,7.9,0,0,1,0,54,20.1115
18,0,28.8,105,74,89.0,6.8,0,0,8.7,0,0,0,0,31,5.184
73,1,21.97,137,67,83.8,7.9,0,0,6.5,1,0,0,0,70,16.0381
21,0,17.22,108,61,75.4,2.9,0,0,6.2,0,0,0,0,47,3.6162
47,1,18.99,118,80,82.2,1.6,0,0,7.3,0,0,0,0,38,8.9253
29,1,30.26,123,70,114.8,1.5,0,0,6.5,0,0,0,0,53,8.775400000000001
52,1,22.22,127,68,83.6,4.5,1,0,4.4,0,0,0,0,59,11.554400000000001
69,1,31.03,147,82,102.8,0.6,0,0,8.6,0,0,0,0,65,21.410700000000002
48,1,36.4,127,77,135.0,4.2,0,0,9.0,0,0,1,0,50,17.471999999999998
69,0,31.27,134,84,106.8,5.4,0,1,8.6,0,0,0,0,50,21.5763
24,0,29.27,129,68,123.0,5.3,1,1,8.9,1,0,1,0,61,7.0248
39,0,30.6,134,79,105.7,4.1,0,0,7.8,1,0,0,0,55,11.934000000000001
73,1,33.2,141,92,118.1,4.5,0,1,6.8,0,0,1,1,49,24.236000000000004
75,0,28.61,139,76,87.9,10.3,0,0,9.6,0,0,0,1,63,21.4575
81,0,30.65,130,84,123.7,4.8,0,0,8.8,0,0,1,1,46,24.8265
29,1,23.52,118,64,85.5,12.7,0,1,8.0,1,0,0,0,54,6.8208
24,1,21.14,99,68,83.4,6.6,0,0,4.3,0,0,0,0,31,5.0736
72,1,23.87,126,77,103.8,1.8,0,1,7.3,1,0,1,0,49,17.186400000000003
79,1,24.91,145,92,107.5,1.9,0,1,6.8,0,0,0,0,53,19.678900000000002
72,0,24.67,150,81,118.8,1.0,1,1,7.5,0,0,1,1,69,17.762400000000003
53,1,33.45,150,74,103.9,2.0,0,1,6.2,0,1,1,1,76,17.7285
41,0,15.0,122,66,95.2,4.2,0,0,7.6,1,0,0,0,56,6.15
61,0,25.56,136,83,108.0,5.2,0,0,6.3,1,0,1,0,53,15.591599999999998
34,1,31.11,123,85,110.1,1.3,0,0,7.9,1,0,0,1,38,10.5774
19,1,30.9,129,67,107.7,6.4,0,0,6.0,1,0,0,0,62,5.871
30,1,22.05,110,72,88.6,8.4,0,0,7.4,0,0,0,0,38,6.615
48,1,36.88,138,82,118.1,3.8,0,0,7.4,0,1,0,1,56,17.7024
45,1,18.77,113,76,85.5,4.9,0,0,7.4,0,0,0,0,37,8.4465
77,0,24.77,137,78,122.5,3.1,0,0,6.7,1,0,0,0,59,19.0729
44,1,25.0,132,73,91.7,1.9,0,1,6.5,0,0,0,0,59,11.0
32,1,24.94,107,66,84.0,9.7,0,0,8.5,0,0,0,0,41,7.9808
50,1,34.69,128,81,95.1,6.3,0,1,7.2,0,1,1,0,47,17.345
37,0,26.89,114,77,94.5,3.5,0,0,6.7,1,0,0,0,37,9.949300000000001
59,0,28.65,145,75,120.8,8.2,1,1,6.7,1,1,0,1,70,16.903499999999998
29,1,31.9,105,76,95.5,7.9,0,0,7.7,1,0,0,0,29,9.251
40,0,23.09,117,81,96.3,3.5,0,0,6.3,1,0,0,1,36,9.236
31,1,25.9,131,79,67.3,3.6,1,0,6.8,0,0,0,0,52,8.029
42,0,36.52,131,97,102.0,5.2,1,0,6.5,0,0,0,0,34,15.338400000000002
48,0,28.99,138,80,122.6,1.1,0,1,8.9,1,0,0,1,58,13.9152
71,1,20.45,147,74,93.5,6.5,0,1,6.7,0,0,1,1,73,14.5195
22,0,21.83,102,79,83.6,2.7,0,0,5.9,0,0,0,0,23,4.8026
30,1,31.97,140,81,113.2,5.5,0,1,5.7,0,0,1,0,59,9.591
45,0,20.25,113,63,88.5,1.7,0,0,6.6,0,0,0,0,50,9.1125
60,0,24.06,145,84,100.1,1.3,1,1,6.7,0,0,1,0,61,14.436
64,0,27.98,141,80,107.6,1.2,0,0,7.2,0,0,0,0,61,17.9072
55,1,26.88,133,80,121.7,8.9,0,0,6.3,1,0,0,0,53,14.783999999999999
84,0,35.4,146,91,144.1,6.3,0,0,7.1,1,1,0,1,55,29.736
79,1,15.0,130,81,91.4,4.4,0,0,8.9,0,0,0,1,49,11.85
56,1,29.6,147,87,99.0,5.6,1,0,7.0,1,1,0,1,60,16.576
54,1,25.16,126,66,107.7,2.6,0,0,8.4,1,0,0,1,60,13.586400000000001
25,1,34.44,135,87,88.6,5.9,1,0,7.3,0,0,0,1,48,8.61
69,0,25.43,143,91,100.9,4.3,0,0,6.3,0,0,1,0,52,17.5467
50,0,25.6,137,73,119.3,5.8,0,0,6.4,0,0,0,0,64,12.8
59,1,26.78,144,76,109.4,3.7,0,0,7.5,1,0,1,1,68,15.8002
44,0,22.97,127,73,109.0,3.3,0,1,5.0,0,0,0,0,54,10.1068
25,1,23.37,114,65,85.9,3.8,0,0,7.3,1,0,0,0,49,5.8425
40,1,25.94,118,79,108.4,2.6,0,0,5.8,1,0,0,0,39,10.376000000000001
81,0,36.34,146,96,129.1,5.0,0,0,8.3,0,0,1,1,50,29.435400000000005
37,1,23.95,127,70,82.5,4.2,1,0,8.4,0,0,0,0,57,8.8615
33,1,22.81,108,77,85.8,3.5,1,0,6.8,0,0,0,0,31,7.527299999999999
34,0,24.48,131,90,83.5,2.3,1,0,9.5,0,0,1,1,41,8.3232
36,1,26.82,126,82,89.4,4.6,1,0,6.3,0,0,0,1,44,9.6552
25,0,37.2,114,71,91.2,9.8,0,0,6.0,0,0,0,1,43,9.3
55,1,22.37,124,76,118.3,7.7,0,1,6.8,1,0,0,0,48,12.303500000000001
55,1,41.29,144,88,134.2,7.6,0,0,4.2,0,0,0,1,56,22.7095
70,1,29.42,145,79,127.5,2.7,0,0,7.0,0,0,0,1,66,20.594
48,1,21.0,116,72,100.9,6.2,0,1,6.5,0,0,0,0,44,10.08
61,1,23.63,139,75,79.5,4.5,0,0,9.7,0,0,0,0,64,14.414299999999999
77,1,15.57,142,76,107.4,6.6,0,0,5.8,1,0,1,0,66,11.988900000000001
34,1,27.42,125,76,89.7,4.4,0,1,9.8,0,0,0,0,49,9.3228
56,1,32.9,137,81,120.6,1.9,0,1,8.4,0,0,0,0,56,18.424
59,1,26.98,130,84,114.0,3.8,0,1,5.3,1,0,1,0,46,15.918199999999999
65,1,31.46,136,80,109.9,1.5,0,0,7.3,0,0,0,1,56,20.449
29,1,29.29,116,74,103.6,1.5,0,0,7.7,0,0,1,0,42,8.4941
35,1,33.82,134,78,98.0,3.0,0,1,7.0,1,0,0,0,56,11.837
23,1,21.12,115,69,89.9,1.9,0,0,5.7,0,0,0,0,46,4.857600000000001
60,0,31.92,150,83,107.5,3.0,0,0,5.9,0,0,0,1,67,19.152
52,1,37.74,143,82,129.1,2.2,0,0,6.4,0,0,0,0,61,19.6248
71,1,41.68,162,90,136.9,2.3,0,1,6.6,0,1,1,1,72,29.5928
79,1,35.04,151,87,128.7,6.1,0,0,6.8,1,1,1,1,64,27.6816
33,0,27.79,122,79,100.1,3.5,0,0,5.4,1,0,0,0,43,9.1707
25,1,21.2,123,69,91.2,2.5,0,0,7.6,1,0,0,0,54,5.3
48,0,22.06,117,70,102.1,4.1,0,0,7.6,0,0,0,0,47,10.588799999999999
27,0,25.8,120,73,112.3,3.7,0,1,5.4,1,0,0,0,47,6.966
73,1,37.59,148,85,106.8,4.4,0,0,7.7,0,0,0,1,63,27.440700000000003
37,1,23.72,117,73,85.3,4.8,0,1,4.0,0,0,0,0,44,8.7764
22,0,27.84,128,77,101.9,3.5,0,0,5.8,1,0,0,0,51,6.1248000000000005
40,1,32.26,137,77,135.0,1.9,0,0,5.8,0,1,0,1,60,12.903999999999998
26,0,15.0,124,77,93.3,4.9,0,1,7.9,0,0,0,0,47,3.9
75,0,20.63,121,74,84.2,5.0,0,0,6.0,0,0,0,0,47,15.4725
76,0,38.13,155,88,150.5,4.4,0,0,6.3,1,1,1,1,67,28.9788
71,1,32.85,155,80,90.2,4.4,0,1,7.9,0,0,1,0,75,23.3235
63,0,32.89,141,79,110.9,3.8,0,1,6.7,0,1,0,1,62,20.7207
39,0,21.35,112,77,115.2,3.8,0,0,6.4,1,1,1,0,35,8.326500000000001
81,1,35.22,146,103,125.2,1.5,0,0,4.5,0,0,1,1,43,28.5282
25,0,22.06,104,78,101.7,4.7,0,0,7.6,0,1,0,0,26,5.515
37,1,27.33,128,84,97.7,3.0,0,1,8.3,1,0,1,0,44,10.1121
68,1,30.83,145,88,111.7,3.9,1,0,7.1,0,0,1,1,57,20.9644
56,1,31.63,129,81,106.0,5.5,0,0,8.2,0,0,0,0,48,17.7128
54,0,29.66,132,84,126.1,1.5,0,0,7.4,0,0,0,1,48,16.0164
67,1,25.63,130,85,135.3,3.1,0,1,6.3,0,1,1,0,45,17.1721
51,1,16.08,113,79,106.2,5.3,0,1,8.4,1,1,0,0,34,8.2008
50,0,27.28,128,71,105.9,2.9,0,0,8.3,0,0,0,0,57,13.64
48,0,15.0,133,74,106.6,2.1,0,1,6.8,1,0,0,0,59,7.2
71,0,30.09,124,84,99.4,5.4,0,0,7.7,0,0,0,0,40,21.363899999999997
61,0,21.12,129,70,87.7,5.4,0,1,9.0,0,0,0,0,59,12.883200000000002
51,1,25.87,133,68,98.8,4.6,0,0,6.6,0,0,0,0,65,13.193700000000002
79,1,23.83,139,87,105.1,2.1,0,1,8.0,0,0,1,0,52,18.825699999999998
40,0,30.08,125,82,82.4,3.6,1,0,7.8,0,0,0,1,43,12.031999999999998
63,0,22.22,129,62,94.0,11.6,0,0,7.4,0,0,0,0,67,13.9986
73,1,28.29,158,82,139.2,3.7,1,1,7.0,1,1,1,1,76,20.6517
24,0,27.87,118,64,91.5,2.6,0,0,4.7,0,0,0,0,54,6.6888
78,1,27.18,155,83,72.5,3.5,0,1,8.4,0,0,1,1,72,21.2004
20,0,29.08,126,75,98.9,2.8,0,0,6.0,0,0,0,0,51,5.815999999999999
55,1,19.83,117,72,90.5,2.5,0,0,7.5,0,0,0,0,45,10.9065
51,1,20.04,133,78,112.8,1.8,1,0,6.5,0,0,0,1,55,10.2204
61,0,35.11,146,87,113.7,4.9,0,0,8.9,0,0,0,1,59,21.4171
47,0,17.87,122,81,92.0,4.9,0,0,6.2,0,0,0,0,41,8.398900000000001
34,1,39.36,126,75,103.9,8.9,0,1,6.5,1,0,1,0,51,13.3824
76,1,26.0,148,78,118.2,3.7,0,0,9.5,1,1,0,1,70,19.76
27,0,21.87,109,71,80.9,2.1,0,0,7.9,0,0,0,1,38,5.9049000000000005
35,1,31.79,124,79,103.9,5.4,0,0,6.4,0,0,0,0,45,11.126499999999998
62,0,23.54,130,81,88.5,5.5,1,1,6.8,0,0,1,0,49,14.5948
76,1,28.76,138,84,108.3,1.9,0,1,7.6,1,0,0,1,54,21.8576
79,1,34.01,152,87,109.4,1.8,1,1,6.1,0,0,1,1,65,26.8679
76,0,30.94,123,82,127.6,6.3,0,0,6.5,1,1,1,1,41,23.514400000000002
66,0,29.27,149,80,107.8,1.3,0,0,6.9,0,0,0,0,69,19.3182
80,0,30.6,147,88,130.4,5.5,0,0,7.4,0,0,0,1,59,24.48
49,1,27.03,129,85,124.3,6.0,0,0,7.8,1,1,0,0,44,13.2447
27,0,31.5,127,65,100.9,1.9,1,0,5.4,1,0,0,0,62,8.505
28,0,20.58,115,70,82.0,6.5,1,0,6.5,0,0,1,0,45,5.7624
79,1,35.26,151,94,124.1,1.9,1,0,7.2,1,1,1,1,57,27.8554
64,0,25.89,130,76,104.1,6.6,0,0,8.5,0,0,0,0,54,16.5696
51,1,27.83,140,84,113.2,0.4,0,1,7.2,0,1,0,0,56,14.193299999999999
34,0,24.98,134,73,103.0,3.6,0,0,8.1,1,0,0,0,61,8.4932
71,0,30.32,140,81,119.6,5.9,0,0,6.5,1,0,1,0,59,21.527199999999997
57,0,32.91,132,76,111.3,4.1,0,0,8.4,0,1,0,1,56,18.758699999999997
36,1,21.05,106,68,111.7,4.3,0,0,6.9,1,0,0,0,38,7.578
84,1,26.4,141,78,112.3,5.2,0,0,8.1,0,0,0,0,63,22.176
70,1,27.79,149,74,110.0,3.9,0,1,7.0,0,0,1,1,75,19.453
81,0,29.33,130,86,112.0,2.3,0,0,8.1,0,0,1,1,44,23.7573
64,0,25.11,146,85,102.6,4.3,0,1,6.8,0,0,0,1,61,16.0704
23,1,24.29,111,74,89.9,3.6,0,1,7.5,0,0,0,0,37,5.5866999999999996
33,0,31.94,127,85,118.5,5.6,0,1,7.0,0,0,0,0,42,10.5402
35,0,29.75,127,79,125.4,5.3,0,0,7.3,1,0,0,0,48,10.4125
69,0,28.05,141,80,112.9,5.6,0,0,7.9,1,0,1,0,61,19.3545
65,1,34.05,133,89,120.9,8.8,0,1,7.9,0,0,1,1,44,22.1325
60,1,19.04,124,72,82.3,2.8,0,1,5.7,0,0,0,0,52,11.424
56,0,31.43,139,89,107.3,5.3,1,0,8.4,0,0,1,0,50,17.6008
66,0,28.97,143,77,105.5,1.7,0,0,5.7,0,0,0,1,66,19.1202
29,1,18.36,120,69,80.4,3.2,0,0,7.5,0,0,0,0,51,5.3244
27,1,33.56,126,73,111.6,2.5,0,0,5.8,0,1,0,1,53,9.061200000000001
72,0,30.22,139,76,93.9,3.9,0,0,8.3,1,0,1,1,63,21.7584
18,1,31.0,115,74,87.2,6.0,0,0,8.2,0,0,0,0,41,5.58
66,0,25.04,119,77,118.7,7.1,0,0,7.3,1,0,0,0,42,16.5264
53,0,31.22,126,79,103.8,5.5,0,1,6.3,1,0,0,0,47,16.546599999999998
38,0,22.56,112,63,94.6,6.4,0,0,9.6,0,0,0,0,49,8.572799999999999
54,0,19.0,126,75,99.0,2.5,1,1,6.8,1,0,1,0,51,10.26
41,0,26.72,129,80,99.2,9.2,0,1,6.4,0,0,0,1,49,10.9552
72,1,30.72,137,70,122.1,5.2,0,0,4.0,1,1,0,1,67,22.1184
42,0,32.69,128,84,111.3,1.9,1,0,5.4,0,0,0,0,44,13.729800000000001
24,0,27.67,106,80,98.7,2.9,0,0,8.5,0,0,0,0,26,6.6408000000000005
41,0,27.23,123,77,113.8,3.4,0,0,6.9,0,0,0,0,46,11.1643
28,1,32.68,120,84,97.0,6.4,0,0,6.6,0,0,0,0,36,9.1504
29,1,24.86,118,77,95.2,3.3,1,1,7.8,0,0,0,0,41,7.2094
52,0,23.54,130,92,112.6,1.7,1,0,6.4,0,0,1,0,38,12.2408
80,0,36.19,161,101,125.7,2.0,0,0,5.7,0,0,1,1,60,28.951999999999998
74,0,25.19,135,83,108.9,2.3,0,0,7.6,0,0,1,0,52,18.640600000000003
30,0,32.12,120,76,77.2,2.7,0,0,7.6,0,0,0,0,44,9.636
40,0,34.69,135,86,125.9,4.0,0,0,7.8,0,0,0,1,49,13.876
56,1,28.02,147,91,108.4,4.6,0,1,5.2,0,0,1,1,56,15.691199999999998
29,1,28.33,124,73,95.7,1.4,0,0,8.0,0,0,1,0,51,8.2157
51,1,37.23,146,89,113.0,4.4,0,1,7.7,1,0,1,1,57,18.987299999999998
48,0,19.21,127,67,99.6,4.1,0,1,7.5,0,0,0,1,60,9.2208
79,0,19.12,140,82,97.7,5.0,0,0,7.6,0,0,0,1,58,15.104800000000001
30,1,31.53,146,73,89.6,2.8,1,0,7.6,0,0,0,0,73,9.459000000000001
48,1,24.43,134,72,117.0,5.4,0,0,6.2,1,0,0,0,62,11.726399999999998
19,0,31.8,120,77,126.1,6.3,0,0,5.9,1,0,0,0,43,6.042000000000001
32,1,26.47,112,79,79.2,13.9,1,0,7.9,0,0,0,0,33,8.4704
74,0,31.63,149,79,115.3,4.4,0,1,6.9,0,0,1,1,70,23.4062
51,0,21.69,127,78,87.6,5.4,0,0,9.0,0,0,0,0,49,11.061900000000001
46,0,30.36,129,77,119.8,2.8,0,1,6.6,0,0,0,1,52,13.9656
83,1,23.89,148,80,120.2,1.3,1,0,7.1,0,0,1,1,68,19.8287
33,0,30.98,126,74,111.5,2.5,0,0,5.7,1,0,0,0,52,10.2234
56,1,40.51,154,78,117.6,2.7,1,0,5.9,0,1,1,1,76,22.6856
54,0,22.13,114,77,99.2,4.9,0,0,6.4,0,0,0,0,37,11.9502
38,0,24.75,121,83,115.5,2.6,0,0,5.8,1,0,0,0,38,9.405
61,1,26.06,118,75,99.8,5.7,0,0,8.2,0,0,0,0,43,15.8966
36,0,28.67,131,78,109.0,4.8,0,0,8.1,1,1,0,0,53,10.321200000000001
25,0,15.0,115,55,85.5,6.0,0,0,4.7,1,0,0,0,60,3.75
83,0,26.99,150,78,96.1,14.15,0,1,6.0,0,0,0,0,72,22.4017
58,1,25.53,127,83,96.9,9.5,0,0,6.5,0,0,0,0,44,14.8074
78,1,25.57,146,73,127.7,2.6,0,0,7.6,1,1,1,1,73,19.9446
43,0,28.51,122,61,133.8,2.2,0,1,6.7,1,0,0,0,61,12.259300000000001
46,0,28.85,134,93,122.1,4.0,1,0,4.0,1,1,0,1,41,13.271
83,1,28.76,155,75,122.9,2.3,1,0,5.4,0,0,1,1,80,23.8708
36,0,20.55,133,74,117.8,6.1,0,0,8.7,1,0,0,0,59,7.398000000000001
75,0,25.35,149,82,89.7,4.8,0,1,6.3,1,0,1,0,67,19.0125
74,0,25.1,125,77,121.0,1.5,0,0,7.7,0,1,1,0,48,18.574
54,1,29.86,133,86,97.6,3.0,0,0,8.0,1,0,0,0,47,16.1244
78,0,21.2,141,73,101.7,4.8,0,0,5.5,0,0,0,0,68,16.535999999999998
47,1,27.92,140,66,89.4,1.7,1,0,7.0,0,0,0,0,74,13.1224
42,1,36.13,159,84,122.2,4.9,0,1,9.0,0,0,0,1,75,15.1746
82,1,15.0,126,68,102.8,8.9,0,0,7.5,0,0,0,0,58,12.3
23,1,25.81,112,75,107.6,6.2,0,1,7.2,1,0,0,0,37,5.9363
35,0,15.29,136,72,102.6,1.8,0,1,7.1,0,0,0,0,64,5.3515
27,1,26.8,121,72,83.9,1.0,0,0,8.4,0,0,0,0,49,7.236000000000001
28,1,31.65,126,74,93.9,2.2,0,0,9.5,0,0,0,0,52,8.862
82,0,23.84,146,66,101.5,1.0,0,1,4.8,0,0,1,1,80,19.5488
82,0,32.17,157,84,134.1,2.5,0,0,9.6,1,1,1,1,73,26.3794
69,0,34.69,137,84,98.1,2.5,0,0,7.7,0,0,1,1,53,23.936099999999996
84,1,29.13,157,91,111.5,1.1,0,0,7.9,0,1,0,1,66,24.4692
48,0,23.81,111,92,119.6,2.2,0,1,6.7,1,1,0,0,19,11.428799999999999
34,0,29.91,128,82,97.1,6.5,0,0,9.2,0,0,0,0,46,10.169400000000001
72,1,36.55,158,86,135.1,2.4,1,1,7.1,0,1,1,1,72,26.316
53,1,19.08,122,66,87.4,6.7,0,1,7.2,0,0,0,1,56,10.1124
43,0,33.23,138,87,111.3,4.0,1,0,6.2,0,0,0,1,51,14.288899999999998
70,1,19.32,136,67,115.4,5.6,0,0,5.8,0,0,1,0,69,13.524000000000001
34,1,18.0,118,73,108.0,2.1,0,0,6.0,0,0,0,0,45,6.12
42,0,19.65,129,81,100.0,1.6,1,1,8.3,0,0,0,0,48,8.253
19,1,26.57,93,68,96.9,1.9,0,0,8.4,0,0,0,0,25,5.0483
22,1,34.13,126,70,101.6,4.2,0,1,8.2,1,1,0,0,56,7.5086
21,1,15.14,120,72,73.6,4.8,0,1,7.0,0,0,0,0,48,3.1794
53,1,32.54,132,71,95.1,4.7,0,0,8.1,0,0,0,0,61,17.246199999999998
23,1,25.91,114,85,121.2,1.3,0,1,6.3,1,0,1,0,29,5.9593
38,0,20.4,122,74,68.8,7.6,0,0,7.1,0,0,0,0,48,7.751999999999999
43,0,30.23,115,84,90.5,1.7,0,0,6.5,1,0,0,1,31,12.9989
72,0,24.05,134,69,119.2,5.7,0,0,6.3,1,1,0,0,65,17.316000000000003
56,0,39.9,149,92,104.4,3.1,0,1,7.3,0,0,1,1,57,22.344
50,1,29.69,131,73,112.6,7.0,0,1,7.7,1,0,0,1,58,14.845
31,0,27.12,128,83,80.3,1.7,0,0,6.8,1,1,0,1,45,8.4072
73,0,30.56,151,92,91.9,3.4,0,0,7.8,1,0,1,1,59,22.3088
38,0,34.59,126,75,110.1,3.3,0,0,7.1,1,0,0,0,51,13.144200000000001
63,0,35.16,154,75,115.4,2.0,0,0,4.8,1,0,0,1,79,22.1508
33,0,32.18,118,92,99.9,5.4,0,0,6.1,1,1,0,0,26,10.6194
33,0,34.79,128,73,113.4,2.8,0,0,7.6,1,0,0,1,55,11.480699999999999
46,1,33.78,132,80,94.5,1.2,0,0,7.6,0,1,1,0,52,15.538800000000002
25,0,32.07,125,88,81.5,7.2,0,0,6.6,1,0,0,0,37,8.0175
20,1,24.51,104,74,94.8,5.4,0,0,6.1,0,0,0,0,30,4.902
36,1,34.09,130,93,100.4,4.0,0,0,8.6,1,0,0,1,37,12.272400000000003
83,1,24.31,153,87,140.1,1.1,1,1,7.9,1,1,1,1,66,20.1773
39,0,28.33,123,70,98.5,2.5,0,0,4.9,0,1,0,0,53,11.048699999999998
63,1,24.62,131,72,74.6,8.3,0,0,7.2,0,0,1,0,59,15.510600000000002
30,1,30.71,123,85,104.5,1.9,0,0,7.2,0,1,0,0,38,9.213000000000001
50,0,34.22,127,80,128.3,1.9,0,0,6.3,1,1,1,1,47,17.11
22,0,24.44,113,66,87.0,2.5,0,1,6.9,1,0,0,0,47,5.3768
44,0,18.61,142,82,101.1,3.4,0,1,5.7,0,0,0,0,60,8.1884
41,1,32.66,137,77,133.6,2.5,1,0,8.0,1,1,0,1,60,13.3906
84,1,32.81,151,79,118.4,4.0,0,1,8.7,0,0,1,1,72,27.5604
80,0,35.87,170,78,107.5,2.7,0,1,6.1,0,1,1,1,92,28.695999999999998
65,0,31.98,124,78,120.8,3.8,0,0,6.8,0,0,0,0,46,20.787
80,1,32.12,138,86,128.6,4.0,0,0,5.9,0,1,1,1,52,25.695999999999998
29,1,22.64,108,78,83.9,2.0,0,0,6.6,0,0,0,0,30,6.565600000000001
45,1,31.07,132,72,118.1,8.2,0,0,7.8,1,0,0,0,60,13.9815
61,1,39.25,136,98,97.9,7.6,0,1,6.9,0,0,0,1,38,23.9425
60,1,23.59,141,81,126.4,6.0,1,0,7.9,1,0,0,0,60,14.154000000000002
34,1,19.74,121,77,73.9,2.7,0,0,9.6,0,0,0,0,44,6.7116
57,0,27.62,128,90,109.6,2.9,0,0,6.4,1,0,0,0,38,15.743400000000001
66,0,32.24,151,80,112.2,4.6,0,0,7.3,1,1,0,1,71,21.2784
74,1,28.06,128,80,113.0,3.2,0,0,6.7,0,0,1,0,48,20.764400000000002
81,0,37.15,154,88,139.3,3.7,0,1,7.9,0,1,1,1,66,30.0915
74,0,21.81,119,75,115.6,3.1,0,1,7.2,1,1,1,0,44,16.1394
60,1,18.01,139,75,79.8,3.1,0,0,7.4,0,0,0,0,64,10.806000000000001
40,1,35.09,137,74,124.1,3.1,0,0,7.1,0,0,0,0,63,14.036000000000001
44,1,18.63,124,73,104.6,2.5,0,0,7.0,0,0,0,0,51,8.197199999999999
75,0,28.64,133,68,134.8,2.4,0,0,7.5,1,1,0,0,65,21.48
54,1,34.93,147,98,115.1,9.8,1,0,7.3,1,0,1,1,49,18.8622
23,0,28.05,112,67,95.1,2.6,0,1,8.4,1,0,0,0,45,6.451499999999999
82,1,22.75,139,82,124.5,8.8,0,0,6.9,1,0,0,1,57,18.655
23,0,34.18,129,79,85.5,11.0,0,0,9.0,0,0,0,0,50,7.8614
67,0,27.79,139,88,112.1,4.9,0,1,7.3,1,0,0,1,51,18.6193
39,0,25.52,128,78,100.3,8.5,0,0,9.6,0,0,0,0,50,9.9528
42,1,36.33,140,91,101.0,2.1,0,1,8.6,0,0,1,1,49,15.2586
68,0,24.62,129,64,77.2,7.0,0,1,7.0,0,0,1,0,65,16.741600000000002
65,1,23.32,130,76,134.2,3.8,0,0,6.8,0,1,0,0,54,15.158
82,0,21.56,131,84,127.0,5.9,0,0,5.7,1,1,0,0,47,17.679199999999998
77,0,33.85,165,94,99.1,3.8,1,0,8.8,0,0,1,1,71,26.064500000000002
63,1,29.28,136,86,104.7,1.0,0,0,9.5,0,0,1,1,50,18.4464
53,1,23.97,124,73,124.6,3.3,0,0,6.4,1,1,1,0,51,12.704099999999999
75,0,18.45,130,69,110.6,6.6,1,0,7.1,0,0,0,0,61,13.8375
55,1,34.97,138,83,138.7,5.5,0,0,7.4,0,0,0,0,55,19.2335
28,1,24.06,123,72,102.2,5.3,0,1,7.2,1,0,0,0,51,6.7368
29,1,16.25,114,74,91.8,2.5,0,0,6.1,0,0,0,0,40,4.7125
59,1,27.31,132,79,127.1,1.6,1,0,8.4,1,1,0,0,53,16.1129
56,0,32.79,145,93,77.1,10.5,1,0,7.2,0,0,1,1,52,18.3624
28,0,30.98,136,75,109.7,5.2,1,0,9.5,0,0,0,0,61,8.6744
53,0,27.27,129,80,118.5,5.1,1,0,6.8,1,0,1,0,49,14.4531
69,0,24.24,143,81,89.6,7.4,0,0,7.2,0,0,0,1,62,16.7256
48,1,23.55,123,74,103.6,4.0,1,0,6.6,0,0,0,0,49,11.304
50,0,34.2,137,96,114.0,1.5,0,0,5.4,0,0,0,0,41,17.1
30,0,15.47,109,67,86.1,6.6,0,1,7.0,0,0,0,0,42,4.641
35,1,21.29,128,68,89.7,3.7,0,1,6.3,0,0,0,0,60,7.451499999999999
58,1,26.24,126,78,71.3,7.2,0,0,8.2,0,0,0,0,48,15.219199999999999
75,1,15.23,137,80,117.4,5.0,0,1,7.0,0,0,1,0,57,11.4225
73,1,25.54,128,80,139.1,4.1,0,1,6.3,1,1,0,1,48,18.644199999999998
41,0,19.68,127,73,103.7,2.8,0,0,5.3,0,0,0,0,54,8.0688
48,1,29.55,132,87,112.2,3.3,0,1,7.9,0,0,0,0,45,14.184000000000001
72,1,23.48,147,84,117.9,3.4,1,1,6.4,1,0,1,1,63,16.9056
27,0,24.48,111,69,106.2,7.0,0,0,7.6,1,0,0,0,42,6.6096
77,0,23.07,132,75,104.8,3.0,0,0,7.6,0,0,1,0,57,17.7639
19,0,30.72,112,73,81.9,5.8,0,0,7.9,0,0,0,0,39,5.836799999999999
32,1,26.4,128,67,114.1,3.2,0,0,5.9,0,0,0,0,61,8.448
20,0,32.29,139,91,81.3,0.7,0,1,7.9,0,0,0,1,48,6.457999999999999
60,1,33.81,152,81,106.7,2.6,1,0,6.7,0,1,1,1,71,20.286
48,0,25.14,133,78,99.4,5.2,1,0,7.4,0,0,0,0,55,12.0672
84,0,22.76,151,81,87.9,5.8,0,0,6.9,0,0,1,1,70,19.1184
73,0,24.37,145,82,109.3,5.5,1,0,8.5,0,0,1,1,63,17.7901
80,0,42.24,152,104,148.7,1.3,0,0,7.5,0,1,1,1,48,33.792
32,0,23.22,124,71,77.4,0.7,1,0,7.3,0,0,0,0,53,7.4304
27,0,25.79,125,79,70.1,2.1,0,1,10.0,0,0,0,0,46,6.963299999999999
55,0,28.04,136,88,83.4,2.7,1,1,9.0,0,0,0,1,48,15.422
64,1,29.97,157,78,122.4,3.9,0,1,6.6,0,0,1,1,79,19.180799999999998
74,1,27.4,154,80,106.5,4.9,1,1,6.5,0,0,1,1,74,20.276
67,1,37.09,151,90,135.9,1.9,0,1,6.9,1,1,1,1,61,24.8503
32,1,28.17,122,75,115.9,4.5,0,0,7.2,1,0,0,0,47,9.0144
35,1,25.93,125,72,106.9,4.7,1,0,5.7,0,0,0,0,53,9.0755
19,1,32.34,123,82,92.9,7.4,0,0,8.1,0,0,0,0,41,6.1446000000000005
60,0,21.66,118,76,104.9,7.0,0,1,6.5,1,0,0,0,42,12.995999999999999
43,1,29.93,123,84,100.7,3.9,0,1,8.7,0,0,1,0,39,12.8699
55,1,24.65,138,77,118.9,3.6,0,1,7.9,1,1,0,0,61,13.5575
59,1,34.26,145,86,106.0,2.3,0,0,6.1,0,0,1,1,59,20.2134
22,1,34.7,139,77,94.0,2.4,0,0,7.0,1,0,0,0,62,7.634000000000001
28,0,25.79,122,72,107.8,2.9,0,0,5.3,0,0,0,0,50,7.2212
82,1,21.75,140,78,101.5,1.6,0,0,7.6,0,0,1,1,62,17.835
51,0,16.0,118,76,93.6,1.0,0,1,6.0,0,0,0,0,42,8.16
18,0,28.11,112,78,118.1,2.8,0,0,7.2,0,0,0,0,34,5.0598
19,0,15.0,127,76,105.6,2.9,0,0,6.6,1,0,0,0,51,2.85
37,0,26.31,125,71,87.2,6.5,0,0,8.6,1,0,0,1,54,9.734699999999998
78,0,23.55,143,74,120.7,3.6,0,0,7.0,0,0,1,1,69,18.369
38,0,30.04,128,77,118.0,2.0,0,1,9.4,0,0,0,0,51,11.4152
29,1,26.72,125,78,86.0,5.1,0,0,4.6,0,0,0,0,47,7.7488
39,0,23.52,118,75,63.9,3.2,0,0,6.4,0,0,0,0,43,9.1728
37,1,31.72,126,74,111.2,1.5,0,0,9.7,0,0,0,0,52,11.736399999999998
18,1,20.47,111,64,91.6,4.3,0,0,6.7,0,0,0,0,47,3.6845999999999997
47,1,30.07,141,66,106.9,4.2,0,0,7.9,1,0,0,0,75,14.1329
41,0,38.76,139,94,128.7,5.0,1,0,6.1,1,1,0,1,45,15.891599999999999
31,1,32.4,156,89,108.5,1.3,1,1,9.7,0,0,1,1,67,10.044
53,0,24.45,136,72,114.9,5.0,0,0,6.8,0,0,0,0,64,12.958499999999999
41,0,20.89,105,70,86.9,10.5,0,0,5.7,1,0,0,0,35,8.5649
77,1,32.22,150,80,118.9,11.8,0,0,7.0,1,0,0,1,70,24.8094
72,1,19.7,130,85,105.1,8.4,0,1,5.8,0,0,0,0,45,14.184
41,1,26.83,114,85,121.4,3.2,0,0,5.7,1,0,0,0,29,11.0003
41,0,31.0,135,89,106.5,6.3,1,1,5.3,1,0,0,1,46,12.71
71,0,20.95,135,77,98.9,2.0,0,0,6.1,0,0,0,0,58,14.874500000000001
43,0,20.63,121,55,95.9,4.2,0,0,7.7,1,0,1,0,66,8.870899999999999
83,1,19.16,131,84,77.1,5.6,0,1,8.8,0,0,0,0,47,15.9028
55,0,36.05,131,83,120.9,2.8,0,1,8.1,1,0,0,1,48,19.827499999999997
82,1,36.65,155,103,116.0,2.7,0,0,7.7,0,0,1,1,52,30.052999999999997
68,0,36.56,149,79,121.0,2.6,0,0,7.1,0,0,0,1,70,24.860799999999998
52,0,37.34,133,68,118.4,11.3,0,0,7.1,0,1,0,0,65,19.416800000000002
60,0,23.13,139,85,87.2,3.5,1,1,5.9,0,0,1,1,54,13.878
46,0,16.29,115,65,92.9,5.6,0,0,7.5,1,0,0,0,50,7.493399999999999
54,1,36.68,141,79,115.8,5.2,0,1,6.6,0,1,0,1,62,19.8072
75,1,32.19,149,79,115.0,2.6,1,0,7.3,0,0,0,1,70,24.1425
71,0,31.72,143,82,158.7,4.0,0,0,7.4,1,1,1,1,61,22.5212
56,0,20.77,121,75,105.1,3.5,0,1,7.6,0,0,0,0,46,11.6312
59,1,27.36,138,78,103.1,5.4,0,1,7.1,1,0,0,1,60,16.1424
45,1,27.72,119,83,96.7,9.2,0,1,8.0,1,0,0,0,36,12.473999999999998
46,1,26.43,128,73,130.1,3.2,0,0,6.1,0,1,0,0,55,12.1578
60,0,21.87,135,66,96.9,3.5,0,1,5.8,0,0,0,0,69,13.122
20,0,15.77,126,64,106.9,4.9,0,0,5.5,0,0,0,0,62,3.154
27,0,22.43,106,70,77.2,4.6,0,0,7.4,0,0,0,0,36,6.0561
76,0,15.0,150,98,89.1,4.4,1,1,7.4,0,0,0,1,52,11.4
31,1,24.41,119,73,92.3,3.7,1,0,7.0,0,0,0,0,46,7.5671
64,0,23.23,138,77,86.7,6.7,1,0,7.5,0,0,1,0,61,14.8672
59,1,20.03,131,63,101.0,6.7,0,1,8.6,1,0,0,0,68,11.8177
49,0,29.13,121,78,118.7,5.0,0,0,4.8,1,0,0,0,43,14.273699999999998
49,1,24.81,143,72,97.6,8.0,1,1,6.6,0,0,0,0,71,12.156899999999998
59,0,25.23,134,77,110.2,1.2,0,0,6.2,0,0,0,0,57,14.8857
49,0,34.87,128,89,111.8,8.4,0,0,6.1,1,0,0,1,39,17.086299999999998
43,1,24.94,127,73,88.7,8.9,0,0,7.9,0,0,0,0,54,10.724200000000002
18,0,29.43,111,80,100.0,2.1,0,0,7.1,1,0,0,0,31,5.2974
73,0,20.52,154,65,133.0,5.2,0,1,6.7,0,0,1,1,89,14.9796
19,0,28.28,117,77,97.3,3.4,0,1,8.0,0,0,0,0,40,5.373200000000001
47,1,26.21,151,75,115.5,6.5,1,0,9.2,1,0,0,0,76,12.318700000000002
69,1,27.34,141,80,116.2,8.8,0,0,7.6,1,0,0,1,61,18.8646
26,1,19.7,113,71,80.6,11.0,0,0,6.3,0,0,0,0,42,5.121999999999999
39,1,20.25,116,75,90.1,5.5,0,0,6.7,0,0,0,0,41,7.8975
51,1,24.79,129,74,132.1,4.5,0,1,8.2,1,1,0,0,55,12.6429
66,1,34.52,148,91,120.8,5.4,0,0,6.6,1,0,1,1,57,22.7832
18,1,18.45,117,75,86.6,1.9,0,1,7.3,0,0,0,0,42,3.3209999999999997
70,1,36.55,156,80,118.1,6.9,1,1,7.1,0,0,1,0,76,25.585
57,0,22.7,115,71,100.8,6.0,0,0,8.8,1,0,0,0,44,12.938999999999998
62,1,27.28,144,79,111.6,5.0,0,1,6.3,0,0,1,1,65,16.913600000000002
26,1,32.62,131,77,115.2,2.1,0,0,5.5,1,1,0,1,54,8.4812
39,0,24.74,117,89,87.0,3.1,0,0,6.5,0,0,0,0,28,9.648599999999998
35,0,25.39,135,71,104.1,3.3,0,1,6.6,0,0,0,0,64,8.8865
60,0,35.19,150,80,120.0,2.9,0,0,6.6,0,0,1,1,70,21.113999999999997
56,0,33.16,137,84,125.9,5.7,0,0,6.4,0,0,1,0,53,18.569599999999998
23,0,30.86,128,78,98.4,3.2,0,0,7.3,1,0,0,0,50,7.097799999999999
65,0,25.95,136,79,123.6,2.3,0,0,5.9,0,0,1,1,57,16.8675
24,0,26.36,121,59,78.6,7.7,0,0,9.1,1,0,0,0,62,6.3264
33,1,20.58,104,66,89.0,10.1,0,0,6.8,1,0,0,0,38,6.791399999999999
18,0,25.15,113,72,91.5,1.2,0,0,6.7,0,0,0,0,41,4.527
54,0,27.19,131,71,89.9,1.7,0,0,7.3,0,0,0,0,60,14.6826
54,0,26.61,141,85,103.2,2.2,0,1,6.9,0,0,0,1,56,14.3694
81,1,28.52,139,80,124.9,3.5,0,0,6.7,0,0,1,1,59,23.1012
79,0,33.25,137,72,116.6,12.8,0,1,8.4,0,0,0,0,65,26.2675
78,0,18.03,141,78,116.9,3.1,0,1,7.5,0,0,1,1,63,14.063400000000001
50,1,23.13,135,66,99.5,3.1,0,0,7.2,0,0,0,1,69,11.565
83,0,33.44,168,101,114.9,3.0,1,0,6.2,0,0,1,1,67,27.7552
47,0,41.1,155,93,103.2,3.3,0,1,7.0,1,0,1,1,62,19.317
37,0,20.57,125,63,112.3,4.0,0,0,5.4,1,0,0,0,62,7.6109
77,1,23.17,143,65,108.8,7.3,0,0,7.7,0,0,0,1,78,17.8409
41,1,19.21,128,73,93.8,7.8,0,0,8.3,1,0,0,0,55,7.8761
21,1,15.0,99,69,104.7,5.4,0,0,7.9,1,0,0,0,30,3.15
54,0,28.39,132,68,109.7,2.7,0,0,6.6,0,0,0,0,64,15.330599999999999
21,1,30.25,107,79,96.0,6.5,0,0,5.2,0,0,0,0,28,6.3525
35,0,25.06,120,78,92.8,8.1,0,0,6.8,1,0,0,0,42,8.770999999999999
83,0,25.11,139,85,130.1,2.2,0,1,8.3,0,0,1,1,54,20.8413
65,0,26.16,122,75,117.9,6.7,0,1,7.5,1,0,1,0,47,17.004
50,1,23.5,129,76,101.0,3.6,0,0,7.1,0,0,0,1,53,11.75
75,0,26.55,124,80,117.8,2.1,0,0,7.7,0,0,0,0,44,19.9125
45,1,34.84,140,76,113.7,6.2,1,0,6.7,1,1,0,0,64,15.678000000000003
52,1,22.0,107,76,63.7,9.1,0,0,7.0,0,0,0,0,31,11.44
27,0,25.16,111,77,92.1,7.8,0,0,7.9,0,0,0,0,34,6.793200000000001
82,0,26.06,150,91,120.4,0.7,1,1,6.4,0,0,0,1,59,21.3692
59,0,23.51,128,61,109.0,10.7,0,0,6.6,1,0,0,0,67,13.8709
26,0,27.19,116,75,103.5,5.6,0,0,8.4,1,1,0,0,41,7.069400000000001
77,0,15.0,131,83,86.6,0.7,0,0,6.3,1,0,1,0,48,11.55
32,1,30.12,124,77,98.8,1.1,0,0,5.4,0,0,1,0,47,9.6384
74,0,21.16,122,75,105.1,3.1,0,0,5.7,0,0,0,0,47,15.658399999999999
39,1,21.92,114,67,108.6,2.3,0,0,7.4,1,0,0,0,47,8.548800000000002
81,0,25.83,148,86,106.7,5.2,1,0,8.3,0,0,0,1,62,20.9223
58,1,18.74,121,73,87.1,3.6,0,0,9.5,0,0,0,1,48,10.8692
73,1,34.52,136,88,120.2,4.3,0,0,6.4,0,1,0,0,48,25.1996
40,1,22.02,134,73,90.8,6.7,1,0,5.1,1,0,1,0,61,8.808
42,1,42.07,134,92,89.4,9.1,0,0,9.3,0,0,0,1,42,17.6694
23,0,30.46,117,93,80.2,4.5,1,0,8.1,0,0,0,0,24,7.005800000000001
51,0,23.5,131,75,99.1,3.7,0,0,6.8,1,0,1,0,56,11.985
80,1,25.02,144,73,107.3,4.0,0,1,6.7,0,0,0,1,71,20.016
26,1,27.66,118,81,93.5,3.0,0,0,6.7,0,0,0,0,37,7.191599999999999
77,1,36.65,161,94,106.2,4.7,1,0,6.8,1,0,1,1,67,28.220499999999998
66,0,32.31,136,82,118.2,8.9,0,0,7.3,0,0,0,1,54,21.3246
68,0,31.88,140,74,127.7,6.5,0,0,7.5,0,0,0,0,66,21.6784
77,0,25.03,141,76,101.0,12.1,0,1,8.2,0,0,0,1,65,19.273100000000003
54,1,23.51,108,66,97.7,5.9,0,0,6.7,0,0,0,0,42,12.695400000000001
48,1,30.5,137,80,115.8,7.9,1,0,8.5,1,0,0,1,57,14.64
58,1,34.53,151,94,117.0,3.6,1,1,6.6,0,0,0,1,57,20.0274
79,1,26.0,147,80,118.9,2.2,0,0,7.5,0,0,1,1,67,20.54
75,1,22.83,139,85,131.8,4.9,0,0,5.0,0,1,1,1,54,17.1225
31,1,20.81,119,64,112.1,3.2,0,0,6.4,1,1,0,0,55,6.4511
53,0,17.09,122,80,105.2,3.7,0,1,7.4,1,0,0,0,42,9.0577
53,1,24.21,130,70,110.3,0.8,0,0,5.9,1,1,0,0,60,12.8313
25,0,25.32,105,68,94.3,3.5,0,0,6.2,0,0,0,0,37,6.33
43,1,26.68,141,77,94.1,2.8,1,1,7.9,0,0,0,0,64,11.4724
53,0,29.94,147,80,116.7,8.5,0,1,5.6,1,0,1,0,67,15.868200000000002
65,1,24.08,146,78,104.5,3.3,0,1,7.4,0,0,1,1,68,15.651999999999997
45,1,37.21,136,82,134.7,1.7,0,0,8.5,1,0,0,0,54,16.744500000000002
79,1,20.2,148,81,99.9,2.6,0,0,8.2,0,0,1,1,67,15.958
68,1,30.76,134,76,74.5,2.9,0,0,9.4,0,0,0,1,58,20.916800000000002
59,1,19.73,136,89,95.4,3.6,0,1,7.1,0,0,0,0,47,11.640699999999999
46,1,21.87,122,75,88.2,3.6,0,0,7.7,0,0,0,0,47,10.060200000000002
27,0,28.43,132,70,103.3,2.2,0,1,7.4,1,0,1,0,62,7.6761
56,1,32.85,117,79,114.1,3.3,0,0,7.5,1,0,0,1,38,18.396
18,0,25.18,119,66,96.4,1.4,0,0,7.5,0,0,0,0,53,4.5324
56,1,27.29,124,66,136.5,2.8,0,0,5.7,1,1,0,0,58,15.2824
38,1,34.12,128,76,113.6,1.1,0,1,7.4,0,0,0,0,52,12.9656
82,1,19.71,135,90,112.6,2.2,0,1,9.0,1,0,1,0,45,16.1622
32,1,31.27,134,88,96.3,4.8,1,0,7.8,0,0,0,1,46,10.0064
21,1,22.8,104,60,126.2,3.0,0,0,6.5,1,0,0,0,44,4.788
77,1,28.21,153,79,112.3,2.7,0,0,8.0,1,0,1,1,74,21.721700000000002
78,0,29.93,157,82,121.6,2.7,1,1,5.1,1,1,0,1,75,23.345399999999998
37,1,19.98,123,73,84.5,3.4,0,1,7.7,0,1,0,0,50,7.3926
27,1,22.47,111,73,102.4,4.4,1,1,4.7,0,0,0,0,38,6.0668999999999995
51,0,30.66,119,71,106.4,8.2,0,0,5.8,0,0,0,1,48,15.636600000000001
65,1,25.29,120,72,100.8,13.8,0,0,6.3,0,0,0,1,48,16.438499999999998
50,1,22.66,126,75,117.5,5.4,1,0,6.0,1,1,0,0,51,11.33
78,1,27.93,146,85,110.9,8.0,1,0,7.9,1,0,1,0,61,21.7854
27,1,20.54,107,67,87.7,7.0,0,0,6.4,0,0,0,0,40,5.545799999999999
71,0,19.94,136,80,92.9,1.6,0,0,5.6,0,0,0,1,56,14.1574
82,0,15.0,126,70,103.8,5.6,0,0,6.6,1,0,0,0,56,12.3
18,1,28.89,123,68,96.9,6.9,0,1,6.8,0,0,0,0,55,5.2002
22,1,26.99,115,61,115.3,7.1,0,0,7.3,1,1,0,0,54,5.937799999999999
32,1,29.94,115,82,104.9,1.2,0,0,6.5,0,0,0,0,33,9.5808
45,0,33.89,149,77,105.1,3.1,1,0,8.1,0,0,1,1,72,15.250499999999999
40,1,25.4,118,83,96.6,4.9,0,0,7.5,1,0,0,0,35,10.16
34,1,26.4,125,72,89.1,4.8,0,0,6.8,0,0,0,1,53,8.975999999999999
30,0,28.79,135,88,106.8,3.5,1,0,8.1,1,0,0,0,47,8.636999999999999
31,0,23.49,123,62,99.2,6.2,0,0,9.7,0,0,0,0,61,7.281899999999999
28,0,18.35,109,81,79.2,2.4,0,1,7.1,0,0,0,0,28,5.138000000000001
45,0,20.12,119,67,101.5,5.5,0,0,5.0,1,0,0,0,52,9.054
59,0,26.57,130,79,112.2,2.6,0,1,7.0,1,0,1,0,51,15.676300000000001
78,0,32.6,127,74,124.6,7.9,0,0,8.8,1,0,0,0,53,25.428
81,1,35.89,152,79,150.1,2.7,0,0,6.7,1,1,0,1,73,29.0709
48,0,25.15,122,82,76.7,2.2,1,0,7.2,0,0,0,0,40,12.071999999999997
27,0,27.77,119,82,132.4,2.5,0,0,5.5,1,1,0,0,37,7.4979
25,0,37.65,135,88,93.7,3.0,0,0,7.6,0,0,0,0,47,9.4125
38,0,29.8,121,80,82.7,2.8,0,0,6.1,0,0,0,0,41,11.324000000000002
76,1,27.6,154,77,91.9,8.1,0,0,8.3,1,0,1,1,77,20.976
67,0,28.02,149,75,128.9,1.7,0,0,6.3,0,1,0,1,74,18.7734
47,1,30.18,141,74,112.6,3.3,0,0,5.3,1,1,1,1,67,14.1846
34,1,19.72,121,65,98.4,4.9,0,0,7.5,0,0,0,0,56,6.7048000000000005
37,0,31.21,145,80,81.7,3.1,0,0,6.6,0,0,0,1,65,11.547699999999999
65,1,29.35,144,82,138.6,7.7,1,0,5.5,0,1,0,0,62,19.0775
19,1,33.11,116,73,102.1,4.1,0,0,8.0,0,0,0,0,43,6.290900000000001
54,0,29.67,136,74,98.2,2.7,0,1,6.8,0,0,1,0,62,16.0218
18,1,32.72,131,90,69.0,4.8,1,0,8.3,0,0,1,0,41,5.889600000000001
21,1,21.45,119,71,85.0,1.7,0,0,6.5,1,0,0,0,48,4.5045
71,1,23.34,130,80,110.3,2.1,0,0,6.7,1,0,0,0,50,16.5714
42,0,27.69,104,75,92.8,4.4,0,0,7.7,0,0,0,0,29,11.6298
20,1,22.44,124,74,79.7,4.6,0,0,7.8,0,0,0,0,50,4.488
26,0,31.76,129,80,117.8,2.8,0,1,6.0,0,0,0,0,49,8.2576
51,0,18.59,120,86,96.2,1.2,0,1,7.0,0,0,0,0,34,9.4809
60,0,25.87,137,75,91.6,4.0,0,0,10.0,0,0,0,1,62,15.522
39,1,23.51,110,75,88.8,3.1,0,0,9.0,0,0,0,0,35,9.1689
19,1,22.49,121,81,79.7,5.3,0,0,7.6,0,0,0,1,40,4.2730999999999995
83,0,18.85,127,76,101.0,2.8,0,0,9.6,0,0,1,1,51,15.645500000000002
49,0,27.04,142,77,96.2,2.8,0,1,7.4,0,0,0,0,65,13.249600000000001
33,1,26.32,96,72,95.3,8.9,0,0,6.3,1,0,0,0,24,8.6856
18,1,37.85,145,76,118.0,2.4,1,1,8.6,1,0,1,0,69,6.813000000000001
65,0,41.23,163,90,126.3,4.0,1,0,5.5,0,0,1,1,73,26.7995
67,1,20.61,152,81,107.7,2.3,1,1,6.1,0,0,0,1,71,13.808699999999998
30,0,15.76,109,61,85.9,9.7,0,0,7.2,0,0,0,0,48,4.728
32,1,19.84,93,70,101.3,6.5,0,0,8.7,1,0,0,0,23,6.3488
70,1,26.44,146,83,135.4,11.0,0,0,8.5,1,1,0,1,63,18.508000000000003
61,0,33.33,137,89,98.4,4.0,0,1,5.6,0,0,1,1,48,20.3313
25,1,24.01,119,72,99.4,2.4,0,0,6.0,1,0,0,1,47,6.0025
63,1,30.15,137,80,125.3,3.1,0,0,5.8,1,0,0,1,57,18.9945
36,0,22.17,126,63,84.3,4.8,0,0,7.1,1,0,0,0,63,7.981200000000001
55,0,23.97,121,82,101.0,4.0,0,0,7.3,1,0,0,1,39,13.183499999999999
28,0,27.77,122,81,91.4,3.2,1,0,6.7,0,0,0,1,41,7.7756
60,0,26.74,135,88,118.6,1.6,0,1,6.5,1,0,0,0,47,16.043999999999997
37,1,26.59,126,67,96.9,4.4,0,1,6.3,1,0,1,0,59,9.8383
37,0,20.53,121,72,99.0,1.1,1,0,8.7,0,0,0,0,49,7.5961
38,1,33.91,157,82,122.0,2.2,1,0,6.2,0,0,1,1,75,12.8858
74,0,33.87,163,77,142.2,5.0,0,0,5.5,1,1,0,1,86,25.063799999999997
67,1,33.96,152,85,98.3,10.3,0,0,9.6,1,1,0,0,67,22.753200000000003
43,0,22.87,112,56,104.9,3.5,0,0,7.1,0,0,0,0,56,9.834100000000001
47,0,27.49,126,75,90.2,1.7,0,0,7.5,0,0,1,0,51,12.9203
48,0,23.76,131,79,100.4,2.3,0,1,6.2,1,0,0,1,52,11.4048
59,1,21.15,124,64,101.3,4.8,0,0,7.3,0,0,0,0,60,12.478499999999999
78,0,28.45,142,82,106.0,1.3,0,0,6.1,0,0,0,0,60,22.191
78,0,15.0,129,81,126.6,5.0,0,0,6.0,1,1,1,0,48,11.7
34,1,31.71,133,79,79.8,8.1,0,0,6.3,0,0,0,0,54,10.781400000000001
36,1,20.06,128,69,117.4,6.0,0,0,6.0,1,0,0,0,59,7.2216
68,1,24.98,138,78,102.7,3.0,0,0,8.4,1,0,1,0,60,16.9864
80,0,15.0,134,74,115.3,0.7,0,0,7.0,1,0,1,1,60,12.0
47,0,37.28,148,78,113.2,4.9,0,0,8.4,0,0,0,0,70,17.5216
42,1,30.62,147,82,111.0,4.3,1,0,7.7,1,0,0,1,65,12.8604
43,0,27.3,122,69,88.4,3.6,0,0,10.0,0,0,0,0,53,11.739
73,0,22.81,138,79,110.1,8.2,0,0,6.6,0,0,1,1,59,16.6513
39,0,20.62,114,69,70.2,12.8,0,0,6.4,0,0,0,0,45,8.0418
36,1,25.64,126,71,95.7,2.4,0,0,7.7,0,1,0,0,55,9.2304
48,0,28.55,131,78,112.6,7.7,0,0,7.7,0,0,0,1,53,13.704
43,1,25.47,145,90,115.1,7.9,1,1,6.7,1,0,0,1,55,10.9521
59,0,29.88,142,81,127.4,2.7,0,1,7.8,1,0,1,0,61,17.629199999999997
58,1,37.56,153,93,133.6,6.5,0,1,5.8,1,1,1,1,60,21.7848
40,1,20.58,117,74,102.3,4.5,0,0,7.6,1,0,0,0,43,8.232
64,0,28.17,132,82,88.2,2.8,0,1,6.3,0,0,0,0,50,18.0288
30,0,36.9,125,85,91.4,3.5,0,0,6.7,0,0,0,0,40,11.07
83,1,25.0,151,86,106.3,2.5,0,0,6.0,0,0,1,1,65,20.75
83,0,25.99,141,82,117.6,6.7,0,1,6.4,0,0,1,1,59,21.5717
33,1,29.48,123,87,89.7,4.4,0,1,6.1,0,0,0,0,36,9.7284
45,1,30.72,119,69,92.8,7.5,0,0,7.7,1,0,0,0,50,13.823999999999998
52,1,32.89,148,96,101.9,4.2,1,0,9.0,0,0,0,1,52,17.1028
58,0,27.43,160,80,111.5,2.2,1,0,5.4,1,0,1,1,80,15.9094
48,0,22.19,125,70,104.6,3.6,0,0,7.9,0,0,0,0,55,10.651200000000001
49,1,30.05,136,91,109.5,0.7,1,0,8.1,0,1,1,0,45,14.7245
71,0,21.19,140,76,90.4,12.2,0,1,6.8,0,0,1,1,64,15.0449
76,1,28.73,142,90,105.4,4.5,0,1,5.8,0,0,1,1,52,21.8348
58,1,27.25,127,85,97.2,1.9,0,0,6.1,0,0,0,0,42,15.805
83,0,27.11,137,77,111.7,7.3,0,0,7.8,0,0,0,1,60,22.5013
71,0,26.32,132,86,112.0,2.9,0,1,6.4,0,0,1,1,46,18.6872
57,0,32.61,150,82,125.3,2.6,0,1,6.9,1,1,1,1,68,18.587699999999998
45,1,30.38,136,89,103.6,1.8,1,0,5.3,0,0,1,1,47,13.671
54,0,30.83,144,75,111.7,1.6,0,0,7.6,0,1,0,1,69,16.6482
82,0,24.11,147,78,113.3,3.4,1,1,8.2,0,0,1,1,69,19.7702
72,1,17.28,123,76,101.5,6.3,0,1,6.1,0,0,0,1,47,12.441600000000001
21,0,24.5,103,70,60.0,9.2,0,0,6.5,0,0,0,0,33,5.145
27,0,29.33,115,81,123.2,2.4,0,0,5.5,1,0,0,0,34,7.919099999999999
64,0,26.99,124,80,122.1,1.4,0,1,6.7,0,1,1,1,44,17.2736
31,1,24.29,115,87,89.6,2.0,1,0,7.2,0,0,0,0,28,7.5299000000000005
55,0,28.08,134,87,92.9,7.8,0,1,7.3,0,0,0,1,47,15.443999999999999
29,1,25.25,117,75,103.1,3.1,0,0,8.3,1,1,0,0,42,7.3225
62,1,27.08,144,80,107.3,1.8,1,1,8.4,1,0,1,1,64,16.789599999999997
34,1,15.26,117,66,77.8,6.5,0,1,7.6,0,0,0,0,51,5.188400000000001
52,1,31.25,138,71,116.0,2.3,0,0,5.4,1,0,1,0,67,16.25
83,0,30.35,143,83,109.4,1.2,0,0,7.6,0,0,0,1,60,25.1905
58,0,39.05,142,81,124.9,6.2,0,0,5.6,1,0,1,0,61,22.648999999999997
84,0,22.67,130,78,117.9,9.2,0,0,7.0,0,0,0,0,52,19.042800000000003
46,1,23.88,140,67,103.2,2.3,0,1,7.4,0,0,0,0,73,10.9848
35,0,27.81,127,79,126.2,1.1,0,1,6.7,1,0,0,1,48,9.7335
37,0,26.6,119,80,85.3,5.0,0,1,8.8,1,0,0,1,39,9.842
31,0,35.96,137,94,128.4,4.0,0,1,6.8,1,0,0,0,43,11.1476
51,0,24.43,121,74,95.4,1.7,0,0,7.3,0,0,0,0,47,12.4593
66,1,25.91,130,65,85.1,8.9,0,1,8.6,0,0,0,0,65,17.1006
71,1,23.54,131,81,101.5,1.7,0,1,6.2,0,0,0,1,50,16.7134
48,0,35.64,139,88,135.7,4.3,0,0,6.8,1,1,0,0,51,17.1072
75,1,29.63,140,90,89.0,3.8,0,1,8.3,0,0,0,1,50,22.2225
59,0,35.91,135,96,126.7,4.6,0,0,7.7,1,1,0,0,39,21.186899999999994
75,1,43.71,162,99,141.4,0.5,0,0,7.2,0,1,1,1,63,32.7825
47,1,22.38,118,76,102.3,1.5,0,0,5.4,0,0,0,0,42,10.5186
42,0,33.05,122,87,93.6,6.7,0,1,6.8,1,1,0,0,35,13.880999999999998
80,0,25.31,125,77,106.0,4.8,0,0,5.8,0,0,1,0,48,20.248
36,1,22.81,132,63,83.2,5.7,0,0,8.0,0,0,0,0,69,8.211599999999999
25,1,18.3,121,66,78.0,3.7,0,1,7.1,0,0,0,0,55,4.575
20,1,39.14,140,93,128.0,7.7,1,0,5.2,0,0,0,1,47,7.827999999999999
84,1,32.61,140,78,112.7,3.2,0,0,5.1,1,0,1,1,62,27.3924
34,1,25.49,129,80,84.9,3.1,0,0,6.3,0,0,0,1,49,8.666599999999999
31,1,30.41,130,84,110.6,4.6,0,0,5.6,1,0,1,0,46,9.427100000000001
26,1,16.31,134,80,83.4,2.5,1,1,6.5,0,0,0,0,54,4.2406
79,0,26.25,138,71,126.8,4.1,0,0,7.7,0,0,0,1,67,20.7375
38,1,22.38,122,83,114.1,1.3,1,0,6.1,1,0,0,1,39,8.504399999999999
54,1,35.18,136,86,86.1,11.8,1,0,7.9,0,0,1,0,50,18.9972
28,1,35.57,133,75,103.4,2.9,0,0,6.5,0,0,0,1,58,9.9596
37,0,31.96,129,72,89.1,4.6,0,1,7.4,0,0,0,0,57,11.8252
52,0,32.29,145,91,106.9,3.9,0,0,5.3,1,0,0,0,54,16.7908
70,1,23.03,132,75,99.0,1.2,0,0,8.1,0,0,0,0,57,16.121000000000002
64,1,30.96,154,93,103.3,1.5,1,0,8.5,0,0,1,1,61,19.8144
69,1,18.8,134,71,114.7,6.4,0,0,6.7,0,0,1,0,63,12.972000000000001
25,0,18.02,117,66,99.3,1.9,0,0,6.5,1,0,0,0,51,4.505
21,0,26.19,109,80,82.6,1.5,0,0,7.2,0,0,1,0,29,5.4999
44,0,29.88,137,76,105.8,7.1,1,0,6.8,0,0,0,0,61,13.1472
61,1,30.27,133,74,107.9,3.8,0,0,6.6,0,0,0,1,59,18.4647
57,0,19.51,131,67,92.9,1.2,0,0,9.7,1,0,1,0,64,11.120700000000001
64,1,17.8,134,76,118.6,2.3,0,0,8.2,0,0,0,0,58,11.392000000000001
61,0,24.18,117,78,119.8,0.3,0,0,7.5,0,0,0,0,39,14.7498
65,1,21.72,141,80,98.1,1.3,0,0,7.4,0,0,0,1,61,14.118
69,1,30.35,143,79,89.4,6.8,0,0,5.3,0,0,1,0,64,20.9415
28,1,20.93,107,73,106.5,4.7,0,0,6.7,1,0,0,0,34,5.860399999999999
21,0,38.08,132,76,118.8,1.5,0,0,6.5,1,1,0,1,56,7.9967999999999995
65,1,28.9,141,71,121.3,2.7,0,0,8.3,0,0,1,1,70,18.785
43,0,25.95,133,77,96.0,3.8,0,1,6.0,0,0,0,0,56,11.158499999999998
56,0,20.15,119,79,99.0,3.0,0,1,7.6,1,0,0,0,40,11.283999999999999
75,0,19.14,135,77,68.2,2.7,0,1,6.2,0,0,0,0,58,14.355
36,1,24.94,121,84,96.0,8.8,0,0,7.4,0,0,0,1,37,8.9784
75,0,23.44,132,84,93.5,5.1,0,0,6.4,0,0,1,0,48,17.58
45,1,16.76,124,78,63.7,3.5,1,0,7.3,0,0,0,0,46,7.542000000000001
83,0,34.76,160,85,134.2,2.0,0,0,7.3,0,1,0,1,75,28.8508
27,0,20.39,120,76,96.3,9.8,1,0,7.6,0,0,1,0,44,5.5053
75,0,28.85,145,84,105.0,8.6,0,1,8.3,1,0,1,1,61,21.6375
31,1,29.36,126,72,110.3,4.3,0,0,7.9,1,0,0,0,54,9.1016
32,0,17.41,111,73,79.6,7.6,0,1,8.1,0,0,0,0,38,5.5712
50,1,24.57,131,71,108.4,5.2,1,0,8.7,1,1,0,0,60,12.285
34,1,18.62,132,79,110.2,4.3,1,1,6.9,1,0,0,1,53,6.3308
41,1,29.16,118,72,97.5,4.7,0,1,7.1,0,0,0,0,46,11.955599999999999
47,0,27.16,118,78,107.3,2.7,0,0,5.9,0,0,0,0,40,12.7652
79,0,26.35,134,85,118.6,6.2,0,1,6.5,0,0,0,1,49,20.8165
30,1,22.04,125,76,96.1,3.3,1,1,4.9,0,0,0,0,49,6.611999999999999
79,1,33.65,161,89,114.9,5.2,0,0,8.2,0,0,0,0,72,26.5835
64,0,24.61,132,78,103.4,2.7,0,0,6.7,0,0,0,0,54,15.750399999999999
33,1,18.23,118,76,125.5,2.7,0,0,8.7,0,0,0,0,42,6.0159
83,0,21.32,133,77,127.0,3.3,0,0,7.3,0,1,0,0,56,17.6956
60,1,15.16,110,75,89.5,5.7,0,0,6.2,0,0,0,0,35,9.096
25,0,23.0,122,73,107.7,2.2,0,0,5.4,1,0,0,0,49,5.75
20,0,21.53,131,66,89.8,2.9,0,0,4.8,0,0,0,0,65,4.306
29,0,30.83,128,73,107.1,4.6,0,0,5.7,0,0,0,0,55,8.9407
33,1,30.12,118,75,115.8,3.4,0,0,7.6,1,0,0,0,43,9.9396
76,1,28.03,141,81,136.3,1.4,0,0,7.8,1,1,1,1,60,21.3028
66,0,32.29,146,84,132.7,1.6,0,0,7.3,1,1,1,1,62,21.3114
80,1,19.97,142,61,87.8,3.9,0,1,7.3,0,0,1,0,81,15.975999999999999
79,1,28.65,145,83,135.3,4.5,0,0,5.7,0,1,1,1,62,22.633499999999998
66,1,18.46,138,67,111.6,7.0,1,1,6.0,1,0,0,1,71,12.183600000000002
68,0,24.03,148,73,98.2,2.0,0,0,6.2,0,0,0,0,75,16.3404
50,1,28.78,130,83,109.5,2.9,0,1,7.5,1,0,0,0,47,14.39
47,0,23.72,122,85,110.4,5.3,1,1,5.7,0,0,1,0,37,11.148399999999999
76,0,36.27,153,79,115.1,4.1,0,0,7.8,0,0,1,1,74,27.565200000000004
32,1,24.78,136,74,85.5,3.8,1,1,5.8,0,0,0,1,62,7.929600000000001
40,1,31.44,124,82,119.3,3.7,0,1,8.3,1,0,0,0,42,12.576
62,1,25.27,133,75,113.8,3.9,0,0,6.0,1,0,0,0,58,15.6674
79,1,27.56,128,87,119.9,6.2,0,0,6.1,0,1,0,0,41,21.772399999999998
32,1,24.68,127,74,81.5,3.6,1,1,7.9,0,0,0,0,53,7.8976
63,0,27.83,132,86,99.7,4.5,0,0,7.1,1,0,0,0,46,17.532899999999998
81,0,36.81,151,84,127.3,5.1,0,1,7.2,0,0,1,1,67,29.816100000000002
63,1,35.75,142,82,128.3,4.2,0,0,7.8,1,1,1,1,60,22.5225
73,1,23.97,122,73,102.1,6.1,0,0,7.1,0,0,1,1,49,17.4981
61,1,25.47,114,81,103.4,5.5,0,0,8.3,0,0,0,0,33,15.536699999999998
46,1,27.09,125,72,122.4,3.7,0,0,6.5,0,1,0,0,53,12.461400000000001
79,1,30.52,151,73,109.7,7.8,0,0,7.1,1,0,1,1,78,24.110799999999998
69,1,37.56,132,84,118.8,1.6,0,0,7.9,1,1,0,1,48,25.916400000000003
71,0,34.26,148,89,111.8,4.3,0,0,8.6,1,0,1,1,59,24.3246
74,0,25.25,137,74,124.1,5.6,0,0,6.0,0,1,0,0,63,18.685
83,1,29.14,146,88,124.3,4.4,0,1,6.7,1,0,1,1,58,24.1862
39,1,28.11,133,74,104.1,6.3,0,1,7.1,1,0,0,0,59,10.9629
37,1,23.29,118,75,95.3,11.5,1,0,7.1,0,0,0,0,43,8.6173
50,0,32.68,141,83,105.0,1.8,0,1,7.4,1,0,0,1,58,16.34
42,1,15.0,121,72,99.3,4.7,1,0,8.2,0,0,0,0,49,6.3
63,1,32.64,139,79,106.3,6.9,0,0,7.5,0,0,0,0,60,20.563200000000002
74,1,29.19,142,76,112.8,0.6,0,0,6.7,0,0,0,1,66,21.6006
22,0,16.32,108,63,82.6,6.5,0,0,7.9,0,0,0,0,45,3.5904000000000003
72,1,20.76,118,66,98.0,14.15,0,0,9.7,0,0,0,0,52,14.9472
78,1,15.0,131,81,98.1,8.0,0,1,6.6,0,0,0,0,50,11.7
25,1,36.64,132,73,113.1,4.0,0,0,6.4,0,0,0,0,59,9.16
33,1,21.05,109,62,93.2,1.9,0,0,5.9,1,0,0,0,47,6.9464999999999995
65,1,32.08,140,75,111.2,3.6,0,0,8.6,0,0,0,0,65,20.851999999999997
78,0,32.29,143,83,117.2,1.4,0,0,5.9,0,1,0,1,60,25.1862
32,0,26.1,109,85,102.9,6.3,0,0,6.5,0,0,0,0,24,8.352
82,1,22.95,136,83,121.5,5.1,1,0,7.8,0,0,1,0,53,18.819
39,0,29.77,120,92,93.6,3.1,0,1,5.9,0,0,0,0,28,11.6103
20,1,28.05,111,83,86.9,3.8,0,1,7.8,0,0,0,0,28,5.61
71,0,32.23,128,87,120.9,6.9,0,0,7.1,1,0,0,0,41,22.8833
31,0,19.99,120,76,94.8,4.8,1,0,4.4,0,0,0,0,44,6.196899999999999
53,1,32.73,135,82,98.2,6.9,0,1,8.3,0,0,0,1,53,17.346899999999998
84,0,34.62,150,93,115.9,3.7,1,0,8.2,0,1,1,1,57,29.0808
27,1,25.31,110,78,82.2,9.7,0,0,6.2,0,0,0,0,32,6.8337
66,1,21.26,140,74,113.9,7.6,0,0,6.3,1,0,0,1,66,14.031600000000001
82,0,24.0,121,86,108.9,4.3,0,0,6.7,0,0,0,1,35,19.68
74,1,23.09,155,63,124.0,8.3,0,0,8.0,1,1,0,0,92,17.0866
44,0,25.75,135,78,97.8,4.6,0,0,7.7,0,0,0,1,57,11.33
22,1,22.52,112,67,101.0,2.3,0,0,7.4,1,0,0,0,45,4.9544
74,0,29.45,137,74,104.6,11.7,0,0,8.2,1,0,1,0,63,21.792999999999996
32,0,30.49,113,68,110.4,5.5,0,0,5.9,0,0,0,0,45,9.7568
47,1,24.72,123,70,81.6,1.7,1,0,5.9,0,0,0,0,53,11.6184
37,1,15.46,107,72,88.2,2.9,0,0,8.7,0,0,0,0,35,5.7202
54,0,29.37,135,93,115.2,7.6,0,1,6.5,0,0,0,1,42,15.8598
20,1,18.24,110,68,83.5,0.8,0,0,6.8,0,0,0,0,42,3.6479999999999997
58,1,28.25,119,72,120.3,2.3,0,0,6.8,1,1,0,1,47,16.385
56,1,27.22,129,72,128.9,3.7,0,0,6.6,1,0,1,0,57,15.2432
43,0,24.89,111,74,92.0,3.5,0,1,7.1,0,0,0,0,37,10.7027
19,1,30.54,132,90,93.3,5.9,0,1,6.8,1,0,0,1,42,5.8026
40,1,28.91,129,81,93.6,12.1,0,0,7.8,0,0,0,0,48,11.564
40,1,29.05,111,71,102.9,2.7,0,0,9.1,0,0,0,0,40,11.62
33,1,31.56,126,69,93.5,12.3,0,0,6.9,1,0,0,0,57,10.4148
26,0,24.41,102,76,81.1,6.4,0,0,8.3,0,0,0,0,26,6.3466
30,0,24.32,106,92,111.1,3.8,1,1,7.1,1,0,0,0,14,7.296
45,0,33.05,121,70,91.7,4.4,0,0,6.6,0,1,0,0,51,14.872499999999997
44,0,30.52,115,81,82.0,3.8,0,0,5.8,0,0,0,0,34,13.428799999999999
68,0,24.08,148,82,132.3,2.2,0,0,6.5,1,1,0,1,66,16.374399999999998
81,1,15.18,150,82,114.4,1.4,1,0,4.0,0,0,1,1,68,12.2958
69,0,29.07,144,70,111.0,9.9,0,0,7.7,1,0,1,1,74,20.0583
55,0,29.62,135,85,95.4,0.9,1,0,7.4,0,0,1,0,50,16.291
82,0,19.77,139,80,109.6,5.1,0,0,7.0,0,0,0,0,59,16.211399999999998
35,0,21.88,118,67,71.6,8.5,0,0,5.9,0,0,0,0,51,7.6579999999999995
80,0,24.43,146,88,92.3,1.5,0,0,7.1,0,0,1,1,58,19.544
68,1,29.42,142,59,111.2,2.2,0,0,7.3,0,0,0,1,83,20.0056
26,0,41.2,140,79,138.6,1.5,0,1,7.1,1,1,1,1,61,10.712
30,1,33.28,126,86,136.9,4.5,0,0,6.2,0,1,0,0,40,9.984000000000002
57,0,18.05,133,74,113.4,2.6,1,1,7.1,0,0,0,0,59,10.2885
72,1,24.27,134,65,106.1,4.1,0,0,5.6,1,0,0,0,69,17.4744
60,0,26.25,144,85,103.0,9.4,1,0,7.7,0,0,1,0,59,15.75
61,1,29.71,143,74,97.6,4.4,0,1,7.6,0,1,0,1,69,18.1231
50,1,22.09,124,76,99.4,5.8,0,0,9.0,0,0,0,0,48,11.045
41,1,30.19,129,74,96.5,2.7,0,0,5.9,0,0,0,1,55,12.3779
53,1,23.82,132,82,77.6,5.8,0,0,6.6,0,0,0,0,50,12.624600000000001
27,1,30.18,134,74,115.6,7.1,0,0,6.9,1,0,0,0,60,8.1486
37,1,27.24,116,75,99.1,7.1,0,0,6.0,0,0,0,0,41,10.0788
29,1,38.66,127,93,121.0,1.1,0,0,6.0,1,1,1,1,34,11.2114
79,1,32.48,153,80,131.7,4.1,0,0,6.7,0,1,0,1,73,25.659199999999995
35,1,34.42,129,81,106.0,2.4,0,0,5.6,1,0,0,1,48,12.047
80,1,20.67,128,73,91.1,14.15,0,1,8.1,1,0,0,1,55,16.536
42,0,23.71,116,83,84.4,2.7,0,0,6.8,0,0,0,0,33,9.9582
29,1,28.7,124,76,97.1,2.0,0,0,7.5,0,0,0,0,48,8.323
38,0,19.65,120,74,75.9,5.2,0,0,7.4,1,0,0,0,46,7.467
42,1,32.86,127,80,109.7,9.6,0,0,7.4,1,0,0,0,47,13.8012
28,0,27.56,125,77,84.6,9.7,0,1,7.7,0,0,0,0,48,7.716799999999999
81,0,33.18,159,83,146.3,4.0,0,0,6.5,0,0,1,1,76,26.875799999999998
67,1,29.6,126,82,142.2,4.4,0,0,9.5,1,1,0,1,44,19.832
79,1,27.06,151,102,124.0,1.5,0,1,7.0,0,1,1,1,49,21.377399999999998
66,0,26.09,137,81,119.2,11.2,1,0,6.2,0,0,0,1,56,17.2194
31,0,22.34,112,69,98.2,3.2,0,1,5.6,1,0,0,0,43,6.9254
18,0,22.0,107,58,78.2,8.4,0,0,5.5,0,0,0,0,49,3.96
42,1,31.95,120,74,90.5,4.5,0,0,10.0,0,0,0,0,46,13.418999999999999
76,0,30.67,135,93,149.2,1.6,0,1,7.3,1,1,1,1,42,23.3092
22,1,33.96,134,72,134.3,1.6,0,0,6.3,1,1,0,0,62,7.4712
36,1,23.64,104,75,105.0,5.1,0,0,6.1,0,0,0,0,29,8.510399999999999
40,1,33.31,133,76,106.2,4.0,0,0,7.8,1,1,0,0,57,13.324000000000002
26,0,25.78,110,65,86.1,2.0,0,0,6.2,1,0,0,0,45,6.7028
67,0,30.16,142,75,118.0,7.5,0,0,7.6,0,0,0,1,67,20.2072
33,1,34.29,112,88,108.4,6.1,0,0,7.8,0,0,0,0,24,11.3157
50,1,38.81,147,84,138.0,2.3,0,0,7.4,1,1,1,1,63,19.405
19,0,33.02,125,77,95.2,7.1,0,0,5.0,0,0,0,1,48,6.273800000000001
31,1,27.98,123,75,87.3,2.3,1,0,8.6,0,0,0,0,48,8.6738
18,0,30.05,129,69,97.3,4.4,0,1,7.7,0,0,0,0,60,5.409
75,0,34.04,149,80,130.0,2.6,0,1,9.3,1,0,1,1,69,25.53
33,0,30.92,124,74,110.3,6.1,0,1,7.7,1,1,0,0,50,10.2036
64,1,24.48,125,79,95.1,3.8,0,0,6.3,0,0,1,0,46,15.667200000000001
61,0,30.37,135,76,117.1,2.5,0,1,6.7,0,0,1,1,59,18.5257
31,0,34.36,116,85,109.0,6.6,0,1,6.9,0,0,1,0,31,10.6516
41,0,37.31,128,73,93.5,4.6,0,0,6.8,0,0,0,0,55,15.2971
72,1,27.16,138,79,103.8,9.1,0,0,6.4,0,0,0,0,59,19.5552
32,1,20.32,124,64,87.3,6.5,0,0,7.4,0,0,0,0,60,6.5024
51,0,16.48,116,70,91.6,6.5,0,0,6.4,0,0,0,0,46,8.4048
19,0,31.41,103,61,98.2,4.2,0,0,8.8,0,1,0,0,42,5.967899999999999
44,0,17.91,121,70,91.5,1.9,0,0,5.5,0,0,0,0,51,7.8804
40,1,28.66,121,84,102.2,1.2,1,1,6.9,1,0,0,0,37,11.464
31,0,33.05,121,73,100.4,6.9,0,1,6.1,0,0,0,0,48,10.2455
80,1,25.85,137,70,132.2,2.8,0,0,6.8,0,0,0,0,67,20.68
82,0,18.12,137,82,89.5,5.6,0,0,8.0,0,0,1,0,55,14.858400000000001
80,0,19.49,145,70,94.1,5.8,0,0,7.6,1,0,1,1,75,15.591999999999999
81,0,21.47,143,80,99.9,4.8,0,0,8.9,1,0,0,0,63,17.3907
49,1,26.08,130,73,118.2,0.5,0,0,5.7,0,0,0,0,57,12.779199999999998
30,1,33.78,125,74,128.2,3.7,0,0,5.4,1,1,1,1,51,10.134
83,1,26.87,148,89,126.2,4.9,0,1,6.0,0,0,0,1,59,22.3021
36,0,39.29,126,91,126.1,1.0,0,0,5.6,1,1,0,1,35,14.144400000000001
41,0,32.84,131,72,99.5,3.3,0,0,7.6,0,0,0,0,59,13.464400000000001
28,1,28.51,119,78,86.3,3.2,0,0,8.0,0,0,0,0,41,7.982800000000001
76,1,26.38,143,89,87.1,4.3,0,0,8.6,0,0,0,0,54,20.0488
32,1,23.91,117,68,104.9,1.7,0,0,5.3,1,0,0,0,49,7.6512
27,0,27.67,114,78,81.5,3.6,0,0,6.3,0,0,0,0,36,7.4709
58,0,29.95,137,87,111.3,4.9,0,0,5.6,0,0,0,0,50,17.371
44,0,28.66,146,86,106.1,5.9,1,0,6.0,1,0,0,1,60,12.6104
77,1,23.91,139,89,98.1,0.8,0,1,7.7,0,0,1,1,50,18.4107
69,1,20.81,114,78,107.0,6.9,0,1,4.9,1,0,1,0,36,14.358899999999998
45,1,37.6,127,77,128.3,3.1,0,0,5.8,0,1,1,0,50,16.92
82,0,30.48,152,83,142.1,5.8,0,0,7.0,0,1,1,1,69,24.9936
34,1,28.86,115,73,96.9,2.1,0,0,5.0,1,0,0,0,42,9.8124
61,0,29.74,143,88,89.6,6.1,0,1,8.3,1,0,0,1,55,18.141399999999997
27,0,33.19,125,77,103.5,12.9,0,0,6.3,1,1,0,0,48,8.9613
80,1,24.09,140,81,111.5,4.5,1,1,9.2,0,1,0,1,59,19.272000000000002
64,1,26.05,152,80,127.2,3.8,0,0,7.2,1,0,1,1,72,16.672
55,1,22.44,135,64,97.7,6.1,0,0,6.7,0,0,0,0,71,12.342
70,1,26.76,130,87,107.7,7.1,0,1,5.8,0,0,0,0,43,18.732
61,0,22.88,137,93,125.1,3.3,1,0,5.8,1,1,0,1,44,13.956799999999998
71,1,20.96,136,71,83.5,2.1,0,0,5.7,0,0,1,0,65,14.8816
37,1,17.41,115,77,103.2,1.3,0,0,7.5,0,0,0,0,38,6.4417
48,0,36.42,132,76,132.6,4.0,0,0,8.4,1,1,0,0,56,17.4816
24,1,24.86,113,77,94.7,1.2,0,0,7.7,0,0,0,0,36,5.9664
75,1,29.62,140,86,141.1,3.1,0,1,5.4,0,1,0,0,54,22.215
27,0,27.36,109,66,87.5,10.0,0,0,7.1,0,0,0,0,43,7.3872
27,0,29.68,127,77,112.7,3.9,1,0,6.9,1,0,0,1,50,8.0136
56,0,15.18,130,74,107.1,3.6,0,0,6.7,0,0,0,0,56,8.5008
45,1,24.07,137,73,80.0,6.3,0,1,4.8,0,0,0,0,64,10.8315
47,1,33.53,141,78,127.7,5.9,1,0,4.3,0,1,0,1,63,15.7591
54,1,38.07,146,84,131.0,2.1,0,0,6.4,0,1,1,1,62,20.5578
84,0,24.69,154,92,121.8,1.9,1,0,6.2,1,0,1,1,62,20.7396
60,1,25.35,120,73,91.4,2.5,0,0,8.3,0,0,0,0,47,15.21
69,1,32.99,148,81,110.6,4.3,0,0,7.9,0,0,0,1,67,22.763099999999998
73,0,29.36,136,95,124.8,3.3,0,1,7.4,1,0,1,1,41,21.432799999999997
26,1,26.97,109,71,72.4,9.8,0,0,6.3,0,0,0,0,38,7.0122
40,1,26.43,119,75,109.0,1.2,0,0,8.6,1,0,0,0,44,10.572000000000001
80,0,23.49,143,79,100.1,6.9,0,0,9.1,0,0,1,1,64,18.791999999999998
78,0,23.29,134,75,109.5,5.6,0,0,7.8,1,1,0,0,59,18.1662
57,1,27.57,148,85,93.4,1.0,1,1,6.5,0,0,0,1,63,15.7149
61,1,28.64,129,84,119.5,9.6,0,0,6.8,1,1,0,0,45,17.470399999999998
41,1,28.94,129,74,89.6,5.8,0,1,9.9,1,0,0,0,55,11.8654
68,1,22.82,134,67,101.5,5.9,0,1,7.4,1,0,0,1,67,15.5176
75,0,34.53,143,85,141.5,6.3,0,1,8.5,1,1,1,1,58,25.8975
50,0,17.4,114,67,99.7,6.9,0,0,6.8,1,0,0,0,47,8.7
33,1,29.87,119,78,74.0,6.7,1,0,6.1,0,0,0,0,41,9.8571
39,0,23.67,117,73,101.7,5.0,0,0,6.2,0,0,0,0,44,9.231300000000001
74,1,21.78,141,70,103.4,0.9,0,0,4.3,1,0,1,0,71,16.1172
79,0,24.92,142,85,110.6,3.9,0,1,6.4,0,0,1,1,57,19.6868
47,0,17.57,112,73,85.0,6.2,1,0,9.1,0,1,0,0,39,8.2579
40,0,28.85,136,90,100.3,3.4,0,0,7.4,0,0,0,1,46,11.54
49,0,36.16,138,85,122.7,3.0,0,0,6.6,0,0,0,1,53,17.7184
74,1,23.06,127,73,103.0,5.3,0,0,5.9,0,0,0,0,54,17.0644
26,0,40.44,133,84,112.9,5.7,0,0,7.7,1,0,0,1,49,10.5144
48,1,21.81,133,75,105.5,3.5,1,0,7.7,1,1,0,1,58,10.468799999999998
26,1,24.35,121,68,91.2,5.2,0,0,7.7,0,0,0,0,53,6.331
30,0,34.69,128,95,110.3,3.2,0,0,6.5,0,0,0,1,33,10.406999999999998
75,0,19.86,132,77,107.9,2.5,0,0,6.6,0,0,1,0,55,14.895
20,1,25.49,133,95,78.5,1.3,1,1,7.1,0,0,0,0,38,5.098
52,0,36.77,142,81,123.9,2.5,0,0,5.5,0,0,0,1,61,19.120400000000004
38,1,19.96,122,77,107.4,1.6,0,0,8.4,1,0,0,0,45,7.5848
81,1,30.23,147,76,128.0,2.2,0,0,5.8,0,1,1,1,71,24.4863
69,0,29.76,134,78,103.4,2.5,0,0,9.4,0,0,0,1,56,20.5344
51,1,15.65,125,71,97.8,9.0,0,0,7.4,0,0,0,0,54,7.9815
52,0,23.23,123,80,114.4,4.1,0,0,7.6,1,1,1,1,43,12.079600000000001
32,0,40.61,142,86,115.2,1.6,0,1,5.6,1,0,0,1,56,12.9952
23,1,28.1,133,77,109.1,7.2,1,0,7.3,0,0,0,0,56,6.463000000000001
49,0,29.03,157,84,78.5,5.5,1,0,8.2,0,0,0,1,73,14.2247
69,1,28.18,146,87,136.2,1.2,0,0,7.4,1,1,1,1,59,19.444200000000002
45,1,38.65,134,90,105.8,5.7,0,0,7.2,0,0,0,1,44,17.3925
81,0,21.15,136,78,123.8,2.9,0,0,6.8,1,0,1,0,58,17.1315
36,0,22.86,124,83,92.8,3.1,0,1,7.5,0,0,1,1,41,8.2296
32,0,26.16,132,78,109.5,2.4,0,1,6.7,1,0,0,0,54,8.3712
23,0,30.02,125,80,76.3,4.9,0,0,7.4,0,0,0,0,45,6.9046
55,0,27.69,139,83,136.6,4.0,1,0,8.8,1,1,0,1,56,15.2295
43,1,27.86,114,83,115.6,4.9,0,1,8.4,1,0,0,0,31,11.979800000000001
68,1,23.6,150,81,107.1,5.7,1,0,7.3,0,1,0,1,69,16.048000000000002
70,1,30.32,138,84,105.9,2.3,0,0,5.8,0,0,1,0,54,21.224
73,0,15.82,138,76,103.9,4.7,0,0,6.9,0,0,0,0,62,11.5486
76,1,23.62,140,64,127.7,4.4,0,1,7.6,1,0,1,1,76,17.9512
75,1,22.04,130,77,107.4,4.1,0,0,7.7,0,0,0,1,53,16.53
30,0,20.41,104,71,60.0,4.2,0,1,8.3,0,0,0,0,33,6.122999999999999
60,0,16.47,135,81,97.6,7.0,1,1,5.8,0,0,1,1,54,9.882
68,0,28.15,128,75,124.3,6.6,0,0,8.2,0,1,0,0,53,19.142
36,1,29.29,116,80,107.8,5.9,0,0,7.9,0,0,0,0,36,10.544400000000001
38,1,29.33,116,85,108.4,1.3,0,0,8.5,0,0,0,0,31,11.1454
41,1,32.26,128,84,90.0,6.9,1,0,5.7,1,0,0,1,44,13.226599999999998
43,1,33.27,123,81,98.4,4.2,0,0,10.0,0,0,0,0,42,14.3061
62,1,15.0,119,90,107.7,1.4,0,1,6.0,0,0,0,0,29,9.3
45,0,30.46,121,79,92.9,2.8,0,0,6.4,0,0,0,0,42,13.707
46,1,27.86,132,65,104.1,6.6,0,0,6.3,0,0,0,0,67,12.8156
34,1,27.79,128,68,110.0,1.4,0,1,7.8,0,0,0,0,60,9.4486
61,0,26.08,137,83,97.4,1.6,0,0,7.4,0,0,0,0,54,15.9088
78,1,23.61,136,81,117.0,3.3,0,0,6.8,0,0,0,0,55,18.4158
42,0,29.86,150,71,94.3,6.5,0,1,8.8,0,0,0,1,79,12.541199999999998
84,0,21.11,155,77,132.9,1.5,0,1,8.0,0,0,0,1,78,17.7324
19,1,33.2,123,92,118.8,2.4,0,0,6.6,1,0,0,1,31,6.308000000000001
66,1,23.91,120,65,101.5,5.7,0,0,5.9,0,0,0,0,55,15.7806
43,0,15.0,112,75,88.6,13.7,0,0,8.3,1,0,0,0,37,6.45
44,1,27.45,123,73,85.1,8.3,0,0,6.1,0,0,0,0,50,12.078
35,0,19.97,106,69,98.9,12.6,0,0,7.8,0,0,0,0,37,6.9895
71,1,19.85,147,76,103.0,3.1,0,0,4.5,0,0,1,0,71,14.0935
18,0,30.77,128,84,90.5,3.1,0,1,7.1,0,0,0,1,44,5.5386
78,0,32.22,149,97,122.5,3.4,0,1,8.8,0,0,1,1,52,25.1316
20,0,26.17,108,72,91.5,0.9,0,1,7.6,0,0,0,0,36,5.234000000000001
58,0,15.13,137,74,116.4,4.1,1,1,8.9,0,0,1,1,63,8.775400000000001
54,0,29.88,137,73,96.5,6.4,0,1,6.5,0,0,0,0,64,16.1352
68,1,24.95,127,67,109.9,6.3,0,0,7.4,1,0,0,1,60,16.965999999999998
32,0,34.79,128,83,114.1,4.1,0,1,6.9,0,0,0,0,45,11.1328
25,0,38.21,124,86,101.6,4.8,0,1,7.2,1,0,1,0,38,9.5525
55,0,18.08,114,79,98.7,3.9,0,0,6.1,1,0,0,0,35,9.943999999999999
73,0,41.14,158,94,121.9,5.7,0,0,7.1,0,0,0,1,64,30.032200000000003
64,0,17.76,130,75,109.0,9.2,0,0,6.8,1,0,0,0,55,11.3664
27,0,23.68,112,72,81.9,7.2,0,0,6.6,0,0,0,0,40,6.3936
66,0,32.75,134,85,111.8,12.4,1,0,6.5,0,0,0,1,49,21.615
58,0,22.61,140,72,90.5,6.4,0,1,6.7,0,0,0,0,68,13.1138
47,1,22.08,109,65,72.8,2.4,0,0,8.2,0,0,0,0,44,10.3776
22,1,16.9,100,67,99.4,8.2,0,1,7.3,1,0,0,0,33,3.7179999999999995
48,0,19.05,124,81,99.6,4.9,0,0,6.8,0,0,0,0,43,9.144
69,0,22.08,116,76,130.8,3.4,0,0,7.6,1,1,1,0,40,15.235199999999999
40,0,31.29,126,85,106.2,5.0,1,0,7.5,1,0,0,0,41,12.515999999999998
65,0,36.54,151,95,117.7,5.0,1,0,6.9,0,0,0,1,56,23.750999999999998
57,0,22.4,130,74,117.2,3.7,0,1,5.8,0,0,0,0,56,12.767999999999999
23,1,24.48,111,72,88.6,3.4,0,0,4.4,0,0,0,0,39,5.6304
55,0,21.04,124,82,102.5,6.5,1,0,9.0,0,0,0,1,42,11.572000000000001
58,1,17.94,133,79,107.2,8.2,1,0,6.9,0,0,0,0,54,10.4052
44,0,17.95,117,70,83.6,4.2,0,0,6.1,0,1,0,0,47,7.898
74,1,19.4,138,73,115.1,4.6,0,0,6.2,1,0,1,0,65,14.356
34,1,26.51,125,78,90.2,2.5,0,0,8.1,1,0,0,0,47,9.0134
64,0,23.16,135,87,96.5,4.2,0,0,9.4,0,0,0,1,48,14.8224
30,0,24.61,128,63,101.1,2.6,0,0,8.2,1,1,0,0,65,7.382999999999999
28,1,29.1,102,81,92.3,7.7,0,0,6.2,1,0,0,0,21,8.148000000000001
41,1,26.26,120,69,105.4,4.2,0,0,9.0,0,0,0,0,51,10.7666
21,0,20.05,117,64,79.5,6.0,0,0,9.1,0,0,0,0,53,4.2105
63,0,32.35,128,80,94.4,11.1,0,0,4.9,0,0,0,0,48,20.3805
35,0,15.08,110,71,96.8,3.9,0,0,8.9,0,0,0,0,39,5.278
60,0,22.31,125,83,93.8,3.5,0,0,6.1,0,0,1,1,42,13.386
50,1,36.79,124,75,103.2,5.1,0,0,7.4,0,0,0,1,49,18.395
27,1,28.77,143,75,91.1,5.6,0,1,9.1,1,0,0,0,68,7.7679
76,0,16.37,146,88,113.0,2.1,1,0,6.1,0,0,0,1,58,12.441200000000002
48,0,17.62,120,84,112.4,4.4,0,0,8.0,1,0,0,1,36,8.4576
45,0,24.83,125,82,103.9,4.6,0,0,8.1,1,0,0,0,43,11.173499999999999
77,1,23.98,139,74,103.7,6.1,0,1,7.5,1,1,1,1,65,18.4646
20,1,30.91,119,70,114.4,2.9,0,0,5.8,0,1,0,0,49,6.182
72,0,33.36,146,82,116.0,5.2,0,0,7.3,0,0,0,1,64,24.0192
31,0,23.81,126,72,101.6,3.9,0,0,6.2,1,0,0,0,54,7.3811
75,1,26.19,161,76,103.0,5.7,0,1,7.9,0,0,0,1,85,19.6425
32,0,20.81,113,83,94.0,6.4,1,1,8.6,1,0,1,0,30,6.659199999999999
19,0,25.88,129,79,74.1,9.4,1,0,8.7,1,0,0,0,50,4.917199999999999
41,0,20.85,120,66,77.2,5.2,1,0,8.4,0,0,0,0,54,8.5485
81,0,26.94,127,82,122.5,1.6,0,1,5.1,0,1,1,0,45,21.821400000000004
41,0,23.17,125,80,86.4,5.0,1,0,5.7,0,0,0,0,45,9.4997
44,1,30.43,135,73,118.3,3.4,0,1,5.5,1,1,0,0,62,13.3892
54,1,32.89,140,82,106.9,2.9,0,0,6.8,0,0,0,0,58,17.7606
56,0,34.3,159,88,112.7,5.6,1,1,8.1,0,0,1,1,71,19.208
80,0,27.01,147,85,103.9,6.0,0,0,7.0,0,0,0,0,62,21.608
43,1,30.32,138,78,121.8,11.0,0,1,6.5,1,0,0,1,60,13.0376
82,0,23.9,143,77,108.2,3.8,0,0,5.2,0,0,1,0,66,19.598
21,0,21.92,101,70,65.0,1.9,0,0,8.5,0,0,0,0,31,4.6032
46,0,18.87,117,71,76.6,4.2,0,0,7.8,0,0,0,0,46,8.680200000000001
18,1,28.88,103,74,73.6,3.8,0,0,7.6,0,0,0,0,29,5.1984
67,0,15.0,121,81,113.7,5.6,1,0,6.4,1,0,0,0,40,10.05
28,0,31.86,125,78,97.7,10.9,0,1,7.5,0,0,0,0,47,8.9208
76,0,24.72,133,73,135.5,2.8,0,0,6.5,0,0,0,1,60,18.7872
79,0,25.1,143,74,119.2,3.1,0,0,7.0,0,1,1,0,69,19.829
53,1,30.71,143,82,112.5,3.0,1,0,8.0,1,0,0,1,61,16.276300000000003
73,1,16.16,122,72,105.1,7.1,0,0,5.8,0,0,0,0,50,11.796800000000001
38,0,25.51,128,69,101.9,3.6,0,0,7.2,0,0,0,0,59,9.693800000000001
30,0,35.95,131,90,102.1,3.7,0,0,8.6,0,1,0,0,41,10.785
26,1,25.15,133,83,78.9,2.1,1,1,9.3,0,0,0,0,50,6.539
28,0,19.13,108,64,89.5,2.9,0,0,5.8,1,0,0,0,44,5.3564
18,1,24.79,114,75,105.8,2.0,0,1,7.3,0,1,0,0,39,4.462199999999999
73,1,34.39,143,74,139.6,6.5,0,0,6.4,1,1,1,0,69,25.1047
48,0,22.36,128,69,69.6,8.7,0,0,8.7,0,0,0,0,59,10.7328
54,1,17.87,132,75,113.6,2.3,1,0,5.9,0,0,0,0,57,9.6498
64,0,24.09,149,77,115.5,4.6,0,0,7.9,1,0,0,1,72,15.4176
64,0,18.65,132,76,87.1,4.3,0,0,4.9,0,0,0,0,56,11.936
75,1,15.0,129,75,102.3,1.3,0,0,7.7,0,0,0,0,54,11.25
53,1,31.17,139,79,94.3,6.1,0,1,8.1,1,0,1,1,60,16.5201
49,1,32.88,137,91,109.5,7.7,0,1,6.4,1,0,1,1,46,16.1112
81,1,29.23,148,92,155.7,2.7,0,0,4.7,1,1,1,1,56,23.6763
59,0,31.98,135,86,95.5,7.5,0,1,8.2,0,0,0,0,49,18.868199999999998
65,0,24.44,135,71,99.3,10.3,0,1,5.0,0,0,0,0,64,15.886000000000001
47,0,34.64,150,92,140.4,1.2,0,0,5.0,1,1,0,1,58,16.2808
38,1,23.16,130,83,104.4,5.0,1,1,7.6,0,0,0,1,47,8.8008
77,0,26.8,145,71,111.6,6.8,0,1,8.0,1,1,0,1,74,20.636
30,0,21.91,117,73,74.8,6.8,1,1,7.3,1,0,1,0,44,6.5729999999999995
18,1,18.67,103,61,105.7,2.3,0,1,5.1,1,0,0,0,42,3.3606000000000007
82,0,23.11,158,68,116.4,2.7,0,0,5.1,0,0,1,0,90,18.9502
50,0,39.73,139,91,126.0,6.3,0,1,7.0,1,1,0,1,48,19.865
55,0,35.69,140,85,107.5,6.9,0,1,8.7,1,1,1,1,55,19.629499999999997
42,0,31.3,141,93,129.1,4.0,1,0,8.6,1,1,1,1,48,13.146
43,0,24.31,123,79,101.8,1.5,0,0,7.2,1,0,0,0,44,10.453299999999999
76,0,24.18,139,77,109.6,2.6,0,0,6.7,0,0,1,0,62,18.3768
50,0,36.74,150,91,125.2,3.6,1,0,5.0,0,0,1,1,59,18.37
58,0,26.93,133,82,104.0,1.6,0,1,6.6,0,0,1,0,51,15.6194
47,0,31.39,145,82,104.8,3.8,1,1,6.2,0,0,1,0,63,14.7533
74,0,23.59,115,84,105.8,7.3,0,0,8.4,1,0,0,1,31,17.4566
66,0,25.08,143,77,104.2,5.9,0,0,7.1,0,0,0,1,66,16.5528
65,0,31.33,152,87,86.6,8.0,0,0,6.5,0,0,1,1,65,20.3645
66,0,22.53,145,69,103.4,7.3,0,1,6.8,0,0,0,1,76,14.8698
64,1,28.82,150,83,97.8,1.9,0,1,7.0,0,0,0,1,67,18.4448
73,1,22.74,152,82,122.7,2.2,1,1,7.6,0,1,0,0,70,16.6002
82,0,29.76,159,90,130.9,1.9,1,0,8.8,1,1,1,1,69,24.403200000000002
29,0,22.56,132,76,100.7,6.0,1,1,6.0,0,0,0,1,56,6.5424
23,1,36.96,149,91,122.6,5.7,0,1,5.1,1,1,0,1,58,8.5008
82,1,26.43,141,78,108.3,5.4,0,0,5.9,0,1,1,1,63,21.6726
42,1,31.29,140,79,109.4,6.5,0,1,6.8,1,0,0,0,61,13.1418
18,0,26.68,99,79,100.5,1.5,0,0,6.6,0,0,0,0,20,4.8024000000000004
49,1,23.89,133,79,113.9,3.2,0,1,5.8,0,0,1,0,54,11.706100000000001
20,1,30.13,109,68,87.1,4.1,0,0,10.0,0,0,0,0,41,6.026
66,0,33.49,144,88,103.9,9.4,0,1,8.3,0,0,0,1,56,22.1034
36,0,18.4,122,80,110.0,1.4,1,1,6.2,1,0,1,0,42,6.624
77,0,27.56,152,81,119.4,9.8,1,0,7.1,1,0,1,1,71,21.2212
46,0,26.17,119,80,129.0,3.0,1,0,8.0,1,1,0,0,39,12.038200000000002
67,0,28.02,141,74,93.6,5.9,0,0,7.7,0,0,0,0,67,18.7734
19,1,34.65,135,89,81.5,6.1,1,0,7.3,0,0,0,1,46,6.5835
73,0,31.53,137,80,136.9,9.7,1,0,6.1,1,0,0,1,57,23.0169
34,0,33.51,141,78,119.7,1.7,0,1,7.9,0,0,0,1,63,11.3934
77,1,28.33,139,89,132.6,2.9,0,0,7.8,1,1,1,1,50,21.8141
53,0,24.29,146,69,105.8,4.0,0,1,7.1,0,0,0,0,77,12.8737
78,0,15.0,134,70,107.1,4.8,1,0,6.6,0,0,1,0,64,11.7
34,0,35.01,129,76,124.4,2.0,0,1,7.1,1,0,0,1,53,11.9034
66,0,15.0,128,73,101.5,5.4,0,1,7.1,1,0,0,0,55,9.9
77,0,36.01,152,91,161.1,3.9,0,1,4.5,1,1,1,1,61,27.7277
37,1,31.1,123,82,115.8,12.3,1,0,6.0,0,0,0,0,41,11.507
67,0,38.22,146,93,133.2,3.5,0,0,6.4,1,1,1,1,53,25.6074
20,1,28.34,119,74,85.1,4.4,0,1,6.5,0,0,0,0,45,5.667999999999999
60,0,29.7,131,86,105.6,8.5,0,0,5.6,0,0,1,1,45,17.82
74,1,25.73,125,79,98.1,6.1,0,0,5.4,0,0,0,0,46,19.0402
67,1,27.24,155,78,108.2,4.1,1,0,7.1,1,1,0,1,77,18.250799999999998
67,1,22.6,129,76,90.6,3.4,0,0,8.1,0,0,0,0,53,15.142000000000001
54,0,26.12,137,82,100.3,4.2,0,0,6.2,0,0,0,1,55,14.104800000000001
63,1,21.89,130,76,84.1,6.6,0,0,7.9,0,0,0,0,54,13.7907
59,1,27.07,147,77,122.6,3.6,0,0,6.8,0,0,0,1,70,15.971300000000001
32,1,26.65,133,82,90.5,6.1,1,0,8.3,0,0,0,0,51,8.527999999999999
50,0,26.68,142,85,103.9,2.7,0,1,7.4,0,0,1,1,57,13.34
28,0,26.28,123,70,83.7,6.3,0,0,6.7,1,0,0,0,53,7.3584000000000005
37,0,23.22,121,74,69.3,2.3,0,0,9.8,0,0,0,0,47,8.5914
41,0,30.05,126,73,89.7,5.4,0,0,6.6,1,0,0,0,53,12.3205
81,1,28.63,149,88,99.6,2.0,1,0,7.3,0,0,1,1,61,23.190299999999997
82,1,28.4,146,89,114.8,3.2,1,0,8.0,0,1,1,1,57,23.287999999999997
34,1,21.34,129,71,92.7,6.1,0,1,6.2,0,0,0,0,58,7.255599999999999
78,0,30.71,132,74,117.5,8.8,0,1,5.7,0,0,1,0,58,23.9538
32,0,22.37,129,81,66.4,3.9,0,0,7.4,0,0,0,0,48,7.1584
68,0,23.77,146,68,119.1,1.3,0,0,7.5,0,0,0,1,78,16.1636
44,0,27.33,121,75,108.4,6.4,0,0,6.4,0,0,0,0,46,12.0252
78,1,33.47,156,90,130.8,6.0,0,1,7.5,1,1,1,1,66,26.1066
75,0,19.79,142,74,124.1,4.1,0,0,7.8,1,0,0,1,68,14.8425
48,1,21.07,116,72,123.1,1.1,0,0,6.1,1,0,0,0,44,10.1136
29,0,15.42,116,76,101.2,2.2,0,0,8.2,1,0,0,0,40,4.4718
63,1,29.74,131,72,112.9,2.6,0,0,6.0,0,0,1,0,59,18.7362
48,0,24.84,131,72,87.3,6.1,0,0,7.9,0,0,0,0,59,11.9232
49,0,29.26,140,70,81.9,10.4,1,0,8.9,0,0,0,0,70,14.3374
49,0,28.76,126,88,115.2,6.7,0,0,7.5,1,0,0,0,38,14.0924
70,0,31.37,141,89,98.0,2.6,0,0,6.5,0,0,0,1,52,21.959
78,1,26.81,140,80,102.4,7.4,0,1,8.4,0,0,1,1,60,20.9118
63,1,22.69,138,74,112.5,4.1,0,0,7.2,0,0,1,0,64,14.2947
24,0,28.15,123,78,97.4,10.0,0,0,7.3,1,0,0,1,45,6.755999999999999
21,0,29.2,120,71,111.8,3.8,0,0,8.4,1,1,0,0,49,6.132
69,1,24.78,120,77,78.2,6.3,0,0,9.6,0,0,0,1,43,17.098200000000002
48,0,27.33,135,82,114.1,4.6,0,0,8.0,0,0,1,0,53,13.1184
53,0,19.0,132,81,89.8,3.8,1,0,7.6,0,0,0,0,51,10.07
71,1,19.42,124,78,112.0,1.6,0,1,6.3,0,1,0,0,46,13.788200000000002
71,0,17.17,135,76,122.9,4.8,0,0,7.3,0,1,0,1,59,12.190700000000001
34,1,28.47,122,79,90.4,6.4,0,0,8.2,0,0,0,0,43,9.6798
47,1,31.09,133,83,97.9,6.2,0,0,7.3,0,0,0,0,50,14.6123
39,1,18.53,113,78,84.6,6.2,0,1,9.0,0,0,0,0,35,7.226700000000001
60,1,27.73,132,87,110.0,4.7,0,0,9.3,1,0,0,0,45,16.637999999999998
44,0,29.39,129,75,101.0,0.9,0,0,8.9,0,0,0,0,54,12.931600000000001
54,0,24.48,124,81,118.9,3.4,0,0,8.0,1,1,0,1,43,13.2192
63,1,36.09,150,85,129.7,4.7,0,0,6.2,1,1,1,0,65,22.7367
52,0,18.35,137,75,117.5,5.1,1,0,6.4,1,0,1,0,62,9.542
21,1,24.61,100,65,97.3,7.2,0,0,7.0,1,0,0,0,35,5.168099999999999
43,1,15.0,122,80,108.6,4.5,0,0,5.9,0,0,0,0,42,6.45
36,1,28.8,148,75,90.7,8.2,1,0,7.1,0,0,1,0,73,10.368
62,0,22.55,141,73,105.2,1.6,0,1,6.5,0,0,0,0,68,13.981000000000002
43,0,15.34,116,66,79.2,1.6,0,0,7.6,0,0,0,0,50,6.5962
39,0,30.25,114,84,99.6,6.6,1,0,6.7,0,0,0,0,30,11.7975
75,0,25.89,149,72,109.4,5.1,1,1,7.9,0,0,1,1,77,19.4175
80,1,25.02,147,76,119.6,7.4,0,1,5.9,0,0,1,0,71,20.016
45,1,33.34,122,82,81.5,7.3,0,0,5.5,0,0,0,0,40,15.003000000000002
82,1,22.27,133,77,108.5,7.4,0,0,6.8,1,0,0,1,56,18.2614
61,0,30.53,132,87,100.1,10.2,0,0,8.1,1,0,1,1,45,18.6233
60,0,31.38,122,85,91.1,3.5,0,0,7.6,0,0,0,0,37,18.828
54,0,23.54,124,68,103.6,3.2,0,0,7.2,0,0,0,0,56,12.711599999999999
83,0,26.85,149,74,122.1,5.6,0,0,8.2,0,0,0,1,75,22.285500000000003
34,0,36.54,124,84,96.2,4.4,0,0,7.8,0,0,0,0,40,12.423599999999999
57,0,20.94,136,55,73.2,4.3,0,0,8.9,0,0,0,0,81,11.935800000000002
55,0,30.02,137,74,126.1,8.3,1,0,6.8,1,0,0,1,63,16.511
78,0,27.16,126,77,154.1,5.7,0,0,7.8,0,1,0,0,49,21.1848
26,1,34.17,131,67,130.6,5.4,0,0,8.2,0,1,0,0,64,8.8842
78,0,26.6,156,75,120.6,9.8,0,1,6.6,1,0,0,1,81,20.748
33,1,30.78,112,78,99.1,6.8,0,0,7.7,0,0,0,0,34,10.1574
19,0,17.52,112,74,105.9,2.6,0,1,8.4,1,0,0,0,38,3.3287999999999998
60,0,15.0,125,63,87.1,4.8,0,0,7.6,0,0,0,0,62,9.0
59,0,20.71,125,71,117.1,3.2,0,0,5.7,1,0,1,0,54,12.218900000000001
74,1,24.24,139,70,90.2,8.1,0,0,8.0,0,0,0,0,69,17.9376
84,0,24.75,161,77,119.5,9.1,0,0,8.0,0,0,0,0,84,20.79
47,0,33.14,117,95,106.4,3.0,0,0,5.3,0,0,1,1,22,15.5758
30,1,24.52,106,74,120.1,0.8,0,0,7.4,0,0,0,0,32,7.356
36,0,26.94,142,76,91.7,5.7,0,1,7.9,0,1,0,0,66,9.6984
24,0,27.61,106,85,118.0,1.6,0,0,8.3,1,0,0,0,21,6.6264
26,0,23.14,126,67,112.1,3.4,0,0,6.9,1,0,0,0,59,6.0164
71,0,26.69,137,93,94.9,3.4,0,1,7.4,0,0,1,1,44,18.9499
78,1,32.9,142,88,102.2,7.3,0,0,5.0,0,0,1,0,54,25.662
19,1,28.54,115,67,86.0,2.7,0,0,8.2,0,0,0,0,48,5.4226
67,0,30.24,130,82,119.0,7.1,0,0,6.3,0,0,1,1,48,20.2608
48,0,28.73,136,92,97.0,3.6,1,0,7.7,0,0,1,1,44,13.7904
50,1,36.35,139,85,105.4,6.3,1,0,5.9,0,0,0,1,54,18.175
28,0,20.7,98,79,73.3,1.7,0,0,7.7,0,0,0,0,19,5.796
50,1,41.3,143,93,117.5,2.5,0,0,7.3,0,1,1,1,50,20.65
24,0,32.58,124,75,112.8,4.0,0,0,6.9,0,0,0,1,49,7.8191999999999995
48,1,33.63,139,72,144.4,2.4,0,0,4.0,1,1,0,1,67,16.142400000000002
65,1,34.4,143,93,121.5,2.6,0,1,6.0,0,0,1,1,50,22.36
64,1,32.81,126,82,117.4,7.1,0,0,7.4,0,0,0,0,44,20.9984
70,0,19.32,135,79,111.3,4.2,0,0,5.8,1,0,0,1,56,13.524000000000001
36,1,20.23,96,64,108.4,9.6,0,0,6.9,1,0,0,0,32,7.2828
23,1,30.86,117,82,103.4,8.4,0,0,6.4,1,0,0,0,35,7.097799999999999
66,1,30.15,155,80,113.9,3.8,0,0,8.3,0,0,1,1,75,19.898999999999997
67,0,31.94,157,76,122.0,2.4,0,0,5.2,0,0,1,1,81,21.3998
29,1,27.07,113,63,108.4,3.8,0,0,6.6,1,0,0,0,50,7.8503
40,0,19.16,133,70,125.8,4.0,1,0,6.9,1,0,0,0,63,7.664
71,0,26.16,138,78,114.9,1.1,0,0,8.5,1,0,1,0,60,18.5736
76,1,31.1,150,104,128.7,7.0,1,0,7.7,1,0,1,1,46,23.636
53,0,25.33,137,70,107.7,4.0,0,0,8.1,0,1,0,0,67,13.424900000000001
20,1,26.77,122,74,85.0,1.2,0,0,6.7,1,0,0,0,48,5.354
75,1,26.97,143,75,123.6,3.3,0,1,7.0,1,0,1,1,68,20.2275
72,1,23.77,131,89,92.3,2.8,0,0,7.0,0,0,0,1,42,17.1144
74,1,22.08,131,70,133.1,4.4,0,1,7.3,1,0,1,1,61,16.339199999999998
34,0,39.03,133,85,114.5,1.5,0,1,8.0,1,0,1,1,48,13.270199999999999
56,0,35.84,149,95,131.0,0.9,0,0,7.7,0,0,1,1,54,20.070400000000003
72,0,33.01,146,75,93.1,4.5,0,1,9.0,0,0,1,1,71,23.7672
62,0,29.21,138,73,114.4,4.2,0,0,8.2,1,0,0,0,65,18.1102
18,0,20.97,101,78,63.4,5.9,0,1,7.2,0,0,0,0,23,3.7746
38,1,31.95,120,67,86.2,9.4,0,0,6.3,0,0,1,0,53,12.140999999999998
38,0,33.27,138,83,106.4,2.7,0,0,7.7,0,0,0,1,55,12.642600000000002
69,0,24.8,127,70,87.2,10.7,0,1,5.2,0,0,0,0,57,17.112000000000002
60,1,20.61,140,79,101.4,3.1,1,0,6.3,0,1,0,1,61,12.366
69,0,29.28,163,76,119.3,2.0,0,1,7.3,0,1,1,1,87,20.203200000000002
84,0,32.99,151,94,146.9,3.4,1,1,8.4,0,1,1,0,57,27.711600000000004
61,0,23.09,133,88,97.0,3.3,0,1,6.9,1,0,1,1,45,14.0849
49,1,29.87,142,90,126.2,1.2,1,0,7.5,1,0,1,1,52,14.6363
27,1,21.54,119,56,98.8,7.9,0,1,6.5,0,0,0,0,63,5.815799999999999
81,1,20.21,148,78,122.1,2.7,0,0,9.5,0,0,0,1,70,16.3701
45,0,27.99,121,86,94.3,1.7,0,0,8.2,0,0,0,0,35,12.5955
70,1,22.08,132,71,84.5,2.7,0,0,7.4,0,0,0,0,61,15.456
68,1,29.29,139,80,109.9,4.4,0,1,8.0,0,0,0,1,59,19.9172
70,0,17.43,124,75,102.0,7.6,0,0,6.6,0,0,0,0,49,12.200999999999999
21,0,21.83,115,77,86.9,7.1,0,0,6.7,0,0,0,0,38,4.5843
34,1,32.77,128,85,106.0,4.1,0,0,8.2,0,0,0,0,43,11.1418
84,0,30.82,159,83,105.0,1.3,0,1,7.9,0,0,1,1,76,25.8888
64,1,29.23,157,80,129.9,4.4,1,0,7.7,1,0,1,1,77,18.7072
73,0,24.22,132,64,106.6,2.7,0,0,5.7,0,0,1,1,68,17.6806
40,1,26.88,130,82,93.5,1.0,1,0,7.9,0,0,0,1,48,10.752
35,0,25.5,120,77,108.4,4.8,0,0,8.1,0,0,0,0,43,8.925
18,0,40.34,124,88,96.5,2.8,0,0,8.0,0,0,1,0,36,7.261200000000001
52,0,28.64,136,80,95.8,8.4,0,0,8.2,0,0,0,0,56,14.8928
81,1,22.35,147,59,96.5,7.1,0,0,7.5,0,0,1,1,88,18.1035
75,1,26.33,127,70,121.0,1.5,0,1,8.8,1,1,1,1,57,19.7475
76,1,17.05,124,80,112.6,5.7,0,0,8.5,0,0,0,0,44,12.958
18,1,15.76,113,58,91.6,7.3,0,0,7.3,1,0,0,0,55,2.8368
20,0,35.28,130,85,115.8,5.0,1,0,6.0,0,0,0,0,45,7.056
84,1,28.39,151,73,121.9,5.3,0,1,7.5,1,0,1,0,78,23.847600000000003
54,0,24.18,128,76,93.5,7.2,0,0,7.0,0,0,0,0,52,13.0572
46,0,26.65,136,80,88.1,6.5,0,1,8.3,0,0,0,1,56,12.258999999999999
50,0,26.2,110,77,114.0,3.5,0,0,6.3,1,1,0,0,33,13.1
78,0,27.19,148,71,96.2,6.6,0,0,5.6,0,0,0,0,77,21.2082
21,0,33.46,130,80,113.6,3.5,0,0,4.9,1,0,1,0,50,7.026599999999999
31,0,29.91,119,80,113.2,4.1,0,1,8.5,0,0,0,0,39,9.2721
50,0,24.42,118,68,63.4,1.9,0,0,8.6,0,0,0,0,50,12.21
39,1,16.66,121,70,88.8,3.1,0,0,9.4,1,0,0,0,51,6.4974
65,0,20.99,140,77,79.7,7.4,0,1,9.4,0,0,0,1,63,13.6435
20,0,31.2,114,72,72.3,2.1,0,0,8.9,0,0,0,0,42,6.24
40,1,35.86,142,84,111.3,4.7,0,0,8.0,0,0,1,1,58,14.344000000000001
38,0,21.71,123,81,114.6,4.6,1,1,6.6,1,0,0,0,42,8.2498
60,1,20.83,127,77,85.3,7.0,0,0,6.4,0,0,0,0,50,12.498
43,1,24.29,144,80,117.5,1.1,0,1,7.1,0,1,1,1,64,10.444700000000001
58,0,37.15,146,82,116.6,7.6,0,0,8.2,1,0,0,0,64,21.546999999999997
55,0,27.66,132,79,109.2,3.4,0,1,6.0,0,0,0,1,53,15.213
28,0,22.38,118,71,71.9,2.7,0,0,5.9,0,0,0,0,47,6.2664
46,0,24.71,113,75,97.7,3.3,0,0,7.7,1,0,0,0,38,11.3666
77,0,23.74,159,86,120.3,5.3,1,0,6.0,1,1,1,1,73,18.279799999999998
84,0,30.88,139,83,116.9,3.6,0,0,5.3,0,1,1,0,56,25.9392
82,0,38.13,143,97,130.1,4.9,0,0,7.0,1,1,1,1,46,31.266600000000004
78,1,27.56,145,75,129.5,2.3,0,0,8.0,1,1,0,1,70,21.496799999999997
36,0,33.14,127,78,107.7,2.2,0,0,6.3,1,0,0,0,49,11.930399999999999
63,1,18.99,130,71,102.6,5.1,0,1,5.8,0,0,1,0,59,11.9637
66,0,40.38,167,97,112.1,2.9,1,1,5.8,0,1,1,1,70,26.650800000000004
39,1,19.03,109,73,96.7,7.5,0,0,7.2,0,0,0,0,36,7.4217
74,0,33.83,146,85,112.9,5.4,0,1,7.0,0,0,1,1,61,25.034200000000002
31,1,28.76,125,71,103.0,4.3,0,0,6.5,0,0,0,0,54,8.915600000000001
61,0,19.5,130,73,113.3,2.7,0,0,6.7,1,0,0,0,57,11.895
33,1,31.64,138,81,92.0,3.8,1,1,7.5,0,0,0,1,57,10.441200000000002
29,0,26.63,123,75,103.8,6.1,0,1,7.1,1,0,0,0,48,7.7227
72,0,21.51,127,76,104.1,6.5,0,0,6.4,0,0,0,0,51,15.4872
68,0,26.86,148,72,101.9,10.1,0,1,8.4,0,0,0,1,76,18.2648
56,0,17.23,128,82,104.0,2.7,0,0,8.5,0,1,0,0,46,9.6488
50,0,24.0,143,73,107.1,3.5,1,0,6.1,0,0,0,0,70,12.0
50,0,21.21,137,70,96.6,3.0,0,1,5.7,0,0,0,0,67,10.605
46,0,25.74,133,73,105.9,1.6,0,0,7.0,0,0,0,0,60,11.840399999999999
48,0,16.76,121,79,88.0,11.3,0,1,7.6,0,0,0,0,42,8.0448
48,1,16.41,116,75,80.1,6.9,0,0,7.1,0,0,0,0,41,7.8768
63,1,21.88,123,71,87.0,5.0,0,0,9.5,0,0,0,0,52,13.784399999999998
69,0,26.58,134,86,101.1,2.1,0,1,7.3,0,0,0,1,48,18.3402
27,1,21.16,117,68,92.8,2.8,0,1,7.3,0,0,0,0,49,5.7132000000000005
58,1,29.48,139,82,99.9,2.0,0,1,7.7,0,0,0,1,57,17.098399999999998
20,0,30.87,121,80,90.9,4.0,0,0,7.3,1,0,0,0,41,6.1739999999999995
76,0,21.9,144,72,85.6,2.7,0,0,7.3,0,0,0,0,72,16.644
69,0,34.86,162,87,97.6,6.1,1,1,5.5,0,0,1,1,75,24.0534
51,1,25.04,133,78,87.8,4.4,1,0,6.7,0,0,1,1,55,12.7704
66,0,37.42,148,91,118.0,2.5,0,0,6.8,0,1,0,1,57,24.697200000000002
45,1,25.29,141,70,97.8,8.5,0,0,7.7,0,0,0,0,71,11.3805
30,1,20.29,117,77,94.8,5.6,1,0,8.6,1,0,0,0,40,6.087
84,0,33.92,156,77,141.5,4.2,0,0,7.4,1,1,1,1,79,28.492800000000003
78,0,20.76,138,72,113.3,2.3,0,0,6.5,0,1,1,0,66,16.192800000000002
77,1,33.4,140,104,125.4,1.9,0,0,5.5,1,0,1,1,36,25.717999999999996
41,0,27.5,129,73,97.1,4.3,0,1,9.0,0,0,0,0,56,11.275
80,0,23.58,141,78,104.4,4.3,0,0,6.7,0,0,1,1,63,18.863999999999997
78,0,22.34,152,83,119.0,2.7,0,0,8.1,0,1,1,0,69,17.4252
40,1,26.3,135,76,94.4,2.6,0,0,7.5,0,0,0,0,59,10.52
47,0,30.74,142,83,105.9,1.1,0,1,8.4,0,0,0,1,59,14.447799999999999
77,1,26.57,139,81,109.7,6.4,0,0,5.3,0,0,1,0,58,20.4589
35,0,35.38,124,84,98.7,5.8,0,0,5.9,0,0,0,0,40,12.383000000000003
73,0,19.98,143,69,117.1,2.3,1,0,6.2,1,0,1,1,74,14.5854
70,1,26.24,148,80,112.7,1.5,0,1,9.5,1,1,0,1,68,18.368
24,1,33.18,119,88,125.7,4.9,1,0,6.0,0,0,0,1,31,7.9632
69,0,19.82,123,73,96.9,1.6,0,0,6.5,0,0,0,1,50,13.675799999999999
21,1,32.83,122,77,117.8,5.0,0,0,6.7,0,0,0,0,45,6.894299999999999
51,0,26.91,145,85,111.3,4.5,1,1,8.1,1,0,1,1,60,13.7241
50,1,27.44,121,65,91.6,11.8,0,1,9.6,1,0,0,0,56,13.72
55,0,24.83,125,80,83.5,7.3,1,0,8.2,0,0,0,1,45,13.6565
43,1,19.79,106,70,118.1,3.6,1,0,7.0,0,0,0,0,36,8.509699999999999
18,1,26.34,125,70,116.8,9.2,0,1,5.3,1,1,0,1,55,4.7412
21,0,23.58,112,70,89.7,2.3,0,1,8.0,0,0,0,0,42,4.9517999999999995
56,1,35.64,128,99,117.6,1.6,0,0,7.5,0,1,0,1,29,19.9584
71,1,29.76,139,83,131.5,2.2,0,0,7.4,1,0,1,1,56,21.1296
50,0,27.0,132,81,93.3,4.8,0,1,7.4,0,0,0,1,51,13.5
50,1,34.44,133,82,107.2,2.3,0,0,7.6,0,0,0,1,51,17.22
37,1,26.47,126,71,88.2,4.6,0,0,8.9,0,0,0,0,55,9.7939
33,1,30.88,132,72,96.2,3.5,0,0,5.3,1,0,1,0,60,10.1904
38,1,33.55,129,72,86.4,5.2,0,1,7.8,0,0,0,0,57,12.748999999999999
62,0,25.22,132,76,107.6,5.2,0,1,7.5,0,0,0,0,56,15.636399999999998
79,1,29.32,152,80,121.3,3.8,0,0,7.6,1,0,1,1,72,23.1628
48,1,24.27,117,79,99.8,2.5,0,0,5.9,1,0,0,0,38,11.6496
59,0,33.45,162,80,104.8,4.3,1,0,5.9,0,0,0,1,82,19.735500000000002
29,0,26.64,118,74,89.4,6.5,0,1,6.9,0,0,0,0,44,7.725600000000001
82,0,34.75,154,86,123.4,3.3,0,0,7.6,0,1,0,1,68,28.495
20,1,27.95,121,78,90.0,1.7,0,1,7.9,0,0,1,0,43,5.59
26,1,41.57,139,87,115.4,1.5,1,0,7.7,0,0,1,1,52,10.8082
68,0,22.7,140,75,94.0,4.5,0,0,8.7,0,0,0,0,65,15.436
33,0,31.79,129,77,95.0,7.6,0,0,7.5,0,0,0,0,52,10.490699999999999
20,0,26.55,110,77,98.4,1.8,0,0,6.7,1,0,0,0,33,5.31
41,0,25.49,114,68,91.4,2.9,0,0,9.8,1,0,0,0,46,10.450899999999999
30,1,15.79,117,73,96.5,3.7,0,1,7.4,0,0,0,0,44,4.737
19,0,27.22,114,72,101.4,3.8,0,0,7.4,0,0,0,0,42,5.171799999999999
38,1,21.15,124,79,98.8,4.3,1,0,6.6,0,0,0,0,45,8.036999999999999
36,1,25.0,115,87,119.0,3.6,0,0,7.0,0,0,0,0,28,9.0
64,1,21.38,136,79,81.6,1.5,1,0,7.0,1,1,0,0,57,13.6832
39,0,22.15,113,65,107.3,8.0,0,0,8.3,1,0,0,0,48,8.638499999999999
50,1,20.58,117,76,128.9,0.3,0,0,7.4,1,0,1,0,41,10.29
49,0,20.64,119,74,106.3,8.1,0,0,7.7,1,0,0,0,45,10.1136
81,1,17.57,135,71,124.9,2.3,0,0,6.0,1,0,0,0,64,14.2317
56,1,28.98,125,81,82.3,2.5,1,0,6.9,0,0,0,0,44,16.2288
59,0,26.9,121,71,102.0,7.5,0,0,9.0,1,1,0,0,50,15.870999999999999
26,0,30.91,112,71,81.4,6.5,0,0,7.6,0,0,0,0,41,8.0366
42,0,24.53,114,71,98.8,7.2,0,0,6.8,1,0,0,0,43,10.3026
19,1,22.97,106,59,106.4,3.3,0,0,6.9,0,0,0,0,47,4.364299999999999
36,0,26.29,114,61,91.0,5.7,0,0,5.2,0,0,0,0,53,9.4644
37,1,30.87,124,72,84.0,3.1,1,0,6.8,0,0,0,1,52,11.4219
34,0,28.54,127,75,121.8,4.6,1,1,8.3,0,0,0,0,52,9.7036
20,1,26.88,125,66,106.7,1.8,0,0,5.7,1,0,1,0,59,5.376
68,0,30.65,128,78,117.0,5.3,0,0,8.0,1,0,0,1,50,20.842
43,0,26.83,132,71,116.0,2.0,1,0,8.1,0,0,1,0,61,11.536899999999997
73,0,23.37,137,81,110.5,3.1,0,0,7.0,0,1,1,1,56,17.0601
81,1,32.06,141,80,120.7,14.15,0,0,7.4,0,0,0,1,61,25.968600000000002
25,1,19.56,125,81,113.5,2.9,1,0,8.6,0,0,0,0,44,4.89
54,0,18.56,120,64,103.6,4.1,0,0,5.6,0,0,0,0,56,10.0224
44,0,26.66,138,73,93.1,2.0,1,0,7.9,0,0,0,1,65,11.7304
62,0,27.3,141,78,120.3,2.6,1,0,5.9,0,0,0,1,63,16.926000000000002
21,1,28.15,104,75,75.5,5.9,0,0,8.1,1,0,0,0,29,5.9115
54,0,24.9,119,90,102.5,2.6,0,0,5.9,1,0,1,0,29,13.446
50,1,34.65,148,77,95.9,14.15,0,0,8.5,0,0,0,0,71,17.325
48,1,18.11,118,77,97.0,3.1,1,0,6.7,1,0,0,0,41,8.6928
72,1,27.58,152,73,103.6,6.6,0,0,5.3,0,0,1,1,79,19.857599999999998
29,1,31.2,117,71,126.0,2.9,0,0,6.9,1,0,1,0,46,9.048
28,0,34.83,122,83,96.0,1.3,0,0,6.1,0,0,0,1,39,9.7524
49,1,34.54,142,98,105.5,2.3,1,0,8.2,0,0,1,1,44,16.9246
74,0,20.44,139,66,81.7,8.5,0,0,8.7,0,0,0,0,73,15.125600000000002
55,0,28.9,128,79,96.5,4.1,0,1,6.4,1,0,0,0,49,15.895
77,1,25.56,137,83,100.2,4.9,0,0,7.6,0,0,1,1,54,19.6812
36,0,26.69,135,68,106.0,2.0,0,0,7.5,0,0,0,0,67,9.6084
73,0,33.38,137,85,129.2,7.3,0,0,6.5,1,0,1,1,52,24.367400000000004
31,0,37.82,123,89,109.1,5.2,0,0,7.0,0,0,0,0,34,11.724200000000002
50,0,28.31,140,72,102.5,1.8,0,1,6.6,0,1,0,1,68,14.155
27,0,15.28,97,70,97.2,9.0,0,1,6.5,1,0,0,0,27,4.1256
81,0,17.12,160,86,104.2,4.8,0,1,8.0,1,0,1,1,74,13.8672
81,0,26.53,146,82,121.5,4.8,0,1,7.1,1,1,0,1,64,21.489300000000004
79,1,32.59,151,89,118.3,6.5,0,0,8.0,0,0,1,1,62,25.746100000000002
60,1,22.24,122,76,82.0,3.6,0,0,8.8,0,0,0,0,46,13.344
76,1,25.69,141,73,119.2,5.5,0,0,7.3,1,1,0,0,68,19.5244
69,1,36.18,147,91,116.7,7.1,0,0,6.0,1,0,1,1,56,24.9642
36,1,24.5,124,68,69.3,13.1,1,0,7.5,0,0,0,0,56,8.82
38,1,36.97,130,86,111.1,4.7,0,0,7.4,1,1,1,0,44,14.048599999999999
39,1,24.3,122,68,128.8,2.0,0,1,6.7,1,1,0,0,54,9.477
26,1,32.04,120,73,99.8,6.3,0,0,7.9,1,0,0,0,47,8.3304
26,0,27.25,127,89,83.8,5.1,0,1,6.7,0,0,0,0,38,7.085
44,1,31.3,129,70,106.9,5.5,0,0,6.7,0,0,1,1,59,13.772
34,1,38.45,119,78,87.6,3.1,0,0,6.4,0,0,1,1,41,13.073000000000002
61,1,29.23,142,86,106.7,4.8,0,0,7.3,0,0,0,0,56,17.8303
62,0,34.11,143,84,106.8,4.9,0,0,7.4,0,0,0,1,59,21.148200000000003
25,0,21.61,123,80,100.0,2.6,0,0,7.4,0,0,0,1,43,5.4025
35,0,21.4,140,84,113.7,5.7,1,1,7.9,1,0,0,1,56,7.49
50,1,17.33,131,78,125.2,3.3,0,0,7.4,1,0,0,0,53,8.665
18,1,20.68,109,59,107.0,4.4,0,0,6.4,0,0,0,0,50,3.7224
23,0,35.6,124,79,83.9,2.8,0,0,7.2,0,0,0,0,45,8.188
58,0,28.72,135,84,119.4,5.3,0,0,5.9,0,0,0,0,51,16.6576
72,1,25.25,144,77,97.1,0.9,0,0,8.6,0,0,0,1,67,18.18
22,0,27.98,117,73,91.2,7.3,0,0,5.3,0,0,0,0,44,6.155600000000001
76,0,30.75,158,82,115.3,4.4,0,0,7.2,0,0,1,1,76,23.37
35,0,31.32,128,78,84.4,3.0,0,0,7.4,0,0,0,0,50,10.962
66,0,28.07,138,84,75.6,3.5,0,0,8.3,0,0,0,1,54,18.526200000000003
82,0,34.82,152,94,141.1,1.9,0,0,6.4,1,1,1,1,58,28.552400000000002
71,1,21.17,138,78,120.3,3.1,0,1,7.6,0,0,0,1,60,15.030700000000001
78,0,24.77,150,70,113.1,6.3,0,0,5.1,1,0,1,0,80,19.3206
25,0,33.59,118,76,104.5,5.9,0,0,7.7,0,0,0,0,42,8.3975
20,1,32.35,127,78,121.6,0.9,0,1,7.3,0,0,0,1,49,6.47
42,1,28.95,130,81,84.1,6.3,0,1,6.3,0,0,0,0,49,12.158999999999999
72,0,23.65,142,75,87.3,5.4,0,0,6.7,1,0,1,0,67,17.028
57,1,31.37,145,75,110.4,2.7,1,0,7.5,0,1,1,1,70,17.8809
67,1,21.53,136,60,101.2,3.2,0,0,7.1,1,0,1,0,76,14.4251
50,1,33.66,141,81,122.0,1.8,0,0,7.3,1,1,0,1,60,16.83
35,1,35.63,156,76,90.6,1.9,0,0,7.1,1,0,1,1,80,12.470500000000001
74,1,23.46,138,69,102.1,6.0,1,0,7.2,0,0,0,0,69,17.3604
33,0,41.81,137,83,141.0,1.7,0,1,8.4,1,1,0,1,54,13.7973
55,1,21.02,116,61,97.6,7.6,0,0,7.9,0,0,0,0,55,11.561
58,1,25.7,130,72,107.0,2.8,0,0,7.4,0,0,0,0,58,14.905999999999999
24,0,25.56,118,63,115.9,4.6,0,0,7.3,0,0,0,0,55,6.134399999999999
70,0,26.2,153,86,115.2,4.9,1,0,6.8,0,0,1,1,67,18.34
80,1,35.06,159,85,118.5,1.8,0,0,8.9,0,1,1,1,74,28.048000000000002
49,1,29.34,125,80,92.8,3.7,0,1,6.4,1,0,1,0,45,14.376600000000002
55,0,21.98,105,77,107.0,7.8,0,0,5.5,1,0,0,0,28,12.089
39,0,27.43,127,79,107.9,7.3,1,0,5.9,0,0,1,1,48,10.6977
33,1,30.65,133,74,118.1,4.6,0,0,5.0,0,0,0,0,59,10.1145
69,0,29.82,143,85,126.4,2.2,0,0,8.1,1,1,1,1,58,20.5758
46,1,33.89,127,70,94.4,3.5,0,0,5.5,0,0,0,0,57,15.589400000000001
33,0,27.32,124,72,104.5,1.6,0,0,8.4,0,0,0,0,52,9.015600000000001
34,0,31.44,110,76,111.7,4.0,0,0,6.5,0,0,0,0,34,10.6896
81,1,25.97,151,75,113.7,3.8,1,0,5.4,0,0,0,1,76,21.0357
30,0,23.05,117,69,91.0,1.6,0,0,7.0,0,0,0,0,48,6.915
73,0,20.18,128,72,91.5,14.15,0,0,8.9,1,0,0,0,56,14.731399999999999
22,0,35.89,124,83,115.9,4.7,0,0,6.7,1,0,0,0,41,7.8958
29,0,18.05,109,79,95.2,3.6,0,1,9.6,0,0,0,0,30,5.234500000000001
58,1,28.27,132,90,116.3,6.7,1,1,5.5,0,0,0,1,42,16.3966
20,1,29.18,120,80,88.7,2.4,0,0,7.4,1,0,0,0,40,5.836
50,0,21.11,142,71,115.6,2.2,0,0,7.6,1,0,1,1,71,10.555
67,0,32.03,146,79,119.1,6.5,0,0,8.0,0,0,0,1,67,21.4601
73,0,18.97,132,79,98.6,9.8,0,1,8.1,0,0,0,0,53,13.848099999999999
26,1,23.44,116,72,102.4,3.0,0,1,7.1,0,0,0,0,44,6.0944
67,0,32.4,142,81,141.2,6.2,0,0,8.4,1,1,0,1,61,21.708
46,1,19.26,115,82,105.0,3.5,0,0,6.4,1,0,0,0,33,8.8596
56,1,31.54,140,79,98.4,4.1,0,0,6.5,0,0,0,1,61,17.6624
62,1,33.27,130,93,147.4,2.5,0,0,6.8,1,1,1,0,37,20.6274
34,1,33.02,126,82,111.6,7.2,1,0,6.8,1,0,1,0,44,11.2268
73,1,28.97,143,78,118.3,2.2,0,0,7.3,0,0,1,0,65,21.1481
63,1,21.94,126,75,110.9,4.0,0,0,7.8,0,0,0,1,51,13.8222
84,1,21.06,132,76,136.5,5.2,0,0,7.0,1,0,1,0,56,17.6904
31,0,23.88,109,82,98.4,2.9,0,1,6.4,1,0,0,0,27,7.4028
84,1,15.0,148,81,119.6,8.8,1,1,7.9,1,0,1,1,67,12.6
40,0,26.93,121,82,100.9,5.8,1,0,7.7,0,0,0,0,39,10.772
78,1,26.13,159,87,102.4,3.2,1,0,6.3,1,0,1,1,72,20.3814
40,1,27.24,129,88,94.2,6.5,0,0,5.5,0,0,0,0,41,10.895999999999999
44,1,25.41,125,78,73.8,4.4,0,0,8.1,0,0,1,0,47,11.180399999999999
71,1,27.82,126,85,89.2,5.8,0,0,7.4,0,0,0,1,41,19.752200000000002
27,0,27.26,122,76,121.6,3.2,0,0,5.4,0,0,0,0,46,7.360200000000001
33,1,18.33,124,70,94.0,2.9,1,0,7.8,0,0,0,0,54,6.0489
58,0,28.42,124,82,113.9,5.7,0,0,7.2,0,1,0,0,42,16.483600000000003
72,0,26.68,133,81,124.3,7.5,0,0,7.8,1,1,1,0,52,19.209600000000002
78,0,16.79,134,74,98.7,6.8,0,1,6.8,1,0,0,0,60,13.0962
66,0,31.99,149,77,118.6,2.1,0,0,6.3,1,0,0,1,72,21.1134
69,1,25.07,131,78,113.7,3.4,0,1,9.3,1,0,1,0,53,17.298299999999998
19,1,30.49,115,60,86.6,6.0,0,0,8.3,0,0,0,0,55,5.793099999999999
67,1,26.54,137,77,91.5,6.1,0,0,7.4,0,0,0,0,60,17.781799999999997
60,0,16.47,135,80,94.0,1.2,0,1,6.8,0,0,1,0,55,9.882
25,1,28.25,138,71,80.8,4.0,1,1,8.7,0,0,0,0,67,7.0625
76,1,29.68,148,86,112.6,6.5,1,0,10.0,1,0,1,1,62,22.5568
82,1,33.59,139,84,137.5,7.4,0,0,6.3,0,1,0,1,55,27.5438
29,1,32.13,128,78,73.7,5.0,0,0,7.2,0,0,0,0,50,9.3177
21,1,33.75,117,82,93.3,9.6,0,0,6.8,0,0,0,0,35,7.0875
58,0,31.07,138,90,107.1,3.8,0,0,7.3,0,0,1,1,48,18.020599999999998
24,1,23.95,104,63,80.9,4.5,0,0,9.7,0,0,0,0,41,5.747999999999999
47,1,24.09,149,77,76.0,2.2,1,0,6.0,0,0,1,1,72,11.3223
23,1,32.54,115,70,109.7,4.7,0,0,7.0,1,0,1,0,45,7.4841999999999995
36,0,24.55,138,67,100.4,2.0,1,0,5.5,1,1,0,1,71,8.838000000000001
83,1,29.87,149,84,131.8,7.0,0,0,8.2,1,1,0,0,65,24.7921
27,0,36.71,131,93,104.4,3.4,0,0,6.0,0,0,0,0,38,9.911700000000002
33,1,23.22,120,66,97.0,6.7,0,0,6.1,0,0,0,0,54,7.6626
54,1,31.02,143,83,119.6,3.2,0,1,7.2,1,0,0,1,60,16.750799999999998
49,0,22.14,133,66,125.3,6.9,0,1,6.0,1,1,0,0,67,10.848600000000001
64,0,30.2,140,82,88.4,4.6,0,0,7.4,0,0,1,1,58,19.328
60,1,36.16,151,79,117.7,2.0,0,0,8.6,1,1,1,1,72,21.695999999999998
53,1,34.56,141,83,113.7,4.8,0,0,8.7,0,0,1,1,58,18.3168
43,1,24.57,123,79,114.2,4.2,0,1,8.0,0,0,0,0,44,10.5651
27,0,35.93,132,75,93.3,2.3,0,0,7.4,1,0,0,0,57,9.7011
48,1,25.5,120,75,76.3,2.7,0,0,7.7,0,0,0,0,45,12.24
46,0,40.07,156,83,140.8,1.3,0,1,5.0,1,1,1,1,73,18.4322
22,1,26.99,128,67,90.3,3.1,1,0,5.3,0,0,0,0,61,5.937799999999999
18,0,30.64,114,86,87.6,2.0,0,0,7.6,0,0,0,0,28,5.5152
20,1,30.47,133,84,95.7,3.5,0,0,5.6,0,1,0,0,49,6.093999999999999
84,0,20.46,143,74,91.6,1.7,0,0,5.7,0,0,1,0,69,17.186400000000003
52,1,34.78,144,82,108.2,4.6,0,0,6.7,0,1,0,0,62,18.0856
32,1,28.07,130,75,112.6,2.8,0,0,8.3,0,0,0,0,55,8.9824
84,1,23.58,137,77,122.1,7.7,0,0,5.5,0,0,1,0,60,19.807199999999998
47,0,22.44,121,79,104.4,1.9,0,1,8.7,1,0,1,0,42,10.546800000000001
60,1,23.3,138,86,124.1,1.3,1,0,6.1,1,1,1,1,52,13.98
77,0,26.35,138,77,120.7,7.6,0,0,6.0,0,1,0,1,61,20.2895
57,0,20.61,131,70,101.1,11.6,0,1,8.1,1,0,0,0,61,11.7477
82,1,22.06,144,76,98.0,6.8,0,0,6.4,0,0,1,1,68,18.089199999999998
46,1,16.78,127,83,101.1,2.1,1,0,8.1,1,1,0,0,44,7.718800000000001
36,0,22.11,121,85,100.3,0.5,1,1,5.5,0,0,0,0,36,7.9596
20,0,34.71,123,83,77.5,7.3,0,0,7.4,0,0,0,1,40,6.942
53,1,33.77,159,85,107.8,5.6,1,1,5.3,1,0,1,1,74,17.898100000000003
60,1,28.37,154,81,122.8,5.4,0,1,5.4,0,0,1,1,73,17.022000000000002
32,0,39.02,124,90,80.6,2.4,0,0,7.5,0,0,0,1,34,12.486400000000001
58,1,33.85,144,92,110.5,3.1,0,1,8.2,0,0,0,1,52,19.633000000000003
53,1,29.32,140,78,99.0,12.0,1,0,7.4,0,0,0,0,62,15.5396
50,0,29.95,119,72,110.6,3.5,0,0,7.6,1,1,1,0,47,14.975
22,0,27.31,118,62,116.8,2.8,0,0,6.9,1,0,0,0,56,6.0081999999999995
31,1,19.5,118,70,114.4,4.4,0,1,6.6,1,0,0,0,48,6.045
64,1,25.25,134,80,114.0,1.6,0,0,6.8,1,0,1,0,54,16.16
71,1,15.0,129,75,115.4,3.5,1,0,8.0,1,1,1,0,54,10.65
21,0,20.45,110,62,85.4,5.4,0,0,6.8,0,0,0,0,48,4.2945
26,0,34.85,132,103,108.4,2.4,1,0,6.8,0,0,1,1,29,9.061
70,0,27.25,134,84,109.0,5.9,0,0,5.8,0,1,0,0,50,19.075
77,1,20.62,127,65,88.3,12.3,0,0,8.4,0,0,0,0,62,15.8774
63,0,29.86,150,86,142.6,0.6,1,1,7.6,1,1,1,1,64,18.8118
71,1,30.31,148,89,116.2,2.6,0,0,8.3,0,0,1,1,59,21.5201
54,0,35.74,139,85,107.6,6.7,0,0,6.8,0,0,1,1,54,19.2996
40,0,37.11,131,92,93.7,9.9,0,0,8.5,0,0,0,0,39,14.844000000000001
44,0,31.33,123,78,93.3,6.1,0,0,5.6,0,0,0,0,45,13.7852
83,0,18.02,141,78,124.2,4.2,0,0,5.9,0,0,1,0,63,14.956599999999998
78,1,40.03,167,93,135.8,6.5,1,0,6.8,1,1,1,1,74,31.2234
68,0,34.65,149,81,98.7,4.5,0,0,6.8,0,0,0,1,68,23.561999999999998
67,1,31.73,150,80,116.6,1.8,1,1,7.8,1,0,1,1,70,21.2591
36,0,26.7,106,69,100.1,5.9,0,0,7.6,0,0,0,0,37,9.612
18,0,17.81,103,77,85.5,4.9,0,0,5.4,0,0,0,0,26,3.2058
57,0,23.55,132,89,82.6,4.6,0,0,7.0,0,0,0,0,43,13.4235
49,0,26.5,116,72,82.0,3.7,0,0,8.4,0,0,0,0,44,12.985
39,0,24.47,128,70,97.6,2.2,0,1,7.0,0,0,0,1,58,9.543299999999999
83,1,33.14,152,96,115.3,5.8,0,1,6.0,0,1,1,1,56,27.5062
57,0,26.36,129,84,121.0,2.3,0,1,6.0,0,0,0,1,45,15.0252
55,0,22.3,143,80,110.7,1.2,0,1,6.9,0,0,1,0,63,12.265
65,1,29.7,140,81,134.2,5.3,0,0,7.7,1,0,1,1,59,19.305
72,0,21.99,154,77,94.0,4.6,1,0,9.3,0,0,0,0,77,15.832799999999999
72,1,17.34,139,78,135.8,3.8,0,0,6.0,1,1,0,1,61,12.4848
68,0,29.75,141,83,89.3,7.8,0,0,6.6,0,0,0,1,58,20.23
77,0,26.38,148,90,100.6,3.5,1,1,8.7,0,0,0,1,58,20.3126
25,1,27.71,131,73,91.9,2.8,1,0,7.2,0,0,0,0,58,6.9275
26,1,34.78,141,77,95.2,2.8,0,0,9.6,0,0,0,1,64,9.0428
19,0,28.26,130,70,115.5,3.2,0,1,7.1,1,0,0,0,60,5.369400000000001
76,0,30.1,152,90,120.0,4.5,0,0,8.0,0,0,1,1,62,22.875999999999998
36,0,26.9,111,88,122.5,4.3,0,0,6.3,1,1,0,0,23,9.684
45,0,31.5,143,64,113.5,3.1,0,0,4.0,1,0,0,1,79,14.175
31,1,15.0,125,68,102.3,3.1,0,0,7.1,1,0,0,0,57,4.65
41,0,22.31,117,87,97.8,5.4,0,0,5.9,1,0,1,0,30,9.1471
61,1,24.56,147,83,108.6,6.6,0,1,5.8,0,0,0,0,64,14.981599999999998
73,0,24.02,129,68,92.9,3.8,0,0,7.6,0,0,0,0,61,17.5346
68,1,22.21,121,74,94.7,13.2,0,0,7.0,0,0,0,0,47,15.1028
49,1,26.32,117,77,103.7,12.6,0,0,7.3,1,0,0,0,40,12.8968
67,1,26.01,127,87,91.2,9.0,0,1,5.3,0,0,0,1,40,17.4267
58,0,26.32,123,86,139.1,3.5,0,1,6.6,0,1,1,1,37,15.2656
83,1,27.96,159,89,118.0,3.1,0,1,8.7,0,0,1,1,70,23.2068
42,1,29.69,133,85,113.3,5.5,0,1,5.8,0,0,0,0,48,12.4698
78,1,22.3,134,72,112.6,2.2,0,0,6.0,0,0,0,1,62,17.394000000000002
83,1,23.77,144,83,96.4,3.9,1,0,8.2,0,0,1,1,61,19.7291
59,1,32.15,145,76,117.7,3.7,0,1,7.3,1,0,0,0,69,18.9685
82,1,21.34,148,85,103.5,2.3,0,0,7.1,0,0,0,1,63,17.4988
53,0,22.11,117,76,87.7,4.8,0,0,7.4,0,0,0,1,41,11.7183
26,1,22.32,133,73,77.8,1.9,0,1,6.0,0,0,0,0,60,5.8032
53,1,25.64,133,81,100.3,1.6,0,0,5.7,1,0,0,1,52,13.5892
55,0,32.59,136,78,99.6,4.4,0,0,5.4,0,0,0,1,58,17.924500000000002
50,0,29.84,139,95,103.8,1.3,0,1,8.7,0,0,1,1,44,14.92
59,1,21.74,134,76,106.9,4.1,0,0,5.4,0,1,1,1,58,12.8266
78,0,37.32,154,90,126.9,6.3,0,1,7.2,0,0,0,1,64,29.1096
63,0,22.77,110,74,102.1,7.0,0,1,6.5,0,0,0,0,36,14.3451
78,0,17.4,117,68,114.8,4.0,0,1,8.3,0,0,0,0,49,13.571999999999997
35,1,37.38,123,86,98.1,6.8,1,0,7.1,0,0,1,1,37,13.083000000000002
32,1,21.95,99,79,79.7,3.5,0,0,5.7,0,0,0,0,20,7.024
65,1,26.16,153,78,107.8,3.9,0,1,7.4,1,0,0,0,75,17.004
30,1,26.02,122,58,87.8,1.7,0,0,7.4,0,0,0,0,64,7.806
60,1,30.17,142,80,89.9,7.5,1,1,6.2,0,0,0,1,62,18.102
77,0,16.15,138,77,98.2,2.1,0,1,6.8,0,0,1,0,61,12.4355
74,0,25.06,134,75,100.5,2.3,0,0,8.1,0,1,1,0,59,18.5444
34,0,24.67,129,74,80.1,3.7,0,1,8.6,0,0,1,0,55,8.3878
67,0,35.0,154,80,130.5,3.7,0,1,7.1,1,1,1,1,74,23.45
49,1,23.65,119,78,73.4,7.8,0,1,8.6,1,0,0,0,41,11.5885
39,1,24.94,128,72,88.1,3.8,0,0,7.5,1,0,0,0,56,9.726600000000001
72,1,31.21,133,69,114.8,2.3,0,0,6.7,1,0,0,1,64,22.4712
74,1,29.77,156,80,116.1,2.2,1,1,7.3,1,0,1,1,76,22.0298
30,1,22.6,108,67,99.9,1.4,0,0,6.2,0,0,0,0,41,6.78
64,1,29.28,141,83,126.3,4.4,0,0,6.5,1,0,0,1,58,18.7392
79,0,22.52,144,77,104.9,3.5,0,1,8.1,0,0,0,1,67,17.7908
71,0,31.46,132,81,139.4,2.3,0,0,4.7,0,1,0,0,51,22.336599999999997
46,1,25.87,132,81,108.6,3.0,0,0,6.6,1,0,1,0,51,11.9002
39,0,19.51,119,71,81.7,2.0,0,1,7.2,0,0,0,0,48,7.608900000000001
82,0,15.0,137,88,93.0,7.0,1,0,8.0,0,0,0,0,49,12.3
46,1,24.62,119,80,94.4,2.8,0,1,6.8,0,0,0,1,39,11.3252
65,0,22.25,142,80,111.4,4.6,0,0,7.9,1,0,0,1,62,14.4625
22,0,25.41,110,63,91.3,4.6,0,0,7.3,0,0,0,0,47,5.590199999999999
52,1,26.51,127,65,111.8,1.6,0,0,5.7,0,0,0,0,62,13.7852
63,1,15.7,123,69,92.9,7.4,0,0,6.5,0,0,0,0,54,9.890999999999998
52,0,22.57,124,76,82.9,3.6,0,0,7.0,0,0,1,0,48,11.736400000000001
62,0,26.05,124,91,99.6,8.8,0,1,7.4,0,0,0,0,33,16.151
30,1,27.38,117,73,103.2,6.0,0,0,6.6,0,0,0,0,44,8.214
27,0,31.43,126,90,123.2,4.4,0,0,6.3,1,0,0,0,36,8.4861
83,1,32.43,148,89,129.5,4.9,0,0,7.7,0,0,1,1,59,26.916900000000002
42,0,25.42,115,76,114.9,7.9,1,1,6.8,1,0,0,0,39,10.676400000000001
61,0,25.94,139,79,110.5,3.9,1,0,7.4,0,0,1,1,60,15.823400000000001
77,0,24.01,150,80,95.0,11.0,1,0,7.7,0,0,1,1,70,18.487700000000004
64,1,30.6,152,84,133.6,2.3,1,1,8.6,1,1,1,1,68,19.584
57,1,24.57,134,69,85.9,6.5,0,1,7.6,1,0,0,0,65,14.0049
24,0,21.19,107,59,88.2,4.5,0,0,7.8,0,0,0,0,48,5.0856
63,0,17.16,128,72,100.5,4.3,0,0,7.6,1,0,0,0,56,10.810799999999999
40,0,21.3,119,78,87.2,7.2,0,0,7.2,0,0,0,0,41,8.52
63,1,25.26,133,90,108.9,4.8,0,0,5.8,0,0,0,1,43,15.913800000000002
30,0,32.48,127,84,111.7,5.0,0,0,6.7,1,0,0,0,43,9.743999999999998
38,0,27.06,140,80,81.8,4.4,0,0,5.7,0,0,0,1,60,10.2828
18,0,27.46,110,70,117.5,3.2,0,0,6.1,1,0,0,0,40,4.9428
36,1,26.82,114,73,82.9,3.2,0,0,6.6,0,0,0,0,41,9.6552
77,1,34.22,146,80,136.2,3.6,0,0,7.9,0,1,0,1,66,26.3494
50,1,29.75,133,90,110.9,5.5,0,1,6.7,1,0,1,1,43,14.875
21,0,26.71,120,62,91.5,3.8,0,0,6.2,0,0,0,0,58,5.6091
20,0,23.33,96,64,92.0,2.3,0,0,6.6,0,0,0,0,32,4.6659999999999995
69,0,19.49,141,76,106.6,1.7,0,0,8.5,0,0,0,0,65,13.4481
45,0,36.38,123,74,113.1,2.8,0,0,5.7,1,0,0,0,49,16.371000000000002
72,1,31.46,153,77,99.9,2.9,0,0,7.6,1,0,1,1,76,22.6512
74,0,25.68,146,78,116.3,3.3,0,0,7.7,0,1,1,0,68,19.0032
33,0,37.2,123,76,102.1,5.0,0,0,8.1,0,0,0,0,47,12.276000000000002
41,1,26.76,118,59,100.7,1.1,0,0,6.3,1,0,0,0,59,10.9716
58,1,22.06,119,61,95.0,1.7,0,0,6.1,0,0,0,0,58,12.7948
64,1,33.89,132,81,111.4,1.4,0,0,6.0,0,0,0,1,51,21.6896
48,1,19.37,124,67,111.8,1.2,0,1,7.6,1,0,0,0,57,9.2976
47,1,24.47,128,73,92.4,2.3,0,1,7.1,0,0,0,0,55,11.5009
35,1,19.84,127,82,89.6,7.6,1,0,6.0,1,0,0,0,45,6.944
61,1,22.16,134,71,104.5,4.9,0,1,5.9,0,0,0,0,63,13.5176
44,0,27.96,131,68,107.8,7.2,1,1,6.3,0,0,0,0,63,12.3024
43,0,28.76,133,80,103.0,3.5,0,0,6.5,0,0,0,1,53,12.366800000000001
77,1,20.41,154,91,100.3,2.0,1,0,6.3,0,0,1,1,63,15.7157
35,1,37.29,142,88,126.0,3.6,0,1,7.1,0,0,0,1,54,13.051499999999999
73,1,15.0,130,66,106.2,4.8,0,0,7.0,1,0,1,0,64,10.95
48,1,27.55,131,74,83.2,7.3,0,0,5.6,0,0,1,0,57,13.224
76,0,27.7,157,75,106.7,3.1,1,0,6.5,0,0,1,0,82,21.052
19,1,28.33,114,76,86.7,4.7,0,1,8.1,0,0,0,0,38,5.3827
56,1,31.9,149,91,108.4,3.1,1,0,7.5,0,1,1,1,58,17.863999999999997
78,1,15.0,135,84,98.2,7.1,0,0,6.2,0,0,0,0,51,11.7
80,0,22.31,139,70,126.6,1.9,0,0,7.8,1,0,1,1,69,17.848
35,0,27.68,124,86,98.2,5.8,0,1,8.3,0,0,0,0,38,9.687999999999999
34,0,36.68,131,85,135.6,4.7,1,0,6.9,1,1,0,1,46,12.4712
56,0,23.43,151,79,74.3,5.0,0,0,8.5,1,0,1,1,72,13.1208
71,0,25.68,146,90,120.1,4.1,0,1,8.0,1,0,0,1,56,18.2328
52,1,31.01,163,81,118.3,5.2,1,0,7.7,1,1,1,0,82,16.1252
28,0,19.78,93,70,77.3,3.5,0,0,6.5,0,0,0,0,23,5.5384
78,1,26.93,142,90,131.5,1.9,0,1,5.2,1,1,1,0,52,21.005399999999998
61,1,26.19,143,82,105.0,5.2,1,0,5.7,0,0,1,1,61,15.975900000000001
42,1,23.27,126,72,105.3,3.6,0,0,5.5,0,0,0,0,54,9.7734
65,1,29.72,137,84,110.5,1.2,0,0,7.9,0,0,1,0,53,19.317999999999998
49,1,39.31,143,76,103.4,2.5,0,0,6.7,1,0,1,1,67,19.2619
21,1,27.81,125,77,98.4,4.8,0,1,6.9,1,0,0,0,48,5.8401
55,0,15.0,122,79,95.5,0.6,0,1,8.9,1,0,0,0,43,8.25
80,1,21.75,132,72,88.4,9.2,0,1,5.5,0,0,0,0,60,17.4
64,0,35.38,152,85,117.7,0.1,0,0,7.6,0,1,0,1,67,22.6432
18,1,25.41,91,74,94.7,4.6,0,0,6.8,1,0,0,0,17,4.5738
20,0,20.0,111,63,111.7,2.1,0,0,5.0,1,0,0,0,48,4.0
79,0,31.18,155,87,123.6,4.8,1,0,7.4,0,1,0,1,68,24.632199999999997
81,0,23.1,125,87,116.7,6.1,0,0,5.9,1,0,0,1,38,18.711000000000002
34,1,27.0,108,62,105.7,6.6,0,0,4.8,0,0,1,0,46,9.18
79,0,20.24,147,84,118.3,2.1,0,1,4.7,1,0,1,0,63,15.989599999999998
52,1,24.38,115,76,113.7,1.5,0,0,6.2,0,0,0,0,39,12.6776
30,1,26.63,112,69,118.7,5.2,0,0,6.4,1,0,0,0,43,7.989
52,0,26.22,127,72,103.8,5.8,0,0,6.9,1,0,0,0,55,13.634400000000001
60,1,28.97,130,78,110.2,4.9,0,0,4.7,0,0,0,1,52,17.381999999999998
19,0,27.97,122,75,102.2,5.2,0,0,6.3,0,0,0,0,47,5.314299999999999
73,1,20.89,128,80,113.4,1.7,0,0,7.6,1,1,0,1,48,15.2497
68,1,36.58,150,84,124.6,2.5,1,0,7.4,0,0,1,1,66,24.8744
71,0,25.89,139,74,109.3,3.7,0,0,5.8,0,0,1,0,65,18.3819
33,1,18.97,109,75,96.0,7.1,0,1,8.6,0,0,0,0,34,6.2600999999999996
35,1,15.0,118,73,116.3,5.0,1,1,5.4,0,0,0,0,45,5.25
24,1,27.24,117,88,109.6,6.8,0,0,5.1,0,0,1,0,29,6.5376
62,1,21.43,119,68,92.6,5.1,0,0,7.2,0,0,0,0,51,13.2866
53,1,30.12,120,86,84.4,10.6,1,0,6.1,0,0,0,1,34,15.963600000000001
58,0,27.08,146,86,118.7,4.1,1,1,7.7,0,0,0,0,60,15.706399999999999
59,0,49.64,167,90,146.9,3.7,0,0,6.0,1,1,1,1,77,29.2876
24,0,19.49,102,67,71.8,5.3,0,0,7.7,0,0,0,0,35,4.6776
32,1,32.93,104,86,110.9,3.9,0,1,8.7,1,1,0,0,18,10.5376
77,0,20.48,137,84,85.8,2.9,0,0,8.0,0,0,0,1,53,15.7696
57,1,31.62,156,74,104.0,1.8,0,1,6.5,0,0,1,1,82,18.023400000000002
54,0,35.05,151,92,103.2,3.4,0,0,6.4,0,1,1,1,59,18.927
83,0,24.8,131,68,106.9,4.9,0,0,6.4,0,0,0,0,63,20.584
72,0,22.57,145,84,121.5,5.5,0,0,7.5,1,1,0,1,61,16.2504
73,1,25.89,126,70,104.0,6.7,0,0,6.5,1,0,0,0,56,18.8997
61,1,22.49,117,79,108.3,3.3,0,0,6.0,0,0,0,1,38,13.718899999999998
74,0,36.14,144,86,91.9,7.4,0,0,7.2,0,0,1,0,58,26.7436
23,1,25.65,102,84,102.0,3.2,0,0,8.3,1,0,0,0,18,5.8995
49,0,29.35,150,88,108.1,3.4,1,1,7.4,1,0,1,1,62,14.3815
35,1,29.52,132,70,113.7,5.5,0,0,8.5,1,0,0,1,62,10.332
24,0,31.97,130,89,94.9,4.7,1,0,6.9,1,0,1,1,41,7.6728
25,0,24.18,115,71,103.8,2.0,0,0,7.0,0,0,0,0,44,6.045
81,1,31.25,145,92,127.7,3.8,0,0,7.3,0,0,1,1,53,25.3125
24,1,34.35,129,76,83.9,2.1,0,0,8.1,0,0,0,1,53,8.244000000000002
58,0,25.9,129,75,99.9,1.8,0,0,7.3,0,0,1,0,54,15.021999999999998
57,0,19.07,123,74,88.8,6.0,0,1,5.8,1,0,0,1,49,10.8699
20,1,34.74,127,81,89.6,2.8,0,0,9.3,0,0,0,1,46,6.948
34,1,27.81,122,84,103.5,1.6,0,0,8.7,0,0,0,0,38,9.4554
83,1,26.82,142,83,109.9,3.0,0,0,7.7,1,0,1,1,59,22.2606
69,1,30.73,136,82,131.2,6.5,0,1,6.3,0,0,0,0,54,21.203699999999998
39,1,35.09,135,97,101.5,2.5,0,0,6.6,0,0,0,1,38,13.685100000000002
21,0,25.51,113,64,63.7,3.6,0,0,7.8,0,0,0,0,49,5.3571
23,0,34.08,112,85,113.6,2.1,0,0,6.2,0,0,0,0,27,7.838399999999999
55,0,27.22,133,78,107.7,2.7,0,0,6.7,0,0,0,1,55,14.970999999999998
43,0,30.42,118,79,116.3,1.5,0,0,6.3,1,0,0,0,39,13.080600000000002
28,1,23.28,129,69,103.4,1.1,0,1,7.2,1,0,0,0,60,6.518400000000001
34,1,25.33,117,81,98.8,7.4,1,0,7.5,0,0,0,1,36,8.6122
48,0,33.09,141,83,100.2,6.0,0,1,7.9,0,0,0,1,58,15.883200000000002
52,1,15.41,141,81,111.9,3.5,0,0,5.8,1,0,0,0,60,8.013200000000001
33,1,30.86,127,82,111.4,4.4,1,0,6.5,0,0,0,0,45,10.1838
35,1,29.0,138,79,93.1,3.2,1,0,6.3,0,0,0,1,59,10.15
79,0,36.43,150,83,119.4,2.9,0,0,6.3,1,1,1,1,67,28.7797
44,1,32.64,139,92,119.6,6.6,1,0,7.2,1,0,1,1,47,14.361600000000001
52,0,27.83,146,87,97.9,7.6,1,0,6.4,0,0,0,1,59,14.471599999999999
62,1,19.42,126,72,104.1,2.3,0,0,5.8,0,0,0,0,54,12.040400000000002
52,1,23.43,140,84,104.8,2.9,0,0,7.3,0,0,0,0,56,12.183599999999998
45,0,25.48,118,82,97.8,11.9,0,0,4.7,0,0,0,0,36,11.466
26,0,35.45,127,74,97.2,5.1,0,0,6.5,0,0,0,0,53,9.217
32,1,31.44,112,76,102.1,6.4,0,0,8.3,0,0,0,0,36,10.0608
38,0,22.19,111,76,78.9,5.1,0,1,8.6,0,0,0,0,35,8.4322
69,0,29.14,151,96,123.3,2.4,1,1,7.8,1,0,1,1,55,20.1066
52,1,24.14,126,79,80.9,4.2,1,1,6.7,0,0,1,0,47,12.5528
68,0,23.05,134,77,105.2,6.4,0,0,7.8,0,0,0,1,57,15.674000000000001
72,0,30.45,127,91,121.5,6.5,0,0,9.4,1,0,0,1,36,21.924
61,1,25.96,143,86,116.7,3.3,0,1,7.5,0,0,1,1,57,15.8356
82,0,20.05,140,71,86.0,9.2,0,1,8.0,0,0,0,1,69,16.441000000000003
42,0,31.6,115,79,108.0,5.6,0,0,9.3,1,0,0,0,36,13.272
64,1,27.68,134,80,111.3,2.4,0,0,7.8,1,1,0,0,54,17.7152
73,0,24.68,132,78,120.7,2.0,0,0,6.3,1,1,0,0,54,18.016399999999997
55,1,35.46,146,88,120.2,2.3,0,0,5.1,0,0,1,1,58,19.503
28,1,32.97,135,74,99.9,3.7,1,1,7.9,0,0,0,0,61,9.2316
84,1,27.51,145,83,126.6,4.9,0,0,6.2,0,1,0,1,62,23.108400000000003
32,0,16.87,108,73,76.2,2.5,0,0,7.6,1,0,0,0,35,5.3984000000000005
18,0,33.24,121,89,96.2,2.3,0,1,5.8,0,0,0,0,32,5.9832
24,1,24.0,117,69,90.5,2.7,0,0,6.5,0,0,0,0,48,5.76
18,1,25.88,123,71,93.9,2.3,1,1,8.0,0,0,0,0,52,4.658399999999999
66,1,25.04,121,75,122.3,9.1,0,0,4.8,0,0,0,0,46,16.5264
46,1,19.29,120,72,79.3,3.8,0,0,9.7,1,0,0,0,48,8.873399999999998
43,0,29.42,139,79,142.7,1.4,0,0,5.6,1,1,0,0,60,12.650600000000003
62,0,21.91,120,76,102.9,2.0,0,1,6.5,0,0,0,0,44,13.584200000000001
29,1,29.12,130,74,91.7,3.9,0,1,6.8,1,0,0,0,56,8.4448
49,1,21.37,131,74,110.4,5.6,1,0,6.8,0,0,0,0,57,10.471300000000001
37,0,24.16,126,75,104.8,4.6,0,1,6.2,1,0,0,0,51,8.9392
68,1,28.92,145,87,107.4,4.0,0,0,8.9,1,0,1,0,58,19.6656
53,0,27.52,131,71,122.3,5.2,0,0,6.4,1,0,1,0,60,14.5856
84,0,30.41,144,81,108.9,10.8,0,0,8.2,0,0,0,1,63,25.5444
18,0,30.84,111,72,94.0,6.7,1,0,6.0,0,0,0,0,39,5.5512
44,1,34.53,148,89,110.5,4.5,0,1,5.4,0,0,0,1,59,15.193200000000001
57,1,26.8,118,71,101.1,4.0,0,0,7.9,0,0,0,0,47,15.276000000000002
31,1,33.8,136,88,103.2,2.3,0,0,8.4,1,0,0,1,48,10.478
23,1,24.93,113,62,70.9,1.5,0,0,7.2,0,0,0,0,51,5.7339
50,0,31.31,117,78,101.6,6.1,0,0,9.7,0,0,0,1,39,15.655
72,1,33.32,153,89,115.6,6.1,0,0,6.9,0,1,1,1,64,23.9904
36,1,33.29,124,77,99.1,2.6,0,0,7.4,0,0,0,0,47,11.9844
46,1,18.34,119,73,100.2,2.5,0,0,6.4,0,0,0,0,46,8.436399999999999
78,1,15.0,138,73,131.1,9.4,0,1,6.6,1,0,0,0,65,11.7
41,0,30.02,124,66,124.5,2.3,0,1,8.4,0,0,0,0,58,12.3082
40,1,26.81,132,91,109.5,5.6,0,0,8.9,0,0,0,0,41,10.723999999999998
27,0,28.43,140,74,92.1,6.9,0,1,8.3,1,0,0,0,66,7.6761
71,0,27.33,134,74,102.7,3.7,0,0,6.2,0,0,0,0,60,19.4043
58,0,24.83,120,74,143.6,4.6,0,0,6.6,1,1,1,0,46,14.401399999999999
66,0,30.12,128,88,122.7,3.3,0,0,5.3,1,1,0,0,40,19.8792
34,0,28.77,127,78,82.4,1.4,1,0,8.8,1,0,0,1,49,9.781799999999999
73,0,26.19,149,76,89.5,5.5,0,0,8.6,0,0,0,0,73,19.1187
62,0,26.97,141,86,106.9,0.7,0,1,7.6,0,0,1,1,55,16.7214
47,0,30.38,138,72,107.8,5.6,0,1,7.8,1,0,0,0,66,14.278599999999999
61,0,23.35,125,79,108.9,5.6,1,0,7.8,1,0,0,0,46,14.243500000000001
72,1,20.35,127,86,100.2,4.7,0,0,6.1,0,1,0,0,41,14.652000000000001
36,1,20.26,124,81,81.1,4.6,0,1,5.9,0,0,0,1,43,7.2936000000000005
46,1,23.85,130,78,109.3,2.6,0,0,7.3,1,0,0,0,52,10.971000000000002
19,1,35.41,135,77,111.1,2.4,0,1,7.9,0,0,0,1,58,6.7279
53,0,27.57,137,83,108.8,4.8,0,1,7.0,1,1,1,1,54,14.6121
36,0,22.86,122,70,90.0,1.2,1,0,7.5,0,0,0,0,52,8.2296
24,0,27.97,114,70,117.5,3.9,0,0,8.0,1,0,0,0,44,6.7128
43,1,20.74,126,79,81.5,2.9,0,0,8.1,0,0,0,0,47,8.918199999999999
55,1,25.72,143,76,97.6,2.8,1,0,5.9,0,0,1,1,67,14.145999999999999
20,0,24.42,118,76,84.0,3.5,0,1,4.6,0,0,0,0,42,4.884
83,0,19.12,135,69,110.7,5.9,0,0,5.9,0,0,0,0,66,15.8696
60,1,33.14,131,87,130.8,2.4,0,1,7.6,1,1,0,1,44,19.884
79,0,24.62,133,77,111.1,2.2,0,0,4.8,0,0,1,0,56,19.4498
41,1,26.58,128,67,79.9,3.3,0,0,7.2,0,0,0,0,61,10.8978
56,1,30.84,140,102,116.0,3.1,1,0,8.1,0,0,0,1,38,17.2704
61,1,28.84,146,77,106.0,5.8,0,1,7.1,0,0,0,0,69,17.5924
22,1,27.25,117,89,91.6,3.7,0,0,7.8,0,0,0,0,28,5.995
72,0,25.42,141,78,102.1,3.7,0,0,6.5,0,0,0,1,63,18.302400000000002
47,1,31.02,140,75,109.0,0.9,0,0,7.4,0,0,0,1,65,14.5794
46,1,26.76,131,69,112.3,3.4,0,0,7.0,0,1,0,0,62,12.3096
43,1,27.64,135,75,115.7,7.7,0,0,6.2,1,1,1,1,60,11.8852
43,1,33.25,141,77,129.6,4.0,0,1,5.8,0,0,0,1,64,14.2975
54,1,33.58,134,81,116.8,4.3,0,0,5.4,0,0,0,0,53,18.1332
70,1,28.36,151,80,106.0,3.6,1,0,8.1,0,0,1,1,71,19.852
47,0,27.41,136,71,117.6,6.0,0,1,7.5,1,1,0,0,65,12.8827
20,0,30.6,125,73,99.4,10.0,0,0,6.1,0,0,0,0,52,6.12
60,0,25.34,140,83,128.7,0.9,0,1,5.9,0,0,1,1,57,15.204
24,1,25.36,110,71,78.4,1.1,1,0,7.1,0,0,0,0,39,6.0864
66,1,26.44,126,79,105.9,2.5,0,0,7.4,0,1,0,1,47,17.450400000000002
58,0,20.89,131,64,91.8,5.2,0,1,6.5,0,0,0,0,67,12.116200000000001
71,0,40.5,168,92,140.2,3.3,0,1,6.4,1,1,1,1,76,28.755
44,1,24.48,135,76,86.7,5.2,1,0,7.0,0,0,0,1,59,10.7712
25,0,29.51,119,79,109.1,3.7,0,0,7.0,1,0,0,0,40,7.3775
49,0,26.7,132,72,115.1,4.0,0,0,6.4,1,0,0,0,60,13.083
81,0,30.79,159,86,106.9,3.3,1,0,7.2,0,0,1,1,73,24.939899999999998
27,0,24.57,124,67,122.5,3.0,0,0,4.4,1,0,0,0,57,6.6339
30,1,28.06,122,71,87.3,7.2,0,1,7.5,0,0,0,1,51,8.418
80,0,21.87,128,64,87.2,2.0,0,0,7.9,0,0,0,0,64,17.496000000000002
52,1,33.84,127,96,113.3,5.6,0,0,6.7,0,0,0,0,31,17.5968
78,1,30.64,137,92,94.6,7.8,0,0,8.7,0,0,0,0,45,23.8992
71,0,18.59,140,75,104.4,4.8,0,1,6.3,0,0,1,0,65,13.198900000000002
25,0,26.88,112,71,73.5,9.1,0,0,7.2,0,0,0,0,41,6.72
46,1,18.74,130,67,96.0,1.5,0,0,6.0,0,0,0,1,63,8.6204
58,1,22.16,124,76,82.9,1.8,0,0,7.1,0,0,1,0,48,12.8528
47,0,32.14,133,74,90.9,6.7,0,0,6.8,0,0,0,1,59,15.105799999999999
38,0,15.0,107,81,92.8,3.5,0,1,5.7,0,0,0,0,26,5.7
28,0,32.86,136,81,108.2,5.9,0,1,7.6,1,0,0,1,55,9.2008
19,1,29.0,118,72,123.6,3.1,0,0,7.5,1,0,0,0,46,5.51
67,0,26.34,140,78,114.8,5.4,0,0,6.8,1,1,0,0,62,17.6478
58,0,31.89,152,77,150.4,3.6,0,1,5.8,1,1,1,0,75,18.4962
83,0,42.48,170,108,157.4,1.5,1,0,7.9,0,1,1,1,62,35.258399999999995
20,1,19.09,116,69,89.8,5.8,1,0,7.4,1,0,0,0,47,3.818
68,0,36.62,135,86,120.4,2.3,0,0,9.2,0,1,0,0,49,24.9016
42,1,32.41,136,81,128.2,1.3,0,0,5.8,0,1,0,0,55,13.612199999999998
47,0,22.71,119,79,110.7,1.7,1,0,7.1,0,0,0,0,40,10.673700000000002
28,0,29.84,130,88,97.3,5.4,0,0,9.4,0,0,0,0,42,8.3552
34,1,20.35,120,80,84.7,2.7,1,0,8.1,1,0,0,0,40,6.9190000000000005
43,1,23.94,120,72,105.2,3.6,0,0,7.3,1,0,0,0,48,10.2942
40,1,15.0,111,74,93.4,5.9,0,0,5.9,1,0,0,0,37,6.0
73,1,18.98,140,71,103.9,9.1,0,0,8.0,0,0,0,0,69,13.8554
69,0,29.01,162,85,131.4,3.3,1,0,6.6,0,0,1,1,77,20.0169
65,1,29.53,141,90,121.9,7.8,0,1,6.6,0,1,1,1,51,19.1945
37,0,29.46,131,78,95.5,2.1,0,1,9.0,0,0,0,0,53,10.9002
19,0,30.49,120,72,96.3,4.0,0,1,8.4,0,0,0,0,48,5.793099999999999
48,1,27.49,121,87,115.4,8.5,1,0,7.3,1,0,0,1,34,13.1952
44,1,30.73,146,88,92.4,1.6,1,1,6.8,1,0,1,1,58,13.5212
19,1,33.02,122,82,135.2,5.5,0,1,5.1,1,1,0,0,40,6.273800000000001
21,1,28.23,137,79,69.3,2.3,1,1,7.6,0,0,1,1,58,5.9283
30,1,24.28,121,73,96.4,4.6,0,0,7.1,0,0,0,0,48,7.284000000000001
52,0,25.96,136,80,98.6,3.8,0,0,7.8,0,0,0,0,56,13.4992
83,1,21.95,146,67,103.9,6.3,0,0,4.1,0,0,0,1,79,18.2185
23,1,31.74,127,78,64.9,6.4,0,0,5.9,0,0,0,0,49,7.3002
48,1,17.49,104,74,80.2,2.7,0,0,6.4,0,0,0,0,30,8.395199999999999
27,1,25.88,126,78,84.3,5.1,1,1,7.2,1,0,0,0,48,6.9876
38,1,30.1,133,80,108.4,2.9,1,1,7.0,1,0,0,0,53,11.437999999999999
40,1,20.88,111,64,116.3,0.7,0,0,6.4,0,1,0,0,47,8.351999999999999
20,0,18.69,118,77,74.2,5.2,1,0,7.2,1,0,0,0,41,3.738
49,1,15.0,120,71,87.8,2.0,1,0,8.8,1,1,0,0,49,7.35
37,0,25.15,109,68,93.5,3.5,0,0,7.3,0,0,0,0,41,9.3055
46,0,20.17,111,82,94.5,7.8,0,0,7.8,1,0,0,0,29,9.2782
69,0,31.89,143,87,113.4,5.1,0,0,7.1,0,0,1,1,56,22.004099999999998
63,0,17.8,143,71,99.3,2.8,0,0,6.9,0,0,0,1,72,11.214
51,0,29.87,134,65,95.1,2.2,0,0,6.7,0,0,0,0,69,15.2337
78,0,19.25,123,80,79.8,4.4,0,0,7.1,0,0,0,0,43,15.015
28,0,18.02,119,65,87.1,10.7,0,0,8.4,1,0,0,0,54,5.0456
80,0,19.82,121,80,131.7,2.9,0,1,8.4,1,1,1,0,41,15.856
38,0,33.04,122,80,124.0,8.3,0,1,8.1,0,0,0,0,42,12.5552
20,0,19.82,105,74,95.2,7.1,0,1,7.3,0,0,0,0,31,3.964
27,1,33.42,139,71,117.7,2.4,0,0,7.9,0,0,0,0,68,9.0234
44,0,27.98,110,75,98.8,5.3,0,1,6.6,0,0,0,1,35,12.311200000000001
29,0,23.79,114,59,77.3,5.2,0,0,8.4,0,0,0,0,55,6.8991
24,0,20.7,110,66,108.4,4.2,0,0,8.4,1,0,0,0,44,4.968
34,0,37.85,132,90,103.6,1.6,0,0,7.0,0,0,1,0,42,12.869000000000002
82,1,23.39,149,76,102.1,2.5,0,1,6.2,0,1,1,1,73,19.1798
81,0,23.41,142,74,100.5,2.7,0,0,6.5,1,0,0,1,68,18.9621
43,0,35.22,141,84,125.1,1.9,0,0,5.5,1,1,1,1,57,15.1446
32,0,36.24,136,81,89.3,4.5,0,0,6.6,1,0,1,0,55,11.5968
50,1,25.99,135,89,111.6,2.9,0,0,5.5,1,1,0,0,46,12.995
79,1,33.67,130,91,112.2,10.2,0,0,6.0,0,0,0,0,39,26.599300000000003
64,0,23.25,148,78,98.7,1.7,1,0,7.6,0,0,0,1,70,14.88
52,0,39.83,137,87,110.6,4.1,1,0,6.4,1,1,1,1,50,20.711599999999997
82,0,19.19,134,81,102.7,0.7,0,0,5.8,0,0,0,1,53,15.735800000000001
42,1,21.5,112,71,103.8,1.5,0,0,7.1,1,0,0,0,41,9.03
74,0,34.41,137,73,102.7,5.2,0,0,7.2,0,0,1,1,64,25.463399999999996
49,0,25.12,135,79,127.0,1.7,0,1,5.2,1,0,0,0,56,12.308800000000002
80,0,34.76,166,99,113.5,2.3,0,0,7.6,0,0,1,1,67,27.807999999999996
29,0,24.1,114,74,92.5,3.1,0,0,7.6,1,0,0,0,40,6.989000000000001
80,0,30.62,149,78,124.3,4.3,0,1,5.3,0,1,0,1,71,24.496
18,0,22.78,108,67,91.1,3.6,0,0,9.2,0,0,0,0,41,4.1004000000000005
68,0,26.36,122,79,116.8,2.1,0,0,9.1,1,1,0,0,43,17.9248
25,0,19.37,105,60,82.4,1.3,0,0,8.7,0,0,0,0,45,4.8425
22,1,26.52,117,75,95.6,7.4,0,0,6.1,1,0,0,0,42,5.8344
56,0,21.71,142,90,123.9,2.2,0,1,5.2,0,0,0,1,52,12.1576
40,1,38.82,142,83,120.0,2.6,1,1,5.9,1,0,1,1,59,15.527999999999999
69,1,24.94,136,73,90.9,3.4,0,0,8.2,0,0,0,0,63,17.2086
21,1,19.85,121,78,94.5,7.6,0,0,7.1,1,0,0,0,43,4.1685
64,1,30.81,164,81,126.1,2.3,1,0,8.1,1,1,1,1,83,19.7184
38,0,19.79,128,77,91.5,2.2,0,1,7.7,0,0,0,0,51,7.5202
73,0,31.89,142,81,115.0,3.9,0,0,9.7,1,0,0,1,61,23.279700000000002
83,1,23.56,152,76,117.4,1.7,0,0,9.1,1,0,1,1,76,19.554799999999997
76,1,26.58,139,80,117.8,4.3,0,0,7.1,0,0,1,1,59,20.2008
24,1,25.7,121,80,86.8,5.1,0,0,7.7,0,0,0,1,41,6.167999999999999
66,0,25.33,129,76,130.6,5.9,0,0,5.8,1,0,0,0,53,16.7178
33,1,27.16,114,80,103.5,3.8,1,0,5.9,1,0,0,0,34,8.9628
34,1,22.95,113,67,64.9,9.2,0,1,9.0,0,0,0,0,46,7.803
51,0,20.47,132,79,95.8,3.5,0,1,6.4,0,0,0,0,53,10.4397
50,1,27.03,125,86,111.2,2.0,1,0,8.1,0,0,0,0,39,13.515
43,0,24.49,145,82,104.2,5.4,1,1,5.7,0,0,0,1,63,10.5307
83,0,19.38,124,78,103.6,3.2,0,0,5.8,0,0,0,1,46,16.0854
80,0,30.36,129,83,98.7,9.4,0,1,9.5,0,0,0,1,46,24.288
58,0,26.71,138,95,99.3,3.5,1,1,7.1,1,0,1,0,43,15.491800000000001
75,1,20.5,134,77,102.2,0.3,0,1,7.0,0,0,0,0,57,15.375
27,1,25.42,110,80,79.9,4.4,1,0,8.9,0,0,0,0,30,6.8634
32,1,25.96,140,67,86.7,2.9,1,0,7.0,0,0,0,1,73,8.3072
59,0,20.82,119,80,118.6,7.2,0,0,7.0,1,0,0,0,39,12.283800000000001
74,0,45.14,155,87,132.0,1.4,0,0,7.3,0,0,0,1,68,33.403600000000004
34,0,26.75,124,78,90.6,2.4,0,0,7.2,0,0,0,0,46,9.095
77,1,25.52,135,81,122.8,2.1,0,0,7.1,0,0,0,0,54,19.6504
26,0,40.93,143,83,95.0,2.2,0,0,9.0,0,0,0,1,60,10.6418
53,1,29.45,119,77,98.1,1.3,0,0,8.9,0,0,0,1,42,15.6085
53,0,33.81,142,81,109.3,3.5,0,1,6.6,1,1,0,0,61,17.9193
65,0,27.35,125,81,81.9,9.5,0,0,6.1,0,1,0,0,44,17.7775
68,0,27.17,134,82,104.0,8.0,0,0,4.7,1,0,0,0,52,18.4756
39,0,21.84,126,82,78.6,8.0,1,0,6.5,0,0,0,0,44,8.5176
23,1,30.68,120,73,98.4,2.5,0,0,6.2,0,0,0,0,47,7.0564
43,1,37.52,126,78,120.8,2.9,0,0,8.5,0,0,0,0,48,16.1336
20,1,35.95,119,79,104.7,3.8,0,0,7.5,1,1,0,0,40,7.19
69,1,19.78,151,66,99.8,9.0,1,0,8.0,0,0,1,0,85,13.648200000000001
77,1,37.59,147,87,133.2,5.0,0,1,7.2,1,1,1,1,60,28.944300000000002
80,1,22.0,133,76,98.3,4.3,0,0,6.5,0,0,1,1,57,17.6
82,1,21.34,124,75,119.0,2.8,0,0,5.9,1,0,0,0,49,17.4988
69,1,21.66,118,70,110.3,10.0,0,0,6.0,1,0,0,0,48,14.9454
31,0,24.53,117,77,86.8,1.6,0,0,6.7,0,0,0,1,40,7.6043
45,0,15.59,137,72,100.6,5.0,1,0,7.1,1,0,0,0,65,7.015499999999999
27,1,27.11,118,75,82.4,4.4,1,1,8.2,0,0,0,0,43,7.3197
74,0,25.29,143,68,133.0,2.3,0,0,6.3,0,1,0,1,75,18.7146
83,0,27.04,146,81,99.5,3.2,0,0,6.8,0,0,0,1,65,22.443199999999997
67,1,23.92,157,80,127.0,3.0,0,0,8.2,0,0,0,1,77,16.026400000000002
31,0,17.57,113,67,95.4,9.6,0,0,6.8,0,0,0,0,46,5.4467
33,1,25.29,99,66,74.4,6.0,0,0,7.6,0,0,0,0,33,8.345699999999999
71,0,33.88,155,72,116.1,5.5,0,0,8.7,0,0,1,1,83,24.0548
60,1,20.94,137,78,118.8,3.5,0,0,7.9,0,0,1,1,59,12.564
59,0,21.71,123,80,105.8,7.5,0,0,6.6,0,0,0,0,43,12.808900000000001
39,1,29.44,115,73,70.6,3.9,0,1,7.6,0,0,0,0,42,11.4816
36,1,19.62,93,75,89.5,5.0,0,1,7.9,1,0,0,0,18,7.0632
83,1,28.11,133,81,131.5,2.4,0,0,7.2,1,1,1,1,52,23.331300000000002
56,0,29.38,149,81,138.9,5.7,0,0,8.2,1,1,0,1,68,16.4528
36,0,23.53,118,68,84.6,6.6,0,0,8.4,0,0,0,0,50,8.4708
33,1,22.45,127,59,90.3,5.0,1,0,7.2,0,0,0,0,68,7.4085
71,1,18.63,136,81,117.4,4.3,0,1,8.7,0,1,1,0,55,13.2273
42,1,22.21,121,73,95.6,4.1,1,0,5.9,0,0,0,0,48,9.3282
35,1,30.09,123,80,96.7,5.5,0,0,7.1,1,0,0,0,43,10.531500000000001
40,0,31.66,132,74,119.4,8.5,0,0,5.9,1,0,0,0,58,12.664000000000001
28,0,27.17,144,81,91.3,8.2,1,1,6.7,0,0,0,0,63,7.6076
56,1,23.24,129,64,81.2,4.5,0,0,8.8,0,0,0,1,65,13.014399999999998
42,1,27.23,126,78,96.0,5.2,0,0,5.9,1,0,0,0,48,11.4366
80,0,22.05,137,75,112.4,6.4,0,0,6.3,1,0,0,1,62,17.64
47,0,27.84,114,75,135.5,7.7,0,0,9.0,0,0,0,0,39,13.0848
62,1,31.13,131,85,124.6,4.8,0,0,6.5,0,1,0,0,46,19.3006
78,1,24.1,158,80,77.2,3.5,1,1,8.9,0,0,1,1,78,18.798000000000002
68,0,22.14,118,80,107.7,1.1,0,0,6.8,0,0,0,1,38,15.0552
26,0,23.97,122,74,106.3,5.2,0,0,7.8,1,0,0,0,48,6.232200000000001
19,0,33.11,131,74,85.5,1.8,0,0,6.2,0,0,0,0,57,6.290900000000001
22,0,42.99,131,90,129.1,5.3,0,0,7.3,0,0,0,1,41,9.4578
79,1,30.56,159,96,131.1,1.8,0,0,4.5,0,0,1,1,63,24.1424
69,1,26.38,138,87,112.3,6.4,0,1,7.1,0,0,1,0,51,18.2022
22,1,21.15,110,76,96.7,2.7,0,1,6.2,0,0,0,0,34,4.653
76,1,20.79,132,79,99.4,6.2,0,0,5.9,0,0,1,1,53,15.8004
26,0,29.28,135,80,113.4,2.3,0,0,6.9,0,0,0,0,55,7.6128
39,1,22.28,127,66,108.7,8.7,0,0,4.9,1,1,0,0,61,8.689200000000001
44,1,32.73,140,83,99.6,7.6,0,0,7.0,0,0,0,1,57,14.4012
27,1,23.3,110,62,98.9,5.5,0,0,8.4,0,0,0,0,48,6.291
78,0,35.05,147,101,96.8,5.4,0,1,6.0,0,0,1,1,46,27.338999999999995
68,1,24.43,119,71,84.4,2.7,0,0,6.6,0,0,1,1,48,16.6124
27,1,33.37,129,81,111.5,2.2,0,1,6.7,0,0,0,0,48,9.009899999999998
23,0,30.7,106,71,118.6,2.5,0,0,8.3,0,0,0,0,35,7.061
79,0,31.71,150,92,133.7,0.9,0,0,7.4,0,1,0,1,58,25.050900000000002
22,1,26.4,114,76,108.5,2.3,0,0,6.6,0,0,0,0,38,5.808
80,1,22.95,145,67,100.5,4.6,0,0,6.5,1,0,0,1,78,18.36
73,0,32.66,139,84,127.4,4.1,0,0,7.3,1,1,0,1,55,23.8418
76,0,37.2,151,89,128.3,3.5,0,0,7.7,0,0,1,1,62,28.272000000000002
80,0,20.99,151,80,109.7,3.4,0,1,7.6,1,0,0,1,71,16.791999999999998
76,0,29.56,136,76,117.5,4.9,0,0,8.2,1,0,1,1,60,22.4656
68,1,29.54,155,83,128.2,8.1,1,1,8.1,1,0,1,1,72,20.0872
67,0,27.76,144,82,87.5,2.9,1,1,6.4,0,0,1,0,62,18.5992
21,0,35.1,113,74,78.8,5.8,0,0,9.1,0,0,0,0,39,7.371
65,1,22.3,131,75,86.3,3.8,0,0,8.7,0,0,0,0,56,14.495
49,0,33.17,125,84,105.5,6.6,0,0,8.7,0,0,0,0,41,16.253300000000003
68,1,25.19,138,76,122.4,4.7,0,1,9.6,1,0,1,1,62,17.1292
69,0,15.0,134,76,83.5,4.6,1,0,8.0,0,0,0,0,58,10.35
51,1,18.35,144,85,95.4,4.1,1,1,8.9,0,0,1,1,59,9.3585
53,1,27.01,133,70,83.1,5.0,0,0,6.1,0,0,0,0,63,14.3153
60,0,33.88,140,97,110.4,2.8,0,0,7.7,0,0,0,1,43,20.328000000000003
33,1,33.07,121,100,110.1,7.1,1,0,6.6,0,0,0,0,21,10.9131
76,1,27.41,136,75,118.6,7.0,0,0,7.1,1,1,1,0,61,20.831599999999998
70,1,20.16,119,78,102.2,5.3,0,0,8.4,1,0,0,0,41,14.112
36,0,19.8,128,74,72.3,7.9,0,1,4.3,0,0,0,0,54,7.128000000000001
58,0,29.24,124,73,72.7,5.4,0,0,7.0,0,0,0,0,51,16.9592
64,0,26.55,127,83,116.0,6.7,0,0,6.3,0,0,0,0,44,16.992
71,0,32.43,143,91,105.5,5.9,0,0,7.6,0,0,1,1,52,23.0253
72,0,24.87,128,68,134.6,4.8,0,0,5.1,0,1,0,0,60,17.9064
36,0,22.32,109,67,100.7,4.1,0,0,5.9,0,0,0,0,42,8.0352
79,1,25.19,143,69,116.5,2.9,0,1,7.3,0,0,1,0,74,19.9001
76,1,26.72,138,85,99.4,1.3,0,0,5.4,0,0,1,0,53,20.307199999999998
82,1,15.01,136,71,103.5,2.9,0,0,8.5,0,0,0,0,65,12.3082
45,1,29.54,127,78,113.3,4.7,0,1,6.4,1,0,1,1,49,13.293
35,0,27.63,120,82,106.0,5.6,0,1,6.8,1,0,0,0,38,9.670499999999999
43,1,32.29,123,82,103.0,3.3,0,0,9.6,0,0,0,0,41,13.8847
36,1,31.32,129,87,103.1,4.7,0,0,5.2,0,0,0,0,42,11.2752
72,0,33.08,151,77,131.2,3.4,0,0,9.1,1,1,0,1,74,23.8176
74,0,36.55,137,76,111.5,2.8,0,0,7.7,1,0,1,1,61,27.046999999999997
23,1,27.61,102,86,90.0,4.6,0,0,7.5,0,0,0,0,16,6.3503
18,0,15.0,100,66,113.1,2.6,0,0,6.6,1,0,0,0,34,2.7
25,1,31.8,126,83,88.5,1.4,0,1,8.6,0,0,0,0,43,7.95
68,1,33.76,129,83,125.3,1.5,0,0,7.0,1,1,0,1,46,22.956799999999998
42,0,25.48,139,68,103.5,6.0,0,1,8.2,1,0,0,0,71,10.701600000000001
64,1,15.1,134,76,102.5,9.4,0,1,7.4,1,0,0,0,58,9.664
72,0,32.83,141,82,121.1,4.9,0,0,4.9,1,1,0,1,59,23.6376
81,1,26.69,143,83,120.3,0.8,0,1,8.1,0,0,1,1,60,21.618900000000004
27,1,19.06,104,77,81.2,7.4,1,0,8.8,0,0,0,0,27,5.1462
73,0,25.25,140,66,119.5,6.2,0,1,6.2,0,1,0,0,74,18.4325
29,1,26.77,122,75,88.0,2.8,0,0,7.4,0,0,0,0,47,7.7633
50,1,25.25,117,79,103.8,3.9,0,1,8.1,1,1,1,0,38,12.625
34,0,23.87,115,78,112.3,3.8,0,1,8.2,1,0,0,0,37,8.1158
78,1,32.32,144,77,137.6,5.0,0,0,5.3,1,0,1,1,67,25.209600000000002
27,0,34.64,119,74,103.5,4.0,0,0,8.1,0,0,0,0,45,9.3528
48,1,38.01,147,95,115.5,4.5,0,1,6.4,1,1,0,1,52,18.2448
77,0,20.98,148,79,91.1,2.3,1,0,6.6,0,0,1,0,69,16.154600000000002
34,1,34.34,126,77,80.0,10.9,0,0,8.6,0,0,0,0,49,11.675600000000001
67,1,27.91,139,80,115.6,7.7,0,0,9.2,0,0,1,1,59,18.6997
54,1,28.98,135,73,124.6,3.8,0,1,7.3,0,1,0,1,62,15.6492
79,1,33.84,165,83,109.3,9.4,1,0,7.8,1,0,1,1,82,26.733600000000003
46,1,26.51,123,71,81.8,5.1,0,0,8.1,0,0,0,0,52,12.194600000000001
49,0,25.74,112,67,63.4,4.6,0,0,7.0,0,1,0,0,45,12.6126
28,0,22.78,110,68,101.4,3.2,0,0,8.8,1,0,0,0,42,6.3784
23,0,20.03,107,70,79.4,1.3,0,0,8.0,0,0,0,0,37,4.6069
52,0,23.13,123,77,95.3,8.0,0,0,5.9,0,0,0,0,46,12.0276
50,0,27.79,122,77,94.9,5.1,0,0,7.6,0,0,0,0,45,13.895
35,1,26.51,118,71,102.4,4.8,0,0,7.4,0,0,0,0,47,9.278500000000001
54,1,24.59,151,78,99.1,3.2,1,1,6.1,0,0,0,1,73,13.278599999999999
30,0,24.77,115,75,97.4,9.2,0,0,8.5,1,0,0,0,40,7.431
81,0,32.9,151,89,127.9,6.4,0,0,5.4,1,1,1,0,62,26.649
18,0,27.82,118,75,83.1,3.9,0,0,8.0,0,0,0,0,43,5.0076
80,1,21.04,144,75,90.4,4.0,0,0,9.6,0,0,1,0,69,16.831999999999997
51,0,27.14,141,84,112.3,3.4,1,0,6.3,1,0,1,1,57,13.8414
27,1,30.37,125,71,97.4,4.2,1,0,7.7,1,0,0,0,54,8.1999
24,1,32.35,121,71,135.4,6.3,0,0,7.5,1,0,0,0,50,7.764000000000001
73,1,30.07,137,72,123.1,9.2,0,0,7.5,1,0,1,0,65,21.9511
54,0,31.72,145,87,118.8,5.6,0,0,10.0,1,1,0,1,58,17.1288
46,0,29.74,145,76,146.1,4.4,1,0,6.4,1,1,1,1,69,13.680399999999999
29,0,15.16,114,71,104.1,2.6,0,0,5.5,1,0,0,0,43,4.3964
34,0,25.87,127,85,94.8,1.3,1,0,8.1,0,0,0,0,42,8.7958
65,1,26.28,128,64,92.2,3.4,0,0,6.1,0,0,0,0,64,17.082
43,0,38.63,147,88,122.3,5.6,1,0,6.5,1,0,1,1,59,16.6109
29,0,31.2,126,79,125.1,0.7,0,0,5.8,0,0,1,0,47,9.048
38,1,25.11,121,81,128.8,3.2,1,0,7.3,0,0,0,0,40,9.5418
59,0,22.32,133,77,124.9,4.1,0,1,9.7,1,0,0,1,56,13.168800000000001
78,0,24.8,151,81,92.7,2.9,0,1,7.7,0,0,1,1,70,19.344
75,1,22.11,135,82,108.2,5.5,0,1,6.8,0,0,1,1,53,16.5825
71,1,39.44,152,95,127.2,0.9,0,0,6.7,0,1,1,1,57,28.002399999999998
51,0,26.71,121,71,107.1,1.7,0,0,6.8,0,0,0,0,50,13.6221
24,1,31.58,134,73,109.0,3.7,0,1,6.6,1,0,0,0,61,7.579199999999999
52,1,29.79,135,89,100.5,5.7,0,1,8.0,1,0,0,0,46,15.4908
32,0,30.61,123,73,100.1,5.2,0,0,7.5,1,0,0,0,50,9.7952
82,1,21.69,144,90,113.2,5.8,1,0,6.7,0,0,1,1,54,17.785800000000002
42,1,34.56,120,80,106.7,1.5,0,0,6.7,0,0,0,0,40,14.5152
76,1,26.29,151,77,104.5,3.6,0,0,6.5,0,0,1,0,74,19.9804
23,1,35.5,124,89,99.7,1.2,0,1,6.3,0,0,0,0,35,8.165
69,0,29.27,150,87,118.6,1.5,0,0,5.5,1,0,1,1,63,20.196299999999997
38,1,36.97,127,78,116.2,1.3,0,0,6.7,0,0,0,0,49,14.048599999999999
49,0,30.28,137,83,103.0,7.8,0,0,5.6,0,0,0,0,54,14.837200000000001
70,0,25.72,134,79,110.7,5.0,1,1,6.1,0,0,0,0,55,18.003999999999998
76,0,34.95,138,84,125.0,3.7,0,0,8.4,0,1,1,0,54,26.562
79,1,27.6,142,80,136.4,2.4,0,0,7.3,1,1,1,0,62,21.804000000000002
21,1,29.92,106,76,99.2,5.3,0,0,7.4,0,0,0,0,30,6.283200000000001
35,0,27.32,112,80,93.2,4.7,0,0,6.2,0,0,0,0,32,9.562000000000001
73,1,23.66,139,79,118.3,1.8,0,0,7.1,0,0,1,0,60,17.2718
41,1,25.88,120,82,81.7,3.3,0,0,7.0,0,0,0,0,38,10.6108
83,1,30.93,163,84,122.5,4.3,1,0,7.8,0,0,1,1,79,25.6719
30,0,32.44,123,81,121.0,4.5,0,0,7.3,1,1,0,0,42,9.732
79,1,15.09,147,77,122.6,2.0,1,0,7.1,1,0,1,0,70,11.9211
71,1,28.66,141,79,83.8,5.4,0,0,6.2,0,0,0,1,62,20.348599999999998
32,0,26.35,121,69,98.1,5.6,0,0,6.3,0,0,0,0,52,8.432
20,0,18.85,119,79,91.5,7.8,0,0,6.3,1,0,0,0,40,3.77
54,1,31.77,154,88,133.8,1.8,1,0,5.9,1,1,1,1,66,17.1558
54,1,37.28,141,92,109.3,3.2,1,0,7.6,0,0,0,1,49,20.1312
20,1,35.39,138,90,87.4,4.5,1,0,7.1,0,0,0,1,48,7.077999999999999
80,0,15.0,132,77,116.8,5.5,0,1,6.7,0,0,0,0,55,12.0
52,1,28.68,124,77,93.1,11.1,0,0,7.3,1,0,0,0,47,14.913599999999999
69,0,23.03,135,66,118.0,2.6,0,0,6.0,1,0,1,0,69,15.890700000000002
45,0,24.2,134,84,86.1,2.7,0,0,6.0,0,0,1,1,50,10.89
35,0,25.34,116,72,97.4,3.9,0,0,6.0,0,0,0,0,44,8.869
53,0,15.0,126,82,110.7,7.8,0,0,7.8,1,0,0,0,44,7.95
50,1,15.0,136,88,93.5,3.1,1,1,8.1,1,0,0,0,48,7.5
81,1,27.29,152,98,96.8,2.0,1,1,6.8,0,0,1,1,54,22.104899999999997
43,0,28.24,127,77,113.8,4.5,0,0,8.5,1,0,0,0,50,12.1432
65,1,25.67,124,69,119.7,3.7,0,1,7.4,1,1,0,0,55,16.6855
57,0,19.56,129,68,115.9,3.2,0,0,6.6,0,0,0,0,61,11.149199999999999
34,0,24.46,135,69,105.5,1.5,0,0,7.4,0,0,0,0,66,8.3164
57,1,35.18,144,84,113.1,2.4,0,0,8.2,0,0,0,0,60,20.052599999999998
24,0,24.7,100,76,91.6,7.4,0,0,7.9,1,0,0,0,24,5.928
74,0,23.88,158,67,113.7,3.3,0,1,6.3,0,0,0,1,91,17.6712
25,0,33.97,115,78,87.3,3.7,0,0,7.0,0,0,0,0,37,8.4925
73,1,25.55,135,78,112.3,4.7,0,1,6.7,0,0,0,0,57,18.651500000000002
48,0,30.75,133,74,115.9,6.3,0,0,5.3,1,0,0,0,59,14.76
76,0,29.47,154,83,130.0,2.4,0,0,6.0,0,1,1,1,71,22.397199999999998
75,1,21.62,142,74,90.6,3.9,0,0,7.9,0,1,0,0,68,16.215
29,0,21.05,122,71,84.9,2.0,0,0,7.2,0,0,0,0,51,6.104500000000001
65,0,18.98,141,74,129.8,2.3,1,1,6.9,0,0,1,1,67,12.337
48,0,20.94,118,72,88.1,5.4,0,0,7.4,1,0,0,0,46,10.051200000000001
80,0,31.6,135,86,105.3,5.3,0,0,7.3,0,0,1,1,49,25.28
56,1,22.03,133,82,92.4,2.9,0,0,7.8,0,0,0,0,51,12.3368
37,1,26.0,124,75,112.8,2.4,0,0,8.1,0,0,0,0,49,9.62
65,1,25.17,130,68,103.7,4.7,0,1,6.5,0,0,0,0,62,16.360500000000002
71,0,29.0,154,86,114.7,0.7,1,1,7.5,0,0,1,1,68,20.59
46,0,18.88,115,72,95.5,4.4,0,1,6.5,0,0,0,0,43,8.6848
65,0,33.17,145,92,95.2,3.2,0,0,5.5,0,0,0,0,53,21.5605
73,0,35.13,142,89,133.6,3.7,0,0,7.8,1,1,0,0,53,25.644900000000003
34,0,26.65,133,82,94.2,7.5,1,0,6.5,1,0,0,0,51,9.061
26,0,15.0,113,71,89.0,2.3,0,0,6.7,1,0,0,0,42,3.9
51,0,21.82,130,61,85.6,3.9,0,0,6.4,0,0,0,0,69,11.1282
62,1,28.63,140,73,115.9,6.3,0,0,7.0,0,0,1,1,67,17.7506
26,0,28.96,113,77,97.9,2.9,0,0,5.9,1,0,0,0,36,7.5296
24,0,25.3,109,74,80.2,4.1,0,0,8.0,0,0,0,0,35,6.072
33,0,33.18,114,87,82.4,4.8,0,0,7.9,1,0,0,0,27,10.9494
36,0,23.46,122,71,101.3,3.6,0,0,7.5,0,0,0,0,51,8.4456
23,1,32.51,116,85,72.9,2.2,0,1,7.6,0,0,0,0,31,7.477299999999999
28,0,26.81,118,66,78.2,5.0,0,0,7.3,0,0,0,0,52,7.506799999999999
78,0,23.52,136,66,111.1,6.8,0,0,6.2,0,0,1,0,70,18.3456
59,0,31.04,139,81,104.1,1.7,0,0,6.7,1,0,1,1,58,18.313599999999997
30,0,26.55,130,90,109.8,2.0,1,0,8.3,1,1,0,1,40,7.965
29,1,31.95,133,86,64.4,10.2,0,0,5.2,0,0,0,0,47,9.2655
37,1,43.66,142,82,126.9,2.5,0,0,7.0,0,1,0,0,60,16.1542
67,0,21.38,114,84,94.3,2.2,0,0,7.4,1,0,0,0,30,14.3246
53,1,31.91,139,85,108.9,4.3,0,0,6.4,0,0,1,1,54,16.912300000000002
54,0,30.5,129,82,129.5,4.8,0,1,7.4,0,1,0,0,47,16.47
29,0,37.12,141,95,117.8,2.2,1,0,6.3,0,0,0,1,46,10.764800000000001
57,0,32.1,149,81,101.5,7.1,1,0,6.6,0,0,0,1,68,18.297
71,1,35.92,163,86,132.0,1.9,0,0,7.9,1,1,1,1,77,25.503200000000003
19,0,21.09,121,76,99.0,5.9,0,0,7.1,1,0,0,0,45,4.007099999999999
67,1,19.4,135,84,118.9,1.7,0,1,6.9,1,1,1,0,51,12.998
58,0,21.34,119,71,99.4,2.8,0,0,8.0,1,0,0,0,48,12.3772
62,0,25.89,135,88,84.3,5.0,0,1,6.9,0,0,1,1,47,16.0518
26,1,34.82,113,76,113.7,7.7,0,0,8.3,0,0,0,0,37,9.0532
79,1,36.11,135,83,135.0,8.5,0,0,8.1,0,1,1,1,52,28.5269
64,1,24.68,137,82,100.3,2.0,0,0,6.9,0,0,0,1,55,15.7952
22,1,26.15,119,70,82.6,4.9,0,0,6.6,0,0,0,0,49,5.752999999999999
18,0,20.0,106,60,94.0,5.2,0,0,7.6,0,0,0,0,46,3.6
61,0,27.22,140,74,112.4,2.4,0,1,8.3,1,0,1,1,66,16.6042
39,0,25.65,115,75,103.3,2.8,0,0,6.8,0,0,0,0,40,10.003499999999999
55,0,25.67,124,76,79.9,4.4,0,0,8.9,0,0,0,0,48,14.118500000000001
36,1,33.65,139,87,93.9,2.5,0,0,7.6,0,0,0,0,52,12.113999999999999
48,1,29.15,137,83,105.3,5.5,0,0,7.0,1,0,0,0,54,13.991999999999997
84,1,19.22,149,86,132.0,4.9,1,0,5.8,0,0,1,0,63,16.1448
59,0,15.0,122,68,114.8,1.5,0,0,6.1,1,0,0,0,54,8.85
43,1,30.0,116,74,123.3,3.4,0,0,7.1,1,0,0,0,42,12.9
30,1,28.15,132,81,106.5,3.3,1,1,8.4,0,0,1,0,51,8.445
75,0,28.99,151,84,113.3,5.6,1,1,6.1,1,0,1,1,67,21.7425
35,0,28.15,113,89,83.6,3.5,0,1,7.6,0,0,0,0,24,9.8525
84,1,20.16,133,86,96.5,5.9,0,1,5.9,0,0,1,0,47,16.9344
20,1,25.7,115,76,71.0,10.6,0,1,8.5,0,0,0,0,39,5.14
72,1,25.03,140,86,135.8,6.3,0,1,5.4,1,1,1,1,54,18.0216
75,0,26.33,143,79,120.6,3.7,0,1,5.8,0,0,1,0,64,19.7475
80,0,31.89,142,88,129.2,2.8,0,0,7.6,0,1,0,1,54,25.511999999999997
69,0,23.45,145,78,100.2,2.4,0,1,7.1,0,0,1,0,67,16.1805
41,0,20.1,132,72,101.8,2.9,0,0,7.9,0,0,0,0,60,8.241
26,1,34.57,124,76,95.7,3.8,0,0,6.0,0,1,0,0,48,8.9882
54,0,22.56,127,80,106.7,6.7,0,0,6.8,1,0,0,0,47,12.1824
70,1,33.48,143,83,112.2,4.9,0,0,8.1,0,0,1,1,60,23.436
41,1,39.28,158,97,108.3,2.2,0,0,7.3,0,0,0,1,61,16.1048
38,0,35.54,129,86,111.0,5.7,0,1,5.9,0,0,1,0,43,13.5052
57,0,30.65,129,89,121.8,4.9,0,0,7.1,1,0,0,0,40,17.4705
79,1,25.65,150,81,120.6,3.7,1,0,7.3,0,1,1,0,69,20.2635
31,1,32.1,114,79,81.6,8.1,0,1,7.1,0,0,0,1,35,9.951
59,0,26.67,127,66,86.8,2.5,0,0,9.1,1,0,0,0,61,15.735300000000002
67,0,35.01,149,87,130.5,7.0,0,1,7.5,0,1,0,1,62,23.4567
78,1,30.5,156,74,135.8,2.6,0,1,8.3,1,0,1,0,82,23.79
21,1,28.99,129,73,135.7,4.1,0,1,8.5,1,1,0,0,56,6.087899999999999
34,0,27.09,135,78,107.8,2.2,1,0,6.0,0,0,0,1,57,9.2106
74,1,23.93,150,79,112.3,1.5,0,0,6.5,0,0,0,0,71,17.708199999999998
65,1,26.79,138,85,115.5,4.2,1,1,7.9,0,0,1,1,53,17.4135
61,0,28.5,136,76,103.4,5.7,0,0,7.3,0,0,1,1,60,17.385
62,1,25.31,132,81,95.2,2.8,0,0,7.9,0,0,0,0,51,15.6922
50,0,28.53,140,77,94.9,0.9,0,0,6.4,0,0,0,1,63,14.265
48,0,32.52,117,71,115.5,3.5,0,0,6.9,0,0,0,0,46,15.6096
64,0,28.41,137,79,107.1,8.3,1,0,6.8,0,0,0,0,58,18.1824
23,0,23.7,97,61,90.1,6.0,0,0,6.9,0,0,0,0,36,5.4510000000000005
51,1,15.0,127,73,102.8,4.9,0,0,6.5,0,0,0,0,54,7.65
70,1,33.84,153,94,123.0,0.4,0,0,7.1,0,0,1,1,59,23.688000000000002
31,0,26.16,108,70,74.7,10.2,0,0,9.2,0,0,0,0,38,8.1096
33,0,27.96,126,68,81.1,3.5,0,0,9.7,1,0,0,0,58,9.2268
60,1,29.96,150,74,87.2,2.9,0,1,8.4,0,0,0,1,76,17.976000000000003
29,0,29.96,141,77,112.7,2.4,1,1,6.3,1,0,0,0,64,8.6884
36,0,31.2,122,78,107.4,3.5,0,0,5.9,0,0,0,0,44,11.232000000000001
58,1,32.65,133,87,124.8,3.1,0,1,9.6,0,1,1,0,46,18.936999999999998
70,1,31.18,135,82,109.9,8.4,0,0,5.6,1,0,0,1,53,21.826
46,0,15.0,118,70,88.2,12.1,0,0,7.0,0,0,0,0,48,6.9
76,1,29.08,143,78,118.9,4.7,0,0,8.4,0,0,1,0,65,22.1008
81,0,28.28,140,85,112.0,5.1,0,0,6.6,0,0,0,1,55,22.906800000000004
41,1,25.33,119,76,84.9,5.1,0,0,7.4,0,0,0,0,43,10.385299999999999
33,1,29.58,130,71,105.9,10.9,1,0,6.7,1,0,0,0,59,9.7614
69,1,26.92,130,87,134.6,1.2,0,0,6.3,0,0,1,0,43,18.5748
23,1,23.51,118,72,89.2,1.2,0,1,8.2,0,0,0,0,46,5.4073
54,0,33.97,141,75,108.0,1.0,0,0,5.5,1,0,1,1,66,18.343799999999998
21,0,28.82,108,66,76.1,7.5,0,1,6.6,0,0,0,0,42,6.0522
55,0,27.8,131,82,121.0,2.7,0,1,6.7,1,0,0,0,49,15.29
58,1,15.0,128,63,102.2,2.5,0,0,8.4,0,0,0,0,65,8.7
31,1,39.15,132,91,102.0,5.3,1,0,6.6,0,0,1,1,41,12.136499999999998
68,1,15.99,143,82,103.7,5.6,1,0,6.3,1,0,1,0,61,10.873199999999999
82,1,29.84,146,77,110.5,5.9,0,0,7.3,0,0,1,1,69,24.4688
69,0,30.94,150,81,116.0,0.9,0,0,6.0,1,1,1,1,69,21.3486
47,0,36.34,123,79,127.2,3.8,0,0,8.7,1,0,0,1,44,17.079800000000002
74,0,21.22,121,75,104.0,3.8,0,0,6.6,0,0,0,0,46,15.7028
47,0,22.11,119,68,95.3,3.9,0,0,7.1,0,0,0,0,51,10.3917
59,0,31.44,134,94,98.0,6.4,0,0,7.4,0,0,0,1,40,18.5496
28,1,30.58,124,70,116.2,5.0,0,0,7.2,1,0,0,0,54,8.5624
44,0,36.67,142,82,108.9,2.1,0,0,6.6,1,0,1,1,60,16.1348
41,1,33.11,130,84,110.3,6.4,0,0,5.6,0,1,0,0,46,13.575099999999999
56,1,24.84,135,75,106.3,6.1,1,0,7.5,0,0,0,0,60,13.9104
35,0,26.16,115,66,107.3,4.4,0,0,6.9,0,0,0,0,49,9.156
62,1,29.83,127,84,96.6,3.6,0,0,7.0,0,0,0,1,43,18.4946
29,0,17.93,114,79,104.5,0.8,0,0,7.2,1,0,0,0,35,5.1997
66,0,30.05,150,85,102.8,5.0,0,1,8.3,1,0,0,0,65,19.833
48,0,30.47,127,76,122.6,6.7,0,0,4.0,0,0,0,1,51,14.625599999999999
39,0,22.1,142,77,86.2,2.2,1,0,6.2,0,0,0,0,65,8.619000000000002
61,1,25.56,125,85,107.3,2.8,0,0,7.9,0,0,0,0,40,15.591599999999998
81,1,15.3,139,83,122.2,4.0,1,0,7.7,0,0,1,1,56,12.392999999999999
42,0,32.19,135,76,106.3,3.3,1,0,6.6,1,0,1,0,59,13.5198
68,0,29.22,139,75,102.0,5.3,0,0,6.8,0,0,0,0,64,19.869600000000002
24,0,19.22,108,63,83.2,4.1,1,0,5.5,0,0,0,1,45,4.6128
23,1,20.65,122,55,89.3,4.1,0,0,7.4,0,0,0,0,67,4.7495
41,0,24.28,111,58,102.0,4.2,0,0,9.2,0,0,0,0,53,9.9548
36,1,31.73,126,71,98.7,5.5,0,1,7.1,0,0,0,0,55,11.4228
26,1,29.73,130,76,91.2,10.5,1,0,8.0,1,0,0,1,54,7.7298
53,0,22.03,129,86,91.2,1.1,0,0,7.7,1,0,1,1,43,11.675900000000002
57,1,23.36,145,73,105.6,1.2,0,0,6.6,0,0,1,0,72,13.315199999999999
41,0,27.11,146,78,80.2,2.6,1,0,6.4,0,0,0,1,68,11.1151
65,1,22.16,119,71,108.1,4.7,0,0,7.8,1,0,0,0,48,14.404000000000002
80,0,23.78,144,82,116.3,5.0,0,0,6.3,1,0,0,1,62,19.024
70,0,30.81,141,85,127.6,5.7,0,0,8.3,1,0,0,1,56,21.566999999999997
71,1,19.68,128,82,108.1,4.0,0,0,7.6,0,0,0,1,46,13.9728
59,1,25.97,141,66,100.7,3.8,0,0,7.2,0,0,0,1,75,15.3223
62,1,25.54,144,84,77.9,6.4,1,1,6.5,0,0,1,0,60,15.8348
31,0,26.55,108,67,109.8,7.1,0,0,7.2,0,0,0,0,41,8.230500000000001
46,1,28.33,134,70,92.2,1.9,0,1,7.4,0,0,0,1,64,13.031799999999999
23,0,30.36,107,82,110.8,7.7,0,0,6.1,1,0,0,0,25,6.9828
24,0,31.35,121,73,94.4,2.3,0,0,7.3,0,0,0,0,48,7.524000000000001
54,0,24.81,134,81,131.6,3.3,0,1,8.4,0,1,1,1,53,13.3974
70,1,25.92,145,77,88.7,3.9,0,0,6.8,0,0,0,1,68,18.144000000000002
35,1,28.84,124,78,90.4,8.4,0,0,6.8,0,0,0,0,46,10.094
55,0,27.84,140,78,99.9,3.6,0,0,6.2,0,0,0,1,62,15.312000000000001
76,0,30.11,164,84,123.2,0.7,0,1,7.9,0,0,1,1,80,22.8836
18,0,29.41,116,74,88.0,0.5,0,1,6.1,0,0,0,0,42,5.2938
61,0,22.02,140,63,136.2,2.1,0,0,5.0,0,1,0,0,77,13.4322
64,0,37.67,139,78,116.8,2.2,0,0,6.7,1,1,1,1,61,24.108800000000002
52,1,26.82,134,76,94.8,5.0,0,0,6.5,0,1,0,0,58,13.9464
77,1,30.86,137,85,108.4,1.6,0,0,8.1,0,0,1,1,52,23.762199999999996
69,1,30.34,127,79,108.9,5.2,0,0,7.9,1,0,0,0,48,20.9346
25,0,28.38,129,75,107.9,5.6,0,1,6.5,1,1,0,0,54,7.095
58,0,28.32,134,74,109.8,3.3,0,0,6.0,0,0,0,1,60,16.4256
20,0,32.18,108,85,97.2,6.4,0,0,5.7,1,0,0,0,23,6.436
31,1,25.59,135,84,74.3,8.2,1,0,7.1,0,0,0,1,51,7.9329
43,0,31.3,128,79,108.0,3.3,0,0,6.6,0,0,0,0,49,13.459000000000001
75,1,29.71,143,82,137.6,3.9,1,1,7.9,1,1,1,1,61,22.2825
57,1,33.62,122,78,106.9,4.9,0,0,7.6,1,1,0,0,44,19.1634
68,0,23.92,135,77,114.6,5.9,0,1,6.8,0,0,0,0,58,16.265600000000003
22,0,27.29,127,73,108.5,6.1,0,0,7.3,1,1,0,0,54,6.0038
49,1,21.84,94,72,79.1,6.1,0,0,9.4,0,0,0,0,22,10.701600000000001
18,1,33.24,115,69,100.9,3.7,0,0,6.3,1,0,0,0,46,5.9832
71,0,22.51,133,74,94.5,4.4,0,0,6.3,0,0,0,1,59,15.9821
28,0,28.73,142,87,104.4,5.1,1,1,5.6,0,0,1,0,55,8.044400000000001
70,1,24.17,135,77,86.3,3.8,0,1,6.7,0,0,0,0,58,16.919
25,1,33.42,126,78,108.6,8.5,0,0,7.2,1,1,0,0,48,8.355
42,0,26.46,130,79,110.0,4.7,0,0,7.6,1,0,1,0,51,11.113199999999999
57,0,30.58,124,83,120.6,3.7,0,0,6.5,1,0,1,0,41,17.4306
49,0,20.51,117,77,105.8,4.2,0,0,7.4,0,0,0,1,40,10.049900000000001
45,1,23.14,119,89,94.5,2.7,0,0,4.5,0,1,0,0,30,10.413
20,0,30.32,121,68,101.0,1.3,0,0,5.6,0,0,0,0,53,6.064
79,1,34.29,147,86,119.5,3.8,0,0,7.6,0,1,1,1,61,27.0891
44,1,29.85,137,83,98.9,5.7,0,0,7.7,0,0,0,0,54,13.134
62,0,40.62,147,86,127.5,2.0,0,1,8.9,1,1,0,1,61,25.1844
42,1,31.39,123,78,119.5,4.1,0,1,6.4,1,0,0,0,45,13.183800000000002
78,0,26.89,138,71,96.9,3.5,0,0,6.9,0,0,1,0,67,20.9742
61,1,24.94,137,78,125.9,4.1,0,1,6.7,1,0,1,1,59,15.213400000000002
63,1,37.34,137,97,132.7,6.3,1,0,7.7,1,1,1,1,40,23.5242
31,0,31.48,117,83,101.5,4.5,0,0,6.2,0,0,0,0,34,9.7588
25,0,23.81,120,74,120.4,2.4,1,1,7.4,1,1,0,0,46,5.9525
65,1,22.98,131,66,99.8,4.5,0,0,8.1,0,0,0,1,65,14.937000000000001
31,0,22.95,131,69,100.2,1.7,0,0,8.1,1,0,0,0,62,7.1145
82,0,29.77,148,88,114.9,2.0,0,0,9.0,0,1,1,1,60,24.4114
24,0,17.99,113,77,78.7,8.5,0,0,5.6,0,0,0,0,36,4.3176
66,1,23.84,141,84,90.3,1.5,0,0,7.6,0,0,0,1,57,15.7344
72,1,28.53,132,92,122.2,6.5,0,0,6.1,1,0,0,1,40,20.5416
30,1,26.96,118,70,92.4,6.5,0,0,5.3,0,0,0,0,48,8.088000000000001
73,0,24.16,148,84,88.4,1.3,1,1,5.2,0,0,1,0,64,17.6368
73,0,30.83,139,76,114.3,1.4,0,0,7.8,1,0,0,1,63,22.505899999999997
32,0,30.8,134,73,120.2,5.5,0,0,6.5,0,0,0,0,61,9.856
74,0,25.54,132,86,126.4,1.9,0,0,6.2,0,0,0,0,46,18.8996
75,1,23.72,148,85,80.8,7.6,1,0,8.2,0,0,1,1,63,17.79
52,1,31.81,140,73,111.3,7.5,1,1,6.7,0,0,0,1,67,16.5412
33,0,25.88,112,62,80.1,9.7,0,0,7.3,1,0,0,0,50,8.5404
25,1,26.88,116,71,100.1,3.9,0,0,5.3,0,0,0,0,45,6.72
62,0,31.34,135,85,101.1,10.1,0,1,7.4,1,0,0,0,50,19.430799999999998
57,0,20.42,124,77,107.1,8.8,0,0,7.3,0,0,0,0,47,11.6394
71,1,23.79,145,75,86.2,4.3,0,0,7.8,0,0,1,0,70,16.8909
31,1,25.29,111,70,73.4,2.6,0,0,6.6,0,0,0,1,41,7.8399
76,1,37.86,139,85,112.6,3.6,0,0,7.6,0,0,1,1,54,28.773600000000002
70,0,19.53,141,67,116.8,5.8,0,0,6.1,1,0,0,0,74,13.671000000000001
44,0,27.03,116,76,102.6,5.5,0,0,7.3,0,0,0,0,40,11.893200000000002
64,0,21.66,126,86,94.5,5.1,1,0,9.0,0,0,0,0,40,13.862400000000001
23,1,40.19,129,84,127.8,2.6,0,0,6.0,1,1,1,0,45,9.243699999999999
72,1,28.35,145,86,111.9,2.1,0,0,6.6,0,0,1,0,59,20.412
61,0,21.27,114,85,121.7,2.9,0,0,7.4,1,0,0,0,29,12.9747
35,1,17.25,101,70,82.0,1.6,0,1,6.6,0,0,0,0,31,6.0375
33,0,30.35,121,77,120.3,1.9,0,1,7.2,1,1,0,0,44,10.015500000000001
29,1,27.92,114,78,117.5,3.0,0,0,6.4,1,0,1,0,36,8.0968
37,0,30.49,139,85,104.8,1.3,0,1,7.1,0,0,0,1,54,11.281299999999998
62,0,20.96,119,86,89.6,0.8,0,1,6.6,0,0,0,1,33,12.9952
81,0,37.64,146,90,127.0,2.3,0,0,7.5,1,1,1,1,56,30.488400000000002
76,0,27.28,124,85,84.4,5.0,0,0,6.1,0,0,0,0,39,20.7328
39,1,29.26,124,74,113.7,5.5,0,0,6.3,0,0,0,0,50,11.4114
64,1,30.42,141,77,127.6,2.5,0,0,5.7,1,0,1,1,64,19.4688
46,1,27.4,132,75,82.6,5.8,0,0,7.7,0,0,0,0,57,12.604
62,1,34.37,148,81,97.0,5.1,0,0,8.7,0,0,0,1,67,21.3094
26,0,23.73,120,66,81.5,2.2,0,1,8.1,0,0,0,0,54,6.1698
41,1,32.73,132,71,91.9,9.8,0,0,8.3,0,0,0,0,61,13.419299999999998
32,1,34.53,121,82,130.2,9.6,0,0,7.4,1,0,0,0,39,11.0496
53,0,32.81,136,82,111.6,6.4,0,1,7.5,0,0,0,1,54,17.389300000000002
30,0,35.12,133,85,96.0,2.5,0,0,6.8,1,0,1,0,48,10.536
61,1,22.56,128,68,106.7,2.8,0,0,7.2,1,0,0,0,60,13.761599999999998
53,0,29.68,129,80,119.5,2.9,0,0,7.2,1,1,1,1,49,15.7304
78,1,29.22,133,77,138.4,7.1,0,0,6.0,0,0,1,1,56,22.7916
57,0,27.23,127,72,91.9,4.5,0,0,7.2,0,0,0,1,55,15.5211
44,1,30.44,119,75,88.8,6.9,0,0,4.8,0,0,0,0,44,13.393600000000001
18,1,33.8,129,80,105.6,6.2,0,1,6.1,0,0,0,0,49,6.084
51,0,22.61,118,75,88.3,2.8,0,0,8.4,0,0,0,0,43,11.531099999999999
38,0,19.8,133,66,105.3,2.8,0,0,6.9,1,0,0,0,67,7.524
50,0,25.61,132,82,98.7,8.4,0,1,8.3,0,0,1,0,50,12.805
24,0,15.0,107,63,102.8,4.3,1,0,7.3,0,0,0,0,44,3.6
82,1,26.4,144,80,126.4,6.1,0,1,4.8,0,0,0,0,64,21.647999999999996
20,0,35.09,132,83,62.9,7.0,0,0,8.4,0,0,0,0,49,7.018000000000001
68,1,18.54,122,73,112.4,3.6,0,0,7.1,1,0,0,0,49,12.6072
71,0,24.38,130,80,93.0,3.0,0,0,7.2,0,0,0,0,50,17.3098
76,1,20.21,130,80,115.9,0.9,0,0,5.6,1,0,0,0,50,15.3596
23,1,29.1,117,70,104.1,1.6,0,0,7.7,1,0,0,0,47,6.6930000000000005
46,0,30.49,127,80,89.8,1.2,0,0,8.2,1,0,0,0,47,14.0254
34,1,26.92,116,66,80.1,9.9,0,0,8.4,0,0,0,0,50,9.152800000000001
77,1,22.83,145,74,115.2,6.7,0,0,7.3,1,0,1,0,71,17.579099999999997
39,0,27.9,120,75,106.1,3.1,0,0,9.1,1,0,0,0,45,10.880999999999998
41,1,33.98,138,88,108.9,3.0,1,1,6.6,0,0,1,1,50,13.931799999999999
68,0,31.96,153,78,134.7,2.0,0,0,5.6,0,1,1,1,75,21.7328
67,0,24.44,129,79,105.6,7.5,0,0,8.4,1,0,0,0,50,16.3748
28,1,24.92,127,90,110.6,4.5,1,1,7.5,0,0,0,0,37,6.9776
73,1,24.76,154,87,119.0,4.2,0,1,4.0,0,0,1,1,67,18.0748
59,1,29.64,134,89,132.5,1.7,0,0,8.8,0,1,0,1,45,17.4876
56,0,18.79,109,75,82.2,5.5,0,0,6.6,0,0,0,0,34,10.5224
65,1,29.95,132,86,120.9,8.7,0,0,8.7,0,0,0,0,46,19.4675
74,1,23.66,123,69,103.4,1.9,0,0,7.1,0,0,0,0,54,17.508399999999998
38,1,25.26,123,69,113.2,2.3,0,0,6.5,0,0,0,0,54,9.5988
37,0,22.56,114,74,104.5,3.4,0,0,7.0,1,0,0,1,40,8.347199999999999
32,1,31.04,122,82,102.2,4.4,1,0,7.6,0,0,1,0,40,9.9328
68,1,23.36,136,77,74.7,8.5,1,0,7.8,0,0,0,0,59,15.8848
79,0,21.24,143,75,101.3,3.7,0,0,6.6,0,0,0,0,68,16.7796
54,1,23.44,109,77,104.4,2.5,1,0,6.0,1,1,1,0,32,12.6576
23,0,20.52,118,68,82.9,5.6,0,0,7.1,0,0,0,0,50,4.7196
43,0,31.8,132,84,115.5,5.1,0,0,6.3,1,0,0,0,48,13.674000000000001
25,1,20.4,103,72,90.6,5.3,1,0,5.7,0,0,0,0,31,5.1
21,1,26.55,107,69,127.6,3.1,0,0,6.9,1,0,0,0,38,5.575500000000001
38,0,23.03,118,84,86.6,2.7,0,0,6.5,0,0,0,0,34,8.7514
48,0,35.9,142,85,105.9,7.4,0,1,6.3,0,0,0,1,57,17.232
38,1,29.25,130,85,116.0,2.2,1,0,6.0,1,1,1,1,45,11.115
42,1,23.15,116,83,95.7,3.1,1,0,8.4,0,0,0,0,33,9.722999999999999
32,1,27.79,121,75,110.0,6.3,0,0,5.5,1,0,0,1,46,8.8928
52,1,21.53,110,70,132.1,4.6,0,0,7.6,1,0,0,0,40,11.195599999999999
66,1,30.69,139,80,114.8,2.3,0,0,7.6,0,1,1,0,59,20.2554
60,0,27.77,137,83,126.4,5.4,1,0,8.0,0,0,1,1,54,16.662
58,1,29.23,136,88,97.2,3.0,0,1,7.6,0,0,1,0,48,16.9534
54,0,21.27,110,75,85.3,5.7,0,0,6.3,0,0,0,0,35,11.4858
74,1,18.77,142,78,119.0,2.3,0,1,7.9,0,1,0,0,64,13.889800000000001
59,0,17.15,136,69,105.1,5.0,0,0,5.3,0,0,1,0,67,10.1185
64,0,17.59,128,80,102.2,9.9,0,1,8.5,0,0,0,0,48,11.2576
78,1,26.86,154,72,91.9,6.6,0,1,7.9,0,0,0,1,82,20.9508
31,1,37.95,127,85,95.6,7.9,0,1,4.5,0,0,0,0,42,11.7645
70,1,24.48,123,85,112.7,4.0,0,0,7.3,1,0,1,0,38,17.136000000000003
51,1,23.44,127,80,113.8,4.2,0,0,6.9,0,0,0,0,47,11.9544
41,0,26.49,113,71,100.1,4.9,0,0,7.6,1,0,0,0,42,10.860899999999999
37,1,22.24,128,68,88.3,1.4,0,1,6.0,0,0,1,0,60,8.2288
47,0,19.37,132,77,108.7,2.9,0,1,5.9,0,0,0,0,55,9.103900000000001
24,0,23.0,115,68,98.9,3.7,0,0,7.6,1,0,0,0,47,5.52
53,0,25.48,129,75,114.1,1.9,0,0,8.3,0,0,0,0,54,13.5044
55,1,37.58,141,81,110.7,4.6,0,0,6.5,0,0,0,0,60,20.669
69,1,23.97,132,80,111.8,8.4,0,0,6.5,0,0,0,1,52,16.539299999999997
32,1,27.93,120,69,95.8,3.3,0,0,6.9,0,0,0,0,51,8.9376
63,0,18.84,107,73,107.3,5.6,0,0,6.1,1,0,0,0,34,11.869200000000001
40,0,30.82,137,89,128.1,2.6,0,0,4.7,1,0,1,0,48,12.328
29,1,22.51,118,70,84.1,7.0,0,0,6.7,0,0,0,0,48,6.527900000000001
61,0,20.25,128,75,102.4,3.5,0,0,8.8,1,0,0,0,53,12.3525
32,0,20.84,129,77,90.0,4.2,1,0,5.4,0,0,0,0,52,6.6688
66,1,23.08,147,87,141.0,1.3,0,0,4.7,1,1,1,0,60,15.2328
38,1,20.09,106,73,66.5,7.8,0,0,8.9,0,0,0,0,33,7.6342
32,0,28.49,124,82,78.2,3.8,0,0,8.7,0,0,0,0,42,9.1168
31,0,20.51,128,81,84.4,2.0,0,1,7.1,0,0,1,0,47,6.3581
59,1,30.55,137,69,145.4,3.3,0,1,7.8,1,1,0,1,68,18.0245
32,1,23.85,114,67,89.6,0.9,0,0,7.1,0,0,0,0,47,7.632000000000001
80,1,21.48,138,83,110.5,2.7,0,0,5.0,1,0,0,0,55,17.184
44,0,22.84,121,76,80.7,5.2,0,0,7.7,0,0,0,1,45,10.0496
70,0,20.91,140,78,101.7,7.6,1,0,8.0,0,0,0,1,62,14.637
69,1,26.93,127,84,117.1,4.5,1,0,7.4,1,0,1,0,43,18.5817
80,0,23.64,137,68,113.6,3.2,0,0,5.3,0,0,0,0,69,18.912
70,1,33.25,137,80,129.5,0.9,0,0,4.0,0,0,0,1,57,23.275
74,0,15.0,125,61,129.2,7.3,0,0,5.9,1,0,0,0,64,11.1
69,1,33.58,159,83,121.5,1.6,0,1,5.3,0,0,0,1,76,23.1702
60,1,22.9,124,75,108.2,3.6,0,0,5.7,0,0,0,0,49,13.74
24,0,36.08,132,94,83.0,3.8,0,0,6.9,0,0,0,0,38,8.6592
59,1,27.5,149,77,87.4,2.5,0,1,9.9,0,0,1,0,72,16.225
21,0,33.76,121,82,79.4,3.9,0,0,6.7,0,0,0,0,39,7.089599999999999
22,1,26.36,128,77,91.4,3.1,1,1,6.0,1,0,0,1,51,5.7992
58,0,26.0,125,74,136.4,3.9,0,0,7.3,0,0,0,0,51,15.08
21,0,21.3,98,66,71.7,1.3,0,0,7.1,0,0,0,0,32,4.473
19,0,26.27,104,74,60.0,12.5,0,0,8.5,0,0,0,0,30,4.9913
84,1,21.0,131,74,116.0,3.4,0,0,5.0,0,0,0,0,57,17.64
38,1,27.89,130,84,110.2,4.3,1,0,5.8,0,0,1,0,46,10.598199999999999
60,0,27.74,131,75,123.2,4.8,0,0,8.1,1,0,0,0,56,16.644
26,1,26.09,125,77,62.8,5.7,1,0,8.6,0,0,0,1,48,6.7834
45,1,33.97,126,84,133.7,2.3,0,0,7.7,0,0,1,0,42,15.286499999999998
43,1,29.69,122,76,106.9,5.4,0,0,7.0,1,0,0,0,46,12.7667
20,1,21.46,112,65,72.3,9.0,0,1,9.5,0,0,0,0,47,4.292000000000001
66,1,30.1,147,84,107.6,5.5,0,0,8.4,0,0,1,1,63,19.866
34,1,32.32,138,87,105.8,6.0,1,1,7.8,0,0,0,1,51,10.988800000000001
80,0,15.0,154,69,94.4,5.5,0,0,8.6,0,0,0,0,85,12.0
72,0,20.52,136,75,76.3,3.5,0,0,6.6,0,0,0,1,61,14.7744
40,1,24.08,130,85,111.3,5.9,1,1,7.7,0,0,0,1,45,9.632
51,0,22.08,147,70,113.3,0.9,0,1,5.9,0,0,1,1,77,11.2608
32,0,30.5,128,73,92.1,5.7,0,0,8.4,0,1,0,0,55,9.76
64,1,21.66,128,76,126.3,2.7,0,0,7.4,0,1,0,0,52,13.862400000000001
20,0,21.03,131,77,78.9,3.6,1,1,7.1,0,0,0,0,54,4.206
45,1,28.18,131,73,101.2,3.5,0,0,8.7,1,0,1,0,58,12.681
20,1,25.46,105,77,94.3,4.0,0,0,7.0,1,0,0,0,28,5.0920000000000005
21,1,33.31,139,78,80.7,1.3,1,1,7.5,0,0,0,1,61,6.9951
48,0,28.95,126,71,102.5,2.4,0,0,6.7,0,0,0,0,55,13.895999999999999
62,0,46.54,155,89,149.8,4.4,0,0,6.8,1,1,0,1,66,28.8548
76,1,20.47,119,79,117.2,2.3,0,0,6.2,0,0,0,0,40,15.557199999999998
62,0,17.93,124,76,117.1,4.7,0,0,8.2,1,0,0,0,48,11.1166
54,1,34.78,137,82,105.2,7.7,0,0,8.0,0,0,0,1,55,18.781200000000002
82,1,44.59,164,92,133.2,3.8,0,0,8.0,0,1,1,1,72,36.5638
26,0,25.5,114,77,113.5,4.2,0,0,5.3,1,1,0,0,37,6.63
34,1,24.95,132,78,91.7,1.5,0,0,6.8,1,0,0,0,54,8.482999999999999
82,1,27.54,149,75,98.6,6.2,0,1,6.0,0,0,1,1,74,22.5828
20,0,21.85,125,61,99.2,0.9,0,0,6.1,1,0,0,0,64,4.37
43,0,15.52,117,86,101.1,3.2,0,1,7.1,0,0,1,0,31,6.6736
70,0,28.21,159,77,99.5,3.7,0,1,8.0,1,0,1,1,82,19.747
48,0,26.86,134,78,99.7,1.4,0,1,7.0,0,1,0,1,56,12.8928
43,1,18.78,134,73,81.6,1.7,0,1,5.3,0,0,0,1,61,8.0754
40,0,23.22,119,77,103.6,1.3,0,0,8.0,0,0,0,0,42,9.288
47,0,18.64,111,66,83.1,2.3,0,0,7.2,0,0,0,0,45,8.7608
27,1,28.95,123,79,123.8,2.9,0,1,5.6,0,0,0,0,44,7.8165
81,1,26.64,147,89,96.9,1.4,1,0,6.8,0,0,1,1,58,21.578400000000002
39,0,27.74,130,83,79.9,2.4,1,1,7.0,0,0,1,1,47,10.818599999999998
32,1,29.82,139,71,95.0,2.1,0,1,7.8,0,0,0,0,68,9.5424
73,0,33.16,155,83,94.5,1.8,0,0,7.8,0,0,1,0,72,24.206799999999998
37,1,27.83,135,86,88.7,8.6,1,0,8.2,0,0,0,0,49,10.2971
64,1,30.37,135,86,100.5,5.0,0,0,6.2,1,0,1,0,49,19.4368
70,1,37.35,158,93,106.1,1.3,0,0,7.2,0,0,1,1,65,26.145
70,1,32.41,135,69,94.3,6.2,0,0,7.2,0,0,0,1,66,22.686999999999998
18,1,28.07,130,76,95.9,8.9,0,1,9.1,1,0,0,0,54,5.0526
19,1,27.71,129,78,69.9,9.8,1,1,6.6,0,0,0,1,51,5.2649
75,1,21.99,141,86,81.4,6.1,1,0,7.3,0,0,1,1,55,16.492499999999996
36,0,23.05,102,72,82.6,6.6,0,0,7.8,0,0,0,0,30,8.298
79,0,26.23,147,84,108.7,2.3,1,0,6.5,0,0,1,1,63,20.721700000000002
29,1,24.75,124,67,84.0,3.5,0,0,6.8,0,0,0,0,57,7.1775
43,1,37.74,152,90,131.2,1.7,1,0,7.0,1,1,1,1,62,16.2282
44,1,28.96,131,79,121.5,5.1,1,1,6.0,1,0,1,0,52,12.7424
46,1,28.49,131,77,116.3,1.8,0,0,5.8,0,0,0,0,54,13.1054
32,1,33.6,129,71,105.8,3.6,0,0,7.5,1,0,0,0,58,10.752
63,0,27.86,142,87,94.9,5.2,0,1,6.9,0,0,0,1,55,17.5518
18,0,25.2,90,74,95.2,13.2,0,0,7.0,0,0,0,0,16,4.536
77,1,28.3,162,79,113.5,3.0,0,0,7.9,0,0,1,1,83,21.791
74,1,29.16,138,80,114.8,3.9,0,0,5.2,0,0,1,1,58,21.578400000000002
20,1,34.92,133,85,134.2,4.9,0,0,7.7,1,1,1,0,48,6.984000000000001
35,1,18.93,125,73,72.6,8.1,0,1,7.4,0,0,0,0,52,6.6255
69,1,22.51,139,73,106.3,6.8,0,0,5.6,0,1,1,0,66,15.5319
77,1,26.38,148,77,94.7,5.2,0,0,7.7,0,0,0,1,71,20.3126
51,0,32.24,139,89,114.5,3.8,0,0,7.7,1,0,1,0,50,16.4424
77,1,31.37,134,79,88.0,5.9,0,0,7.4,0,0,0,0,55,24.1549
43,0,27.43,120,76,111.6,3.1,0,0,7.8,0,0,0,0,44,11.7949
36,0,32.71,128,77,111.4,5.1,0,0,6.3,0,0,0,0,51,11.775599999999999
39,0,22.89,116,81,112.9,1.8,0,0,6.4,1,1,0,0,35,8.927100000000001
50,0,37.72,143,73,130.8,4.5,0,0,8.2,0,0,0,0,70,18.86
55,0,21.95,135,82,123.2,2.7,1,0,4.2,0,0,0,0,53,12.0725
52,0,16.86,131,62,92.1,5.1,1,0,7.1,0,0,0,0,69,8.7672
84,0,30.31,148,80,132.7,5.3,0,0,7.2,1,1,0,1,68,25.4604
27,1,18.49,105,73,80.7,3.1,0,0,5.3,0,0,0,0,32,4.992299999999999
32,0,23.85,112,75,96.1,11.3,0,0,6.6,1,0,0,0,37,7.632000000000001
28,1,25.97,108,73,81.1,3.3,0,0,7.0,0,0,0,0,35,7.271599999999999
41,1,29.21,123,80,108.4,2.6,1,0,6.5,1,0,1,0,43,11.9761
21,0,32.68,123,80,93.8,4.7,0,0,7.5,1,0,0,1,43,6.8628
30,0,18.97,113,81,89.7,3.1,0,0,7.3,1,0,0,0,32,5.690999999999999
74,0,20.27,138,83,121.0,3.0,0,1,7.1,0,0,0,0,55,14.9998
54,1,46.6,161,85,135.5,4.2,1,0,6.1,0,1,1,1,76,25.164
65,0,25.58,143,81,115.8,2.4,1,0,4.6,1,0,0,1,62,16.627
18,0,17.27,98,64,64.1,11.3,0,0,8.5,0,0,0,0,34,3.1086
77,0,20.95,139,82,110.0,6.4,0,1,4.6,0,0,0,1,57,16.1315
29,1,23.74,108,76,86.4,1.9,0,1,5.3,0,0,0,0,32,6.884599999999999
38,1,26.83,105,77,104.8,1.3,0,0,5.8,1,0,0,1,28,10.1954
28,0,33.72,124,79,92.6,2.6,0,0,7.3,0,0,0,0,45,9.4416
61,0,36.28,150,75,99.3,7.6,0,0,6.8,0,0,1,1,75,22.1308
75,0,22.02,138,81,98.1,7.9,0,1,7.7,1,0,0,1,57,16.515
61,0,23.51,122,73,95.2,9.3,0,0,8.9,0,0,0,0,49,14.3411
51,0,27.66,135,72,108.1,3.1,0,0,7.2,0,0,0,0,63,14.1066
42,1,22.59,131,75,91.2,3.0,1,0,5.7,0,0,0,1,56,9.4878
21,1,33.72,126,83,118.7,3.5,0,0,7.9,1,1,0,0,43,7.0812
81,1,41.11,170,89,138.0,1.9,0,0,8.2,0,1,1,1,81,33.299099999999996
33,1,26.92,114,81,88.2,7.5,0,0,6.4,0,0,0,0,33,8.8836
27,0,28.7,124,68,105.6,0.9,0,0,7.4,0,0,0,0,56,7.749
83,0,23.4,141,81,112.9,4.2,0,0,6.5,0,0,0,0,60,19.421999999999997
52,0,28.75,143,92,107.0,0.8,1,0,7.3,1,0,1,1,51,14.95
23,1,20.65,111,66,96.9,7.3,0,0,6.5,1,0,0,0,45,4.7495
36,0,21.3,103,73,88.0,4.0,0,0,7.2,1,0,0,0,30,7.668000000000001
76,1,16.26,133,64,113.2,3.5,0,0,6.7,1,1,0,0,69,12.357600000000001
70,1,31.53,139,86,121.9,4.0,0,0,9.1,1,0,0,1,53,22.070999999999998
25,0,34.86,114,92,108.2,1.4,0,0,5.0,0,0,0,1,22,8.715
27,1,32.78,143,85,110.9,2.4,1,0,6.6,0,0,0,1,58,8.8506
84,0,27.34,144,77,121.9,4.5,0,0,9.0,1,1,0,1,67,22.9656
55,0,24.98,113,85,104.5,1.5,0,1,8.7,0,0,0,0,28,13.739
46,0,26.26,124,69,97.5,5.8,0,1,7.0,0,0,0,0,55,12.079600000000001
32,0,20.89,109,69,92.0,5.2,0,1,5.7,0,0,0,0,40,6.6848
40,1,32.26,122,80,140.4,2.8,0,1,7.4,1,1,0,0,42,12.903999999999998
63,1,32.88,149,82,93.0,7.4,0,1,6.7,1,0,1,1,67,20.7144
45,0,20.64,114,72,94.8,9.8,0,0,7.6,1,0,0,0,42,9.288
43,0,21.38,115,68,89.0,5.3,0,0,7.5,0,0,0,0,47,9.193399999999999
27,0,19.11,114,69,97.7,3.7,0,0,7.2,0,0,0,0,45,5.1597
64,1,25.32,138,75,122.5,2.0,0,1,6.7,1,0,0,0,63,16.2048
21,0,26.67,116,84,76.9,4.5,0,1,6.7,0,0,0,0,32,5.600700000000001
72,0,27.19,125,87,104.7,3.2,0,0,8.0,1,0,1,0,38,19.576800000000002
83,0,19.07,135,79,118.6,7.4,0,0,5.8,0,0,0,0,56,15.8281
84,0,22.55,145,74,93.9,11.0,1,0,7.9,0,0,0,1,71,18.942
24,1,22.56,121,63,78.5,1.0,0,0,7.1,1,0,0,0,58,5.4144
72,1,31.04,142,82,135.6,8.3,0,0,6.2,1,1,0,0,60,22.3488
48,1,21.02,140,75,116.3,3.5,0,1,8.5,1,0,0,0,65,10.0896
36,1,27.12,118,74,106.9,6.3,0,0,5.2,1,0,0,0,44,9.763200000000001
45,1,22.69,115,83,109.6,4.3,0,1,6.8,1,1,0,0,32,10.210500000000001
45,0,25.69,117,74,100.6,6.5,0,0,8.2,1,0,0,0,43,11.5605
36,0,32.28,118,79,118.2,4.3,0,0,6.9,1,0,0,1,39,11.6208
37,0,19.61,137,78,100.4,3.1,0,0,7.4,1,0,0,1,59,7.255699999999999
30,1,15.0,126,55,89.0,1.4,0,0,7.8,1,0,0,0,71,4.5
60,1,19.04,126,72,97.8,4.1,1,0,8.5,0,0,0,0,54,11.424
28,0,29.22,115,74,113.0,5.0,0,0,4.0,1,0,0,0,41,8.1816
65,0,19.85,138,85,106.2,9.3,0,1,8.0,1,0,0,1,53,12.9025
32,0,22.67,112,66,90.8,1.4,0,0,7.4,0,0,0,0,46,7.2544
34,1,29.43,114,72,89.3,5.7,0,0,7.8,0,0,0,0,42,10.0062
71,1,31.46,146,73,103.6,2.8,0,0,8.0,0,0,1,1,73,22.336599999999997
67,0,32.79,141,72,111.3,4.2,0,0,4.8,0,0,0,0,69,21.969299999999997
45,1,30.01,121,76,101.0,5.9,0,0,8.2,0,0,0,0,45,13.5045
21,1,20.27,110,73,83.1,1.4,0,1,7.3,0,0,0,0,37,4.2567
39,0,36.12,138,82,115.0,7.1,0,0,7.0,1,0,0,1,56,14.086799999999998
56,0,21.33,134,86,99.2,0.8,0,1,6.5,1,0,0,1,48,11.9448
51,1,23.11,122,82,105.6,4.1,0,1,5.8,0,0,1,0,40,11.7861
61,0,26.77,133,60,106.7,10.4,0,0,7.1,1,0,1,0,73,16.3297
59,0,28.42,141,77,119.0,6.6,0,1,7.3,0,0,0,0,64,16.7678
57,0,35.14,136,84,124.8,5.1,0,0,7.1,0,0,0,1,52,20.0298
29,1,23.13,133,80,92.5,2.8,1,1,8.6,1,0,0,0,53,6.7077
19,1,29.01,125,70,83.3,1.9,0,0,7.4,0,0,0,0,55,5.511900000000001
45,1,23.16,110,76,96.3,4.1,0,0,6.8,1,0,0,0,34,10.422
84,0,36.12,143,81,142.0,4.4,0,0,7.8,0,1,1,1,62,30.340799999999998
27,0,29.28,118,86,96.6,1.1,0,0,6.6,0,0,0,1,32,7.905600000000001
74,1,34.28,158,87,137.1,4.0,0,0,4.7,1,1,1,1,71,25.367200000000004
54,0,20.11,124,81,89.4,8.5,0,0,8.1,0,0,0,0,43,10.8594
81,1,23.55,142,75,102.0,4.5,0,1,5.3,1,0,0,1,67,19.075499999999998
57,0,28.24,135,80,88.0,1.2,1,0,8.8,0,0,0,0,55,16.096799999999998
77,1,34.37,142,75,121.8,2.6,0,0,6.4,1,1,1,1,67,26.464899999999997
65,1,32.56,149,91,101.3,0.9,0,0,5.6,1,0,1,1,58,21.164
36,1,35.5,135,85,98.6,4.2,0,1,7.0,0,0,0,0,50,12.78
50,0,34.58,128,77,108.5,5.6,0,0,7.2,1,0,0,0,51,17.29
61,1,31.32,148,87,113.6,7.6,0,1,8.8,0,0,1,1,61,19.1052
54,0,27.69,127,73,114.9,4.1,0,0,8.0,1,0,0,1,54,14.9526
53,1,20.33,123,78,97.8,6.7,0,0,7.7,1,0,0,0,45,10.7749
38,0,15.0,122,80,93.5,4.1,1,0,6.5,0,0,0,0,42,5.7
19,1,27.52,102,81,120.4,2.3,0,0,8.7,1,0,0,0,21,5.2288
48,0,31.46,145,85,110.8,5.3,1,0,9.3,0,0,0,1,60,15.1008
47,1,15.0,130,79,88.0,4.6,0,1,6.4,0,0,0,0,51,7.05
61,1,19.99,106,75,100.6,2.3,0,0,6.3,1,0,1,0,31,12.1939
29,0,20.9,109,80,87.1,4.4,0,0,8.6,1,0,0,0,29,6.060999999999999
68,1,25.71,131,84,110.7,3.3,0,0,7.3,0,0,0,0,47,17.4828
66,0,27.4,133,74,115.1,3.6,0,0,8.0,1,0,0,1,59,18.084
41,1,33.07,130,76,97.7,1.5,0,0,9.1,0,0,0,1,54,13.558700000000002
41,1,19.17,122,64,84.5,1.6,0,0,9.2,0,0,0,0,58,7.8597
77,1,28.8,157,82,117.0,5.1,1,1,8.0,0,1,1,1,75,22.176
28,0,18.75,119,65,96.5,1.2,0,0,8.2,0,0,0,0,54,5.25
30,0,31.65,118,73,83.8,5.6,0,0,7.5,0,0,0,1,45,9.495
81,1,24.01,144,86,123.9,1.5,0,1,9.1,1,0,0,0,58,19.4481
37,1,19.77,130,76,87.6,3.4,0,0,7.8,0,0,0,0,54,7.3149
45,0,22.9,111,76,107.9,2.1,0,0,7.3,0,0,0,0,35,10.305
19,0,20.33,105,67,81.0,7.5,0,1,8.4,0,0,0,0,38,3.8627
60,0,27.33,139,81,105.3,1.8,1,0,5.2,1,0,1,1,58,16.398
25,1,30.42,140,81,122.6,3.3,0,1,6.1,1,1,0,1,59,7.605
30,1,32.78,134,84,107.6,5.2,0,0,6.8,0,0,0,0,50,9.834000000000001
52,0,23.79,124,77,93.8,2.9,0,1,5.3,1,0,1,0,47,12.3708
40,0,34.85,127,83,106.7,4.9,0,1,5.8,0,0,0,0,44,13.94
63,1,26.66,134,69,104.1,3.0,0,0,6.9,0,0,0,0,65,16.7958
32,0,34.14,139,87,101.5,3.5,1,0,6.0,0,0,0,1,52,10.9248
19,1,25.89,105,84,91.4,3.9,0,0,6.9,1,0,0,0,21,4.9191
78,0,25.46,138,88,101.6,6.0,0,0,6.9,0,0,0,1,50,19.858800000000002
81,1,30.15,153,88,125.7,9.0,1,1,8.4,1,0,1,1,65,24.4215
69,1,28.59,140,80,117.4,5.3,0,1,5.8,0,0,0,1,60,19.7271
53,1,23.59,144,79,113.1,3.6,0,1,7.1,0,0,0,0,65,12.502699999999999
84,0,33.5,155,83,107.8,4.0,0,0,7.0,0,1,1,1,72,28.14
84,1,21.25,134,76,106.1,6.0,0,0,7.9,0,0,0,0,58,17.85
64,0,30.15,114,96,114.2,7.9,0,1,5.8,1,0,0,1,18,19.296
19,1,29.9,122,82,109.6,10.2,0,0,7.2,0,0,0,0,40,5.681
61,0,32.97,141,83,116.1,1.0,0,0,8.6,0,0,1,1,58,20.1117
81,1,33.09,158,82,116.1,1.1,1,0,7.7,1,1,1,1,76,26.802900000000005
45,0,25.74,114,68,95.6,4.3,0,0,7.4,0,0,0,0,46,11.583
71,0,26.99,139,75,124.8,2.3,0,0,5.4,0,1,0,0,64,19.1629
84,0,26.6,136,87,120.7,1.0,0,0,8.1,0,0,1,1,49,22.344
53,1,36.92,147,86,124.6,6.2,1,0,7.4,1,1,1,1,61,19.5676
80,1,30.58,152,78,119.0,10.4,1,1,5.9,0,1,1,1,74,24.463999999999995
42,0,32.85,140,83,117.0,5.0,0,0,6.7,1,0,0,1,57,13.797
65,0,25.34,141,72,118.5,7.4,1,0,7.6,1,0,0,1,69,16.471
56,0,20.27,125,74,76.6,5.6,0,0,7.2,0,0,0,0,51,11.351199999999999
64,0,21.37,129,78,127.7,0.9,1,0,6.9,0,0,0,1,51,13.6768
38,1,32.67,131,81,98.6,3.4,1,0,8.7,1,0,0,0,50,12.4146
47,0,22.56,139,71,112.7,3.2,1,0,5.9,0,0,0,0,68,10.6032
48,1,45.33,150,94,130.3,7.9,0,0,6.6,0,1,0,1,56,21.7584
43,1,24.45,115,66,76.5,5.1,0,1,6.6,0,0,0,0,49,10.513499999999999
39,1,28.84,136,61,96.0,3.2,0,0,7.8,0,0,0,0,75,11.2476
38,1,28.83,141,70,100.6,7.9,0,0,7.1,0,0,0,1,71,10.9554
18,0,27.84,106,66,90.3,6.6,0,0,6.4,0,0,0,0,40,5.0112
54,0,19.72,120,64,92.9,1.8,0,0,6.9,1,0,0,0,56,10.6488
63,1,28.24,140,80,112.7,4.0,0,1,7.4,1,0,0,0,60,17.7912
26,0,28.19,120,76,79.2,3.3,0,0,7.3,0,0,0,0,44,7.329400000000001
34,0,25.06,108,82,100.3,1.7,0,0,6.4,0,0,0,0,26,8.5204
64,1,37.54,147,79,124.5,1.6,0,0,4.8,1,1,0,1,68,24.0256
76,1,17.16,125,86,116.5,4.7,0,1,6.2,0,0,0,0,39,13.0416
71,0,18.03,134,74,132.8,3.5,0,1,7.5,1,1,0,0,60,12.801300000000001
29,1,31.17,110,69,107.9,2.4,0,0,8.3,1,1,0,0,41,9.0393
81,0,26.29,144,76,121.9,2.9,0,0,7.4,0,0,1,0,68,21.2949
23,1,21.7,118,76,84.2,5.7,0,0,6.5,0,0,0,0,42,4.991
70,0,27.93,165,76,111.6,8.3,0,0,7.5,0,0,0,1,89,19.551
33,1,32.36,131,78,98.4,2.4,0,0,8.2,0,0,0,1,53,10.678799999999999
22,1,17.34,109,58,72.0,3.5,0,0,7.7,1,0,0,0,51,3.8148
63,0,30.99,122,88,123.2,4.7,0,1,8.6,0,0,0,0,34,19.523699999999998
31,1,28.72,131,76,98.3,2.0,1,0,6.4,0,0,0,1,55,8.9032
61,1,25.47,123,72,124.2,9.7,0,0,6.0,1,0,0,0,51,15.536699999999998
80,1,28.22,140,84,121.7,2.5,0,1,8.5,0,0,1,1,56,22.576
69,0,28.32,150,82,97.9,1.7,1,0,7.9,0,0,0,0,68,19.5408
43,1,29.99,133,80,118.3,2.4,1,0,8.6,0,0,0,0,53,12.8957
70,1,21.09,121,80,111.3,1.9,0,0,7.5,1,1,1,1,41,14.763
46,0,33.11,133,82,132.0,5.1,0,1,5.0,1,1,1,0,51,15.230599999999999
36,1,32.56,144,90,113.7,0.9,1,0,6.4,0,0,1,0,54,11.7216
64,0,32.73,144,83,149.8,5.0,0,1,7.0,1,1,0,1,61,20.9472
25,0,16.79,122,71,85.5,1.9,0,0,6.2,0,0,0,0,51,4.1975
40,0,33.44,143,81,120.0,4.4,1,0,7.5,0,0,0,0,62,13.376
52,1,24.66,131,87,108.9,3.9,0,0,6.5,1,0,0,1,44,12.8232
70,1,29.88,127,89,122.7,1.6,0,1,5.6,0,0,1,1,38,20.916
75,0,15.31,132,80,103.7,4.0,0,0,8.2,0,0,0,1,52,11.4825
22,1,22.84,111,76,79.8,4.6,1,0,7.7,0,0,0,0,35,5.0248
33,1,31.67,129,88,102.8,4.0,1,0,6.4,0,0,0,0,41,10.451100000000002
34,1,29.85,122,81,127.4,1.8,0,0,6.6,1,0,0,0,41,10.149000000000001
49,0,20.54,117,74,84.3,7.4,0,0,6.5,1,0,0,0,43,10.064599999999999
69,1,30.75,148,80,121.2,8.2,0,1,8.0,1,0,1,1,68,21.2175
37,1,22.07,131,69,86.7,5.4,1,0,7.9,0,0,0,0,62,8.1659
83,1,25.26,139,76,112.6,4.3,0,0,6.4,1,0,0,0,63,20.965799999999998
18,0,20.01,108,75,80.4,3.1,0,0,6.7,0,0,0,0,33,3.6018
75,0,28.79,148,67,116.4,2.0,0,1,8.5,1,0,0,1,81,21.5925
61,0,33.11,144,83,121.5,6.1,0,1,7.6,1,1,1,1,61,20.1971
23,1,31.93,110,73,94.1,6.0,0,0,7.6,0,0,0,0,37,7.3439
67,0,21.54,127,81,117.6,4.3,0,0,8.9,0,0,0,0,46,14.431799999999999
37,1,26.53,122,74,102.9,6.1,1,0,7.5,0,0,0,0,48,9.8161
31,0,17.68,119,72,98.9,0.8,0,1,6.8,0,0,0,0,47,5.4808
22,0,34.71,117,95,101.9,9.4,0,1,6.7,0,0,0,1,22,7.6362
58,0,26.91,144,87,97.2,3.3,0,0,6.6,0,0,1,1,57,15.6078
57,1,30.57,127,76,85.1,2.3,0,0,8.2,0,0,0,0,51,17.4249
51,1,27.96,139,75,106.0,5.1,0,1,8.0,0,0,1,0,64,14.2596
62,1,23.17,124,65,135.6,6.1,0,0,7.6,1,0,0,0,59,14.365400000000001
44,1,23.59,120,73,95.2,2.4,0,1,7.4,0,0,0,0,47,10.3796
61,0,29.44,145,76,89.7,8.0,0,0,7.9,0,0,0,1,69,17.9584
50,1,36.29,137,84,109.5,6.8,1,0,5.8,0,0,1,1,53,18.145
50,0,24.81,122,76,112.8,11.2,0,0,7.1,1,0,0,0,46,12.405
61,1,33.61,151,83,123.4,8.0,1,0,6.9,1,0,1,1,68,20.5021
37,0,32.15,131,78,96.4,5.7,0,0,5.6,0,0,0,0,53,11.8955
53,1,24.95,133,77,122.6,2.5,0,1,7.9,1,1,0,0,56,13.2235
24,0,33.18,124,78,107.9,3.8,0,1,7.2,0,1,0,0,46,7.9632
49,0,32.71,148,92,120.2,3.6,1,1,7.4,1,0,1,1,56,16.0279
84,0,15.0,135,88,92.2,2.1,0,0,7.2,0,0,0,1,47,12.6
56,0,30.87,134,78,91.6,11.4,0,0,6.1,0,0,0,0,56,17.2872
41,0,34.23,138,85,123.3,2.1,0,0,5.7,0,0,0,1,53,14.034299999999998
71,1,20.03,146,80,140.1,1.6,1,0,5.2,0,1,0,1,66,14.221300000000001
55,1,19.18,115,77,114.4,3.9,0,0,6.4,1,0,0,0,38,10.549000000000001
49,0,28.01,138,81,116.5,4.7,0,0,7.3,1,0,1,0,57,13.7249
62,0,35.96,147,89,137.0,11.0,0,1,8.7,1,1,0,1,58,22.2952
78,0,20.49,128,70,113.2,2.2,0,0,4.9,1,1,0,1,58,15.982199999999999
70,1,17.65,125,79,129.1,2.2,0,0,4.8,1,0,0,1,46,12.355
68,0,24.17,132,73,97.2,6.4,1,0,6.5,0,0,0,0,59,16.4356
73,1,23.36,135,76,126.6,6.6,1,1,7.9,1,0,1,0,59,17.0528
44,0,17.11,117,79,93.3,4.9,0,0,7.6,1,0,0,0,38,7.5283999999999995
55,0,23.41,115,77,100.3,4.2,0,0,6.9,1,0,0,0,38,12.875499999999999
79,0,28.82,149,88,146.6,5.0,0,1,4.9,1,1,1,1,61,22.7678
35,0,37.57,139,100,132.1,2.3,0,1,5.3,1,1,0,1,39,13.1495
81,0,30.06,151,90,93.8,1.6,0,1,8.3,0,0,1,1,61,24.348599999999998
47,0,31.48,132,73,118.0,2.4,0,0,7.4,0,0,0,0,59,14.7956
66,0,20.49,134,69,76.0,2.2,0,0,8.1,0,0,0,1,65,13.523399999999999
58,1,26.25,133,68,110.0,6.2,0,0,8.0,1,0,0,0,65,15.225
30,0,25.52,133,77,74.2,2.1,0,0,9.4,0,0,0,0,56,7.656000000000001
51,0,28.69,134,83,115.3,2.2,0,1,6.6,1,1,0,1,51,14.6319
42,0,30.26,136,81,111.9,3.6,0,1,6.7,1,0,1,0,55,12.709200000000001
83,1,32.33,138,84,131.3,4.0,0,0,7.5,1,1,0,1,54,26.8339
35,1,26.99,124,84,86.0,6.3,1,1,8.3,0,0,1,0,40,9.4465
22,1,23.77,121,74,76.2,4.4,0,1,5.3,0,0,0,0,47,5.229399999999999
36,0,33.9,145,80,108.2,1.5,1,0,6.5,0,0,0,1,65,12.203999999999999
59,0,31.01,151,83,117.8,1.7,0,1,6.9,1,0,1,1,68,18.295900000000003
35,0,30.39,121,67,97.1,3.3,0,0,7.2,1,0,0,0,54,10.636500000000002
49,0,26.57,128,73,119.6,2.3,0,0,7.9,1,1,0,0,55,13.019300000000001
38,1,33.85,138,82,121.1,2.8,1,1,8.6,1,0,1,1,56,12.863
27,1,19.51,114,68,61.8,1.4,0,0,8.0,0,0,0,0,46,5.267700000000001
54,1,31.98,139,89,98.4,3.4,1,0,7.2,0,0,0,1,50,17.2692
66,0,31.95,147,89,91.5,7.3,0,1,7.3,0,0,1,1,58,21.087
30,0,21.58,113,68,90.8,2.2,0,0,7.2,1,0,0,0,45,6.474
72,0,22.85,132,85,87.4,1.4,0,0,9.2,0,0,0,1,47,16.452
34,0,19.35,110,77,78.8,4.1,0,0,8.0,0,0,0,0,33,6.579000000000001
26,1,29.76,123,77,136.6,1.2,0,0,6.0,1,1,0,0,46,7.7376
61,0,15.0,142,79,111.3,2.8,0,0,6.9,1,0,1,0,63,9.15
63,1,28.09,141,73,130.9,4.2,1,0,6.3,1,1,1,0,68,17.6967
25,1,22.37,113,80,107.8,5.0,0,0,8.3,0,0,0,0,33,5.5925
54,0,21.09,129,70,109.8,2.4,0,0,5.3,0,0,0,0,59,11.388599999999999
36,0,15.91,132,75,72.8,8.1,1,0,6.5,0,0,0,1,57,5.7276
80,1,21.66,138,79,102.8,6.9,0,1,6.6,1,0,1,0,59,17.328
63,0,35.09,152,76,130.4,4.3,0,1,6.6,1,1,1,1,76,22.1067
43,0,22.63,114,67,111.2,6.7,0,0,6.2,1,1,0,0,47,9.730899999999998
63,0,29.23,139,65,95.9,3.3,0,0,6.8,0,0,0,0,74,18.4149
63,0,20.47,143,62,108.0,3.4,0,1,8.2,0,0,0,0,81,12.896099999999999
31,1,32.75,111,70,104.4,7.9,0,1,7.4,1,0,0,0,41,10.1525
80,0,30.31,148,94,105.5,5.9,0,0,7.6,0,0,0,1,54,24.247999999999998
20,1,25.48,121,78,79.0,3.6,1,0,8.1,0,0,0,0,43,5.096
45,1,28.14,130,75,110.6,2.7,0,0,7.9,0,0,0,0,55,12.663
46,0,28.64,148,84,100.3,2.9,1,1,5.2,0,0,0,1,64,13.1744
35,1,20.99,110,79,95.6,9.1,0,1,7.1,0,0,0,0,31,7.3465
52,0,22.08,124,73,114.7,7.3,0,0,7.1,1,0,0,0,51,11.481599999999998
64,1,32.12,138,100,144.4,3.2,0,1,5.6,1,1,0,1,38,20.5568
22,0,35.77,130,85,103.1,0.6,0,0,8.7,0,0,0,0,45,7.869400000000001
76,0,27.65,133,80,118.0,3.5,0,0,5.8,0,0,1,0,53,21.014
76,0,30.82,145,78,114.2,8.0,0,1,6.6,0,0,0,1,67,23.4232
64,1,33.79,126,83,133.7,5.1,0,0,6.9,0,1,0,0,43,21.6256
30,0,24.92,117,68,90.6,8.5,0,0,8.1,0,0,0,0,49,7.476
50,0,26.36,129,75,81.3,2.0,1,0,6.8,0,0,1,0,54,13.18
79,0,30.94,141,84,117.0,1.8,0,0,6.2,0,1,1,1,57,24.442600000000002
33,0,39.46,138,80,104.8,4.4,0,0,8.8,0,0,1,1,58,13.0218
61,1,31.15,133,76,98.1,5.2,0,0,7.5,0,0,0,1,57,19.0015
75,1,28.56,135,89,112.1,5.9,0,1,5.6,1,0,1,1,46,21.42
23,1,23.4,111,67,91.0,3.1,0,0,7.2,0,0,0,1,44,5.382
32,0,26.46,117,93,95.8,1.9,0,0,7.9,1,0,0,1,24,8.4672
21,0,30.79,117,71,114.4,4.4,0,0,7.5,0,0,0,1,46,6.4659
73,1,30.17,126,82,116.7,5.1,0,0,7.8,0,0,0,0,44,22.024100000000004
81,1,23.32,140,84,117.1,5.0,0,0,7.5,0,0,1,1,56,18.889200000000002
51,0,34.4,140,84,118.4,4.7,0,1,6.3,1,0,0,0,56,17.543999999999997
73,1,34.4,145,91,112.7,6.2,0,1,5.3,0,0,1,1,54,25.112
49,1,26.16,128,73,75.1,9.3,0,0,8.5,0,0,0,0,55,12.818399999999999
26,0,28.43,121,75,97.6,1.1,0,0,7.0,1,0,0,0,46,7.3918
80,1,23.08,135,72,98.0,4.4,0,0,7.5,0,0,1,1,63,18.464
50,0,22.11,120,73,102.7,2.9,1,0,6.9,0,0,0,0,47,11.055
38,1,28.81,128,84,102.7,9.7,0,1,6.8,0,0,0,0,44,10.947799999999999
72,1,22.27,137,81,104.3,6.3,1,0,8.2,0,0,1,1,56,16.0344
74,0,30.56,159,84,125.4,4.3,0,0,6.9,0,0,1,1,75,22.6144
19,0,24.5,120,83,87.8,7.5,0,1,7.9,0,0,0,0,37,4.655
30,1,32.89,112,79,114.9,4.6,0,0,5.4,1,0,0,0,33,9.867
21,1,26.3,122,83,71.9,5.1,1,0,5.5,0,0,0,1,39,5.523000000000001
67,0,15.64,131,90,110.7,2.1,0,1,6.3,1,0,0,0,41,10.478800000000001
65,1,24.64,140,67,111.3,3.1,0,0,4.5,1,0,1,0,73,16.016000000000002
47,1,27.42,139,80,114.7,4.8,0,0,7.3,1,1,0,0,59,12.8874
46,0,16.74,125,74,104.6,3.8,0,1,5.9,0,0,0,0,51,7.700399999999999
25,0,17.28,99,73,74.6,3.5,0,0,6.7,0,0,0,0,26,4.32
29,1,25.71,122,73,92.1,3.4,0,1,6.6,0,0,0,0,49,7.455900000000001
58,0,32.63,144,80,129.3,4.1,0,1,6.4,1,1,0,1,64,18.925400000000003
43,0,30.46,117,79,121.5,7.0,0,0,5.5,1,1,0,0,38,13.0978
67,1,26.72,141,77,115.8,6.2,0,0,7.6,0,0,1,0,64,17.9024
19,0,21.85,106,73,66.9,8.3,0,0,7.8,0,0,0,0,33,4.1515
72,0,21.57,136,76,108.1,3.2,0,1,7.7,1,1,0,1,60,15.5304
73,0,30.56,134,79,100.4,2.1,0,0,6.8,0,1,1,1,55,22.3088
31,1,27.95,127,94,87.7,8.5,1,0,6.9,1,0,0,0,33,8.664499999999999
23,1,31.76,127,70,117.8,5.1,0,0,5.7,1,1,0,0,57,7.3048
78,1,33.78,154,87,123.2,3.5,0,1,6.8,1,0,1,1,67,26.3484
29,0,24.17,129,84,91.1,5.9,0,1,6.7,0,0,0,1,45,7.0093000000000005
30,1,29.35,132,77,111.9,3.5,0,0,7.4,1,0,0,0,55,8.805
36,1,30.12,113,74,106.4,7.0,0,0,6.2,0,0,0,0,39,10.8432
61,0,22.76,141,71,108.2,8.2,0,0,7.1,0,0,0,0,70,13.883600000000001
76,0,23.06,139,78,93.2,1.7,0,1,6.8,0,0,0,0,61,17.5256
54,1,30.99,154,90,102.2,2.2,0,1,7.8,0,0,1,1,64,16.734599999999997
42,0,26.81,136,77,100.4,3.8,1,0,8.7,0,0,1,0,59,11.2602
33,0,21.74,116,62,111.6,3.4,0,0,7.9,1,0,0,0,54,7.1742
55,0,22.05,125,78,105.6,2.5,0,0,7.0,1,1,0,0,47,12.1275
60,0,19.35,124,68,122.4,3.6,0,0,6.7,1,0,0,0,56,11.61
31,0,24.72,123,69,90.1,9.0,0,1,7.5,0,0,0,0,54,7.6632
23,0,20.83,117,75,106.1,2.0,0,1,5.2,0,0,0,0,42,4.7909
40,1,27.39,119,81,120.3,2.1,0,0,6.6,1,0,0,0,38,10.956
77,1,40.03,166,89,137.5,2.1,1,0,7.5,1,1,1,1,77,30.8231
29,1,29.47,108,76,95.4,6.6,0,1,5.9,1,0,0,0,32,8.5463
30,0,32.99,132,81,89.2,4.4,0,0,7.0,0,0,0,0,51,9.897
23,1,29.12,132,84,105.4,5.6,0,0,7.8,1,0,0,0,48,6.6975999999999996
80,0,17.23,117,75,101.9,14.15,0,0,7.8,1,0,0,1,42,13.784
55,1,27.53,144,70,103.8,1.5,0,0,5.8,0,1,0,1,74,15.1415
67,1,22.84,141,80,98.9,2.9,0,0,5.8,0,0,0,0,61,15.3028
69,1,22.02,138,73,104.2,3.2,0,0,6.5,1,0,0,0,65,15.1938
57,0,25.49,134,80,92.6,8.0,0,0,8.1,0,0,0,0,54,14.5293
25,1,30.46,115,74,102.1,1.8,0,0,6.5,0,0,0,0,41,7.615
78,0,25.03,126,81,107.7,5.8,0,0,7.1,0,0,0,0,45,19.523400000000002
25,0,31.78,122,81,81.1,4.3,0,0,7.1,0,0,0,0,41,7.945
51,0,27.86,135,84,102.1,7.1,1,1,7.2,0,0,0,0,51,14.208599999999999
77,1,28.64,151,86,101.2,2.4,1,0,7.3,0,0,1,1,65,22.0528
74,0,26.46,145,77,103.3,3.3,0,0,8.3,0,0,0,1,68,19.5804
63,1,34.26,137,74,134.9,11.4,0,0,7.0,1,0,0,0,63,21.583799999999997
39,0,22.73,110,73,76.6,5.1,0,0,6.3,0,0,0,0,37,8.864700000000001
57,0,23.06,127,84,88.4,4.7,1,0,7.4,0,0,1,1,43,13.144199999999998
62,1,24.95,135,79,120.4,5.3,0,1,4.6,0,0,0,0,56,15.469
72,0,29.71,140,75,95.9,4.0,0,0,6.8,1,1,1,1,65,21.391199999999998
68,1,30.5,128,92,120.6,1.9,0,1,5.5,0,0,0,1,36,20.74
22,1,23.55,127,74,91.1,1.9,0,0,6.8,0,0,0,0,53,5.181
30,1,32.0,118,76,114.9,4.0,0,1,8.1,0,0,0,0,42,9.6
45,1,21.11,124,66,133.6,5.2,0,0,5.0,1,1,0,0,58,9.4995
79,0,30.93,151,82,137.6,2.5,0,0,6.1,1,1,1,1,69,24.4347
41,0,28.87,120,74,116.6,4.1,0,0,7.2,0,0,0,0,46,11.8367
24,0,26.9,109,76,90.3,5.8,0,0,7.8,1,0,0,0,33,6.4559999999999995
55,0,29.54,129,76,109.9,5.0,1,0,8.2,0,0,0,1,53,16.247
54,1,26.11,134,82,113.5,7.6,0,0,6.7,0,0,0,0,52,14.099400000000001
59,1,28.28,133,84,115.8,0.8,1,0,6.1,0,0,1,1,49,16.6852
22,1,40.76,119,88,123.6,2.2,0,0,7.1,0,0,0,0,31,8.967199999999998
81,1,31.99,165,78,140.6,1.9,0,1,6.9,1,1,1,1,87,25.9119
67,0,23.66,120,73,108.6,1.3,0,0,7.9,0,0,0,0,47,15.8522
32,1,25.03,121,71,96.0,2.4,0,1,7.8,1,0,0,0,50,8.0096
70,1,33.81,151,82,135.2,3.0,0,1,7.2,0,1,1,1,69,23.667
42,0,24.51,131,87,89.3,2.0,1,1,6.1,0,0,1,0,44,10.2942
26,1,36.66,126,81,116.9,5.7,0,0,6.5,1,0,0,1,45,9.5316
55,1,31.24,149,77,128.3,1.3,1,0,7.2,1,1,1,1,72,17.182
39,0,18.94,124,80,91.2,2.1,0,0,8.3,0,0,0,0,44,7.3866000000000005
66,1,31.84,136,77,112.9,2.8,0,0,6.4,0,1,1,1,59,21.014400000000002
32,0,15.0,117,66,95.5,1.4,0,1,7.5,1,0,0,0,51,4.8
82,0,24.78,144,80,115.4,5.6,0,0,7.8,1,0,1,1,64,20.3196
71,1,31.76,142,84,94.6,0.4,0,0,9.0,0,1,1,1,58,22.5496
47,1,15.98,117,75,99.5,5.7,0,1,8.1,0,0,0,0,42,7.5106
37,1,38.57,152,86,138.1,4.2,1,0,6.6,1,1,1,1,66,14.2709
50,1,32.42,138,82,114.7,5.8,0,0,4.5,0,0,1,0,56,16.21
24,1,21.12,104,55,98.7,1.8,0,0,6.0,0,0,0,0,49,5.0687999999999995
25,1,35.62,125,68,116.3,3.1,0,1,6.5,0,0,0,0,57,8.905
45,0,15.72,139,68,108.0,2.0,0,0,6.3,1,0,0,0,71,7.074
62,0,20.96,144,84,111.7,3.4,0,1,6.4,1,0,1,0,60,12.9952
28,0,18.59,130,75,71.1,1.7,1,0,5.4,0,0,1,0,55,5.2052
48,1,15.35,143,75,63.0,4.4,0,1,7.4,0,0,0,0,68,7.367999999999999
29,1,24.87,126,91,112.3,0.2,1,0,7.1,1,0,0,1,35,7.2123
68,0,27.91,136,91,110.9,11.9,0,0,5.2,1,0,1,1,45,18.9788
61,1,27.74,136,85,115.3,7.2,0,0,9.7,0,0,0,1,51,16.9214
67,1,27.56,127,80,116.0,4.6,0,0,8.5,0,0,0,1,47,18.4652
34,0,27.1,143,73,123.7,2.0,0,1,7.9,1,1,1,1,70,9.214
52,0,19.95,125,81,85.9,5.1,0,0,7.0,0,0,0,0,44,10.373999999999999
18,0,23.89,99,63,90.9,3.2,0,0,6.8,0,0,0,0,36,4.3002
46,0,15.0,121,75,91.8,3.0,0,0,7.5,0,0,0,0,46,6.9
68,1,33.06,168,96,125.7,3.8,0,1,7.7,1,0,1,1,72,22.4808
81,0,27.35,138,70,114.1,12.2,0,0,5.8,1,1,1,0,68,22.153499999999998
21,1,27.2,120,68,87.3,3.4,1,0,7.6,0,0,0,0,52,5.712
45,0,31.32,133,87,129.8,10.7,0,1,7.1,1,1,0,0,46,14.094000000000001
33,1,31.74,123,79,86.1,5.1,0,0,8.1,0,1,0,0,44,10.474199999999998
80,0,24.71,141,83,95.0,3.7,0,0,8.7,0,0,1,0,58,19.768
70,1,26.12,120,76,106.7,9.0,0,0,5.6,0,0,0,0,44,18.284000000000002
34,0,35.88,125,91,83.3,7.4,1,0,7.7,0,0,1,1,34,12.199200000000001
57,1,23.41,119,72,107.9,8.7,0,0,7.3,0,0,0,0,47,13.343700000000002
30,1,35.83,137,79,94.5,0.8,0,1,8.2,0,0,0,1,58,10.748999999999999
69,1,24.77,148,72,96.6,3.8,0,0,7.3,0,0,0,1,76,17.0913
75,0,15.73,125,76,100.4,6.7,0,1,6.9,0,0,1,0,49,11.7975
54,0,27.32,127,68,82.4,8.0,0,0,7.0,1,0,0,0,59,14.7528
78,0,24.72,141,79,119.9,1.5,0,0,5.6,1,0,1,0,62,19.281599999999997
51,0,18.98,128,78,115.4,5.5,0,0,6.8,0,0,0,0,50,9.6798
34,1,26.33,103,76,85.3,4.2,0,0,7.8,1,1,1,0,27,8.9522
37,0,23.98,145,92,129.9,5.9,1,1,7.8,1,0,0,1,53,8.8726
76,1,37.67,139,99,106.8,7.8,0,1,6.9,0,0,0,1,40,28.6292
50,1,32.42,143,77,103.2,3.9,0,1,8.7,1,0,0,0,66,16.21
34,0,21.22,117,86,96.7,2.8,0,0,7.0,0,0,0,0,31,7.2148
74,1,22.51,133,72,103.6,5.5,0,0,8.1,1,0,0,0,61,16.6574
18,0,32.6,120,92,80.0,8.8,0,0,5.6,1,0,0,0,28,5.868
30,0,33.83,111,87,116.5,5.1,0,0,7.6,1,0,0,0,24,10.149
44,0,24.87,121,59,86.5,8.2,0,0,7.2,0,0,0,0,62,10.9428
76,1,24.01,158,78,102.6,2.0,1,0,6.8,0,0,1,1,80,18.247600000000002
23,0,26.06,116,70,91.4,5.0,0,0,7.7,0,0,0,0,46,5.9938
40,1,28.48,119,88,108.3,5.0,1,0,7.3,0,0,1,1,31,11.392000000000001
27,0,31.01,119,66,77.1,5.0,0,0,7.6,0,0,0,1,53,8.372700000000002
68,1,31.31,140,84,107.3,3.3,0,0,7.7,0,0,0,0,56,21.2908
36,0,20.68,108,72,119.4,1.4,0,0,6.4,1,0,0,0,36,7.4448
68,0,24.71,132,71,102.9,5.5,0,0,9.0,1,0,1,1,61,16.8028
59,0,15.0,138,76,95.3,8.9,0,0,8.8,1,0,0,0,62,8.85
74,0,26.66,143,85,114.8,9.2,1,0,7.0,0,0,1,1,58,19.7284
55,1,18.75,125,70,111.6,2.2,0,0,7.6,1,0,1,0,55,10.3125
79,0,22.56,136,70,117.4,2.6,0,0,6.2,1,0,0,1,66,17.822400000000002
24,1,33.2,114,71,93.8,6.9,0,0,5.7,0,0,0,0,43,7.968000000000001
67,0,29.06,145,76,145.7,2.6,0,0,7.7,0,1,0,1,69,19.4702
69,0,28.82,145,70,90.2,4.5,0,0,8.7,0,0,1,1,75,19.8858
43,0,26.81,137,74,99.3,0.4,0,1,6.8,1,0,0,0,63,11.5283
43,0,34.94,126,77,117.7,2.6,0,0,7.4,1,1,0,0,49,15.024199999999999
36,1,23.16,119,69,85.9,4.3,0,0,6.1,1,0,0,0,50,8.3376
26,1,27.75,129,91,100.5,3.7,1,1,5.4,0,0,1,1,38,7.215
78,1,27.44,141,73,105.7,7.2,0,0,6.6,0,0,1,1,68,21.403200000000002
37,1,24.78,135,80,115.7,4.0,1,1,7.0,1,0,0,0,55,9.1686
67,1,39.2,157,92,101.3,2.8,0,0,8.2,0,0,0,1,65,26.264
39,1,19.72,128,75,107.8,3.7,0,1,5.8,0,0,0,0,53,7.690799999999999
30,1,16.08,121,72,79.4,6.0,0,0,6.0,0,0,0,0,49,4.824
29,0,27.43,116,78,104.8,3.7,0,0,6.0,1,0,0,0,38,7.9547
27,1,23.3,116,70,83.2,2.1,0,1,8.6,0,0,0,0,46,6.291
82,1,15.0,147,74,102.6,1.0,0,0,8.9,0,0,0,1,73,12.3
47,0,28.98,119,78,121.3,5.1,0,0,9.2,1,0,0,0,41,13.6206
25,1,28.2,111,79,93.8,1.9,0,0,8.5,0,0,0,1,32,7.05
38,0,33.31,130,91,118.0,3.9,0,0,7.4,1,0,1,0,39,12.657800000000002
39,1,23.58,128,79,91.0,0.8,1,0,7.1,0,0,1,0,49,9.1962
35,0,16.02,129,72,100.7,3.6,0,1,7.9,1,0,0,0,57,5.606999999999999
83,0,21.36,153,76,114.8,3.4,1,1,6.9,1,0,1,0,77,17.7288
65,0,15.65,135,86,94.8,2.4,1,0,8.8,0,0,0,1,49,10.1725
61,1,35.48,149,88,115.5,2.5,0,0,7.7,1,0,1,1,61,21.642799999999998
26,0,32.63,120,74,97.1,6.2,0,0,6.8,0,0,0,1,46,8.4838
84,1,34.24,155,87,134.0,9.0,0,0,6.4,0,1,1,1,68,28.7616
71,1,30.67,128,80,110.8,4.9,0,0,7.3,0,0,0,1,48,21.7757
43,0,18.68,124,71,115.8,3.7,0,0,7.0,0,0,0,0,53,8.0324
43,1,24.46,121,71,104.4,6.6,0,0,7.9,1,0,0,0,50,10.5178
51,0,31.4,137,79,109.9,8.3,0,0,7.4,0,0,0,0,58,16.014
25,1,16.94,117,61,97.1,2.3,0,0,7.2,0,0,0,0,56,4.235
27,0,29.36,120,70,84.6,5.5,0,1,9.7,0,0,0,0,50,7.9272
65,0,31.31,143,76,105.4,1.1,0,0,8.0,1,0,0,1,67,20.351499999999998
72,0,39.93,161,83,127.5,4.2,0,1,7.7,0,0,1,1,78,28.7496
71,1,32.34,139,92,116.9,4.5,0,0,6.4,1,1,1,1,47,22.961400000000005
57,1,29.56,146,72,107.5,5.1,0,0,5.1,0,0,0,1,74,16.8492
32,0,26.97,122,77,85.4,1.4,0,0,10.0,1,0,0,0,45,8.6304
35,0,29.95,128,80,124.6,2.8,0,0,6.8,1,0,0,1,48,10.4825
40,1,30.34,126,79,97.7,10.7,0,1,5.7,0,0,0,0,47,12.136
79,0,15.0,136,76,112.5,1.7,0,0,7.0,1,0,0,0,60,11.85
63,1,28.04,141,77,121.7,7.0,0,0,7.7,1,1,0,1,64,17.6652
56,1,15.0,138,73,110.2,0.7,0,1,7.6,1,0,0,0,65,8.4
32,0,15.0,114,73,75.3,4.8,0,0,5.6,0,0,0,0,41,4.8
70,1,27.04,136,80,107.7,7.1,1,0,4.0,0,0,1,0,56,18.928
81,1,29.58,140,76,109.4,1.8,0,0,8.5,1,1,1,0,64,23.9598
80,0,19.11,142,87,128.5,4.6,1,0,8.8,1,0,0,0,55,15.288
33,1,33.14,128,91,93.4,4.7,1,0,8.6,0,0,0,0,37,10.936200000000001
83,1,35.61,160,101,131.9,3.9,1,0,7.0,1,1,1,1,59,29.5563
30,0,31.47,125,82,108.9,5.2,1,0,6.0,1,0,0,1,43,9.440999999999999
64,0,26.65,123,78,103.2,7.1,0,0,7.9,0,0,1,0,45,17.055999999999997
26,1,28.58,136,82,99.6,2.4,1,0,7.3,0,0,0,0,54,7.4308
80,0,27.45,131,76,108.2,3.6,0,0,7.7,0,0,0,1,55,21.96
51,0,28.04,133,83,110.9,1.6,0,0,7.2,1,0,0,0,50,14.3004
46,1,20.86,127,73,98.6,6.1,0,0,6.2,0,0,0,0,54,9.5956
54,1,24.64,117,78,105.8,3.8,0,0,7.6,0,0,0,1,39,13.3056
60,1,27.15,138,75,111.5,2.8,0,0,7.2,1,0,0,0,63,16.29
81,0,28.76,144,76,112.5,5.0,0,0,6.3,0,0,1,0,68,23.2956
41,1,30.22,139,80,102.4,1.4,0,0,6.9,0,0,0,0,59,12.3902
51,1,21.01,141,70,106.9,4.5,0,1,7.5,0,1,0,0,71,10.7151
65,1,25.8,133,80,115.9,2.9,0,1,6.5,0,0,1,0,53,16.77
29,1,25.24,112,56,96.7,0.9,0,0,8.8,0,0,0,0,56,7.319599999999999
40,1,38.17,139,75,106.2,3.8,0,0,5.7,0,0,0,1,64,15.268000000000002
30,1,28.25,128,65,110.0,3.0,0,0,4.9,1,0,0,0,63,8.475
62,0,30.71,129,92,104.8,4.5,0,1,7.5,0,0,1,1,37,19.0402
82,1,32.58,134,89,151.5,5.5,0,0,5.9,1,1,1,1,45,26.7156
64,0,31.75,153,72,87.2,5.1,0,0,7.6,1,0,0,0,81,20.32
75,1,15.0,116,74,105.8,6.9,0,0,8.0,0,0,0,0,42,11.25
22,1,25.77,103,81,83.2,3.6,0,1,6.5,0,0,0,0,22,5.6693999999999996
22,0,30.73,117,78,106.9,2.9,0,0,8.3,0,0,0,0,39,6.7606
77,1,27.55,150,88,93.6,3.2,1,0,5.8,0,0,0,1,62,21.2135
38,1,17.13,120,66,95.8,8.2,0,0,7.7,1,0,0,0,54,6.509399999999999
41,0,20.75,114,69,83.7,1.8,0,1,4.3,1,0,0,0,45,8.5075
35,0,21.65,112,78,104.2,3.0,0,0,6.9,1,0,0,0,34,7.5775
38,0,28.7,120,78,105.4,1.9,0,0,7.0,1,1,0,0,42,10.905999999999999
71,0,28.16,136,89,100.3,1.9,0,0,7.4,0,0,0,0,47,19.9936
27,1,35.64,124,74,98.0,6.8,0,0,7.3,0,0,0,0,50,9.6228
41,1,26.87,116,76,92.1,2.6,0,0,9.4,0,0,0,0,40,11.0167
77,0,27.98,143,85,130.8,4.0,0,0,8.8,0,1,0,1,58,21.5446
74,1,19.05,138,85,96.4,1.9,1,0,5.8,0,0,1,0,53,14.097000000000001
40,1,25.9,153,80,100.4,1.8,1,1,7.6,0,0,0,1,73,10.36
39,1,39.99,121,85,109.3,5.6,0,0,6.4,0,0,0,0,36,15.596100000000002
51,0,28.78,112,74,90.9,9.3,0,0,8.7,0,0,0,0,38,14.6778
45,1,23.55,113,75,89.6,2.3,0,0,7.6,0,0,0,0,38,10.5975
56,0,29.21,129,84,127.1,3.7,1,0,6.9,0,0,0,0,45,16.3576
59,1,32.84,152,85,99.4,3.3,0,0,8.9,0,1,0,1,67,19.375600000000002
40,1,29.69,113,79,96.0,3.4,0,0,8.3,0,0,0,0,34,11.876000000000001
19,0,31.62,134,77,97.8,1.7,0,0,6.8,0,0,0,0,57,6.0078
41,1,32.36,158,84,113.6,1.4,1,0,6.9,0,0,1,1,74,13.2676
34,0,27.71,121,79,86.5,4.4,0,1,8.0,0,0,0,1,42,9.4214
82,0,28.71,162,76,119.7,2.3,0,0,7.0,0,0,1,1,86,23.5422
77,1,23.33,140,81,91.2,1.1,0,0,5.9,0,1,0,0,59,17.9641
67,0,23.27,136,79,96.0,4.7,0,0,6.7,1,0,1,0,57,15.5909
29,1,26.33,103,66,99.2,2.6,0,0,7.5,0,0,0,0,37,7.635699999999999
64,1,19.12,148,81,110.5,4.2,0,1,7.5,1,0,1,0,67,12.2368
84,0,28.94,145,84,131.5,2.4,0,1,5.4,0,1,1,1,61,24.3096
82,1,22.18,158,89,103.4,4.5,1,1,6.7,0,1,1,1,69,18.1876
44,0,27.84,141,75,113.3,5.4,0,1,6.2,1,0,0,0,66,12.249600000000001
65,0,29.8,146,80,113.6,6.5,0,0,8.7,1,0,0,1,66,19.37
79,1,19.16,142,79,110.3,10.5,0,0,7.2,0,0,1,1,63,15.136400000000002
61,1,29.18,148,83,102.7,2.3,0,1,7.6,0,0,0,1,65,17.7998
36,1,15.0,122,63,115.1,3.5,0,0,6.3,1,0,0,0,59,5.4
76,1,30.21,147,87,105.6,3.1,0,1,7.9,0,1,1,1,60,22.959600000000002
25,0,30.3,114,93,98.4,1.3,0,0,6.4,0,0,0,1,21,7.575
72,0,30.69,144,75,143.5,4.5,0,0,7.0,1,1,0,1,69,22.0968
64,0,28.79,134,80,108.4,4.0,0,0,5.9,0,0,0,1,54,18.4256
19,1,23.79,116,74,94.5,2.9,0,0,7.5,0,0,0,0,42,4.5201
56,0,24.0,123,73,88.1,2.9,0,0,4.2,0,0,0,0,50,13.44
62,0,23.23,143,65,77.8,4.4,0,0,10.0,0,0,0,0,78,14.4026
49,0,32.77,126,77,106.6,3.8,0,0,8.1,0,0,0,0,49,16.0573
82,0,36.61,164,91,120.7,3.0,0,0,6.8,0,0,1,1,73,30.0202
55,1,27.29,130,91,76.6,7.0,0,1,8.5,0,0,0,1,39,15.009500000000001
28,1,21.07,103,66,67.3,9.1,0,1,7.8,0,0,0,0,37,5.8996
27,0,25.19,120,75,101.5,0.8,0,0,6.4,0,0,0,0,45,6.8013
76,0,32.48,154,79,135.5,1.9,0,0,6.7,1,1,1,0,75,24.684799999999996
72,1,30.01,146,86,106.2,3.3,0,1,5.5,0,0,1,1,60,21.607200000000002
37,0,27.0,126,81,92.2,1.8,1,1,6.8,0,0,0,1,45,9.99
34,1,25.27,122,88,112.4,3.0,1,0,6.5,0,0,0,0,34,8.5918
22,1,17.01,137,66,83.4,8.4,1,0,6.6,0,0,0,0,71,3.7422000000000004
77,0,25.55,142,85,115.2,3.6,0,0,6.2,1,1,1,1,57,19.6735
40,1,24.55,105,68,110.6,4.6,0,0,7.4,0,0,0,0,37,9.82
63,0,24.36,130,83,99.5,1.7,0,0,6.5,0,0,0,0,47,15.3468
69,0,28.43,133,89,108.5,3.3,0,0,6.0,0,0,1,1,44,19.6167
27,0,36.95,139,80,132.2,4.6,0,0,7.5,0,1,0,0,59,9.976500000000001
63,1,26.91,138,88,111.9,1.3,0,0,7.4,1,0,1,1,50,16.9533
45,1,30.27,136,80,111.3,2.5,0,1,5.4,0,0,0,0,56,13.621500000000001
60,0,26.45,138,78,119.4,0.9,0,0,7.1,0,0,1,1,60,15.87
43,1,26.45,124,76,98.3,4.3,0,0,7.8,0,0,0,0,48,11.3735
72,1,33.42,138,79,105.9,1.6,0,0,5.9,0,0,1,1,59,24.062400000000004
65,0,28.97,147,86,94.6,3.9,0,1,6.9,0,0,0,1,61,18.8305
46,1,31.32,136,81,103.3,2.6,0,0,5.6,1,0,0,1,55,14.4072
44,1,33.99,131,75,105.3,5.4,0,0,9.7,0,0,0,1,56,14.955600000000002
35,1,28.9,126,71,97.6,7.9,0,0,8.4,1,0,0,0,55,10.115
77,0,28.22,141,74,115.5,10.8,0,0,6.1,0,0,0,0,67,21.729400000000002
38,0,31.07,133,78,93.2,5.9,0,0,7.7,0,0,0,0,55,11.806600000000001
41,1,23.04,111,73,125.6,2.9,0,0,6.8,1,0,0,0,38,9.4464
20,1,23.14,118,74,93.1,5.7,1,1,7.1,1,0,0,0,44,4.628
79,1,22.4,131,68,105.0,8.3,0,1,8.3,0,0,0,0,63,17.695999999999998
19,1,23.95,111,60,71.4,6.1,0,0,8.2,0,0,0,0,51,4.5505
83,1,19.92,137,89,76.1,8.8,1,0,6.6,0,0,0,1,48,16.5336
59,1,17.19,127,68,98.6,8.7,0,0,6.1,1,0,0,0,59,10.142100000000001
51,0,22.03,110,72,81.0,4.7,0,0,8.2,1,0,0,0,38,11.2353
59,0,15.0,132,81,106.7,6.5,0,0,6.4,0,0,0,1,51,8.85
37,0,28.45,113,82,109.0,7.4,1,0,9.1,1,0,0,1,31,10.526499999999999
62,0,27.37,130,82,124.5,2.6,0,0,9.3,0,0,0,1,48,16.9694
59,1,31.1,143,74,101.9,2.6,0,1,7.4,0,0,0,1,69,18.349
64,1,21.39,122,82,113.1,3.1,0,0,6.4,0,0,0,1,40,13.6896
22,0,29.69,103,80,89.3,5.9,0,0,4.5,0,0,0,0,23,6.5318000000000005
66,1,22.11,144,80,98.8,1.8,0,0,6.6,1,0,0,1,64,14.5926
54,1,31.29,136,81,104.1,2.3,0,0,5.5,0,0,1,0,55,16.8966
51,1,16.23,137,70,103.1,4.1,0,0,6.9,0,0,0,0,67,8.2773
35,1,25.42,119,83,95.8,2.3,1,0,7.9,1,0,0,0,36,8.897
36,0,24.49,120,78,94.3,7.5,0,0,7.1,1,0,0,0,42,8.8164
57,0,31.42,154,83,97.0,6.0,0,1,7.4,0,0,1,1,71,17.9094
34,1,31.34,121,81,100.2,2.6,0,0,6.5,0,0,0,1,40,10.6556
77,1,33.87,155,91,109.6,3.8,0,0,5.9,0,0,1,0,64,26.0799
59,1,15.12,133,75,84.6,2.7,0,0,8.4,0,0,0,0,58,8.9208
82,0,35.48,158,88,118.7,2.0,0,0,6.1,1,0,1,1,70,29.093599999999995
70,0,21.43,136,73,79.4,3.7,0,1,5.5,0,0,1,0,63,15.001
24,1,36.71,120,71,83.2,1.2,0,0,7.4,1,0,0,0,49,8.8104
22,0,39.7,148,86,94.0,2.9,0,1,6.0,0,0,1,1,62,8.734000000000002
41,1,33.71,136,75,113.4,5.7,0,0,7.4,1,0,0,0,61,13.821100000000001
45,1,21.83,123,75,92.1,2.5,0,1,7.5,0,0,0,0,48,9.8235
79,1,19.58,151,82,89.6,2.4,1,0,7.7,0,0,0,1,69,15.4682
34,1,22.71,126,79,104.6,4.7,0,0,6.7,1,1,0,0,47,7.7214
37,0,30.11,140,78,84.2,3.1,0,1,6.9,0,0,1,0,62,11.140699999999999
20,1,20.63,105,77,69.6,6.6,0,0,6.3,1,0,0,0,28,4.1259999999999994
54,1,16.02,120,76,83.0,3.5,0,0,7.9,0,0,0,0,44,8.650799999999998
32,1,33.07,127,75,82.6,14.15,0,0,6.6,1,0,0,0,52,10.5824
68,1,23.32,129,77,106.8,2.3,0,0,5.3,1,1,0,0,52,15.8576
65,0,32.1,126,82,111.0,6.0,0,0,6.6,0,0,1,0,44,20.865
25,1,31.28,123,85,77.7,10.1,0,0,7.2,0,0,0,0,38,7.82
30,0,27.95,104,75,88.6,5.7,0,0,6.5,0,0,0,0,29,8.385
65,0,31.67,168,74,115.6,3.9,1,0,6.4,1,1,1,1,94,20.585500000000003
20,1,35.39,119,77,111.4,0.9,0,0,7.6,1,1,0,0,42,7.077999999999999
82,0,31.23,153,80,125.4,2.7,1,0,7.8,0,1,1,1,73,25.608600000000003
48,1,31.39,136,74,96.2,4.0,0,1,5.3,1,0,0,0,62,15.0672
43,0,29.05,130,78,82.7,4.7,0,1,8.5,0,0,0,0,52,12.4915
73,0,24.29,132,79,104.3,0.6,0,1,6.4,1,0,1,0,53,17.7317
51,0,28.59,135,75,111.3,1.2,0,1,7.2,1,1,1,0,60,14.5809
26,0,28.01,123,86,89.5,2.7,1,0,7.5,1,0,0,0,37,7.2825999999999995
79,1,29.64,130,74,104.8,4.8,0,0,7.9,1,0,1,0,56,23.415599999999998
30,1,28.73,131,72,83.8,1.6,0,0,6.2,0,0,0,0,59,8.619
58,1,24.15,133,70,122.3,2.9,0,0,7.2,1,0,0,0,63,14.006999999999998
18,0,33.41,119,69,99.8,4.1,0,0,6.5,0,0,0,0,50,6.013799999999999
64,1,23.74,147,86,75.6,5.1,0,1,6.6,0,0,1,0,61,15.193599999999998
21,1,29.09,123,79,121.8,2.6,0,1,7.4,1,0,0,0,44,6.1089
80,0,29.79,174,88,117.8,3.8,1,0,6.1,0,0,0,1,86,23.831999999999997
69,1,20.71,140,77,108.8,4.8,0,0,7.7,0,0,0,0,63,14.2899
27,1,35.86,134,79,127.8,6.2,1,0,6.6,0,0,0,0,55,9.6822
45,0,26.56,125,71,96.6,2.7,0,0,7.0,0,0,0,0,54,11.952
23,1,21.04,111,84,74.4,3.0,0,1,7.0,0,0,0,0,27,4.8392
44,0,26.8,118,76,91.5,7.6,0,0,6.3,0,0,0,0,42,11.792
29,0,21.15,124,83,93.6,4.5,0,1,7.3,0,0,0,0,41,6.133499999999999
79,0,23.44,140,78,77.9,2.7,0,1,10.0,0,0,0,0,62,18.5176
69,1,23.32,140,72,98.6,4.3,1,0,8.7,0,0,0,1,68,16.090799999999998
65,0,26.01,114,67,108.1,5.5,0,0,6.4,1,0,0,0,47,16.9065
84,0,34.72,154,83,136.6,5.4,0,1,4.6,0,1,1,1,71,29.1648
63,1,27.42,121,85,122.2,10.2,0,0,4.9,1,1,0,1,36,17.2746
32,1,27.75,132,75,100.4,3.0,1,0,4.8,0,0,0,1,57,8.88
53,1,24.03,120,84,111.6,5.8,0,0,6.3,1,0,0,0,36,12.7359
31,0,28.44,125,72,117.6,5.1,1,0,6.5,1,0,0,0,53,8.8164
20,1,26.61,123,76,93.2,4.7,1,0,6.2,0,0,0,0,47,5.322
84,0,26.31,133,74,104.5,5.6,0,0,4.6,0,0,0,0,59,22.1004
36,1,30.9,126,77,101.7,1.7,0,0,6.8,1,0,0,0,49,11.123999999999999
71,1,21.34,131,78,100.4,10.8,0,1,8.2,1,0,1,0,53,15.1514
27,1,34.15,125,78,97.7,3.9,0,0,8.8,1,0,0,1,47,9.2205
50,1,15.0,138,77,95.9,8.2,1,0,7.6,0,0,0,0,61,7.5
30,1,26.26,131,80,108.0,2.2,0,1,6.9,0,0,0,0,51,7.878000000000001
68,1,34.68,146,70,121.8,2.3,0,0,5.6,0,1,0,1,76,23.582399999999996
49,0,33.8,141,83,93.4,6.7,0,1,7.8,0,0,0,1,58,16.561999999999998
41,0,27.72,129,86,97.1,3.7,0,0,4.9,0,0,0,0,43,11.3652
52,1,22.1,137,68,95.6,5.1,0,0,6.1,0,0,0,0,69,11.492
57,0,26.03,138,87,85.3,4.9,1,1,5.6,0,0,0,1,51,14.8371
71,1,41.83,158,87,121.6,8.6,1,0,7.6,1,0,1,1,71,29.699299999999997
61,1,30.91,135,89,104.3,11.0,0,0,7.7,0,0,0,0,46,18.8551
79,0,16.94,133,78,83.9,7.3,0,1,6.2,0,1,0,0,55,13.3826
50,1,27.28,129,78,113.6,3.8,0,0,6.9,0,0,0,0,51,13.64
73,1,23.33,136,70,103.5,6.5,0,0,8.2,1,0,1,0,66,17.0309
53,1,19.43,123,83,101.2,6.3,0,0,6.1,1,0,0,0,40,10.2979
71,0,29.6,132,71,108.9,7.8,0,1,6.2,0,0,1,0,61,21.016
36,1,21.17,115,70,81.9,3.7,0,0,8.4,0,0,0,0,45,7.621200000000001
60,0,35.78,148,91,127.8,4.1,1,1,7.1,0,1,1,1,57,21.468000000000004
29,1,34.58,134,90,106.7,5.4,0,0,7.9,0,0,0,0,44,10.0282
28,1,22.57,117,69,85.8,5.7,0,0,7.2,0,0,0,0,48,6.3196
29,0,22.21,106,79,73.8,3.4,0,0,8.3,0,0,0,0,27,6.4409
58,1,30.7,149,84,112.7,1.9,0,0,7.4,0,0,1,0,65,17.805999999999997
42,0,32.7,135,77,118.5,4.3,0,0,6.5,1,0,0,1,58,13.734000000000002
20,1,25.34,110,66,73.2,5.3,0,0,7.2,0,0,0,0,44,5.0680000000000005
20,1,32.48,118,76,81.6,4.2,0,0,8.4,0,0,0,0,42,6.495999999999999
45,0,36.45,147,82,124.3,3.3,0,0,6.7,0,0,1,1,65,16.402500000000003
40,0,28.71,117,74,124.2,4.0,0,0,8.2,1,1,0,0,43,11.484000000000002
65,1,20.83,128,88,79.4,6.2,0,1,6.8,0,0,0,1,40,13.539499999999999
84,0,31.36,140,79,135.2,5.8,0,0,6.6,0,0,1,0,61,26.342399999999998
59,0,27.63,160,82,105.8,4.2,1,0,8.0,1,0,1,1,78,16.301699999999997
57,0,24.93,138,81,131.3,6.6,1,0,6.2,0,0,1,1,57,14.2101
23,0,31.16,116,83,102.7,1.7,0,0,8.6,0,0,0,1,33,7.166799999999999
37,1,33.8,136,78,107.8,2.5,0,0,8.3,0,1,0,1,58,12.505999999999998
28,1,27.88,122,83,88.7,3.8,0,1,5.8,1,0,1,0,39,7.8064
44,0,15.0,130,75,93.7,7.5,1,1,8.1,0,0,0,1,55,6.6
38,0,27.49,111,77,107.3,4.2,0,0,8.1,0,0,0,1,34,10.4462
30,0,28.12,118,76,91.2,3.2,0,0,7.0,0,0,0,0,42,8.436
52,1,41.8,148,98,103.2,4.4,1,0,7.3,0,0,1,1,50,21.736
64,1,27.55,142,77,115.4,4.1,0,0,5.5,0,0,0,0,65,17.632
45,1,25.81,120,80,89.6,2.7,0,1,8.3,0,0,0,1,40,11.6145
38,1,30.8,134,74,123.3,5.0,0,0,6.3,0,0,0,0,60,11.704
35,1,25.06,105,69,87.4,4.4,0,0,4.9,0,0,0,0,36,8.770999999999999
48,1,22.82,122,82,78.3,12.7,0,0,6.5,0,0,0,0,40,10.953600000000002
77,0,17.55,141,74,109.6,5.6,0,1,6.1,0,0,1,1,67,13.5135
54,1,23.35,119,73,93.0,4.6,0,0,7.3,0,0,0,0,46,12.609000000000002
38,1,15.73,127,76,98.8,7.3,0,0,8.7,1,0,0,0,51,5.9774
31,0,28.44,132,82,100.8,1.8,1,0,7.4,1,0,0,0,50,8.8164
77,1,28.05,148,84,118.2,2.4,0,0,8.0,0,1,0,0,64,21.598499999999998
40,1,30.84,130,67,100.7,3.9,1,0,9.6,0,0,1,0,63,12.335999999999999
46,1,20.82,133,76,74.5,7.8,1,0,6.8,0,0,0,0,57,9.5772
64,0,18.46,122,70,94.6,1.8,0,0,4.9,1,0,1,0,52,11.814400000000001
47,1,38.73,131,80,126.6,4.8,0,1,6.0,1,0,1,0,51,18.2031
55,0,26.34,124,88,85.7,3.8,0,0,7.4,0,0,0,1,36,14.487
44,1,30.86,151,69,102.3,3.2,0,1,6.1,1,0,1,1,82,13.578399999999998
32,1,27.57,114,71,98.5,8.9,0,1,8.0,1,0,0,0,43,8.8224
76,1,31.12,145,85,134.8,2.5,0,0,5.8,1,1,1,1,60,23.6512
20,1,28.12,114,81,99.3,7.1,0,0,5.8,1,0,0,0,33,5.624
27,1,22.15,116,70,88.8,5.6,0,0,5.6,1,0,0,0,46,5.980499999999999
34,0,29.94,128,77,100.7,4.8,0,0,9.6,0,0,0,1,51,10.1796
28,1,28.56,126,90,116.2,1.5,0,1,6.9,0,0,0,0,36,7.9967999999999995
65,1,17.04,128,88,124.8,1.1,0,0,6.7,1,0,0,1,40,11.075999999999999
22,0,28.51,123,72,98.7,4.8,0,0,8.0,0,0,0,0,51,6.272200000000001
81,0,24.55,139,77,83.5,7.9,0,0,7.8,0,0,1,1,62,19.8855
31,1,22.93,127,73,76.9,2.9,0,1,8.7,0,0,0,0,54,7.108300000000001
67,0,32.46,131,84,128.5,3.6,0,0,9.2,1,0,0,1,47,21.7482
43,1,26.38,113,80,97.3,3.9,0,0,8.4,0,0,0,0,33,11.343399999999999
24,0,26.56,95,71,84.2,4.3,0,0,7.7,0,0,0,0,24,6.3744
33,0,27.32,130,73,90.6,6.1,0,0,6.6,1,0,1,1,57,9.015600000000001
72,1,26.61,129,74,94.5,11.8,0,0,8.1,1,0,0,0,55,19.159200000000002
73,1,26.23,139,77,97.1,10.7,0,1,8.5,0,0,1,0,62,19.1479
21,1,35.25,138,80,106.2,3.1,0,1,6.7,0,0,0,0,58,7.4025
65,1,22.83,139,72,101.3,2.4,0,0,6.9,0,0,1,1,67,14.839499999999997
34,1,16.73,108,69,82.8,0.7,0,0,8.4,0,0,0,0,39,5.6882
53,1,27.06,149,86,118.1,4.2,1,0,4.0,0,0,1,1,63,14.3418
55,0,21.35,120,74,99.3,4.3,0,1,7.8,1,0,0,0,46,11.7425
79,0,20.44,128,80,140.4,0.8,0,1,6.3,1,1,1,1,48,16.1476
65,0,26.71,132,80,117.3,1.8,0,0,6.3,0,0,0,1,52,17.3615
27,0,28.39,126,77,94.3,4.4,0,0,6.3,0,0,0,0,49,7.665299999999999
53,0,25.79,136,76,140.5,1.3,0,1,5.3,1,1,0,1,60,13.6687
46,0,24.15,126,87,112.8,5.5,0,1,6.8,0,0,0,0,39,11.108999999999998
21,1,25.64,132,73,89.6,2.9,0,0,8.0,0,0,0,0,59,5.3844
61,0,26.5,132,73,100.4,6.5,0,0,6.2,1,0,0,1,59,16.165
73,0,26.78,131,82,126.0,5.5,0,0,7.2,1,0,1,1,49,19.549400000000002
59,1,16.41,123,67,120.1,3.5,0,0,5.8,1,1,0,0,56,9.6819
30,0,31.87,130,84,92.4,5.2,0,1,5.0,0,0,0,0,46,9.561
63,0,18.35,131,68,113.2,1.3,0,0,4.0,1,1,0,0,63,11.560500000000001
50,0,22.91,124,79,125.4,3.5,0,1,7.4,0,0,0,1,45,11.455
38,0,17.79,123,78,82.5,2.2,0,0,8.1,0,0,0,0,45,6.7602
74,0,27.77,132,88,128.1,2.6,0,1,7.6,1,1,1,0,44,20.5498
84,0,22.68,137,83,85.4,4.7,0,0,5.6,0,0,1,0,54,19.051199999999998
65,1,25.73,129,84,99.2,4.2,1,0,8.8,0,0,0,0,45,16.7245
50,0,22.49,120,77,105.8,3.0,0,0,7.9,1,0,0,0,43,11.245
53,0,20.69,111,65,91.6,6.8,0,0,8.3,1,0,0,0,46,10.965700000000002
50,1,15.0,139,80,102.6,6.3,0,0,8.2,0,0,0,1,59,7.5
48,0,23.37,128,70,93.8,3.1,0,0,7.8,0,0,0,0,58,11.2176
38,0,19.78,141,76,100.2,8.1,1,1,6.8,1,0,0,0,65,7.516400000000001
44,1,29.81,125,78,109.6,6.7,0,0,6.2,1,0,0,0,47,13.116399999999999
79,1,38.87,153,86,134.3,4.0,0,0,7.6,1,1,1,1,67,30.7073
43,1,37.41,126,91,133.0,2.4,0,0,6.4,0,1,0,1,35,16.086299999999998
83,0,26.33,149,83,107.5,0.7,0,1,7.3,0,1,0,1,66,21.8539
29,1,22.21,110,74,87.4,5.9,0,0,7.1,0,0,0,0,36,6.4409
39,0,15.49,130,78,94.2,4.8,1,1,6.5,0,0,0,0,52,6.0411
34,0,24.37,130,78,94.8,1.1,0,1,7.3,0,0,1,1,52,8.2858
24,0,21.51,119,62,95.1,3.0,0,0,7.5,0,0,0,0,57,5.1624
54,1,22.52,124,69,94.6,3.7,0,1,6.9,0,0,0,0,55,12.1608
55,0,17.33,122,81,106.7,7.2,0,0,4.6,0,0,0,0,41,9.5315
28,1,30.88,132,69,89.3,4.9,0,1,7.0,0,0,0,0,63,8.6464
18,1,29.75,124,83,101.3,5.1,0,0,6.5,0,0,0,0,41,5.355
42,0,21.49,132,79,99.3,4.4,1,1,5.8,0,0,1,0,53,9.025799999999998
59,1,31.76,135,81,101.5,6.5,0,1,9.1,0,0,1,1,54,18.738400000000002
69,0,27.15,148,73,124.3,3.3,0,0,6.2,0,0,0,0,75,18.7335
41,0,29.88,127,76,102.1,2.4,0,0,8.5,0,0,0,0,51,12.2508
70,0,31.29,137,92,110.7,2.5,0,0,7.1,0,0,1,0,45,21.903
73,1,28.92,152,76,111.7,3.3,0,0,6.9,1,0,1,1,76,21.111600000000003
80,0,22.04,124,70,110.2,2.1,0,0,7.7,1,0,0,0,54,17.631999999999998
25,1,32.89,130,66,101.7,5.2,0,0,9.1,0,0,0,0,64,8.2225
76,1,31.28,139,83,111.8,5.1,0,1,7.1,1,0,1,1,56,23.772800000000004
62,1,31.37,141,76,128.6,2.7,0,0,6.5,0,0,1,1,65,19.4494
44,0,19.09,119,78,62.5,4.3,0,0,7.8,0,0,0,0,41,8.3996
69,0,18.29,130,78,96.2,8.0,0,0,8.2,1,0,0,0,52,12.6201
35,0,35.57,129,77,103.0,3.0,0,0,7.7,0,0,0,1,52,12.4495
33,1,23.1,128,80,96.1,8.8,0,0,8.1,0,0,0,0,48,7.623000000000001
83,1,28.26,154,84,126.0,1.5,0,0,8.3,1,1,0,1,70,23.4558
22,1,33.8,125,77,104.8,4.3,0,0,8.3,1,0,0,0,48,7.435999999999999
20,1,36.27,132,80,129.5,14.15,0,1,7.1,1,0,0,0,52,7.254000000000001
24,0,30.13,123,78,96.8,7.3,0,0,8.6,1,0,0,0,45,7.2312
67,1,23.77,130,70,73.6,6.6,0,1,6.8,0,0,0,0,60,15.925899999999999
31,0,25.14,124,75,83.0,4.5,1,0,8.6,0,0,0,0,49,7.7934
55,0,28.95,134,84,86.0,6.8,0,1,8.9,0,0,0,1,50,15.9225
64,1,27.81,144,75,105.6,3.5,0,0,8.1,0,0,0,1,69,17.7984
50,1,22.65,111,73,109.4,4.0,0,0,8.3,0,0,0,0,38,11.325
60,0,15.0,139,73,124.7,5.3,1,0,8.2,1,0,0,1,66,9.0
46,0,22.53,131,64,93.1,5.3,0,0,7.2,1,0,0,0,67,10.363800000000001
74,0,25.56,133,77,90.5,2.8,0,0,7.8,0,0,0,0,56,18.914399999999997
22,1,26.74,111,68,99.8,7.8,0,0,8.9,0,0,0,0,43,5.8828
77,0,36.7,164,90,106.3,8.1,0,1,6.0,0,0,1,1,74,28.259
19,1,32.99,117,93,124.5,2.4,0,1,8.5,1,0,0,0,24,6.2681000000000004
60,0,24.12,118,70,115.0,2.0,0,0,4.5,0,1,0,0,48,14.472000000000001
21,0,29.72,113,80,79.4,9.7,0,1,6.5,0,0,0,0,33,6.2412
73,0,15.0,134,77,109.4,4.1,0,0,7.3,0,0,0,1,57,10.95
76,0,33.91,153,79,116.6,1.4,0,0,7.0,0,0,0,1,74,25.7716
26,1,23.92,112,67,73.6,3.3,0,0,8.2,0,0,0,0,45,6.219200000000001
20,1,27.89,119,76,83.7,2.9,0,0,5.4,0,1,0,0,43,5.577999999999999
65,0,26.97,149,87,108.1,10.0,1,0,7.7,1,0,0,0,62,17.5305
60,1,32.75,145,91,107.5,0.8,0,0,6.2,0,1,1,1,54,19.65
18,1,24.78,104,80,96.6,3.9,0,0,8.1,1,0,0,0,24,4.4604
74,0,31.57,139,87,117.8,7.0,0,0,5.9,0,0,1,1,52,23.3618
70,0,28.92,147,81,92.6,3.5,0,1,7.5,0,0,1,1,66,20.244
33,0,27.51,117,64,75.5,14.15,0,0,8.6,0,0,0,0,53,9.0783
68,1,26.17,121,63,116.3,3.2,0,0,6.3,0,0,0,1,58,17.7956
72,0,23.85,141,84,132.4,3.1,0,0,7.1,0,0,0,0,57,17.172
18,0,25.84,109,77,108.2,4.2,0,1,7.0,1,0,0,0,32,4.6512
45,1,24.58,126,78,103.8,1.4,0,0,6.7,0,0,0,0,48,11.061
70,1,29.23,133,71,114.2,3.0,0,0,7.0,0,0,0,1,62,20.461000000000002
75,0,20.22,137,68,141.7,5.9,0,0,5.4,0,0,1,0,69,15.165
77,0,27.22,128,82,110.2,4.5,0,0,7.6,1,1,0,1,46,20.959400000000002
76,1,35.59,151,82,138.6,5.6,0,0,6.8,1,1,1,1,69,27.0484
39,0,24.25,128,79,84.6,3.5,0,1,6.9,0,0,0,1,49,9.4575
25,0,29.34,117,67,85.7,1.0,0,0,8.1,0,0,0,0,50,7.335
66,1,15.0,134,75,122.9,3.6,0,0,6.4,1,0,1,1,59,9.9
59,1,17.63,126,70,107.1,9.6,0,1,7.2,0,0,0,1,56,10.401699999999998
44,1,26.03,123,86,117.6,2.4,1,0,4.3,0,0,0,0,37,11.453200000000002
56,0,26.36,121,75,91.0,12.6,0,1,9.3,0,0,0,0,46,14.761599999999998
42,1,27.04,147,90,116.4,4.0,1,1,8.5,1,0,1,1,57,11.3568
55,0,39.51,147,86,138.6,0.6,0,0,6.7,0,1,0,1,61,21.730499999999996
41,0,23.42,135,75,80.6,4.0,0,0,9.2,0,0,0,0,60,9.6022
41,1,27.29,138,89,86.2,2.1,1,0,7.6,0,0,1,1,49,11.188899999999999
77,1,22.64,149,64,112.1,8.8,0,1,4.7,1,1,1,0,85,17.4328
67,0,31.07,137,82,104.5,12.2,0,0,6.2,0,0,0,0,55,20.8169
83,0,20.13,115,66,110.8,7.3,0,0,7.7,0,0,0,0,49,16.7079
31,0,22.75,115,68,72.2,5.4,0,0,6.5,0,0,0,0,47,7.0525
70,1,21.57,140,84,114.9,2.7,0,1,6.6,1,0,1,0,56,15.099
49,1,31.58,128,76,113.7,3.0,0,1,7.6,1,1,1,1,52,15.474199999999998
65,0,27.53,128,77,108.7,9.2,0,0,8.1,0,0,0,0,51,17.8945
56,0,28.44,130,69,89.5,9.3,0,0,6.3,0,0,1,0,61,15.926400000000001
57,0,25.68,126,80,102.7,3.6,0,0,9.2,0,0,0,0,46,14.637599999999999
59,0,33.81,137,90,133.8,6.8,0,0,6.9,1,0,1,1,47,19.9479
25,1,25.9,110,74,104.0,2.3,0,0,7.1,0,0,0,0,36,6.475
43,1,38.2,142,81,117.1,2.7,0,0,7.0,0,0,1,1,61,16.426000000000002
29,0,34.16,119,81,86.3,8.7,0,1,5.7,0,0,0,1,38,9.906399999999998
60,0,18.24,131,73,71.0,4.9,0,1,6.3,0,0,0,0,58,10.943999999999999
68,0,30.5,122,93,110.7,8.7,0,0,5.5,0,0,1,0,29,20.74
80,0,34.15,138,89,128.7,3.4,0,0,5.6,0,1,0,0,49,27.32
66,0,24.44,121,72,97.9,6.4,0,0,6.0,0,0,0,0,49,16.1304
44,1,29.19,125,85,109.1,2.3,0,0,6.7,1,1,0,0,40,12.843600000000002
26,0,18.23,115,71,104.0,6.0,0,0,6.1,1,0,0,0,44,4.7398
56,0,21.02,134,80,126.0,3.0,1,1,6.5,0,0,0,1,54,11.771199999999999
82,1,25.34,146,89,114.7,3.5,0,0,7.2,1,0,0,1,57,20.7788
24,0,18.94,114,79,90.2,4.4,0,0,6.3,1,0,0,0,35,4.5456
84,1,27.12,141,88,94.8,2.8,0,1,7.0,0,0,1,1,53,22.7808
27,1,30.57,119,78,95.1,2.5,0,0,8.9,0,0,1,0,41,8.2539
70,1,21.49,165,75,111.7,2.5,1,0,6.5,0,0,1,1,90,15.043
74,0,19.02,135,77,115.3,3.4,0,0,6.8,0,0,1,0,58,14.0748
44,1,17.64,143,70,105.2,8.5,1,1,7.5,1,0,0,0,73,7.7616000000000005
71,0,33.83,139,87,99.7,4.0,0,0,8.1,0,0,1,1,52,24.019299999999998
21,1,16.7,117,72,87.5,8.0,0,1,6.6,0,0,0,0,45,3.5069999999999997
40,1,28.52,136,84,114.9,1.7,0,1,6.2,1,0,0,0,52,11.408
65,0,34.37,166,90,113.7,4.1,1,1,7.9,0,0,1,1,76,22.3405
59,0,21.13,117,60,85.5,4.7,0,0,7.9,0,0,0,0,57,12.466699999999998
20,1,21.91,114,71,98.7,1.5,1,0,6.4,1,1,0,0,43,4.382
20,1,27.82,128,75,96.8,2.8,0,1,7.4,1,0,0,0,53,5.564
45,1,28.2,139,71,87.5,2.7,1,0,8.4,0,0,0,1,68,12.69
80,1,23.91,133,72,104.3,0.9,0,0,8.9,0,0,0,1,61,19.128
48,1,25.08,134,71,119.2,2.7,0,0,8.4,1,0,0,0,63,12.0384
27,1,27.33,117,72,82.8,1.7,0,0,7.5,1,0,0,0,45,7.379099999999999
66,0,24.46,151,69,119.4,5.6,1,1,6.7,1,0,1,1,82,16.143600000000003
38,0,24.65,114,71,105.7,10.1,0,1,6.8,0,0,0,0,43,9.366999999999999
70,1,38.07,149,99,131.0,4.8,0,1,7.0,0,0,1,1,50,26.649
71,0,32.68,147,77,140.4,5.9,0,0,7.2,1,1,1,1,70,23.202800000000003
74,1,33.13,146,81,123.3,7.4,0,1,8.0,0,0,1,1,65,24.516200000000005
37,0,24.82,116,71,106.1,2.4,0,0,6.8,0,0,0,0,45,9.1834
66,1,16.83,111,74,101.2,5.0,0,0,6.8,0,0,0,0,37,11.1078
24,0,41.16,132,84,116.1,9.1,0,0,8.0,0,0,0,1,48,9.8784
46,0,23.22,125,71,72.3,1.8,1,0,5.7,0,0,0,0,54,10.681199999999999
65,0,28.59,152,88,113.0,4.9,0,1,7.6,0,1,0,1,64,18.5835
30,0,31.35,131,81,112.9,1.2,0,0,7.2,1,0,0,0,50,9.405
20,1,23.43,114,70,107.9,6.0,1,0,7.0,0,0,0,1,44,4.686
19,1,32.03,132,65,104.8,1.2,0,0,6.2,0,0,0,0,67,6.0857
33,1,26.85,133,72,83.9,5.2,0,1,6.7,0,0,0,0,61,8.8605
23,0,25.27,108,61,81.2,9.0,0,0,7.6,0,0,0,0,47,5.8121
62,0,23.43,152,77,111.6,4.5,1,0,7.1,1,0,1,0,75,14.5266
22,0,21.02,116,66,96.5,6.6,0,0,8.1,0,0,0,0,50,4.6244
73,0,16.0,144,78,91.7,0.5,0,0,8.0,0,0,1,1,66,11.68
49,0,43.12,147,97,120.7,6.4,0,1,5.8,0,0,0,1,50,21.1288
66,0,35.25,144,85,141.3,3.1,0,1,4.7,0,1,0,1,59,23.265
30,1,27.4,132,73,94.0,4.3,0,1,7.3,0,0,0,0,59,8.22
47,1,35.85,151,96,125.6,2.7,1,0,6.7,0,0,1,1,55,16.8495
42,1,35.09,119,72,87.0,2.2,0,0,6.9,0,0,0,0,47,14.737800000000002
77,1,30.26,151,88,114.6,1.4,0,1,7.1,1,1,0,1,63,23.3002
76,0,24.8,143,78,104.1,4.0,0,0,6.2,0,0,1,0,65,18.848
45,1,33.03,126,80,102.9,3.4,0,1,7.3,0,1,0,1,46,14.863500000000002
75,0,32.07,155,87,117.6,0.6,1,0,7.4,0,0,1,1,68,24.0525
37,0,31.39,133,74,109.7,6.4,0,1,6.5,0,0,1,0,59,11.6143
51,1,24.84,122,65,86.4,3.5,0,0,7.4,0,0,0,0,57,12.668399999999998
22,1,29.0,123,84,88.2,1.6,1,1,5.9,1,0,0,0,39,6.38
77,1,28.39,156,77,94.3,3.4,0,1,6.8,0,0,1,1,79,21.860300000000002
60,1,24.59,118,74,111.3,4.2,0,0,6.7,0,0,0,0,44,14.754000000000001
74,0,28.95,143,83,94.5,6.5,0,0,8.6,0,0,0,1,60,21.423
74,0,34.07,156,81,118.6,2.7,0,0,7.4,0,1,1,1,75,25.211799999999997
71,0,35.65,156,85,102.5,6.4,0,0,8.3,0,0,1,1,71,25.311500000000002
62,1,29.7,151,81,107.5,4.5,0,0,7.1,0,0,0,1,70,18.413999999999998
54,1,25.84,113,69,104.4,9.7,0,0,6.4,0,0,0,0,44,13.9536
65,1,31.76,137,82,112.5,7.2,0,0,6.9,1,0,1,1,55,20.644000000000002
71,0,21.74,133,82,88.7,1.9,0,0,6.1,0,0,0,1,51,15.4354
65,0,24.61,121,76,93.5,5.4,0,0,6.9,0,0,0,0,45,15.9965
23,0,34.2,136,87,106.3,5.1,1,0,8.6,0,0,0,1,49,7.8660000000000005
51,1,37.66,145,90,119.0,4.6,1,0,7.8,1,0,1,1,55,19.206599999999998
80,0,33.41,150,86,116.5,5.6,0,0,7.8,0,0,1,0,64,26.727999999999998
65,0,26.33,134,56,119.6,6.7,0,1,8.0,0,1,0,0,78,17.1145
40,0,15.0,109,74,72.6,3.8,0,0,7.0,0,0,0,0,35,6.0
30,1,31.35,136,84,96.8,8.2,0,1,7.1,0,0,0,0,52,9.405
64,1,29.84,127,79,112.3,2.8,0,0,7.0,1,0,0,1,48,19.0976
61,1,30.0,139,85,95.9,6.3,0,0,7.9,1,0,0,0,54,18.3
49,0,18.48,119,61,101.8,7.2,0,1,6.9,1,0,0,0,58,9.0552
43,0,24.88,123,86,95.9,7.5,1,0,6.0,0,0,0,1,37,10.6984
70,0,37.62,140,85,119.6,4.4,0,1,6.5,0,0,1,1,55,26.333999999999996
31,1,20.86,116,70,79.2,8.0,0,0,9.7,0,0,0,0,46,6.4666
69,1,30.15,143,76,111.4,5.4,0,1,8.2,0,0,1,1,67,20.8035
53,0,22.99,127,77,130.3,4.7,0,0,6.5,1,1,0,0,50,12.1847
25,0,29.74,107,76,116.0,4.7,0,0,5.0,1,1,0,0,31,7.435
57,1,25.65,140,77,97.9,2.9,1,0,7.7,0,0,1,0,63,14.6205
39,1,33.8,134,91,102.4,4.7,0,0,7.9,0,0,1,1,43,13.181999999999999
33,0,27.04,139,79,102.5,3.7,1,0,8.6,0,0,0,0,60,8.9232
77,0,32.57,156,90,136.5,5.2,1,0,7.2,1,1,1,1,66,25.078899999999997
77,1,39.05,145,94,103.3,3.6,0,1,6.8,0,0,1,1,51,30.0685
27,1,32.52,142,87,108.2,7.9,1,1,8.1,1,0,1,0,55,8.7804
42,1,30.14,126,71,66.6,14.15,0,1,7.9,0,0,0,0,55,12.658800000000001
48,1,33.51,164,94,95.1,2.2,1,1,8.0,1,0,0,1,70,16.0848
38,0,30.06,139,88,90.8,2.6,1,1,5.7,0,0,0,0,51,11.4228
50,1,23.27,121,81,102.9,3.2,1,0,8.5,1,0,1,0,40,11.635
48,0,21.89,125,73,83.4,7.4,0,0,7.4,0,0,0,0,52,10.507200000000001
38,1,30.8,142,82,92.5,10.6,0,1,7.0,0,0,0,0,60,11.704
53,1,23.17,117,77,99.9,5.0,0,0,6.6,0,0,0,1,40,12.2801
82,1,22.61,135,89,103.5,3.1,0,1,8.5,0,0,1,1,46,18.5402
21,1,25.69,118,75,84.6,5.7,0,1,5.7,0,0,0,0,43,5.3949
21,1,16.79,122,79,70.0,3.5,1,1,5.1,0,0,1,1,43,3.5258999999999996
26,1,23.01,115,67,95.1,5.2,0,1,5.6,1,0,0,0,48,5.9826
47,0,22.53,133,70,78.4,2.1,0,0,8.3,1,0,0,0,63,10.5891
62,0,41.08,149,90,111.6,3.9,0,1,6.6,1,0,1,1,59,25.4696
21,1,31.16,113,77,100.7,3.6,0,0,4.4,1,1,0,0,36,6.5436000000000005
40,1,24.36,122,74,71.1,1.4,0,0,6.6,0,0,0,0,48,9.744
33,0,22.35,118,75,76.1,2.5,1,0,8.4,0,1,0,0,43,7.375500000000001
39,0,15.0,107,81,93.1,2.2,0,0,5.8,0,0,0,0,26,5.85
65,0,18.3,135,73,101.1,2.0,0,1,7.3,1,0,0,0,62,11.895
79,1,17.17,146,80,82.6,2.4,0,0,6.1,0,0,1,1,66,13.564300000000001
77,1,21.14,117,76,108.0,2.5,0,0,9.2,1,0,0,0,41,16.2778
22,1,26.74,119,70,91.2,5.5,0,1,6.5,0,0,0,1,49,5.8828
24,1,25.71,115,73,89.0,4.5,0,0,5.6,0,0,0,0,42,6.1704
68,1,21.62,141,83,117.3,2.1,1,0,7.3,1,0,0,1,58,14.701600000000001
82,0,26.5,150,81,113.8,3.1,0,0,6.7,0,1,0,1,69,21.73
26,1,18.49,111,76,104.2,3.4,0,1,6.3,1,0,0,0,35,4.8073999999999995
62,1,29.38,139,78,119.8,2.1,0,1,7.8,1,0,1,1,61,18.2156
64,1,31.23,133,84,117.6,5.2,0,0,7.0,1,1,0,0,49,19.9872
84,0,29.66,148,71,123.0,3.2,0,0,6.4,1,1,1,1,77,24.9144
41,0,33.14,128,85,102.4,1.8,0,1,6.3,0,0,1,0,43,13.5874
27,0,18.0,105,66,84.9,4.5,0,1,6.0,0,0,0,0,39,4.86
65,1,27.03,143,86,107.2,3.3,0,0,7.0,1,0,1,1,57,17.5695
52,0,21.27,141,76,96.6,3.4,0,0,6.8,0,0,0,0,65,11.0604
71,1,20.12,128,80,121.0,4.4,0,0,6.6,0,0,1,0,48,14.2852
33,1,18.6,113,65,96.9,4.6,0,0,6.9,0,0,0,0,48,6.138000000000001
70,0,41.17,142,92,101.0,3.0,0,0,5.9,0,1,1,1,50,28.819000000000003
57,1,32.09,138,93,118.6,3.7,0,1,7.3,0,0,1,1,45,18.2913
37,1,36.21,136,81,103.8,2.5,0,0,6.1,1,0,0,1,55,13.3977
62,1,28.85,154,93,93.7,3.3,1,0,9.9,1,1,1,1,61,17.887
23,0,22.0,112,72,83.5,7.5,1,0,6.9,1,0,0,0,40,5.06
66,0,30.7,146,80,130.1,3.2,0,0,6.8,1,1,0,1,66,20.262
56,1,40.39,141,91,110.7,2.3,0,0,7.9,0,0,0,0,50,22.6184
19,0,29.84,112,72,100.4,6.6,0,0,7.7,0,1,0,0,40,5.6696
56,1,26.15,135,78,104.8,1.3,0,0,5.3,0,0,0,1,57,14.643999999999998
38,1,28.38,131,74,103.7,6.9,0,0,8.0,1,0,0,1,57,10.7844
57,1,33.27,142,75,111.7,5.6,0,0,6.1,0,0,1,0,67,18.963900000000002
71,0,26.71,142,75,128.2,3.5,0,0,6.6,0,0,1,1,67,18.964100000000002
29,0,26.12,119,79,93.3,5.0,0,1,6.4,0,0,0,0,40,7.5748
54,1,22.87,135,71,128.0,3.3,0,0,6.9,1,1,0,0,64,12.3498
55,1,28.86,134,85,112.3,8.1,1,0,8.3,1,0,1,1,49,15.873
32,0,19.44,125,90,90.9,3.5,1,0,6.1,1,0,0,0,35,6.2208000000000006
24,0,24.57,116,64,110.1,2.3,0,1,6.5,0,0,0,0,52,5.896800000000001
67,1,26.05,144,73,85.3,2.7,0,1,7.0,0,0,0,0,71,17.453500000000002
82,0,20.65,130,81,107.8,3.3,0,1,7.6,0,0,0,1,49,16.933
84,0,26.67,140,81,105.9,3.8,0,0,7.4,0,0,0,1,59,22.402800000000003
61,0,32.33,145,85,88.3,3.0,0,0,7.0,0,0,1,1,60,19.7213
48,0,35.21,145,90,114.8,7.3,1,1,6.2,0,0,0,1,55,16.9008
60,0,25.43,128,76,88.0,4.0,0,1,7.2,0,0,0,0,52,15.258
65,0,24.16,129,72,113.4,2.2,0,1,9.3,1,0,0,0,57,15.704
78,0,25.29,136,78,124.0,5.0,0,0,6.3,1,0,1,0,58,19.7262
27,1,30.43,131,81,107.4,1.0,0,0,8.4,0,0,1,0,50,8.2161
46,1,23.18,139,79,86.1,3.8,1,0,7.4,1,0,1,1,60,10.662799999999999
65,0,23.17,141,75,114.7,2.8,1,0,7.6,0,0,0,0,66,15.060500000000001
79,1,28.37,148,74,114.8,2.3,0,0,6.8,0,0,1,1,74,22.412300000000002
30,0,29.81,135,80,118.1,2.6,1,0,5.1,0,0,0,0,55,8.943
61,0,27.97,135,80,107.2,4.6,0,1,7.9,1,0,0,1,55,17.0617
64,0,27.52,141,80,129.3,2.7,0,0,5.4,0,0,1,1,61,17.6128
81,1,23.99,144,91,114.8,3.6,1,1,7.3,1,0,1,1,53,19.4319
70,0,26.92,135,76,104.1,7.7,0,0,6.0,0,0,0,0,59,18.844
61,0,15.0,137,75,95.1,3.7,0,0,8.5,1,0,0,0,62,9.15
45,1,35.79,123,77,109.0,3.8,0,0,6.4,0,0,0,0,46,16.1055
19,1,27.73,127,75,98.2,5.9,0,1,7.3,1,0,0,1,52,5.2687
74,1,39.0,152,90,110.6,6.3,0,0,5.2,1,1,1,1,62,28.86
74,1,34.27,148,92,140.3,11.5,0,0,5.6,1,1,1,1,56,25.3598
